type,time,epoch,epoch_time,lr,train_loss,train_loss_bbox,train_loss_giou,train_loss_score,train_loss_rank_raw,train_loss_rank,train_loss_text_negative,train_text_negative_queries,map50,map50_95,precision,recall,tp,fp,num_gt,num_pred,raw_oracle_num_gt,raw_oracle_num_samples,raw_oracle_positive_samples,raw_oracle_num_pred,raw_oracle_avg_pred_per_sample,raw_oracle_avg_pred_per_positive_sample,raw_best_iou_mean,raw_best_iou_median,raw_best_iou_p25,raw_best_iou_p75,raw_oracle_recall25,raw_oracle_recall50,raw_oracle_recall75,raw_oracle_gap50,raw_oracle_retention50,valid_samples,skipped_empty_gt,avg_selected_per_sample,eval_loop_time,eval_metric_time,raw_oracle_metric_time,lambda_bbox,lambda_giou,lambda_score,lambda_rank_max,pos_weight,quality_warmup_epoch,rank_start_epoch,rank_warmup_epoch,rank_alpha_min,negative_sample_ratio,max_query_loss_weight,use_negative_queries_in_val
epoch,1782445838.3817356,1,1211.412188416114,1.999977675915134e-05,0.8010708689689636,0.009718408808112144,0.16127251088619232,0.17394082248210907,0.0,0.0,6.8058106990065426e-06,15238,0.15585848689079285,0.06870447099208832,0.18099125364431487,0.46993684574790207,32592,147483,69354,180075,69354,41809,38008,4180900,100.0,100.0,0.6348766088485718,0.7092146873474121,0.48114851117134094,0.8451957702636719,0.8798627257347107,0.7346223592758179,0.4355192184448242,0.2646855135279158,0.6396985332860823,41809,3801,4.307086990839293,67.85151493106969,0.23030680208466947,0.08516550296917558,4.996666666666667,2.5,2.0083333333333333,0.15,1.0,5,1,10,0.0,0.1,10.0,True
epoch,1782447078.7066133,2,1237.7951380761806,1.9998571892874963e-05,0.7499058842658997,0.009360581636428833,0.15763810276985168,0.1516188085079193,0.786758303642273,0.003304386744275689,1.1858710422529839e-05,15238,0.1498989462852478,0.06525994837284088,0.17664428797554718,0.4666349453528275,32363,150847,69354,183210,69354,41809,38008,4180900,100.0,100.0,0.6348929405212402,0.7103087306022644,0.4822986125946045,0.8459572792053223,0.8791418075561523,0.7352423667907715,0.437422513961792,0.26860742143794397,0.6346681943664683,41809,3801,4.382070845990098,46.716969535918906,0.22174460999667645,0.0784313608892262,4.993333333333333,2.5,2.0166666666666666,0.15,1.0,5,1,10,0.0,0.1,10.0,True
epoch,1782448344.4638226,3,1257.4231701570097,1.999632299362666e-05,0.7268179655075073,0.008998698554933071,0.15297895669937134,0.1419118195772171,0.7754249572753906,0.012096626684069633,9.113686246564612e-05,15238,0.158863827586174,0.070213183760643,0.17839469653826376,0.46522190500908384,32265,148598,69354,180863,69354,41809,38008,4180900,100.0,100.0,0.6346750855445862,0.7089431285858154,0.47711655497550964,0.8469283580780029,0.877483606338501,0.7330362796783447,0.4361680746078491,0.2678143746692609,0.6346505867529811,41809,3801,4.3259346073811855,47.319338124012575,0.21404887619428337,0.08711377391591668,4.99,2.5,2.025,0.15,1.0,5,1,10,0.0,0.1,10.0,True
epoch,1782449594.922778,4,1234.7919288720004,1.9993030308593593e-05,0.7177014350891113,0.00876131746917963,0.1502852886915207,0.13445404171943665,0.7687897086143494,0.02490874007344246,8.959646947914734e-06,15238,0.16126826405525208,0.07109420001506805,0.17967026265896466,0.4673126279666638,32410,147976,69354,180386,69354,41809,38008,4180900,100.0,100.0,0.6336545348167419,0.7086868286132812,0.475181519985199,0.8465389013290405,0.8757966160774231,0.7321134805679321,0.43491363525390625,0.26480085260126834,0.6383062740548763,41809,3801,4.314525580616614,44.934568346012384,0.2186991369817406,0.0795482499524951,4.986666666666666,2.5,2.033333333333333,0.15,1.0,5,1,10,0.0,0.1,10.0,True
epoch,1782450945.4343462,5,1336.8552736381534,1.9988694199690342e-05,0.7156984210014343,0.008546199649572372,0.14752015471458435,0.12928354740142822,0.7643023729324341,0.04035521298646927,2.2642052499577403e-06,15238,1.3877172470092773,0.03851940110325813,0.3817855715751648,0.09794781357049942,0.7826093435287476,0.0413217768073082,6.228417248621554e-08,3801,0.1680828332901001,0.07516344636678696,0.18233313349880378,0.4692303255760302,32543,145938,69354,178481,69354,41809,38008,4180900,100.0,100.0,0.6338037848472595,0.7103046774864197,0.4775412678718567,0.8468841910362244,0.8760417699813843,0.7315655946731567,0.43866249918937683,0.2623352690971265,0.6414056770748895,41809,3801,4.2689612284436365,167.72876376705244,0.24350751098245382,0.08244444895535707,4.983333333333333,2.5,2.0416666666666665,0.15,1.0,5,1,10,0.0,0.1,10.0,True
epoch,1782452174.3280125,6,1213.8866249250714,1.998331514351916e-05,0.7263019680976868,0.008445010520517826,0.1449456661939621,0.1291908174753189,0.7605183720588684,0.057038839906454086,2.168066203012131e-06,15238,0.16203877329826355,0.07130976021289825,0.17605215078755906,0.4696196326095106,32570,152432,69354,185002,69354,41809,38008,4180900,100.0,100.0,0.6341485381126404,0.7085055112838745,0.48041093349456787,0.845906138420105,0.8777431845664978,0.733540952205658,0.43368804454803467,0.26392131959614734,0.640209154236622,41809,3801,4.424932430816331,46.07328256801702,0.21703780791722238,0.07817860995419323,4.98,2.5,2.05,0.15,1.0,5,1,10,0.0,0.1,10.0,True
epoch,1782453394.7677076,7,1214.2052498438861,1.9976893731317543e-05,0.7393403053283691,0.008307777345180511,0.14347407221794128,0.12907163798809052,0.7576032876968384,0.07363904267549515,1.5903849998721853e-05,15238,0.16251929104328156,0.07180006802082062,0.17792638875329495,0.4730080456786919,32805,151569,69354,184374,69354,41809,38008,4180900,100.0,100.0,0.6338323950767517,0.7105177044868469,0.478192001581192,0.848275363445282,0.8741528987884521,0.7312772274017334,0.4387490153312683,0.2582691817230415,0.6468245255760452,41809,3801,4.409911741491067,46.06152889691293,0.21754581294953823,0.07938533485867083,4.976666666666667,2.5,2.058333333333333,0.15,1.0,5,1,10,0.0,0.1,10.0,True
epoch,1782454625.372265,8,1222.7084143809043,1.9969430668893297e-05,0.7506954073905945,0.008160811848938465,0.14183969795703888,0.12904629111289978,0.7552412748336792,0.0888163149356842,7.660990377189592e-06,15238,0.15872618556022644,0.0693395584821701,0.1747877239213181,0.4734117714911901,32833,155012,69354,187845,69354,41809,38008,4180900,100.0,100.0,0.632134735584259,0.7084506750106812,0.4750969409942627,0.8466288447380066,0.8746142983436584,0.7304553389549255,0.4311647415161133,0.2570435674637354,0.6481050192178869,41809,3801,4.49293214379679,46.18332336097956,0.22676473716273904,0.08602579310536385,4.973333333333334,2.5,2.066666666666667,0.15,1.0,5,1,10,0.0,0.1,10.0,True
epoch,1782455849.095353,9,1218.4597435470205,1.9960926776546913e-05,0.7598481178283691,0.008057201281189919,0.14032377302646637,0.12902623414993286,0.7534624934196472,0.10126575082540512,4.937040557706496e-06,15238,0.15556326508522034,0.06750097870826721,0.17170262795346958,0.47801136199786604,33152,159926,69354,193078,69354,41809,38008,4180900,100.0,100.0,0.6334242820739746,0.7102082967758179,0.4779440462589264,0.847176194190979,0.8758975863456726,0.7318828105926514,0.43613922595977783,0.25387144859478533,0.6531255483521881,41809,3801,4.61809658207563,46.53589645214379,0.23196825594641268,0.07766391383484006,4.97,2.5,2.075,0.15,1.0,5,1,10,0.0,0.1,10.0,True
epoch,1782457192.688584,10,1336.812756845029,1.995138298898143e-05,0.7661368250846863,0.007961742579936981,0.13933075964450836,0.1289425790309906,0.7519635558128357,0.10963636636734009,4.535770131042227e-06,15238,1.45855712890625,0.038494933396577835,0.38198330998420715,0.09706499427556992,0.7557482719421387,0.11018812656402588,2.2407478539321346e-08,3801,0.15479706227779388,0.06646192818880081,0.1706483237968918,0.4786169507166133,33194,161323,69354,194517,69354,41809,38008,4180900,100.0,100.0,0.6339100003242493,0.7103368043899536,0.4760487675666809,0.8476114273071289,0.8751766085624695,0.7316376566886902,0.4384029805660248,0.2530207059720769,0.6541721114831348,41809,3801,4.652515008730178,167.2963282780256,0.2666186857968569,0.0937957470305264,4.966666666666667,2.5,2.0833333333333335,0.15,1.0,5,1,10,0.0,0.1,10.0,True
epoch,1782458412.9958854,11,1211.2474075369537,1.9940800355199686e-05,0.7673271894454956,0.0078403539955616,0.1383795142173767,0.12900769710540771,0.7508176565170288,0.11262273043394089,2.7576576030696742e-05,15238,0.14990189671516418,0.06345116347074509,0.16903887201379197,0.47502667474118293,32945,161951,69354,194896,69354,41809,38008,4180900,100.0,100.0,0.6330409049987793,0.7085726261138916,0.4766218066215515,0.847680926322937,0.8747584819793701,0.732502818107605,0.43756669759750366,0.25747614336642205,0.6484980849198607,41809,3801,4.661580042574565,46.022822604049,0.23833268997259438,0.08185914112254977,4.963333333333333,2.5,2.091666666666667,0.15,1.0,5,1,10,0.0,0.1,10.0,True
epoch,1782459638.534829,12,1220.8958644461818,1.9929180038389028e-05,0.7645195126533508,0.00776078412309289,0.13702937960624695,0.12903830409049988,0.7498148679733276,0.11247216910123825,2.677559223229764e-07,15238,0.1488482505083084,0.06375269591808319,0.16715945676840888,0.4768722784554604,33073,164780,69354,197853,69354,41809,38008,4180900,100.0,100.0,0.6333019137382507,0.7105662226676941,0.47395598888397217,0.8481841087341309,0.8753929138183594,0.7302390336990356,0.439513236284256,0.25336675524357527,0.6530358642153891,41809,3801,4.732306441196871,48.70345972315408,0.2289574728347361,0.07927675498649478,4.96,2.5,2.1,0.15,1.0,5,1,10,0.0,0.1,10.0,True
epoch,1782460899.1662717,13,1252.983567417832,1.9916523315793447e-05,0.7624196410179138,0.007675255183130503,0.1357995569705963,0.129256471991539,0.7490667104721069,0.11236021667718887,6.357590223160514e-07,15238,0.14241324365139008,0.059121839702129364,0.16377406435026876,0.4758052888081437,32999,168492,69354,201491,69354,41809,38008,4180900,100.0,100.0,0.6315894722938538,0.7068058252334595,0.4730035662651062,0.8470273613929749,0.8738789558410645,0.729489266872406,0.4346540868282318,0.2536839780642623,0.6522443994934969,41809,3801,4.819321198784951,47.802974219899625,0.23774541914463043,0.08116685599088669,4.956666666666667,2.5,2.1083333333333334,0.15,1.0,5,1,10,0.0,0.1,10.0,True
epoch,1782462183.1271362,14,1276.2749006489757,1.9902831578573193e-05,0.7619702219963074,0.007657862734049559,0.135352224111557,0.1291625201702118,0.7484273314476013,0.11226412653923035,2.0866773411398754e-06,15238,0.13681183755397797,0.05654425546526909,0.15945184925367317,0.47194105603137526,32731,172541,69354,205272,69354,41809,38008,4180900,100.0,100.0,0.6315523982048035,0.7088630795478821,0.4721251130104065,0.8481256365776062,0.8708221316337585,0.729056715965271,0.4366294741630554,0.25711565993389573,0.6473310590199082,41809,3801,4.909756272572891,49.45878087403253,0.23258052091114223,0.08145358716137707,4.953333333333333,2.5,2.1166666666666667,0.15,1.0,5,1,10,0.0,0.1,10.0,True
epoch,1782463596.4294045,15,1407.1319812580477,1.9888106331651888e-05,0.7587990760803223,0.00756208598613739,0.13360777497291565,0.12948817014694214,0.7478997707366943,0.11218487471342087,1.3685569683730137e-05,15238,1.4796550273895264,0.03971115127205849,0.38589534163475037,0.09692762792110443,0.7491639852523804,0.11237464100122452,1.3273340648822796e-08,3801,0.13532301783561707,0.05539193004369736,0.15894742478302562,0.4708308100470052,32654,172785,69354,205439,69354,41809,38008,4180900,100.0,100.0,0.6315573453903198,0.7091071605682373,0.4734055697917938,0.8467167615890503,0.8731147646903992,0.7279320359230042,0.4344378113746643,0.25710122587599893,0.6468060022251948,41809,3801,4.913750627855246,183.9366774961818,0.3010025159455836,0.09092542994767427,4.95,2.5,2.125,0.15,1.0,5,1,10,0.0,0.1,10.0,True
epoch,1782464871.7314274,16,1266.2124524449464,1.9872349193551074e-05,0.7577196359634399,0.007519445847719908,0.13284963369369507,0.12950751185417175,0.7474446892738342,0.11211669445037842,3.518728135532001e-07,15238,0.12580205500125885,0.05076078325510025,0.15132881270269133,0.46626005709836493,32337,181350,69354,213687,69354,41809,38008,4180900,100.0,100.0,0.6321132779121399,0.7083946466445923,0.4742348790168762,0.8475071787834167,0.8740664124488831,0.7282492518424988,0.43602389097213745,0.26198919474413385,0.6402479040228451,41809,3801,5.11102872587242,46.75773610896431,0.2541107248980552,0.0882133359555155,4.946666666666666,2.5,2.1333333333333333,0.15,1.0,5,1,10,0.0,0.1,10.0,True
epoch,1782466170.5910454,17,1289.8020520929713,1.9855561896212344e-05,0.7569427490234375,0.007472011260688305,0.1322288066148758,0.1295143961906433,0.7470530271530151,0.11205796152353287,9.080220593205013e-07,15238,0.12140148878097534,0.04864688962697983,0.14650617362815868,0.4629581567032904,32108,187050,69354,219158,69354,41809,38008,4180900,100.0,100.0,0.6308196783065796,0.7083737254142761,0.4692171514034271,0.8473740816116333,0.8717161417007446,0.7268939018249512,0.4347838759422302,0.2639357451216608,0.6368992167095919,41809,3801,5.241885718385993,48.07325798901729,0.23880803305655718,0.07877041213214397,4.943333333333333,2.5,2.1416666666666666,0.15,1.0,5,1,10,0.0,0.1,10.0,True
epoch,1782468972.6470373,1,1322.3744727389421,1.4999832569363503e-05,0.5869081616401672,0.01070027519017458,0.1760638952255249,0.12034166604280472,0.0,0.0,3.6937194636266213e-06,15238,0.28479552268981934,0.14971520006656647,0.2079176698181289,0.49434783862502524,34285,130612,69354,164897,69354,41809,38008,4180900,100.0,100.0,0.6343162059783936,0.7079489231109619,0.4790450632572174,0.844572901725769,0.8794734477996826,0.7333534955978394,0.43482711911201477,0.23900565697281412,0.6740921555463868,41809,3801,3.9440551077519195,67.46629241504706,0.2264321770053357,0.08557351189665496,4.996666666666667,2.0,1.5066666666666666,0.03,1.0,10,10,20,0.0,0.1,10.0,True
epoch,1782470241.8505607,2,1252.9040897889063,1.4998928919656222e-05,0.5616693496704102,0.010168991051614285,0.16957354545593262,0.11348769068717957,0.0,0.0,1.1729968719009776e-05,15238,0.2864537835121155,0.1510118842124939,0.2108365310821182,0.49514087147100383,34340,128535,69354,162875,69354,41809,38008,4180900,100.0,100.0,0.6340363025665283,0.7091047167778015,0.4782712459564209,0.8444682955741882,0.8795455098152161,0.7320558428764343,0.4359806180000305,0.2369149714054305,0.6763703565638776,41809,3801,3.8956923150517833,45.777039686916396,0.25823487318120897,0.0810506350826472,4.993333333333333,2.0,1.5133333333333334,0.03,1.0,10,10,20,0.0,0.1,10.0,True
epoch,1782471509.0803542,3,1249.2309401980601,1.4997242245219995e-05,0.5420903563499451,0.009743774309754372,0.1642082929611206,0.10858628898859024,0.0,0.0,2.0292574845370837e-05,15238,0.2859698235988617,0.15157702565193176,0.2125803204116382,0.4932375926406552,34208,126710,69354,160918,69354,41809,38008,4180900,100.0,100.0,0.6334806084632874,0.7092951536178589,0.4739345610141754,0.8460510969161987,0.8773249983787537,0.7290278673171997,0.43546155095100403,0.2357902746765445,0.6765689142388404,41809,3801,3.848884211533402,47.93641290301457,0.2340034879744053,0.09063861891627312,4.99,2.0,1.52,0.03,1.0,10,10,20,0.0,0.1,10.0,True
epoch,1782472791.070787,4,1264.6267113110516,1.4994772731445194e-05,0.5280882120132446,0.009489470161497593,0.16054195165634155,0.10459568351507187,0.0,0.0,5.523346771951765e-06,15238,0.2892717719078064,0.15256033837795258,0.21255285314530145,0.4972315944285838,34485,127757,69354,162242,69354,41809,38008,4180900,100.0,100.0,0.6330941319465637,0.709929883480072,0.47328251600265503,0.8452003002166748,0.8782334327697754,0.7283502221107483,0.4345964193344116,0.2311186276821645,0.6826820111176927,41809,3801,3.8805520342509987,44.96877243090421,0.21781446505337954,0.08285349002107978,4.986666666666666,2.0,1.5266666666666666,0.03,1.0,10,10,20,0.0,0.1,10.0,True
epoch,1782474176.119502,5,1367.2191722178832,1.4991520649767756e-05,0.514680027961731,0.009276277385652065,0.15750981867313385,0.10006654262542725,0.0,0.0,1.784706142871073e-07,15238,1.124094009399414,0.037569575011730194,0.3731405735015869,0.12429798394441605,0.0,0.0,4.101537776080022e-09,3801,0.2890404760837555,0.15278847515583038,0.21353310718206003,0.49646739914064075,34432,126817,69354,161249,69354,41809,38008,4180900,100.0,100.0,0.6324606537818909,0.7099775075912476,0.472256064414978,0.8456888794898987,0.8759984970092773,0.7289558053016663,0.43429362773895264,0.2324884061610255,0.6810665276685546,41809,3801,3.856801167212801,174.70565239107236,0.24354561185464263,0.09062692313455045,4.983333333333333,2.0,1.5333333333333334,0.03,1.0,10,10,20,0.0,0.1,10.0,True
epoch,1782475418.7838244,6,1225.7461700011045,1.4987486357639367e-05,0.5040166974067688,0.009045710787177086,0.1548987329006195,0.09686455875635147,0.0,0.0,1.9839496872009477e-06,15238,0.2898694574832916,0.15263959765434265,0.21681491133646819,0.4966260057098365,34443,124416,69354,158859,69354,41809,38008,4180900,100.0,100.0,0.6324402093887329,0.7090849876403809,0.4731571674346924,0.8445432782173157,0.8783776164054871,0.7299506664276123,0.4327075481414795,0.2333246607177758,0.6803555754532431,41809,3801,3.79963644191442,47.33193795313127,0.23842673213221133,0.09004494710825384,4.98,2.0,1.54,0.03,1.0,10,10,20,0.0,0.1,10.0,True
epoch,1782476662.663956,7,1235.1391040489543,1.4982670298488157e-05,0.49454841017723083,0.008897317573428154,0.15279947221279144,0.09353706985712051,0.0,0.0,6.365300578181632e-06,15238,0.2903706133365631,0.15371334552764893,0.21468393944123615,0.4958185540848401,34387,125788,69354,160175,69354,41809,38008,4180900,100.0,100.0,0.632256269454956,0.7086641788482666,0.4733741581439972,0.8451723456382751,0.8771952390670776,0.728753924369812,0.4357066750526428,0.2329353702849719,0.6803648495115795,41809,3801,3.831112918271186,46.42930245492607,0.22179970797151327,0.10534624801948667,4.976666666666667,2.0,1.5466666666666666,0.03,1.0,10,10,20,0.0,0.1,10.0,True
epoch,1782477906.6060805,8,1226.6720013660379,1.4977073001669972e-05,0.48544061183929443,0.00874414760619402,0.1506398618221283,0.09056255966424942,0.0,0.0,4.744147190649528e-07,15238,0.2904209792613983,0.1539413034915924,0.21821920598945732,0.4942324883928829,34277,122799,69354,157076,69354,41809,38008,4180900,100.0,100.0,0.6312718987464905,0.7091010212898254,0.4710984528064728,0.8443899750709534,0.8737203478813171,0.7278599739074707,0.4347694516181946,0.23362748551458778,0.6790213861323171,41809,3801,3.756990121744122,45.37605328601785,0.21991314995102584,0.08348053880035877,4.973333333333334,2.0,1.5533333333333332,0.03,1.0,10,10,20,0.0,0.1,10.0,True
epoch,1782479178.5237055,9,1255.1733977359254,1.4970695082410184e-05,0.47931012511253357,0.008623099885880947,0.14900609850883484,0.08874428272247314,0.0,0.0,4.167535280430457e-06,15238,0.29017460346221924,0.1543857604265213,0.2201398834946468,0.4942180696138651,34276,121425,69354,155701,69354,41809,38008,4180900,100.0,100.0,0.6313685774803162,0.709380567073822,0.4712851941585541,0.8445854187011719,0.8754794001579285,0.7277302145957947,0.4353317618370056,0.23351214498192957,0.6791226469665961,41809,3801,3.7241024659762254,51.463805163046345,0.23249684204347432,0.09299266012385488,4.97,2.0,1.56,0.03,1.0,10,10,20,0.0,0.1,10.0,True
epoch,1782480547.8878224,10,1352.5137362061068,1.496353724173607e-05,0.4717639684677124,0.008505099453032017,0.14710310101509094,0.08637164533138275,0.0,0.0,1.1171429150635959e-06,15238,1.0716180801391602,0.037700556218624115,0.3745247423648834,0.08637647330760956,0.0,0.0,3.754962119018046e-09,3801,0.289839506149292,0.1539870947599411,0.21947991329756963,0.49493900856475476,34326,122071,69354,156397,69354,41809,38008,4180900,100.0,100.0,0.6309512853622437,0.7087699174880981,0.469028115272522,0.8452005982398987,0.8738645315170288,0.7260143756866455,0.434711754322052,0.23107536712189075,0.68172067267491,41809,3801,3.740749599368557,174.12586100911722,0.2201854670420289,0.08297284971922636,4.966666666666667,2.0,1.5666666666666667,0.03,1.0,10,10,20,0.0,0.1,10.0,True
epoch,1782481969.1191118,11,1404.3286684108898,1.4955600266399763e-05,0.4696890711784363,0.008440054953098297,0.1461644023656845,0.08593854308128357,1.189032793045044,0.00025861483300104737,3.680333247757517e-05,15238,0.2897377908229828,0.15394644439220428,0.21819587595928355,0.49235804712056985,34147,122350,69354,156497,69354,41809,38008,4180900,100.0,100.0,0.6292791962623596,0.7063415050506592,0.46530503034591675,0.8443222045898438,0.8721486926078796,0.7239524722099304,0.43315455317497253,0.23159442508936057,0.6800971970129508,41809,3801,3.7431414288789493,44.8174053709954,0.20837931102141738,0.07991950307041407,4.963333333333333,2.0,1.5733333333333333,0.03,1.0,10,10,20,0.0,0.1,10.0,True
epoch,1782483417.0005193,12,1440.1528987092897,1.494688502879177e-05,0.46775567531585693,0.008325115777552128,0.14473111927509308,0.08607698976993561,1.1901482343673706,0.0009997253073379397,2.2147911238334927e-07,15238,0.289699524641037,0.1542264074087143,0.21913736443245804,0.4932375926406552,34208,121895,69354,156103,69354,41809,38008,4180900,100.0,100.0,0.6299128532409668,0.7081830501556396,0.4706268310546875,0.8440080881118774,0.8737635612487793,0.7259999513626099,0.43182802200317383,0.23276235872195467,0.6793906689868378,41809,3801,3.733717620608003,50.782949288375676,0.22399894474074244,0.08433286985382438,4.96,2.0,1.58,0.03,1.0,10,10,20,0.0,0.1,10.0,True
epoch,1782484830.6776743,13,1408.05603857385,1.4937392486845083e-05,0.4666256010532379,0.008245909586548805,0.14337845146656036,0.08624114096164703,1.185823678970337,0.0021611631382256746,3.1649557286073104e-07,15238,0.2906050980091095,0.15457631647586823,0.22072138648091147,0.4952562217031462,34348,121269,69354,155617,69354,41809,38008,4180900,100.0,100.0,0.6288277506828308,0.7074979543685913,0.46463340520858765,0.8440338969230652,0.8724659085273743,0.7240390181541443,0.4317847490310669,0.22878279645099808,0.6840186913762548,41809,3801,3.7220933291874956,44.94883751915768,0.20924077415838838,0.08149413065984845,4.956666666666667,2.0,1.5866666666666667,0.03,1.0,10,10,20,0.0,0.1,10.0,True
epoch,1782486246.2077994,14,1397.2613247712143,1.4927123683929895e-05,0.46644046902656555,0.00818934477865696,0.14245028793811798,0.08616942912340164,1.1790109872817993,0.003678516484797001,1.28576107272238e-06,15238,0.28736311197280884,0.15344735980033875,0.2186873361098257,0.4906133748594169,34026,121566,69354,155592,69354,41809,38008,4180900,100.0,100.0,0.6281505227088928,0.7055257558822632,0.46371811628341675,0.8436000347137451,0.8708365559577942,0.7229431867599487,0.4318712651729584,0.2323298119005318,0.6786333751317636,41809,3801,3.7214953718098975,49.42802109569311,0.23797170724719763,0.08866148861125112,4.953333333333333,2.0,1.5933333333333333,0.03,1.0,10,10,20,0.0,0.1,10.0,True
epoch,1782487800.9341784,15,1545.4363282360137,1.4916079748738916e-05,0.46694037318229675,0.008121689781546593,0.14134183526039124,0.08659795671701431,1.1727573871612549,0.0054973033256828785,3.1831159503781237e-06,15238,1.0979042053222656,0.03830284997820854,0.378242552280426,0.08838648349046707,2.2190372943878174,0.010401749052107334,8.798706652157762e-09,3801,0.28925347328186035,0.1540091335773468,0.22175275998364455,0.4926464227009257,34167,119910,69354,154077,69354,41809,38008,4180900,100.0,100.0,0.6273035407066345,0.7067558169364929,0.4643755853176117,0.8441177010536194,0.8685872554779053,0.7233468890190125,0.4321596324443817,0.23070046631808677,0.6810652401768703,41809,3801,3.685259154727451,196.79510831506923,0.22131404699757695,0.08986708195880055,4.95,2.0,1.6,0.03,1.0,10,10,20,0.0,0.1,10.0,True
epoch,1782489211.1875095,16,1402.5334687917493,1.4904261895163303e-05,0.4671068787574768,0.008052371442317963,0.14038103818893433,0.08649271726608276,1.1648105382919312,0.0075479717925190926,5.41603185411077e-07,15238,0.28823691606521606,0.1536773145198822,0.21907180047567013,0.4914064077053955,34081,121489,69354,155570,69354,41809,38008,4180900,100.0,100.0,0.6281588077545166,0.7053970098495483,0.4652746915817261,0.8430489301681519,0.8711537718772888,0.7230440974235535,0.42998242378234863,0.23163768971815796,0.6796354599345185,41809,3801,3.7209691693176112,47.42685902211815,0.2902557351626456,0.09134571021422744,4.946666666666666,2.0,1.6066666666666667,0.03,1.0,10,10,20,0.0,0.1,10.0,True
epoch,1782490642.468877,17,1423.2794888839126,1.4891671422159257e-05,0.467241108417511,0.007984992116689682,0.13917632400989532,0.08655626326799393,1.1560580730438232,0.009771587327122688,2.9274328881001566e-06,15238,0.28789016604423523,0.153214231133461,0.21989115962823644,0.49055569974334573,34022,120700,69354,154722,69354,41809,38008,4180900,100.0,100.0,0.627046525478363,0.7049466371536255,0.4644126892089844,0.8426118493080139,0.8684863448143005,0.7226259708404541,0.42832425236701965,0.23207027109710837,0.6788514660949734,41809,3801,3.7006864550694827,44.78287244634703,0.22103842021897435,0.08218977833166718,4.943333333333333,2.0,1.6133333333333333,0.03,1.0,10,10,20,0.0,0.1,10.0,True
epoch,1782492078.7523124,18,1428.5254783118144,1.4878309713605221e-05,0.46822530031204224,0.007934261113405228,0.13852304220199585,0.08635787665843964,1.1442415714263916,0.012083188630640507,7.675860160816228e-07,15238,0.2875196039676666,0.15307290852069855,0.2200394949280536,0.4932375926406552,34208,121255,69354,155463,69354,41809,38008,4180900,100.0,100.0,0.6268796324729919,0.7055187225341797,0.46048662066459656,0.8432666659355164,0.8696542382240295,0.7196412682533264,0.43119359016418457,0.22640367561267122,0.6853937015560743,41809,3801,3.718409911741491,45.029064250178635,0.2054440388455987,0.07910117926076055,4.94,2.0,1.62,0.03,1.0,10,10,20,0.0,0.1,10.0,True
epoch,1782493477.8840954,19,1391.3662888640538,1.4864178238149799e-05,0.46939027309417725,0.007883291691541672,0.13769905269145966,0.08641813695430756,1.136712908744812,0.014501596800982952,1.2831811545765959e-05,15238,0.28584134578704834,0.15168417990207672,0.2180207155340804,0.4892435908527266,33931,121701,69354,155632,69354,41809,38008,4180900,100.0,100.0,0.6254145503044128,0.7035747766494751,0.4588419497013092,0.8421108722686768,0.8695821166038513,0.7178821563720703,0.426392138004303,0.2286385655193437,0.6815096133955962,41809,3801,3.7224521036140543,45.12724487204105,0.21698025474324822,0.08192525804042816,4.9366666666666665,2.0,1.6266666666666667,0.03,1.0,10,10,20,0.0,0.1,10.0,True
epoch,1782495045.9357338,20,1560.2084399103187,1.4849278549050304e-05,0.47091928124427795,0.007834863848984241,0.1371343433856964,0.08637376129627228,1.1280720233917236,0.016921071335673332,2.2736248865840025e-05,15238,1.1268489360809326,0.03850213810801506,0.3799065947532654,0.08839551359415054,2.180877208709717,0.0327131487429142,8.050304423079524e-09,3801,0.28660643100738525,0.15268369019031525,0.21980660652865208,0.4883640453326412,33870,120220,69354,154090,69354,41809,38008,4180900,100.0,100.0,0.6248435378074646,0.701948881149292,0.46203455328941345,0.8420882821083069,0.8674481511116028,0.7190501093864441,0.4266805052757263,0.23068606405380288,0.6791794326397582,41809,3801,3.685570092563802,190.15300375409424,0.23445318872109056,0.09739419212564826,4.933333333333334,2.0,1.6333333333333333,0.03,1.0,10,10,20,0.0,0.1,10.0,True
epoch,1782496453.1697934,21,1397.3305778647773,1.4833612284002057e-05,0.4720071852207184,0.007782531436532736,0.1361546814441681,0.08664051443338394,1.1158162355422974,0.019239485263824463,2.578493194960174e-06,15238,0.28591737151145935,0.15212848782539368,0.21900433290047186,0.4912045447991464,34067,121487,69354,155554,69354,41809,38008,4180900,100.0,100.0,0.6253127455711365,0.7035070061683655,0.4600009322166443,0.8434125781059265,0.8679239749908447,0.7201603651046753,0.4286702871322632,0.2289558203055289,0.6820766159878152,41809,3801,3.7205864765959484,45.377106816042215,0.23647254798561335,0.09082155814394355,4.93,2.0,1.6400000000000001,0.03,1.0,10,10,20,0.0,0.1,10.0,True
epoch,1782497878.2496738,22,1415.5591810899787,1.481718116495836e-05,0.4732338488101959,0.007736674975603819,0.13542912900447845,0.08665964752435684,1.109047532081604,0.021559912711381912,5.050810614193324e-07,15238,0.2877699136734009,0.15282300114631653,0.2190970174133819,0.49273293537503243,34173,121799,69354,155972,69354,41809,38008,4180900,100.0,100.0,0.6257639527320862,0.7035394906997681,0.4595579504966736,0.8425654172897339,0.8695389032363892,0.7208812832832336,0.4263632893562317,0.2281483479082012,0.6835146740540884,41809,3801,3.730584323949389,45.24173095310107,0.22846679016947746,0.0832988116890192,4.926666666666667,2.0,1.6466666666666667,0.03,1.0,10,10,20,0.0,0.1,10.0,True
epoch,1782499286.4128969,23,1399.748843271751,1.4799986997941237e-05,0.47398239374160767,0.0076846475712955,0.13451619446277618,0.08677239716053009,1.0976781845092773,0.023652208968997,4.602163699019002e-06,15238,0.2870097756385803,0.15190288424491882,0.21753680109844492,0.49114686968307525,34063,122522,69354,156585,69354,41809,38008,4180900,100.0,100.0,0.6237791180610657,0.7014744281768799,0.45650243759155273,0.8424314856529236,0.8661792874336243,0.7187328934669495,0.42434465885162354,0.22758602378387421,0.683351039235079,41809,3801,3.745246238848095,50.73299984680489,0.237513589207083,0.09633154096081853,4.923333333333334,2.0,1.6533333333333333,0.03,1.0,10,10,20,0.0,0.1,10.0,True
epoch,1782500744.0963316,24,1449.7495084931143,1.4782031672842927e-05,0.47535091638565063,0.007664252072572708,0.13434849679470062,0.08631602674722672,1.091038703918457,0.025661267340183258,1.1684360288199969e-06,15238,0.2883337140083313,0.15276294946670532,0.21843939878477775,0.4924445597946766,34153,122197,69354,156350,69354,41809,38008,4180900,100.0,100.0,0.6242341995239258,0.7015645503997803,0.4574317932128906,0.8418805003166199,0.8674769997596741,0.7179974913597107,0.42572885751724243,0.2255529315650341,0.685858329201273,41809,3801,3.7396254394986723,44.679695206228644,0.21168992528691888,0.0797749231569469,4.92,2.0,1.66,0.03,1.0,10,10,20,0.0,0.1,10.0,True
epoch,1782502284.5427823,25,1532.5662666568533,1.4763317163218154e-05,0.4762437641620636,0.007598347030580044,0.1334296464920044,0.08678384870290756,1.0819166898727417,0.02738603577017784,1.6626755439119734e-07,15238,1.1570428609848022,0.03874782845377922,0.38252750039100647,0.08823136985301971,2.1501340866088867,0.05442525073885918,2.063780435435092e-08,3801,0.2863113284111023,0.1518862545490265,0.21895667322644127,0.48930126596879775,33935,121050,69354,154985,69354,41809,38008,4180900,100.0,100.0,0.6234467029571533,0.7014874219894409,0.45574891567230225,0.840774416923523,0.867390513420105,0.7180551886558533,0.4248349070549011,0.22875392268705552,0.6814257089134526,41809,3801,3.706976966681815,190.76916805282235,0.23945165192708373,0.08187247673049569,4.916666666666667,2.0,1.6666666666666667,0.03,1.0,10,10,20,0.0,0.1,10.0,True
epoch,1782503682.3292437,26,1390.9499646108598,1.4743845526067206e-05,0.47661837935447693,0.0075617386028170586,0.1328200399875641,0.08659923076629639,1.0757148265838623,0.02891525626182556,3.6317237572802696e-07,15238,0.2862899899482727,0.15225258469581604,0.21789051212072563,0.4892435908527266,33931,121794,69354,155725,69354,41809,38008,4180900,100.0,100.0,0.6231074333190918,0.7005758285522461,0.4516952335834503,0.8413280844688416,0.8674337267875671,0.7164835333824158,0.42293161153793335,0.22723994252968915,0.6828399649927445,41809,3801,3.7246765050587194,44.15281745092943,0.22227600822225213,0.07978218793869019,4.913333333333333,2.0,1.6733333333333333,0.03,1.0,10,10,20,0.0,0.1,10.0,True
epoch,1782505069.6830754,27,1377.6002682051621,1.4723618901609831e-05,0.47643861174583435,0.007512960582971573,0.13183683156967163,0.08671758323907852,1.0714502334594727,0.030190734192728996,5.510055984814244e-07,15238,0.28712883591651917,0.1521887481212616,0.21907155206211076,0.49147850160048445,34086,121507,69354,155593,69354,41809,38008,4180900,100.0,100.0,0.6237015128135681,0.7015954852104187,0.45532387495040894,0.8415032029151917,0.8665686249732971,0.7181849479675293,0.42558467388153076,0.22670644636704484,0.6843341718472012,41809,3801,3.721519290105001,44.24521744530648,0.23417860409244895,0.08123923791572452,4.91,2.0,1.68,0.03,1.0,10,10,20,0.0,0.1,10.0,True
epoch,1782506458.020236,28,1378.5342872166075,1.4702639513050017e-05,0.47657543420791626,0.007478025276213884,0.13135185837745667,0.08660189062356949,1.0669381618499756,0.031111951917409897,7.320416898437543e-06,15238,0.28585925698280334,0.15222254395484924,0.21879570862463352,0.4896040603281714,33956,121239,69354,155195,69354,41809,38008,4180900,100.0,100.0,0.6238710284233093,0.7047913074493408,0.45334815979003906,0.8427977561950684,0.8656169772148132,0.7172045111656189,0.42816564440727234,0.2276004508374475,0.6826561360196334,41809,3801,3.711999808653639,45.484358648303896,0.24694853322580457,0.09000963438302279,4.906666666666666,2.0,1.6866666666666668,0.03,1.0,10,10,20,0.0,0.1,10.0,True
epoch,1782507879.7275474,29,1414.3567891679704,1.4680909666331605e-05,0.4760729670524597,0.007435282226651907,0.13062864542007446,0.08665763586759567,1.061631679534912,0.031617965549230576,1.579366085024958e-06,15238,0.28512468934059143,0.15201719105243683,0.21867860968778638,0.4885947457969259,33886,121072,69354,154958,69354,41809,38008,4180900,100.0,100.0,0.623279869556427,0.7020283341407776,0.45311060547828674,0.8422718048095703,0.8661504983901978,0.7163249254226685,0.42533954977989197,0.22773017962574255,0.6820853616236094,41809,3801,3.706331172714009,44.6300303931348,0.24162675999104977,0.09018042776733637,4.903333333333333,2.0,1.6933333333333334,0.03,1.0,10,10,20,0.0,0.1,10.0,True
epoch,1782509491.0314927,30,1603.0600174148567,1.4658431749884843e-05,0.4765729010105133,0.007429163902997971,0.13075551390647888,0.08638913184404373,1.0599244832992554,0.03179776668548584,1.0976461908285273e-06,15238,1.171809196472168,0.03881044685840607,0.3826313316822052,0.08901935070753098,2.1680662631988525,0.06504201143980026,2.6472243064290524e-08,3801,0.28630638122558594,0.1518675982952118,0.22009076842398306,0.49016639270986534,33995,120464,69354,154459,69354,41809,38008,4180900,100.0,100.0,0.6224061846733093,0.7024808526039124,0.4517805576324463,0.8415274024009705,0.8644490838050842,0.7151858806610107,0.42545491456985474,0.2250194879511454,0.6853692249304879,41809,3801,3.6943959434571503,199.02443747315556,0.24203933402895927,0.09245192212983966,4.9,2.0,1.7,0.03,1.0,10,10,20,0.0,0.1,10.0,True
epoch,1782510924.5342755,31,1422.4298165799119,1.4635208234363871e-05,0.47567644715309143,0.007378108333796263,0.13017183542251587,0.0863734558224678,1.0598138570785522,0.03179445490241051,3.734677704869682e-07,15238,0.28501296043395996,0.1514681875705719,0.21731163505894413,0.4890561467254953,33918,122162,69354,156080,69354,41809,38008,4180900,100.0,100.0,0.6216309070587158,0.7018025517463684,0.45036768913269043,0.8421705365180969,0.8634397387504578,0.712936520576477,0.425786554813385,0.22388037385098175,0.6859743225526542,41809,3801,3.733167499820613,47.060876892879605,0.27550549898296595,0.11057740123942494,4.8966666666666665,2.0,1.7066666666666666,0.03,1.0,10,10,20,0.0,0.1,10.0,True
epoch,1782512325.8865898,32,1394.3321487796493,1.461124167237514e-05,0.4741857349872589,0.007350753992795944,0.12945255637168884,0.08612633496522903,1.0582622289657593,0.03174785524606705,3.0285302727861563e-06,15238,0.28559932112693787,0.1511850655078888,0.2171328604355682,0.49035383683709666,34008,122615,69354,156623,69354,41809,38008,4180900,100.0,100.0,0.6226323843002319,0.7019389271736145,0.4509034752845764,0.841411292552948,0.866020679473877,0.7146379351615906,0.42675259709358215,0.22428409832449392,0.6861570212141344,41809,3801,3.746155134062044,49.15783085487783,0.2254087347537279,0.08953915070742369,4.8933333333333335,2.0,1.7133333333333334,0.03,1.0,10,10,20,0.0,0.1,10.0,True
epoch,1782513725.5175185,33,1390.4791679349728,1.4586534698196858e-05,0.47342413663864136,0.007312249857932329,0.12872998416423798,0.08633098751306534,1.0572941303253174,0.03171883523464203,1.0367091817897744e-05,15238,0.28369104862213135,0.15022149682044983,0.2187886439416011,0.4872537993482712,33793,120662,69354,154455,69354,41809,38008,4180900,100.0,100.0,0.6197275519371033,0.6985273957252502,0.4465911388397217,0.8402277231216431,0.8626178503036499,0.7116965055465698,0.421460896730423,0.22444270619829865,0.6846370546305679,41809,3801,3.6943002702767345,47.405670965090394,0.21210608165711164,0.07925904914736748,4.89,2.0,1.72,0.03,1.0,10,10,20,0.0,0.1,10.0,True
epoch,1782515146.2634122,34,1415.5130582032725,1.4561090027489439e-05,0.4732096493244171,0.007287838961929083,0.12847855687141418,0.08624422550201416,1.057478427886963,0.03172444552183151,2.750003204710083e-06,15238,0.2825130224227905,0.14947491884231567,0.21742470210046605,0.485667733656314,33683,121235,69354,154918,69354,41809,38008,4180900,100.0,100.0,0.6200370192527771,0.6995556354522705,0.4465557038784027,0.8412556648254395,0.8622574210166931,0.7121867537498474,0.4215041697025299,0.22651902009353342,0.6819387346073874,41809,3801,3.705374440909852,45.546420814003795,0.303322855848819,0.08457194408401847,4.886666666666667,2.0,1.7266666666666666,0.03,1.0,10,10,20,0.0,0.1,10.0,True
epoch,1782516724.7740781,35,1571.7033974891528,1.453491045699701e-05,0.47268784046173096,0.007279028184711933,0.12827298045158386,0.08590485900640488,1.0564671754837036,0.03169406205415726,2.933823566309002e-07,15238,1.183741807937622,0.039091769605875015,0.3845873475074768,0.09042630344629288,2.231018543243408,0.06693059206008911,4.47871535413924e-08,3801,0.28207680583000183,0.148906871676445,0.21705804563020786,0.48752775614960925,33812,121962,69354,155774,69354,41809,38008,4180900,100.0,100.0,0.6207602024078369,0.6979921460151672,0.4525582194328308,0.8401490449905396,0.864679753780365,0.7136862874031067,0.4223981201648712,0.22615853125349744,0.6831121246893765,41809,3801,3.725848501518812,191.51629650685936,0.23117719776928425,0.08167008310556412,4.883333333333334,2.0,1.7333333333333334,0.03,1.0,10,10,20,0.0,0.1,10.0,True
epoch,1782518141.8713193,36,1410.1827430482954,1.4507998864240022e-05,0.4720507264137268,0.007243278436362743,0.12777921557426453,0.08588091284036636,1.0570752620697021,0.031712278723716736,1.0889693839999381e-06,15238,0.28321632742881775,0.14967790246009827,0.21795309910827698,0.4873979871384491,33803,121290,69354,155093,69354,41809,38008,4180900,100.0,100.0,0.6204527020454407,0.6991984248161316,0.4508484899997711,0.8403723239898682,0.8618969321250916,0.7125328183174133,0.42170602083206177,0.2251348311789642,0.6840358431340731,41809,3801,3.709560142553039,44.689383956138045,0.3059482513926923,0.08215422416105866,4.88,2.0,1.74,0.03,1.0,10,10,20,0.0,0.1,10.0,True
epoch,1782519543.3586333,37,1396.0959846349433,1.4480358207198932e-05,0.47102105617523193,0.007216731086373329,0.12705643475055695,0.08593089133501053,1.0540895462036133,0.031622692942619324,1.471951577514119e-06,15238,0.28083088994026184,0.14841532707214355,0.21631271713792152,0.48568215243533175,33684,122035,69354,155719,69354,41809,38008,4180900,100.0,100.0,0.6187132000923157,0.6982345581054688,0.4452524781227112,0.8394945859909058,0.8611183166503906,0.7092164754867554,0.42016321420669556,0.22353432305142362,0.6848151012030486,41809,3801,3.724532995288096,44.742531256750226,0.21524909418076277,0.07948246691375971,4.876666666666667,2.0,1.7466666666666666,0.03,1.0,10,10,20,0.0,0.1,10.0,True
epoch,1782520952.2487602,38,1402.0677034230903,1.4451991523989128e-05,0.4709851145744324,0.007203631103038788,0.12686657905578613,0.08585958927869797,1.0535086393356323,0.03160526230931282,6.758389190508751e-06,15238,0.2823282778263092,0.14881129562854767,0.21668699056543225,0.4868068171987196,33762,122048,69354,155810,69354,41809,38008,4180900,100.0,100.0,0.620312511920929,0.6995755434036255,0.44771504402160645,0.8404817581176758,0.8623006343841553,0.7108890414237976,0.42284512519836426,0.224082224225078,0.6847859354024125,41809,3801,3.726709560142553,44.19838480884209,0.22895877715200186,0.08194540534168482,4.873333333333333,2.0,1.7533333333333334,0.03,1.0,10,10,20,0.0,0.1,10.0,True
epoch,1782522349.1294146,39,1387.8483641678467,1.4422901932526949e-05,0.4699375629425049,0.007154762279242277,0.12615999579429626,0.0859043300151825,1.052731990814209,0.03158193826675415,1.9094552044407465e-05,15238,0.2813205122947693,0.14787252247333527,0.21784567997100998,0.48540819563399373,33665,120871,69354,154536,69354,41809,38008,4180900,100.0,100.0,0.6192428469657898,0.698869526386261,0.4462932348251343,0.8389650583267212,0.8613778352737427,0.7126048803329468,0.4215618371963501,0.22719668469895304,0.6811743913502233,41809,3801,3.6962376521801525,46.14029801497236,0.24680917570367455,0.08383324230089784,4.87,2.0,1.76,0.03,1.0,10,10,20,0.0,0.1,10.0,True
epoch,1782523929.9176712,40,1575.4241340402514,1.4393092630187011e-05,0.4689503014087677,0.007122930604964495,0.12557253241539001,0.08577543497085571,1.0534504652023315,0.031603556126356125,1.046210286403948e-06,15238,1.1949383020401,0.03950285539031029,0.3858863413333893,0.09165628999471664,2.2997522354125977,0.06899256259202957,3.0711549925399595e-07,3801,0.2817847430706024,0.1484510600566864,0.21720051806460344,0.4860282031317588,33708,121485,69354,155193,69354,41809,38008,4180900,100.0,100.0,0.6194651126861572,0.699545681476593,0.4454217851161957,0.8403111696243286,0.8615797162055969,0.709274172782898,0.42260000109672546,0.22324596965113913,0.6852472876952301,41809,3801,3.7119519720634315,188.34911816194654,0.21693896502256393,0.08345151087269187,4.866666666666666,2.0,1.7666666666666666,0.03,1.0,10,10,20,0.0,0.1,10.0,True
epoch,1782525341.983098,41,1402.1973318578675,1.4362566893450753e-05,0.4681204855442047,0.007106857839971781,0.12512890994548798,0.08558142185211182,1.0511928796768188,0.03153576701879501,3.895461304637138e-06,15238,0.281599223613739,0.14855699241161346,0.21738401737886046,0.4862444848170257,33723,121408,69354,155131,69354,41809,38008,4180900,100.0,100.0,0.6184905171394348,0.6978701949119568,0.4439782500267029,0.8396218419075012,0.8601522445678711,0.7106872200965881,0.420725554227829,0.22444273527956243,0.6841891496950531,41809,3801,3.710469037766988,45.31037592375651,0.21116988267749548,0.07896530395373702,4.863333333333333,2.0,1.7733333333333334,0.03,1.0,10,10,20,0.0,0.1,10.0,True
epoch,1782526727.1253152,42,1379.2090641763061,1.433132807754631e-05,0.4672425389289856,0.0070816269144415855,0.1246793121099472,0.08534549176692963,1.051715612411499,0.03155152127146721,4.2485982021389646e-07,15238,0.2811015844345093,0.14724554121494293,0.21459891176377,0.48621564725899014,33721,123414,69354,157135,69354,41809,38008,4180900,100.0,100.0,0.6171354651451111,0.6964694857597351,0.44246870279312134,0.838418185710907,0.8585805892944336,0.7091588377952576,0.41714969277381897,0.22294319053626743,0.6856230527572813,41809,3801,3.7584013011552537,45.66968020424247,0.23163902992382646,0.08013567700982094,4.86,2.0,1.78,0.03,1.0,10,10,20,0.0,0.1,10.0,True
epoch,1782528124.0753124,43,1391.8679463807493,1.429937961607972e-05,0.4663473665714264,0.007063185330480337,0.12413246184587479,0.08521623909473419,1.0508701801300049,0.031526122242212296,2.1823598217451945e-06,15238,0.2803346812725067,0.14723236858844757,0.21411535746312796,0.4854226144130115,33666,123567,69354,157233,69354,41809,38008,4180900,100.0,100.0,0.616997480392456,0.6963207125663757,0.4424537122249603,0.8387786149978638,0.8591285347938538,0.7077169418334961,0.41686132550239563,0.2222943274204846,0.6858993839477937,41809,3801,3.7607452940754382,53.36212710477412,0.2105958960019052,0.08244751021265984,4.8566666666666665,2.0,1.7866666666666666,0.03,1.0,10,10,20,0.0,0.1,10.0,True
epoch,1782529572.8764722,44,1441.7341253845952,1.4266725020657521e-05,0.46570834517478943,0.007040354423224926,0.12386556714773178,0.08491241186857224,1.0510578155517578,0.03153172880411148,2.3053215159052343e-07,15238,0.28027135133743286,0.14736929535865784,0.2150894586604139,0.48673472330363066,33757,123187,69354,156944,69354,41809,38008,4180900,100.0,100.0,0.6180654764175415,0.6978723406791687,0.44188421964645386,0.8400293588638306,0.8612913489341736,0.7071257829666138,0.4192836880683899,0.2203910596629831,0.6883283498186508,41809,3801,3.753832906790404,45.0780515037477,0.20712460670620203,0.0782016390003264,4.8533333333333335,2.0,1.7933333333333334,0.03,1.0,10,10,20,0.0,0.1,10.0,True
epoch,1782531138.0232842,45,1558.2730546789244,1.4233367880500776e-05,0.46512970328330994,0.007004175800830126,0.12349483370780945,0.08480865508317947,1.0504549741744995,0.03151368722319603,6.582722562598065e-07,15238,1.2076855897903442,0.039465248584747314,0.3876989483833313,0.09376456588506699,2.4035115242004395,0.07210536301136017,5.342876647773664e-07,3801,0.2806217074394226,0.14759080111980438,0.21535945415865432,0.4860570406897944,33710,122819,69354,156529,69354,41809,38008,4180900,100.0,100.0,0.6177700161933899,0.6972527503967285,0.4411352872848511,0.8399809002876282,0.8608443737030029,0.7070825099945068,0.4207976460456848,0.22102546930471245,0.6874120542078893,41809,3801,3.743906814322275,195.2696101241745,0.23646493116393685,0.08571777027100325,4.85,2.0,1.8,0.03,1.0,10,10,20,0.0,0.1,10.0,True
epoch,1782532559.2184298,46,1415.6185101820156,1.4199311862050563e-05,0.4649142026901245,0.006997350137680769,0.12327205389738083,0.08467806130647659,1.049049735069275,0.03147146478295326,5.515010343515314e-06,15238,0.28053778409957886,0.14793963730335236,0.21424387510823614,0.48519191394872685,33650,123414,69354,157064,69354,41809,38008,4180900,100.0,100.0,0.6174431443214417,0.6976486444473267,0.4391615390777588,0.8406591415405273,0.8590564131736755,0.7064048051834106,0.42151859402656555,0.2212128912346838,0.6868468481365324,41809,3801,3.756703102202875,49.5377877028659,0.21970911510288715,0.08514354517683387,4.846666666666667,2.0,1.8066666666666666,0.03,1.0,10,10,20,0.0,0.1,10.0,True
epoch,1782534020.3266706,47,1454.1265853056684,1.4164560708564984e-05,0.4641164243221283,0.006961945444345474,0.12262382358312607,0.08471870422363281,1.0508676767349243,0.03152591362595558,2.2534532035933807e-06,15238,0.2812580466270447,0.14847224950790405,0.2153592726436899,0.48634541627015027,33730,122892,69354,156622,69354,41809,38008,4180900,100.0,100.0,0.6179091334342957,0.6996706128120422,0.44225257635116577,0.8408308029174805,0.8583210706710815,0.7062317728996277,0.4216483533382416,0.21988635662947742,0.6886484507392328,41809,3801,3.74613121576694,45.87834648322314,0.22641634987667203,0.08027763990685344,4.843333333333334,2.0,1.8133333333333335,0.03,1.0,10,10,20,0.0,0.1,10.0,True
epoch,1782535445.8855228,48,1419.6977091957815,1.4129118239707713e-05,0.4635763466358185,0.0069609275087714195,0.12235032021999359,0.08444268256425858,1.0499513149261475,0.031498607248067856,4.549053846858442e-05,15238,0.2816970646381378,0.14841702580451965,0.21443420502224644,0.4878305505089829,33833,123945,69354,157778,69354,41809,38008,4180900,100.0,100.0,0.617760181427002,0.6979486346244812,0.44251710176467896,0.8403257131576538,0.8590708374977112,0.7076736688613892,0.4214176535606384,0.21984311835240627,0.6893439334741356,41809,3801,3.7737807649070776,45.38714042212814,0.2506002658046782,0.11264620814472437,4.84,2.0,1.82,0.03,1.0,10,10,20,0.0,0.1,10.0,True
epoch,1782536907.4086921,49,1456.5087195686065,1.4092988351128173e-05,0.46301233768463135,0.006939600221812725,0.12194397300481796,0.08435908704996109,1.0488030910491943,0.03146408870816231,8.424008797192073e-07,15238,0.27913129329681396,0.14687828719615936,0.2134243862811302,0.4848747008103354,33628,123936,69354,157564,69354,41809,38008,4180900,100.0,100.0,0.6160579919815063,0.6968139410018921,0.4378480315208435,0.8384573459625244,0.856360137462616,0.7061885595321655,0.418634831905365,0.22131385872183013,0.6866079806384209,41809,3801,3.7686622497548377,44.24441871792078,0.20562469819560647,0.0787437679246068,4.836666666666667,2.0,1.8266666666666667,0.03,1.0,10,10,20,0.0,0.1,10.0,True
epoch,1782538469.7587736,50,1553.9599146130495,1.4056175014033333e-05,0.4623011648654938,0.006911769509315491,0.12167646735906601,0.08404188603162766,1.0487879514694214,0.03146357461810112,8.588737046011374e-07,15238,1.2181816101074219,0.03994452580809593,0.39038437604904175,0.09320522844791412,2.4490463733673096,0.07347141206264496,2.0715830828521575e-07,3801,0.28100863099098206,0.1470651924610138,0.21343791212604984,0.48771520027684057,33825,124652,69354,158477,69354,41809,38008,4180900,100.0,100.0,0.6151840686798096,0.6968600749969482,0.43526238203048706,0.83832848072052,0.8572108149528503,0.7030452489852905,0.4191683232784271,0.21533004870844996,0.6937180799966473,41809,3801,3.790499653184721,188.5307245501317,0.23220955301076174,0.08222767570987344,4.833333333333333,2.0,1.8333333333333333,0.03,1.0,10,10,20,0.0,0.1,10.0,True
epoch,1782539888.3131316,51,1410.7683296059258,1.4018682274751234e-05,0.46208447217941284,0.0068981703370809555,0.12123854458332062,0.08413057029247284,1.0496145486831665,0.03148844093084335,2.352323065224482e-07,15238,0.27970993518829346,0.14686474204063416,0.21478383925953312,0.4858263402255097,33694,123180,69354,156874,69354,41809,38008,4180900,100.0,100.0,0.6150806546211243,0.6958994269371033,0.43534013628959656,0.8391585350036621,0.8550768494606018,0.7027280330657959,0.4189520478248596,0.2169016928402862,0.6913433325065916,41809,3801,3.7521586261331294,44.29231741372496,0.21940479800105095,0.08313067490234971,4.83,2.0,1.84,0.03,1.0,10,10,20,0.0,0.1,10.0,True
epoch,1782541278.1127832,52,1384.7496930039488,1.3980514254286215e-05,0.46097761392593384,0.006852453108876944,0.12078845500946045,0.0838707908987999,1.0481818914413452,0.03144543245434761,2.6006559892266523e-06,15238,0.2783339023590088,0.14594091475009918,0.21302052934757784,0.48415376185944575,33578,124050,69354,157628,69354,41809,38008,4180900,100.0,100.0,0.6155053973197937,0.6962681412696838,0.43617090582847595,0.8383077383041382,0.857398271560669,0.7032471299171448,0.4191538989543915,0.21909336805769902,0.6884546573499529,41809,3801,3.770193020641489,44.479987730272114,0.21743222512304783,0.08380768215283751,4.826666666666666,2.0,1.8466666666666667,0.03,1.0,10,10,20,0.0,0.1,10.0,True
epoch,1782542632.3134506,53,1347.3723497861065,1.3941675147865968e-05,0.4610897898674011,0.006844928488135338,0.12054503709077835,0.08393201977014542,1.0476741790771484,0.0314301922917366,1.3370137139645522e-06,15238,0.27986258268356323,0.1462794989347458,0.21507111422922381,0.48621564725899014,33721,123069,69354,156790,69354,41809,38008,4180900,100.0,100.0,0.6157137155532837,0.6974425315856934,0.43590471148490906,0.8391158580780029,0.8588257431983948,0.7047755122184753,0.42013439536094666,0.2185598649594852,0.689887260311432,41809,3801,3.7501494893443996,44.22365797497332,0.21088855667039752,0.08080496499314904,4.823333333333333,2.0,1.8533333333333333,0.03,1.0,10,10,20,0.0,0.1,10.0,True
epoch,1782543985.709812,54,1346.0464891251177,1.3902169224480417e-05,0.4600948393344879,0.006832499988377094,0.12007588148117065,0.0836373046040535,1.0481617450714111,0.03144485875964165,6.138790922705084e-05,15238,0.27871811389923096,0.14596155285835266,0.2134915598426196,0.4850765637165845,33642,123938,69354,157580,69354,41809,38008,4180900,100.0,100.0,0.6157308220863342,0.6968759298324585,0.43590471148490906,0.83857661485672,0.8571963906288147,0.7063327431678772,0.41926926374435425,0.22125617945129272,0.6867536135179482,41809,3801,3.7690449424765005,45.28111283900216,0.21395657397806644,0.08010831894353032,4.82,2.0,1.8599999999999999,0.03,1.0,10,10,20,0.0,0.1,10.0,True
epoch,1782545486.0730908,55,1493.8337989980355,1.3862000826412495e-05,0.4598633944988251,0.006814292632043362,0.11997035890817642,0.08339826762676239,1.0474704504013062,0.03142417594790459,2.431397888358333e-06,15238,1.2318040132522583,0.04014134779572487,0.39189326763153076,0.09601972252130508,2.5144407749176025,0.07543321698904037,1.304852503380971e-06,3801,0.27714669704437256,0.1452927440404892,0.2122018766281393,0.48390864261614325,33561,124595,69354,158156,69354,41809,38008,4180900,100.0,100.0,0.6137102842330933,0.6941028833389282,0.4334770739078522,0.8382431268692017,0.8557112812995911,0.7032615542411804,0.41671714186668396,0.21935291162503717,0.688091990380849,41809,3801,3.782821880456361,192.21352806221694,0.23531123204156756,0.0914953607134521,4.816666666666666,2.0,1.8666666666666667,0.03,1.0,10,10,20,0.0,0.1,10.0,True
epoch,1782546913.4362988,56,1421.698038405273,1.3821174368760857e-05,0.45880430936813354,0.0068005723878741264,0.11954338103532791,0.08306339383125305,1.0459861755371094,0.031379520893096924,1.7411828139302088e-06,15238,0.2776447832584381,0.14601628482341766,0.2109660048816084,0.4835481731406984,33536,125428,69354,158964,69354,41809,38008,4180900,100.0,100.0,0.6139848232269287,0.6948108077049255,0.43288320302963257,0.838279664516449,0.8555382490158081,0.702208936214447,0.41677480936050415,0.2186607630737486,0.6886101104714908,41809,3801,3.8021478629003322,45.69561826996505,0.22844509920105338,0.08511191792786121,4.8133333333333335,2.0,1.8733333333333333,0.03,1.0,10,10,20,0.0,0.1,10.0,True
epoch,1782548328.1400027,57,1407.7807412468828,1.3779694338954604e-05,0.45836344361305237,0.006785249337553978,0.11919296532869339,0.08292277902364731,1.0481877326965332,0.031445614993572235,1.641413473407738e-05,15238,0.27718406915664673,0.14481721818447113,0.2116496780777905,0.484413299881766,33596,125138,69354,158734,69354,41809,38008,4180900,100.0,100.0,0.6128711104393005,0.6931622624397278,0.4335625469684601,0.8376948833465576,0.8534475564956665,0.7023243308067322,0.41357383131980896,0.21791103092496616,0.6897287743475149,41809,3801,3.7966466550264295,46.19086172292009,0.22547109285369515,0.08555622678250074,4.81,2.0,1.88,0.03,1.0,10,10,20,0.0,0.1,10.0,True
epoch,1782549679.0252929,58,1345.2952287760563,1.3737565296260042e-05,0.4579766094684601,0.0067587546072900295,0.1185201033949852,0.08325254917144775,1.0459662675857544,0.031378962099552155,3.152594217681326e-06,15238,0.27829185128211975,0.14486493170261383,0.21285834551818866,0.4848747008103354,33628,124355,69354,157983,69354,41809,38008,4180900,100.0,100.0,0.6130272746086121,0.6928836703300476,0.4320506751537323,0.8372920751571655,0.8554084897041321,0.6995847225189209,0.41549152135849,0.2147100217085855,0.6930893217114551,41809,3801,3.778684015403382,45.18613261869177,0.2115191021002829,0.08027313137426972,4.806666666666667,2.0,1.8866666666666667,0.03,1.0,10,10,20,0.0,0.1,10.0,True
epoch,1782551031.4755647,59,1346.9815192832612,1.3694791871279557e-05,0.45772698521614075,0.006738519296050072,0.11848292499780655,0.08291666954755783,1.046837329864502,0.031405046582221985,1.0147107332159067e-06,15238,0.27825403213500977,0.14485932886600494,0.21226052190144665,0.485321682959887,33659,124915,69354,158574,69354,41809,38008,4180900,100.0,100.0,0.6126486659049988,0.6923949718475342,0.4311605989933014,0.8370574116706848,0.8555238246917725,0.7000172734260559,0.4126077890396118,0.21469559046616893,0.6932995818583216,41809,3801,3.792819727809802,48.35570254502818,0.2658010981976986,0.10356061672791839,4.803333333333334,2.0,1.8933333333333333,0.03,1.0,10,10,20,0.0,0.1,10.0,True
epoch,1782552526.5066407,60,1489.2864535562694,1.3651378765442632e-05,0.4573199152946472,0.006730959750711918,0.11808688193559647,0.0828484520316124,1.0474841594696045,0.031424522399902344,2.217191649833694e-06,15238,1.2449312210083008,0.04040782153606415,0.3932661712169647,0.09766194969415665,2.6295111179351807,0.07888534665107727,8.718848221178632e-07,3801,0.2758640944957733,0.14445067942142487,0.2118464563693039,0.48310119099114684,33505,124652,69354,158157,69354,41809,38008,4180900,100.0,100.0,0.6120611429214478,0.6937606334686279,0.42997288703918457,0.8374319076538086,0.8544856905937195,0.6989502906799316,0.41501572728157043,0.2158490996887848,0.691181043105642,41809,3801,3.782845798751465,191.06419845391065,0.22976616024971008,0.08062629261985421,4.8,2.0,1.9,0.03,1.0,10,10,20,0.0,0.1,10.0,True
epoch,1782553881.2599626,61,1347.8501087380573,1.3607330750489112e-05,0.45718976855278015,0.0067259701900184155,0.1180206909775734,0.08261056989431381,1.0458347797393799,0.03137510269880295,1.0576640079307253e-06,15238,0.27523893117904663,0.14404669404029846,0.2099852233785016,0.48151512529918966,33395,125640,69354,159035,69354,41809,38008,4180900,100.0,100.0,0.6122254133224487,0.6939180493354797,0.4281802773475647,0.8382042050361633,0.853649377822876,0.6993540525436401,0.415188729763031,0.21783892724445048,0.6885140989000601,41809,3801,3.803846061852711,49.037233551964164,0.2368438341654837,0.10419684834778309,4.796666666666667,2.0,1.9066666666666667,0.03,1.0,10,10,20,0.0,0.1,10.0,True
epoch,1782555229.192311,62,1342.8046992239542,1.3562652667944698e-05,0.45625367760658264,0.006700027268379927,0.11756950616836548,0.08237118273973465,1.0465399026870728,0.03139616549015045,1.4364358321472537e-05,15238,0.27849191427230835,0.14503630995750427,0.21102997357115122,0.4858551777835453,33696,125978,69354,159674,69354,41809,38008,4180900,100.0,100.0,0.6132269501686096,0.6932055354118347,0.4313206970691681,0.8369520902633667,0.8569080233573914,0.700608491897583,0.4134584963321686,0.2147533141140377,0.6934760046479269,41809,3801,3.819129852424119,43.99849788611755,0.2065360681153834,0.07866333471611142,4.793333333333333,2.0,1.9133333333333333,0.03,1.0,10,10,20,0.0,0.1,10.0,True
epoch,1782556584.1042464,63,1346.9422546229325,1.3517349428588801e-05,0.4560013711452484,0.006682753562927246,0.11727842688560486,0.08229805529117584,1.0473933219909668,0.03142178803682327,4.6552116828024737e-07,15238,0.27576667070388794,0.14382445812225342,0.21123126230252864,0.48275514029471983,33481,125023,69354,158504,69354,41809,38008,4180900,100.0,100.0,0.6121591329574585,0.6945581436157227,0.42709431052207947,0.8387285470962524,0.8552498817443848,0.6966721415519714,0.41528967022895813,0.2139170012572516,0.6929445165114393,41809,3801,3.7911454471525268,46.702443916816264,0.21439704205840826,0.08286805870011449,4.79,2.0,1.92,0.03,1.0,10,10,20,0.0,0.1,10.0,True
epoch,1782557933.3068676,64,1344.1503448830917,1.3471426011914776e-05,0.45580679178237915,0.006653802935034037,0.11710211634635925,0.08217106759548187,1.0478726625442505,0.031436141580343246,2.5565641408320516e-06,15238,0.2770048975944519,0.1444338858127594,0.21224556795797767,0.48473051302015746,33618,124774,69354,158392,69354,41809,38008,4180900,100.0,100.0,0.6116011142730713,0.6938735842704773,0.42811545729637146,0.8374907374382019,0.8532312512397766,0.6977391242980957,0.416414350271225,0.21300861127793824,0.694715970682856,41809,3801,3.788466598100887,44.3049406632781,0.2324989689514041,0.08304653177037835,4.786666666666667,2.0,1.9266666666666667,0.03,1.0,10,10,20,0.0,0.1,10.0,True
epoch,1782559427.7772725,65,1487.8869981667958,1.3424887465582602e-05,0.45510077476501465,0.006637139245867729,0.11657755821943283,0.08215148001909256,1.0457247495651245,0.031371667981147766,3.7513900679186918e-06,15238,1.2554208040237427,0.04064039885997772,0.39444899559020996,0.0990993082523346,2.684469699859619,0.08053413778543472,2.172023869206896e-06,3801,0.27465805411338806,0.1434885859489441,0.2094799688934601,0.4816160567523142,33402,126050,69354,159452,69354,41809,38008,4180900,100.0,100.0,0.6112703084945679,0.6925714612007141,0.4289604425430298,0.8370200395584106,0.8533754348754883,0.6974940299987793,0.4159529507160187,0.21587797324646507,0.6904948802976236,41809,3801,3.813819990911048,189.91872876137495,0.22875425964593887,0.0801503318361938,4.783333333333333,2.0,1.9333333333333333,0.03,1.0,10,10,20,0.0,0.1,10.0,True
epoch,1782560779.211082,66,1346.2131466669962,1.3377738904864067e-05,0.45478275418281555,0.006623048800975084,0.11646927148103714,0.08188245445489883,1.0444802045822144,0.03133447468280792,2.080506874335697e-06,15238,0.27464407682418823,0.14288285374641418,0.209748504341629,0.4837788736049831,33552,126411,69354,159963,69354,41809,38008,4180900,100.0,100.0,0.6104189157485962,0.6909360885620117,0.42703065276145935,0.8373890519142151,0.853043794631958,0.6954177021980286,0.4135882556438446,0.21163882859304545,0.6956666073870251,41809,3801,3.8260422397091536,46.93513055285439,0.22429197235032916,0.08258905401453376,4.78,2.0,1.94,0.03,1.0,10,10,20,0.0,0.1,10.0,True
epoch,1782562131.9691513,67,1346.9318531611934,1.3329985512080528e-05,0.4542635977268219,0.00660633435472846,0.1160096526145935,0.08185267448425293,1.044933557510376,0.03134799003601074,4.85620057588676e-06,15238,0.27598780393600464,0.1438162475824356,0.21075352479434778,0.4842979496496237,33588,125783,69354,159371,69354,41809,38008,4180900,100.0,100.0,0.611058235168457,0.6921389102935791,0.42667853832244873,0.8366705775260925,0.8537935614585876,0.698070764541626,0.41425150632858276,0.21377281489200228,0.6937662687644971,41809,3801,3.81188260900763,46.0936832036823,0.22387393098324537,0.0931599079631269,4.776666666666666,2.0,1.9466666666666668,0.03,1.0,10,10,20,0.0,0.1,10.0,True
epoch,1782563487.7248619,68,1350.3548426600173,1.3281632536033292e-05,0.4538462460041046,0.006585671100765467,0.11581612378358841,0.08162222802639008,1.044777750968933,0.03134329989552498,7.547722020717629e-07,15238,0.27571386098861694,0.1433054655790329,0.21081888222450876,0.48449981255587277,33602,125786,69354,159388,69354,41809,38008,4180900,100.0,100.0,0.6104519963264465,0.6917685866355896,0.4259321391582489,0.8370532989501953,0.8534619212150574,0.6969893574714661,0.4133143126964569,0.2124895449155933,0.6951322963001019,41809,3801,3.8122892200243967,46.8285335348919,0.22247381508350372,0.08313285000622272,4.773333333333333,2.0,1.9533333333333334,0.03,1.0,10,10,20,0.0,0.1,10.0,True
epoch,1782564840.727547,69,1347.3362737270072,1.32326852914267e-05,0.45330512523651123,0.006580970250070095,0.1154848262667656,0.08144236356019974,1.0439059734344482,0.03131711483001709,1.8322017467653495e-06,15238,0.2738066613674164,0.14240500330924988,0.2086841794091472,0.4834904980246273,33532,127151,69354,160683,69354,41809,38008,4180900,100.0,100.0,0.6106246709823608,0.6921865344047546,0.4268190562725067,0.836775004863739,0.8525247573852539,0.6978833079338074,0.41233381628990173,0.21439280990918008,0.6927956185914182,41809,3801,3.8432634121839797,47.99314803490415,0.24109953176230192,0.08028175961226225,4.77,2.0,1.96,0.03,1.0,10,10,20,0.0,0.1,10.0,True
epoch,1782566340.8486197,70,1493.8919099629857,1.318314915828397e-05,0.4526183009147644,0.0065590557642281055,0.11495793610811234,0.08140220493078232,1.044885277748108,0.03134654089808464,3.570530907381908e-06,15238,1.2696820497512817,0.04088148847222328,0.3963971436023712,0.10116022080183029,2.7690305709838867,0.08307097107172012,9.149853212875314e-07,3801,0.27335718274116516,0.14249753952026367,0.20940312811229636,0.4820342013438302,33431,126218,69354,159649,69354,41809,38008,4180900,100.0,100.0,0.6097285747528076,0.6915627121925354,0.4230978786945343,0.8365409970283508,0.8527121543884277,0.6942498087882996,0.4111514985561371,0.21221560744446938,0.6943238517921131,41809,3801,3.818531895046521,189.48930757911876,0.2258088872767985,0.09172166604548693,4.766666666666667,2.0,1.9666666666666668,0.03,1.0,10,10,20,0.0,0.1,10.0,True
epoch,1782567692.1103106,71,1344.0184163819067,1.3133029581355829e-05,0.45260554552078247,0.006556358188390732,0.11512430757284164,0.08097013831138611,1.0448256731033325,0.03134465962648392,1.4982418861109181e-06,15238,0.2733233869075775,0.14220845699310303,0.21005599904682473,0.4829858407590045,33497,125970,69354,159467,69354,41809,38008,4180900,100.0,100.0,0.6100513339042664,0.6916545629501343,0.42666566371917725,0.8367666602134705,0.8530149459838867,0.6944660544395447,0.4119589328765869,0.21148021368054015,0.6954779685362574,41809,3801,3.8141787653376067,45.517196984030306,0.22142261918634176,0.08485226379707456,4.763333333333334,2.0,1.9733333333333334,0.03,1.0,10,10,20,0.0,0.1,10.0,True
epoch,1782569049.7237215,72,1352.4185064039193,1.3082332069522085e-05,0.4525142312049866,0.006543466821312904,0.11471150815486908,0.08111102879047394,1.0448180437088013,0.03134457394480705,2.035409352174611e-06,15238,0.27256932854652405,0.14169089496135712,0.21005628753812775,0.4815872191942786,33400,125605,69354,159005,69354,41809,38008,4180900,100.0,100.0,0.6089574098587036,0.6915093660354614,0.4241771101951599,0.8361590504646301,0.8506935238838196,0.6934711933135986,0.41073334217071533,0.21188397411932003,0.6944588669835305,41809,3801,3.8031285129995935,51.44422048283741,0.22726687463000417,0.0796117321588099,4.76,2.0,1.98,0.03,1.0,10,10,20,0.0,0.1,10.0,True
epoch,1782570455.886571,73,1397.8186189760454,1.30310621951861e-05,0.45153456926345825,0.006507602985948324,0.11428474634885788,0.08089455962181091,1.0433284044265747,0.03129984810948372,1.7005815777793032e-07,15238,0.27193689346313477,0.14110557734966278,0.20942510263782346,0.4810248868125847,33361,125937,69354,159298,69354,41809,38008,4180900,100.0,100.0,0.608756959438324,0.6915983557701111,0.42592400312423706,0.8348916172981262,0.8506503105163574,0.6940479278564453,0.41301149129867554,0.2130230410438606,0.6930715697087686,41809,3801,3.8101365734650434,45.611404068768024,0.23940037516877055,0.08642008807510138,4.756666666666667,2.0,1.9866666666666668,0.03,1.0,10,10,20,0.0,0.1,10.0,True
epoch,1782571863.0235474,74,1401.4934832379222,1.2979225593662302e-05,0.4514637291431427,0.006494470871984959,0.11406747996807098,0.08087506145238876,1.041593074798584,0.031247884035110474,1.4711064295624965e-06,15238,0.2722592055797577,0.14103582501411438,0.20990426589173616,0.48116907460276265,33371,125611,69354,158982,69354,41809,38008,4180900,100.0,100.0,0.6087628602981567,0.6912632584571838,0.42318791151046753,0.8359290361404419,0.8517749309539795,0.6926204562187195,0.41135334968566895,0.21145138161595683,0.6947081482831867,41809,3801,3.802578392212203,45.28822798933834,0.22116594016551971,0.08108381181955338,4.753333333333333,2.0,1.9933333333333334,0.03,1.0,10,10,20,0.0,0.1,10.0,True
epoch,1782573359.8913548,75,1490.7815146879293,1.2926827962556795e-05,0.4507519602775574,0.006481493357568979,0.11355318874120712,0.08078806847333908,1.0427247285842896,0.031281717121601105,3.042009484488517e-05,15238,1.2790323495864868,0.04094956815242767,0.3964265286922455,0.10279688239097595,2.8691723346710205,0.08607521653175354,1.8412683289170673e-07,3801,0.27103036642074585,0.14079062640666962,0.20973893560243695,0.4805058107679442,33325,125563,69354,158888,69354,41809,38008,4180900,100.0,100.0,0.6085009574890137,0.6898477673530579,0.42540109157562256,0.8353289365768433,0.8507800698280334,0.6959800720214844,0.4128240644931793,0.2154742612535402,0.6904016797094606,41809,3801,3.800330072472434,188.43724757013842,0.21896661492064595,0.08500030031427741,4.75,2.0,2.0,0.03,1.0,10,10,20,0.0,0.1,10.0,True
epoch,1782574710.567095,76,1342.9634208036587,1.2873875061141087e-05,0.4504246413707733,0.006470627151429653,0.1135130375623703,0.08045049756765366,1.0416009426116943,0.031248042359948158,1.0313242455595173e-05,15238,0.27079448103904724,0.1405135691165924,0.2074249516669464,0.48111139948669146,33367,127496,69354,160863,69354,41809,38008,4180900,100.0,100.0,0.6081554293632507,0.6901038289070129,0.4227994382381439,0.8364287614822388,0.8500303030014038,0.6933414340019226,0.4115840494632721,0.21223003451523115,0.6939025650172774,41809,3801,3.847568705302686,44.16820254409686,0.21889381296932697,0.09161184309050441,4.746666666666667,2.0,2.006666666666667,0.03,1.0,10,10,20,0.0,0.1,10.0,True
epoch,1782576079.3548424,77,1363.6655888231471,1.2820372709719078e-05,0.4500771760940552,0.006449832580983639,0.11325110495090485,0.08032628893852234,1.0418939590454102,0.0312567837536335,8.216145215556026e-05,15238,0.2710009217262268,0.1402399241924286,0.20695738601068456,0.48037604175678406,33316,127664,69354,160980,69354,41809,38008,4180900,100.0,100.0,0.6069658398628235,0.6888036727905273,0.41830506920814514,0.8347598314285278,0.850073516368866,0.6923897862434387,0.41027194261550903,0.21201374448665466,0.6937942345496814,41809,3801,3.8503671458298454,44.6497497279197,0.2169671729207039,0.08401685440912843,4.743333333333333,2.0,2.013333333333333,0.03,1.0,10,10,20,0.0,0.1,10.0,True
epoch,1782577434.4070752,78,1348.4635925563052,1.2766326788987327e-05,0.44987767934799194,0.006455809809267521,0.11299493163824081,0.0802166610956192,1.0416505336761475,0.031249545514583588,4.554370025289245e-05,15238,0.271573007106781,0.14015993475914001,0.20794055465738093,0.4821783891340081,33441,127379,69354,160820,69354,41809,38008,4180900,100.0,100.0,0.6069580912590027,0.690264105796814,0.4196547567844391,0.8358489871025085,0.8477088809013367,0.6898664832115173,0.4114254415035248,0.2076880940775092,0.6989445071883124,41809,3801,3.8465402186132174,48.92125355312601,0.23153708595782518,0.08444400271400809,4.74,2.0,2.02,0.03,1.0,10,10,20,0.0,0.1,10.0,True
epoch,1782578828.6336007,79,1386.4285256732255,1.271174323938865e-05,0.4495295584201813,0.006432085298001766,0.11273962259292603,0.08010764420032501,1.0410850048065186,0.031232554465532303,5.83165638090577e-06,15238,0.27330851554870605,0.14139530062675476,0.20862090522630658,0.48116907460276265,33371,126589,69354,159960,69354,41809,38008,4180900,100.0,100.0,0.6074137091636658,0.6902028918266296,0.41836634278297424,0.8348107933998108,0.8501312136650085,0.6928223371505737,0.40999796986579895,0.21165326254781108,0.6945057178463753,41809,3801,3.825970484823842,44.464371979702264,0.2204270139336586,0.08257761737331748,4.736666666666666,2.0,2.0266666666666664,0.03,1.0,10,10,20,0.0,0.1,10.0,True
epoch,1782580328.554841,80,1493.2111263358966,1.2656628060459206e-05,0.4489142596721649,0.006408981047570705,0.11223340779542923,0.080116868019104,1.0402485132217407,0.031207440420985222,9.534425515766998e-08,15238,1.2891262769699097,0.04112815484404564,0.3984362781047821,0.10394483059644699,2.8741812705993652,0.08622533828020096,8.811234124550538e-07,3801,0.2715510129928589,0.1410941481590271,0.20715867525939935,0.4801741788505349,33302,127454,69354,160756,69354,41809,38008,4180900,100.0,100.0,0.6069046854972839,0.6904752850532532,0.41629913449287415,0.8358299136161804,0.8486748933792114,0.6886408925056458,0.4125645160675049,0.20846671365511082,0.6972780502525825,41809,3801,3.845009447726566,191.82917446503416,0.24269719887524843,0.09247283730655909,4.733333333333333,2.0,2.033333333333333,0.03,1.0,10,10,20,0.0,0.1,10.0,True
epoch,1782581683.2842908,81,1347.0304928300902,1.2600987310169045e-05,0.4491167664527893,0.006387237925082445,0.11217497289180756,0.08005860447883606,1.0411932468414307,0.031235821545124054,1.842822166508995e-05,15238,0.2700033485889435,0.139505535364151,0.20859759953418192,0.4803904605358018,33317,126402,69354,159719,69354,41809,38008,4180900,100.0,100.0,0.6067009568214417,0.6897114515304565,0.4148750901222229,0.8353668451309204,0.8491362929344177,0.6913948655128479,0.41073334217071533,0.2110044049770461,0.6948134626071719,41809,3801,3.8202061757037957,46.10478383116424,0.21220038086175919,0.0811509732156992,4.73,2.0,2.04,0.03,1.0,10,10,20,0.0,0.1,10.0,True
epoch,1782583059.0030818,82,1366.8167523466982,1.2544827104256255e-05,0.44862550497055054,0.006375772412866354,0.11189645528793335,0.07987470179796219,1.0406301021575928,0.03121892921626568,9.00035047379788e-06,15238,0.27152639627456665,0.14062465727329254,0.20821899012074643,0.4813709375090117,33385,126951,69354,160336,69354,41809,38008,4180900,100.0,100.0,0.6064167022705078,0.6886889934539795,0.4173237085342407,0.8357551693916321,0.8477376699447632,0.6913371682167053,0.40950775146484375,0.2099662307076936,0.6962896827183491,41809,3801,3.8349637637829175,45.32593930000439,0.23193382332101464,0.08683565584942698,4.726666666666667,2.0,2.046666666666667,0.03,1.0,10,10,20,0.0,0.1,10.0,True
epoch,1782584414.6699529,83,1348.1329737557098,1.2488153615554747e-05,0.4480338990688324,0.006368376314640045,0.11161846667528152,0.07962661236524582,1.0405523777008057,0.031216615810990334,1.227628445121809e-06,15238,0.2688853144645691,0.13907086849212646,0.20848842601295886,0.47972719670098335,33271,126311,69354,159582,69354,41809,38008,4180900,100.0,100.0,0.6058530807495117,0.6877881288528442,0.41752752661705017,0.8361959457397461,0.8473628163337708,0.6912651062011719,0.4081091284751892,0.21153790950018853,0.6939843952739214,41809,3801,3.816929369274558,45.40899336384609,0.301524150185287,0.10575357219204307,4.723333333333334,2.0,2.0533333333333332,0.03,1.0,10,10,20,0.0,0.1,10.0,True
epoch,1782585793.403313,84,1369.585457820911,1.2430973073315766e-05,0.4477948248386383,0.00634673610329628,0.11149086803197861,0.07944914698600769,1.0397298336029053,0.031191883608698845,1.3680385563930031e-05,15238,0.2699875831604004,0.13898350298404694,0.2075189189526418,0.47961184646884103,33263,127026,69354,160289,69354,41809,38008,4180900,100.0,100.0,0.6060866117477417,0.6882613301277161,0.4169941842556,0.8356599807739258,0.8477520942687988,0.689275324344635,0.40861377120018005,0.20966347787579398,0.6958204211428247,41809,3801,3.833839603913033,46.11441260902211,0.2260243808850646,0.08008499583229423,4.72,2.0,2.06,0.03,1.0,10,10,20,0.0,0.1,10.0,True
epoch,1782587287.4003496,85,1487.2295366544276,1.2373291762523223e-05,0.44757089018821716,0.00632528867572546,0.1112220287322998,0.0793926790356636,1.0404632091522217,0.031213907524943352,1.0238094318992808e-06,15238,1.3013801574707031,0.041131190955638885,0.39928269386291504,0.10598209500312805,2.9927515983581543,0.0897824764251709,5.643228107032883e-08,3801,0.26869142055511475,0.1391114890575409,0.2067472161813548,0.4784006690313464,33179,127302,69354,160481,69354,41809,38008,4180900,100.0,100.0,0.6064801812171936,0.6890290975570679,0.41743203997612,0.8363716006278992,0.8478386402130127,0.6898520588874817,0.41067567467689514,0.21145138985613526,0.6934829908355408,41809,3801,3.8384319165729868,188.0903676939197,0.22456879494711757,0.08245821204036474,4.716666666666667,2.0,2.0666666666666664,0.03,1.0,10,10,20,0.0,0.1,10.0,True
epoch,1782588639.541353,86,1344.073075960856,1.2315116023202855e-05,0.4471043646335602,0.006331858225166798,0.11097855120897293,0.07913833111524582,1.040795922279358,0.031223885715007782,3.7005386275268393e-06,15238,0.268475204706192,0.1385333091020584,0.20740293076808056,0.4799867347233036,33289,127215,69354,160504,69354,41809,38008,4180900,100.0,100.0,0.6059167981147766,0.6885669231414795,0.4141188859939575,0.8360429406166077,0.8465120792388916,0.6915102005004883,0.4089309871196747,0.21152346577718467,0.6941137446358822,41809,3801,3.838982037360377,46.14998804870993,0.22874542232602835,0.08403228083625436,4.713333333333333,2.0,2.0733333333333333,0.03,1.0,10,10,20,0.0,0.1,10.0,True
epoch,1782589997.2006798,87,1349.8601179588586,1.2256452249725388e-05,0.446690171957016,0.006301919464021921,0.1106620654463768,0.07907983660697937,1.0398815870285034,0.03119644522666931,8.337910003319848e-06,15238,0.26856449246406555,0.1383492648601532,0.20680682051633226,0.47899183897107594,33220,127413,69354,160633,69354,41809,38008,4180900,100.0,100.0,0.6056448221206665,0.6870992183685303,0.4178595542907715,0.8354037404060364,0.8479539752006531,0.6900971531867981,0.406869113445282,0.21110531421572215,0.694093341436261,41809,3801,3.842067497428783,49.314339003991336,0.2498602750711143,0.1401795158162713,4.71,2.0,2.08,0.03,1.0,10,10,20,0.0,0.1,10.0,True
epoch,1782591393.9469566,88,1388.8618540447205,1.2197306890103687e-05,0.44671815633773804,0.006305732298642397,0.11068470031023026,0.07884012162685394,1.0385360717773438,0.03115619719028473,2.1081068268813397e-07,15238,0.2687380015850067,0.1389085352420807,0.20604441579531296,0.47932347088848515,33243,128096,69354,161339,69354,41809,38008,4180900,100.0,100.0,0.6061605215072632,0.6899837851524353,0.41598623991012573,0.8357334733009338,0.8472618460655212,0.6914381384849548,0.4087147116661072,0.21211466759646969,0.693226832900417,41809,3801,3.858953813772154,46.568402715958655,0.24662690423429012,0.09928337624296546,4.706666666666667,2.0,2.086666666666667,0.03,1.0,10,10,20,0.0,0.1,10.0,True
epoch,1782592827.5343611,89,1425.8250567722134,1.2137686445284027e-05,0.4459357261657715,0.006283893249928951,0.110238216817379,0.0786866545677185,1.039583683013916,0.03118749149143696,1.7482828980064369e-06,15238,0.26780587434768677,0.1384587585926056,0.20442956413434207,0.4780546183349194,33155,129028,69354,162183,69354,41809,38008,4180900,100.0,100.0,0.6039623022079468,0.6850701570510864,0.41249585151672363,0.8342183828353882,0.8447530269622803,0.6882804036140442,0.4063211977481842,0.21022578527912478,0.6945637502168235,41809,3801,3.879140854839867,45.08313701720908,0.2333846208639443,0.08237284608185291,4.703333333333333,2.0,2.0933333333333333,0.03,1.0,10,10,20,0.0,0.1,10.0,True
epoch,1782594418.2599967,90,1582.7432401319966,1.2077597468431547e-05,0.4456952214241028,0.006267258897423744,0.11008821427822113,0.07851452380418777,1.0394402742385864,0.03118322603404522,3.3424571483919863e-06,15238,1.3130686283111572,0.041187580674886703,0.40117543935775757,0.1073630079627037,3.05576753616333,0.09167288988828659,7.294126476153906e-07,3801,0.2669561803340912,0.13836267590522766,0.20474070048234588,0.4779969432188482,33151,128766,69354,161917,69354,41809,38008,4180900,100.0,100.0,0.6048070788383484,0.6874544620513916,0.4140738248825073,0.8353906869888306,0.8453441858291626,0.6876892447471619,0.4075756371021271,0.20969230152831364,0.6950769506284633,41809,3801,3.8727785883422228,195.80485079996288,0.2263337061740458,0.08290625968948007,4.7,2.0,2.1,0.03,1.0,10,10,20,0.0,0.1,10.0,True
epoch,1782595865.9349852,91,1438.6974231372587,1.201704656420996e-05,0.4460380971431732,0.006267057731747627,0.11014948785305023,0.07836643606424332,1.0404411554336548,0.031213194131851196,5.578714990406297e-06,15238,0.2674731910228729,0.13848620653152466,0.20553393914275286,0.4790783516451827,33226,128431,69354,161657,69354,41809,38008,4180900,100.0,100.0,0.6045641899108887,0.688218891620636,0.4127819836139679,0.8358899354934692,0.8440032005310059,0.6874297261238098,0.4076765477657318,0.20835137447862712,0.6969124747434883,41809,3801,3.8665598316152026,47.41888438677415,0.2610555780120194,0.09221308212727308,4.696666666666666,2.0,2.1066666666666665,0.03,1.0,10,10,20,0.0,0.1,10.0,True
epoch,1782597279.4091353,92,1403.0957641429268,1.1956040388055595e-05,0.44487449526786804,0.006242468487471342,0.1094750463962555,0.07827100157737732,1.0404361486434937,0.031213080510497093,1.345285568277177e-06,15238,0.26732170581817627,0.1388281136751175,0.20636974371734262,0.47835741269429305,33176,127584,69354,160760,69354,41809,38008,4180900,100.0,100.0,0.6042838096618652,0.6871851086616516,0.4117465317249298,0.8353395462036133,0.8440320491790771,0.6874008774757385,0.4082677364349365,0.20904346478144548,0.6958929328849692,41809,3801,3.8451051209069815,44.342390920966864,0.2098730430006981,0.07980900118127465,4.693333333333333,2.0,2.1133333333333333,0.03,1.0,10,10,20,0.0,0.1,10.0,True
epoch,1782598711.4856775,93,1423.8835981092416,1.1894585645445879e-05,0.4447607398033142,0.00623502628877759,0.10930050164461136,0.07818779349327087,1.03867769241333,0.031160414218902588,4.330859439960477e-07,15238,0.26681527495384216,0.13748377561569214,0.20620003850955596,0.4786746258326845,33198,127801,69354,160999,69354,41809,38008,4180900,100.0,100.0,0.6024278402328491,0.6856734156608582,0.4099520742893219,0.8350111246109009,0.8428641557693481,0.6832338571548462,0.4051244258880615,0.2045592313221617,0.7006014424197351,41809,3801,3.85082159343682,47.20133440196514,0.20941528026014566,0.07832550397142768,4.69,2.0,2.12,0.03,1.0,10,10,20,0.0,0.1,10.0,True
epoch,1782600130.105752,94,1411.6636956292205,1.18326890911623e-05,0.4445313811302185,0.006212717387825251,0.10894709080457687,0.07821869850158691,1.0391706228256226,0.03117510676383972,6.145864404061285e-07,15238,0.2657349705696106,0.13756023347377777,0.20587411194062377,0.47674250944430024,33064,127539,69354,160603,69354,41809,38008,4180900,100.0,100.0,0.6030371189117432,0.6874544620513916,0.4079100489616394,0.8349509239196777,0.8419557809829712,0.6848343014717102,0.40891656279563904,0.20809179202740996,0.696142860279895,41809,3801,3.8413499485756657,44.983718832954764,0.23251157673075795,0.09318736987188458,4.6866666666666665,2.0,2.126666666666667,0.03,1.0,10,10,20,0.0,0.1,10.0,True
epoch,1782601706.162188,95,1568.3864908041432,1.1770357528547953e-05,0.4440625309944153,0.006193666718900204,0.10852111876010895,0.07819943130016327,1.0395824909210205,0.031187541782855988,6.506443241960369e-06,15238,1.3266412019729614,0.0415906086564064,0.40165823698043823,0.11009601503610611,3.1223714351654053,0.09367099404335022,4.456503432948011e-08,3801,0.2650837004184723,0.13752023875713348,0.20484662082137078,0.4763243648527843,33035,128232,69354,161267,69354,41809,38008,4180900,100.0,100.0,0.6034246683120728,0.6882801651954651,0.40853485465049744,0.8357334733009338,0.8440464735031128,0.6847045421600342,0.40920495986938477,0.2083801773072499,0.695664093815014,41809,3801,3.857231696524672,193.71480344608426,0.22261437121778727,0.08187534799799323,4.683333333333334,2.0,2.1333333333333333,0.03,1.0,10,10,20,0.0,0.1,10.0,True
epoch,1782603127.941507,96,1412.2406382239424,1.1707597808759756e-05,0.4440995156764984,0.006196007132530212,0.10858353972434998,0.07790879160165787,1.040329933166504,0.031209900975227356,7.52067671783152e-06,15238,0.2649729251861572,0.1370556652545929,0.20498489799960387,0.47753554229027884,33119,128449,69354,161568,69354,41809,38008,4180900,100.0,100.0,0.6023253798484802,0.68639075756073,0.40668779611587524,0.8348133563995361,0.8434841632843018,0.6843441128730774,0.4071863293647766,0.20680857058279856,0.6978003219541767,41809,3801,3.8644311033509533,46.212962578982115,0.20632334798574448,0.07890130626037717,4.68,2.0,2.14,0.03,1.0,10,10,20,0.0,0.1,10.0,True
epoch,1782604579.6572022,97,1444.670080985874,1.1644416830015415e-05,0.44382622838020325,0.006175267975777388,0.10844238102436066,0.07774340361356735,1.0390697717666626,0.03117210604250431,3.77208834834164e-06,15238,0.26609811186790466,0.13721345365047455,0.20638760888678268,0.477247166709923,33099,127274,69354,160373,69354,41809,38008,4180900,100.0,100.0,0.6033006906509399,0.6880960464477539,0.40940913558006287,0.8351510167121887,0.8433831930160522,0.6857283115386963,0.40784958004951477,0.20848114482877328,0.6959712158289552,41809,3801,3.835848740701763,48.76026679761708,0.21927455579861999,0.08489935379475355,4.676666666666667,2.0,2.1466666666666665,0.03,1.0,10,10,20,0.0,0.1,10.0,True
epoch,1782606020.780656,98,1433.2694607982412,1.1580821536835198e-05,0.44324514269828796,0.006157775409519672,0.1080777496099472,0.07763239741325378,1.0381144285202026,0.031143497675657272,1.4304079741123132e-05,15238,0.26613056659698486,0.13748207688331604,0.20629013790013442,0.4779825244398304,33150,127546,69354,160696,69354,41809,38008,4180900,100.0,100.0,0.6032887697219849,0.6883575320243835,0.4102414846420288,0.8340781331062317,0.842316210269928,0.6872999668121338,0.40574443340301514,0.20931744237230338,0.6954496544744951,41809,3801,3.8435743500203308,46.51533891260624,0.23490233812481165,0.08310258900746703,4.673333333333334,2.0,2.1533333333333333,0.03,1.0,10,10,20,0.0,0.1,10.0,True
epoch,1782607463.2916212,99,1434.649753394071,1.1516818919278624e-05,0.4435667097568512,0.006165433209389448,0.10824035108089447,0.07736942917108536,1.0391700267791748,0.031175103038549423,4.877307219430804e-06,15238,0.2635444104671478,0.1364165097475052,0.20411616146023082,0.4766271592121579,33056,128891,69354,161947,69354,41809,38008,4180900,100.0,100.0,0.6022928953170776,0.6867802739143372,0.409420907497406,0.8335882425308228,0.8436139225959778,0.6844594478607178,0.4067537486553192,0.20783228864855985,0.6963555849829512,41809,3801,3.8734961371953407,46.238130090758204,0.2195646516047418,0.08227448258548975,4.67,2.0,2.16,0.03,1.0,10,10,20,0.0,0.1,10.0,True
epoch,1782609000.7333188,100,1530.6898634312674,1.1452416012176167e-05,0.4427521824836731,0.006139897741377354,0.10754892230033875,0.07745294272899628,1.039573311805725,0.031187189742922783,1.0826361176441424e-05,15238,1.334248661994934,0.041831839829683304,0.40403133630752563,0.10902523994445801,3.1583030223846436,0.09474916756153107,1.6651080159135745e-07,3801,0.2658770680427551,0.1371135264635086,0.2047691727790102,0.4778094990916169,33138,128693,69354,161831,69354,41809,38008,4180900,100.0,100.0,0.6015165448188782,0.6854766011238098,0.40803200006484985,0.8338605165481567,0.8402543663978577,0.6839547753334045,0.40513885021209717,0.20614527624178763,0.6985980891188327,41809,3801,3.8707216149632853,191.27417282713577,0.22873778361827135,0.08170116506516933,4.666666666666667,2.0,2.1666666666666665,0.03,1.0,10,10,20,0.0,0.1,10.0,True
epoch,1782610352.3108637,101,1342.5499838609248,1.1387619894356025e-05,0.4425072968006134,0.006138525903224945,0.10752678662538528,0.07713992148637772,1.0392190217971802,0.031176645308732986,6.9663278736697976e-06,15238,0.26396602392196655,0.13577410578727722,0.20445958730885053,0.47675692822331805,33065,128654,69354,161719,69354,41809,38008,4180900,100.0,100.0,0.6013877987861633,0.6850264668464661,0.40665268898010254,0.8336726427078247,0.8416241407394409,0.6835799217224121,0.4041006863117218,0.20682299349909405,0.6974413862566889,41809,3801,3.8680427659116456,44.47160177398473,0.22057781973853707,0.08002444030717015,4.663333333333333,2.0,2.1733333333333333,0.03,1.0,10,10,20,0.0,0.1,10.0,True
epoch,1782611709.575459,102,1349.3396613183431,1.1322437687866037e-05,0.44205009937286377,0.006116278935223818,0.10709618777036667,0.07716238498687744,1.0380659103393555,0.03114195540547371,4.331855507189175e-06,15238,0.26551344990730286,0.13669024407863617,0.20579640005211922,0.47824206246215073,33168,128001,69354,161169,69354,41809,38008,4180900,100.0,100.0,0.6018515825271606,0.6839788556098938,0.4069766402244568,0.8335509300231934,0.8422874212265015,0.6852236390113831,0.4062346816062927,0.20698157654923233,0.6979357325619149,41809,3801,3.8548877036044873,45.07747907098383,0.24843663396313787,0.08959301421418786,4.66,2.0,2.18,0.03,1.0,10,10,20,0.0,0.1,10.0,True
epoch,1782613068.6906185,103,1349.8564037759788,1.1256876557190883e-05,0.4425238072872162,0.006119381170719862,0.10721617937088013,0.07707641273736954,1.035186529159546,0.031055642291903496,0.0002688468375708908,15238,0.2645863890647888,0.13607540726661682,0.20415626059877284,0.47736251694206533,33107,129058,69354,162165,69354,41809,38008,4180900,100.0,100.0,0.601319432258606,0.6855226159095764,0.40646782517433167,0.8351728320121765,0.840412974357605,0.6833203434944153,0.40722957253456116,0.20595782655234995,0.6985925729956944,41809,3801,3.8787103255279964,46.803376053925604,0.2269593719393015,0.08106495998799801,4.656666666666666,2.0,2.1866666666666665,0.03,1.0,10,10,20,0.0,0.1,10.0,True
epoch,1782614467.0951924,104,1390.5103434789926,1.1190943708464582e-05,0.44206225872039795,0.006108967587351799,0.10681269317865372,0.0769999772310257,1.0374386310577393,0.03112311288714409,7.992462087713648e-07,15238,0.2651553750038147,0.1363387405872345,0.2052373118266269,0.47847276292643537,33184,128502,69354,161686,69354,41809,38008,4180900,100.0,100.0,0.6019120812416077,0.6850941777229309,0.40793538093566895,0.8346470594406128,0.8418548107147217,0.6825417280197144,0.4067249298095703,0.204068965093279,0.7010161332035296,41809,3801,3.8672534621732164,45.684461736120284,0.21975405560806394,0.08254962181672454,4.653333333333333,2.0,2.1933333333333334,0.03,1.0,10,10,20,0.0,0.1,10.0,True
epoch,1782616043.9790564,105,1567.7203636569902,1.1124646388678447e-05,0.4410589337348938,0.006091531366109848,0.1065431609749794,0.07660381495952606,1.0372846126556396,0.03111846186220646,1.1045387964259135e-06,15238,1.3500510454177856,0.041890472173690796,0.4048826992511749,0.11300482600927353,3.2295033931732178,0.09688511490821838,1.1476606687210733e-07,3801,0.2647947371006012,0.13636231422424316,0.20420139060111445,0.477665311301439,33128,129104,69354,162232,69354,41809,38008,4180900,100.0,100.0,0.6008421778678894,0.6858576536178589,0.40539228916168213,0.8341532349586487,0.8395478129386902,0.6818640828132629,0.40627792477607727,0.20419877151182392,0.7005286292990647,41809,3801,3.8803128512999594,205.4459382207133,0.23083852231502533,0.08428158983588219,4.65,2.0,2.2,0.03,1.0,10,10,20,0.0,0.1,10.0,True
epoch,1782617473.3140483,106,1421.4740622998215,1.1057991884884537e-05,0.4407646656036377,0.006082463543862104,0.10638834536075592,0.07640475779771805,1.0374765396118164,0.031124185770750046,6.41641122456349e-07,15238,0.2627653479576111,0.13546407222747803,0.20312480777511227,0.47613692072555297,33022,129548,69354,162570,69354,41809,38008,4180900,100.0,100.0,0.5998270511627197,0.6852174401283264,0.40307119488716125,0.8330522179603577,0.8370389342308044,0.6819361448287964,0.403120219707489,0.20579922410324342,0.6982133508190707,41809,3801,3.888397235045086,45.421410099137574,0.2364011202007532,0.09071339294314384,4.6466666666666665,2.0,2.2066666666666666,0.03,1.0,10,10,20,0.0,0.1,10.0,True
epoch,1782618922.3782773,107,1441.1503437999636,1.0990987523394682e-05,0.44127222895622253,0.006067728623747826,0.1063336730003357,0.07650751620531082,1.036437749862671,0.031093165278434753,4.463599452719791e-06,15238,0.26328596472740173,0.13551773130893707,0.2038517531522195,0.47648297142198,33046,129062,69354,162108,69354,41809,38008,4180900,100.0,100.0,0.5995144844055176,0.6828249096870422,0.4029795825481415,0.8330215215682983,0.8375580310821533,0.6824408173561096,0.4028030037879944,0.20595784593412964,0.6982040922873797,41809,3801,3.877346982707073,44.298917398788035,0.21073519997298717,0.08010047627612948,4.6433333333333335,2.0,2.2133333333333334,0.03,1.0,10,10,20,0.0,0.1,10.0,True
epoch,1782620348.085924,108,1417.3795640310273,1.0923640668975235e-05,0.44017213582992554,0.006051580421626568,0.10584099590778351,0.07625973969697952,1.0371545553207397,0.03111453913152218,5.161386070540175e-06,15238,0.2633345127105713,0.13611462712287903,0.20239976480099958,0.4764685526429622,33045,130221,69354,163266,69354,41809,38008,4180900,100.0,100.0,0.5995246171951294,0.6834061145782471,0.402911901473999,0.8338189721107483,0.8383366465568542,0.6797012686729431,0.40538397431373596,0.20323271602998094,0.7009970035413132,41809,3801,3.9050443684374176,45.43861473118886,0.23022334184497595,0.09116101311519742,4.64,2.0,2.2199999999999998,0.03,1.0,10,10,20,0.0,0.1,10.0,True
epoch,1782621759.7520843,109,1406.456062151119,1.0855958724037566e-05,0.4406241178512573,0.006066202186048031,0.10610806941986084,0.07597248256206512,1.0371654033660889,0.031114954501390457,3.174165385644301e-06,15238,0.26206353306770325,0.1347428411245346,0.200493440042781,0.47571877613403696,32993,131566,69354,164559,69354,41809,38008,4180900,100.0,100.0,0.598835289478302,0.6828222870826721,0.4013674259185791,0.8330700397491455,0.8375003337860107,0.6795714497566223,0.4055858254432678,0.20385267362258536,0.7000276075523891,41809,3801,3.935970724006793,46.71626433683559,0.2312620091252029,0.1225290740840137,4.636666666666667,2.0,2.2266666666666666,0.03,1.0,10,10,20,0.0,0.1,10.0,True
epoch,1782623353.404734,110,1585.9219827847555,1.0787949127824425e-05,0.43955978751182556,0.006028260104358196,0.10535882413387299,0.07603006809949875,1.0370174646377563,0.031110500916838646,9.185066119243857e-06,15238,1.363768458366394,0.04219402000308037,0.40704646706581116,0.11419308185577393,3.304868221282959,0.09914594888687134,2.391523992173461e-07,3801,0.2612048387527466,0.13480278849601746,0.20129707394299476,0.4748392306139516,32932,130667,69354,163599,69354,41809,38008,4180900,100.0,100.0,0.5987750291824341,0.6837647557258606,0.3999824821949005,0.8334118127822876,0.836966872215271,0.6803933382034302,0.403423011302948,0.20555410758947856,0.6978893001330061,41809,3801,3.9130091607070248,199.54769425932318,0.22729770466685295,0.07982288300991058,4.633333333333334,2.0,2.2333333333333334,0.03,1.0,10,10,20,0.0,0.1,10.0,True
epoch,1782624751.9504273,111,1387.9228468034416,1.0719619355592273e-05,0.43937817215919495,0.0060258847661316395,0.10520509630441666,0.07588336616754532,1.0363255739212036,0.03108980320394039,7.881678243393253e-07,15238,0.2619578242301941,0.13452792167663574,0.20157788027465898,0.47450759869654235,32909,130348,69354,163257,69354,41809,38008,4180900,100.0,100.0,0.5983538031578064,0.6828895211219788,0.4012683033943176,0.8328463435173035,0.8380915522575378,0.6795138120651245,0.4028462767601013,0.20500621336858216,0.6983045675767156,41809,3801,3.9048291037814824,44.96965069603175,0.2919721491634846,0.11857598507776856,4.63,2.0,2.24,0.03,1.0,10,10,20,0.0,0.1,10.0,True
epoch,1782626219.9466364,112,1459.8949158992618,1.065097691778962e-05,0.4391537010669708,0.006003232207149267,0.10500837117433548,0.07578789442777634,1.0364034175872803,0.03109201416373253,8.829789294395596e-06,15238,0.2624663710594177,0.134712815284729,0.20219913728040842,0.47514202497332525,32953,130020,69354,162973,69354,41809,38008,4180900,100.0,100.0,0.5977077484130859,0.6812446713447571,0.39950087666511536,0.8328211307525635,0.8353087306022644,0.6805230975151062,0.40254348516464233,0.20538107254178095,0.6982011730509677,41809,3801,3.8980363079719678,45.495864109136164,0.2552684866823256,0.0833588489331305,4.626666666666667,2.0,2.2466666666666666,0.03,1.0,10,10,20,0.0,0.1,10.0,True
epoch,1782627651.6196506,113,1424.022731222678,1.0582029359231537e-05,0.439176082611084,0.005993082653731108,0.1049041673541069,0.07567796856164932,1.0377507209777832,0.0311325341463089,1.9693934518727474e-06,15238,0.2615237832069397,0.13441476225852966,0.20003407113566396,0.4740606165469908,32878,131484,69354,164362,69354,41809,38008,4180900,100.0,100.0,0.5973053574562073,0.6823901534080505,0.39540034532546997,0.832374632358551,0.8349915146827698,0.679283082485199,0.4021397531032562,0.2052224659382082,0.6978837376791585,41809,3801,3.9312588198713194,47.33387902425602,0.21227450389415026,0.07952074892818928,4.623333333333333,2.0,2.2533333333333334,0.03,1.0,10,10,20,0.0,0.1,10.0,True
epoch,1782629082.0176866,114,1422.4783542989753,1.0512784258270356e-05,0.43948543071746826,0.006004666443914175,0.10495970398187637,0.07551652193069458,1.038590669631958,0.031157735735177994,1.2812553222829592e-06,15238,0.2598821222782135,0.13337713479995728,0.20020114592222357,0.47358479683940363,32845,131215,69354,164060,69354,41809,38008,4180900,100.0,100.0,0.5983983874320984,0.6834965348243713,0.4020664095878601,0.8321921229362488,0.8357989192008972,0.6817486882209778,0.40322116017341614,0.20816389138157415,0.6946618380377415,41809,3801,3.9240354947499343,48.940712719690055,0.2115534651093185,0.07920575002208352,4.62,2.0,2.26,0.03,1.0,10,10,20,0.0,0.1,10.0,True
epoch,1782630635.016844,115,1547.7333021829836,1.0443249225962702e-05,0.43860507011413574,0.005980201531201601,0.10457324981689453,0.0753413736820221,1.03585946559906,0.03107576258480549,4.217167315800907e-06,15238,1.3709471225738525,0.04232407733798027,0.4078177213668823,0.11508691310882568,3.301724433898926,0.09905174374580383,7.0985124445144265e-09,3801,0.25973379611968994,0.13410145044326782,0.19906412730781836,0.47292153300458517,32799,131967,69354,164766,69354,41809,38008,4180900,100.0,100.0,0.5983066558837891,0.6820890307426453,0.40212246775627136,0.8321993350982666,0.8371975421905518,0.6803644895553589,0.40430256724357605,0.20744295655077372,0.6951002591473511,41809,3801,3.9409218110933053,189.6646227557212,0.24326451122760773,0.08157635712996125,4.616666666666666,2.0,2.2666666666666666,0.03,1.0,10,10,20,0.0,0.1,10.0,True
epoch,1782632072.325403,116,1429.3886156328954,1.037343190523293e-05,0.4385162591934204,0.0059720296412706375,0.10441213101148605,0.07523714005947113,1.0367298126220703,0.03110188990831375,6.334646514005726e-07,15238,0.26065391302108765,0.13386157155036926,0.20040284432508315,0.4734117714911901,32833,131002,69354,163835,69354,41809,38008,4180900,100.0,100.0,0.5968745946884155,0.6826609969139099,0.39686334133148193,0.8327370285987854,0.8338379859924316,0.6776970028877258,0.40150532126426697,0.2042852313965357,0.6985596357574866,41809,3801,3.918653878351551,46.088546585757285,0.21952592022717,0.0835012667812407,4.613333333333333,2.0,2.2733333333333334,0.03,1.0,10,10,20,0.0,0.1,10.0,True
epoch,1782633511.6660101,117,1431.033395907376,1.030333997003305e-05,0.4380320608615875,0.005961594171822071,0.10417766869068146,0.07502346485853195,1.038016676902771,0.03114055097103119,5.497615802596556e-06,15238,0.2605205178260803,0.13375863432884216,0.19962254074982097,0.4743057357902933,32895,131891,69354,164786,69354,41809,38008,4180900,100.0,100.0,0.5980220437049866,0.6831791996955872,0.40108758211135864,0.8322941064834595,0.8362026810646057,0.6787496209144592,0.40349510312080383,0.20444388512416595,0.6987933711863813,41809,3801,3.941400176995384,46.66929034888744,0.21879458706825972,0.07962860586121678,4.61,2.0,2.2800000000000002,0.03,1.0,10,10,20,0.0,0.1,10.0,True
epoch,1782634949.8100727,118,1430.498171525076,1.0232981124499239e-05,0.4378203749656677,0.005960132461041212,0.10406535863876343,0.07486435770988464,1.034798264503479,0.031043920665979385,1.4489145542029291e-05,15238,0.2606082856655121,0.13382460176944733,0.19895715010754766,0.47479597427689824,32929,132579,69354,165508,69354,41809,38008,4180900,100.0,100.0,0.5978595614433289,0.6818715333938599,0.3995209038257599,0.8316965103149414,0.8368226885795593,0.6787063479423523,0.4020388126373291,0.20391037366545406,0.6995602379679323,41809,3801,3.9586691860604177,46.65195397194475,0.27270863903686404,0.1054334151558578,4.6066666666666665,2.0,2.2866666666666666,0.03,1.0,10,10,20,0.0,0.1,10.0,True
epoch,1782636343.072437,119,1387.9490960431285,1.0162363102105063e-05,0.43760326504707336,0.0059469169937074184,0.10378993302583694,0.07482875883579254,1.0346862077713013,0.031040586531162262,6.725092589476844e-06,15238,0.25947681069374084,0.13345268368721008,0.19754523902409746,0.47457969259163135,32914,133701,69354,166615,69354,41809,38008,4180900,100.0,100.0,0.5964559316635132,0.6824935674667358,0.3968457877635956,0.8318753242492676,0.8339821696281433,0.6774374842643738,0.40097182989120483,0.20285779167274243,0.7005512739038573,41809,3801,3.9851467387404624,46.34604222513735,0.2400352000258863,0.09432894503697753,4.6033333333333335,2.0,2.2933333333333334,0.03,1.0,10,10,20,0.0,0.1,10.0,True
epoch,1782637846.4781473,120,1495.6913021299988,1.0091493664811441e-05,0.43754643201828003,0.005925935693085194,0.10359897464513779,0.0747876837849617,1.0359128713607788,0.03107736073434353,2.958726099677733e-06,15238,1.380753755569458,0.04259335994720459,0.4095412790775299,0.11570180952548981,3.3208792209625244,0.0996263399720192,1.193774856744767e-08,3801,0.25932830572128296,0.13296791911125183,0.19824777351386577,0.4737434034085994,32856,132876,69354,165732,69354,41809,38008,4180900,100.0,100.0,0.5961073637008667,0.6807177662849426,0.3979112505912781,0.8319180011749268,0.8339821696281433,0.6768463253974915,0.40029415488243103,0.20310292198889207,0.6999275694233609,41809,3801,3.964026884163697,194.9458655710332,0.24024184281006455,0.08254258101806045,4.6,2.0,2.3,0.03,1.0,10,10,20,0.0,0.1,10.0,True
epoch,1782639199.6657574,121,1345.2474481831305,1.0020380602213481e-05,0.43746626377105713,0.005910082720220089,0.1033196747303009,0.07481149584054947,1.0365025997161865,0.031095098704099655,2.6417264962219633e-06,15238,0.2600904107093811,0.1337231695652008,0.19948416069911398,0.47395968509386627,32871,131909,69354,164780,69354,41809,38008,4180900,100.0,100.0,0.5960569381713867,0.6809158325195312,0.39575350284576416,0.8317725658416748,0.8324249386787415,0.677336573600769,0.4000346064567566,0.20337688850690278,0.6997402821085876,41809,3801,3.9412566672247604,45.82886629831046,0.3061321200802922,0.09209458995610476,4.596666666666667,2.0,2.3066666666666666,0.03,1.0,10,10,20,0.0,0.1,10.0,True
epoch,1782640552.9904015,122,1348.280402568169,9.94903173068432e-06,0.4367258548736572,0.005892270244657993,0.10307934880256653,0.07455625385046005,1.034280776977539,0.031028376892209053,6.695061642858491e-07,15238,0.2586706280708313,0.13274425268173218,0.19867966428861014,0.47342619027020794,32834,132427,69354,165261,69354,41809,38008,4180900,100.0,100.0,0.5973820090293884,0.6827570796012878,0.3960866332054138,0.8328270316123962,0.8349626660346985,0.6801914572715759,0.4030625522136688,0.206765267001368,0.6960190181882656,41809,3801,3.952761367169748,45.98905649734661,0.21241964399814606,0.07870147982612252,4.593333333333334,2.0,2.3133333333333335,0.03,1.0,10,10,20,0.0,0.1,10.0,True
epoch,1782641905.177906,123,1345.3151512849145,9.877454892515956e-06,0.4367317855358124,0.005888446234166622,0.10294446349143982,0.07446328550577164,1.0353162288665771,0.031059471890330315,1.545427403470967e-05,15238,0.25851547718048096,0.13207565248012543,0.19812119160460392,0.47256106352914035,32774,132650,69354,165424,69354,41809,38008,4180900,100.0,100.0,0.5962192416191101,0.6799901127815247,0.3975493609905243,0.8321013450622559,0.8327565789222717,0.6791388988494873,0.4024425446987152,0.20657783532034696,0.6958238798126488,41809,3801,3.956660049271688,44.900166609324515,0.22958184499293566,0.08428194001317024,4.59,2.0,2.32,0.03,1.0,10,10,20,0.0,0.1,10.0,True
epoch,1782643256.9534512,124,1342.2383191729896,9.80565795505728e-06,0.43616437911987305,0.005871301516890526,0.1025754064321518,0.07434847950935364,1.0366394519805908,0.03109918162226677,1.083880988517194e-06,15238,0.258224755525589,0.1316194385290146,0.1984887622818241,0.4742048043371687,32888,132804,69354,165692,69354,41809,38008,4180900,100.0,100.0,0.5964377522468567,0.6807050108909607,0.3960643708705902,0.8321993350982666,0.8349049687385559,0.6779710054397583,0.4010871648788452,0.20376620110258958,0.6994470272804382,41809,3801,3.9630701523595397,44.85148436902091,0.23674203595146537,0.09023783402517438,4.586666666666667,2.0,2.3266666666666667,0.03,1.0,10,10,20,0.0,0.1,10.0,True
epoch,1782644755.3327715,125,1490.3551044980995,9.733648809849342e-06,0.43592774868011475,0.005855669733136892,0.10230666399002075,0.07429563254117966,1.0373334884643555,0.031119953840970993,4.7274111238948535e-06,15238,1.3943921327590942,0.042693451046943665,0.40940797328948975,0.11914500594139099,3.396404981613159,0.10189217329025269,8.837876208644957e-09,3801,0.257550984621048,0.13183622062206268,0.19788380890226365,0.47217175649565996,32747,132739,69354,165486,69354,41809,38008,4180900,100.0,100.0,0.5962889790534973,0.6811954379081726,0.39619582891464233,0.832026481628418,0.8327421545982361,0.6769184470176697,0.40078437328338623,0.20474669052200972,0.6975312293171039,41809,3801,3.9581429835681314,188.64149748208,0.22407735791057348,0.08023267379030585,4.583333333333333,2.0,2.3333333333333335,0.03,1.0,10,10,20,0.0,0.1,10.0,True
epoch,1782646107.5681767,126,1344.0441115470603,9.661435371757949e-06,0.4359265863895416,0.005859576631337404,0.10238338261842728,0.07404696941375732,1.0350996255874634,0.031052986159920692,1.2976247489859816e-06,15238,0.2572456896305084,0.13154973089694977,0.19595762040747763,0.47096057905816535,32663,134021,69354,166684,69354,41809,38008,4180900,100.0,100.0,0.5945999622344971,0.6790543794631958,0.3918323516845703,0.8313721418380737,0.8309686779975891,0.6734723448753357,0.39950111508369446,0.20251176581717034,0.6993020316897249,41809,3801,3.9867971011026335,45.266188762150705,0.23063752287998796,0.08418544288724661,4.58,2.0,2.34,0.03,1.0,10,10,20,0.0,0.1,10.0,True
epoch,1782647460.8217373,127,1345.5870249313302,9.589025578103702e-06,0.4357767701148987,0.005854596849530935,0.10231377929449081,0.07383497804403305,1.036263346672058,0.031087825074791908,1.5843718301766785e-06,15238,0.2565189301967621,0.13119328022003174,0.19627898615854755,0.4723159442858379,32757,134133,69354,166890,69354,41809,38008,4180900,100.0,100.0,0.5946109890937805,0.6799469590187073,0.3919053375720978,0.8305987119674683,0.83098304271698,0.6754188537597656,0.39872249960899353,0.20310290947392773,0.69929339647044,41809,3801,3.991724269894042,46.575473913922906,0.23000654997304082,0.08188899792730808,4.576666666666666,2.0,2.3466666666666667,0.03,1.0,10,10,20,0.0,0.1,10.0,True
epoch,1782648818.1961086,128,1347.9437088062987,9.516427387789576e-06,0.4357454180717468,0.005841902922838926,0.1021844893693924,0.0737699419260025,1.0351377725601196,0.03105408512055874,1.7113248418354488e-07,15238,0.2555321455001831,0.1306239664554596,0.19728051133622768,0.4717391931251262,32717,133123,69354,165840,69354,41809,38008,4180900,100.0,100.0,0.5953096151351929,0.6791818737983704,0.39259034395217896,0.8318434953689575,0.8317040205001831,0.6772644519805908,0.4000922739505768,0.20552525885546463,0.6965361783651468,41809,3801,3.966610060034921,46.25454243412241,0.21484898123890162,0.08152967831119895,4.573333333333333,2.0,2.3533333333333335,0.03,1.0,10,10,20,0.0,0.1,10.0,True
epoch,1782650178.1040232,129,1350.5371649190784,9.443648780426103e-06,0.4354722499847412,0.005842817481607199,0.10203429311513901,0.07358622550964355,1.0346357822418213,0.031039075925946236,2.972480501739483e-07,15238,0.25650835037231445,0.1304498016834259,0.1950374866119243,0.47261873864521153,32778,135282,69354,168060,69354,41809,38008,4180900,100.0,100.0,0.5942356586456299,0.6788561940193176,0.3918791711330414,0.829854428768158,0.8325835466384888,0.6750007271766663,0.3970499038696289,0.20238198853145473,0.7001751548061876,41809,3801,4.019708675165634,47.20757383713499,0.2428059191443026,0.08080413471907377,4.57,2.0,2.36,0.03,1.0,10,10,20,0.0,0.1,10.0,True
epoch,1782651676.8669333,130,1491.099025983829,9.370697755454325e-06,0.4348662197589874,0.005820042919367552,0.1016395166516304,0.07351869344711304,1.0338239669799805,0.031014706939458847,1.3057858723186655e-06,15238,1.4005093574523926,0.042750511318445206,0.41129931807518005,0.11879486590623856,3.384561061859131,0.10153677314519882,1.7174821564935883e-08,3801,0.256288081407547,0.1307552456855774,0.19617605221320392,0.4732675837010122,32823,134491,69354,167314,69354,41809,38008,4180900,100.0,100.0,0.5945682525634766,0.6782997250556946,0.3929596543312073,0.8310572504997253,0.8327133059501648,0.6736885905265808,0.3986215591430664,0.20042100682556863,0.70250200219524,41809,3801,4.001865627018106,193.95976887783036,0.22962783090770245,0.10780401714146137,4.566666666666666,2.0,2.3666666666666667,0.03,1.0,10,10,20,0.0,0.1,10.0,True
epoch,1782653031.0310564,131,1345.0540093872696,9.297582331266501e-06,0.4346051812171936,0.005812409799546003,0.10144919902086258,0.07339567691087723,1.032991886138916,0.030989719554781914,5.820301680614648e-07,15238,0.2541508376598358,0.13018107414245605,0.19573163046674788,0.4702396401072757,32613,134008,69354,166621,69354,41809,38008,4180900,100.0,100.0,0.5955886840820312,0.680055558681488,0.3941945433616638,0.8316735625267029,0.83282870054245,0.6763560771942139,0.4009862542152405,0.20611643708693816,0.6952545500263874,41809,3801,3.985290248511086,45.33595168590546,0.23508386500179768,0.09889656398445368,4.5633333333333335,2.0,2.373333333333333,0.03,1.0,10,10,20,0.0,0.1,10.0,True
epoch,1782654385.68964,132,1346.8872370840982,9.224310544324797e-06,0.43450549244880676,0.005806736182421446,0.10139432549476624,0.0732244998216629,1.0321308374404907,0.030963972210884094,6.499788923974847e-06,15238,0.2556053102016449,0.1307605504989624,0.1956322951966005,0.4719698935894108,32733,134586,69354,167319,69354,41809,38008,4180900,100.0,100.0,0.5941286087036133,0.6795042753219604,0.3912655711174011,0.8320163488388062,0.8302044868469238,0.6753900051116943,0.39866483211517334,0.2034201115222835,0.6988108944717913,41809,3801,4.001985218493626,49.02196815563366,0.2264338913373649,0.08193896990269423,4.56,2.0,2.38,0.03,1.0,10,10,20,0.0,0.1,10.0,True
epoch,1782655821.977512,133,1429.3665827531368,9.150890448277939e-06,0.4343237280845642,0.005806874018162489,0.10122013092041016,0.07310031354427338,1.0319149494171143,0.03095744177699089,1.9853471258102218e-06,15238,0.2548023760318756,0.12970981001853943,0.19571891063809416,0.47158058655593044,32706,134401,69354,167107,69354,41809,38008,4180900,100.0,100.0,0.5942453145980835,0.6779066324234009,0.3938867449760437,0.8309488892555237,0.8302765488624573,0.6770337820053101,0.3971796929836273,0.20545319544937962,0.6965392260917223,41809,3801,3.9969145399315935,46.64604835398495,0.2295852699317038,0.1292032040655613,4.556666666666667,2.0,2.3866666666666667,0.03,1.0,10,10,20,0.0,0.1,10.0,True
epoch,1782657233.2721808,134,1403.0299283182248,9.07733011307602e-06,0.4345187246799469,0.005789461079984903,0.1011955738067627,0.07301372289657593,1.034018874168396,0.03102056123316288,1.7836647430158337e-06,15238,0.2548665702342987,0.12975084781646729,0.19484701134990687,0.4720419874844998,32738,135281,69354,168019,69354,41809,38008,4180900,100.0,100.0,0.5937227606773376,0.6777539849281311,0.39076316356658936,0.8314460515975952,0.8303342461585999,0.674928605556488,0.39866483211517334,0.2028866180719882,0.699395437677878,41809,3801,4.018728025066373,51.96427247300744,0.21392858168110251,0.07871976308524609,4.553333333333334,2.0,2.3933333333333335,0.03,1.0,10,10,20,0.0,0.1,10.0,True
epoch,1782658784.2749643,135,1541.7180579253472,9.003637624083471e-06,0.4337383806705475,0.005777840036898851,0.10081203281879425,0.07286609709262848,1.0315254926681519,0.030945755541324615,2.3604761736351065e-06,15238,1.417033076286316,0.0429634265601635,0.41252174973487854,0.12161335349082947,3.4878060817718506,0.10463417321443558,3.097320799838599e-08,3801,0.2559824287891388,0.13066580891609192,0.19551234195548176,0.4720131499264642,32736,134701,69354,167437,69354,41809,38008,4180900,100.0,100.0,0.5933361649513245,0.6766272783279419,0.39316555857658386,0.8308119773864746,0.8285751342773438,0.6732993125915527,0.39787179231643677,0.20128616266508853,0.7010450495035692,41809,3801,4.004807577315889,197.0355878500268,0.2470248001627624,0.0913141192868352,4.55,2.0,2.4,0.03,1.0,10,10,20,0.0,0.1,10.0,True
epoch,1782660207.0116394,136,1413.8471735692583,8.929821081190383e-06,0.4333481192588806,0.005763156805187464,0.10048184543848038,0.07278735935688019,1.0335460901260376,0.031006334349513054,4.559894080102822e-07,15238,0.2543814182281494,0.1301952600479126,0.19456652017578904,0.4704703405715604,32629,135072,69354,167701,69354,41809,38008,4180900,100.0,100.0,0.5929543972015381,0.6773623824119568,0.3866881728172302,0.8318563103675842,0.8283156156539917,0.6718862652778625,0.39986157417297363,0.20141592470630215,0.7002231849120991,41809,3801,4.011122007223325,47.59980023186654,0.2343916678801179,0.08850545901805162,4.546666666666667,2.0,2.4066666666666667,0.03,1.0,10,10,20,0.0,0.1,10.0,True
epoch,1782661604.34205,137,1387.4694104762748,8.855888597922185e-06,0.43330657482147217,0.005755153018981218,0.10036252439022064,0.07269220054149628,1.0334504842758179,0.031003495678305626,3.881882548739668e-06,15238,0.2539716958999634,0.12954923510551453,0.19412518247087915,0.46977823917870637,32581,135254,69354,167835,69354,41809,38008,4180900,100.0,100.0,0.5925019979476929,0.6761863827705383,0.38689544796943665,0.83155757188797,0.8267583847045898,0.6722467541694641,0.39950111508369446,0.20246851499075774,0.6988181590539622,41809,3801,4.014327058767251,46.35859127016738,0.2161141033284366,0.07957875309512019,4.543333333333333,2.0,2.413333333333333,0.03,1.0,10,10,20,0.0,0.1,10.0,True
epoch,1782663047.5914547,138,1435.3293611197732,8.781848300547872e-06,0.43345585465431213,0.0057450043968856335,0.10032842308282852,0.07261333614587784,1.0330744981765747,0.03099229745566845,7.148566965042846e-06,15238,0.25314706563949585,0.12957316637039185,0.1939191716489245,0.47094616027914754,32662,135769,69354,168431,69354,41809,38008,4180900,100.0,100.0,0.5932081937789917,0.677260160446167,0.3869653642177582,0.8307580351829529,0.828474223613739,0.6738471984863281,0.3988378345966339,0.20290103820718058,0.6988916201433205,41809,3801,4.028582362649191,45.235133530106395,0.2629248299635947,0.09424316370859742,4.54,2.0,2.42,0.03,1.0,10,10,20,0.0,0.1,10.0,True
epoch,1782664451.9259305,139,1396.4442967958748,8.707708327186791e-06,0.4329695999622345,0.005735520739108324,0.10006202012300491,0.07248132675886154,1.0312474966049194,0.030937394127249718,1.0199647704212111e-06,15238,0.25351738929748535,0.129491925239563,0.1936313127124969,0.47134988609164574,32690,136136,69354,168826,69354,41809,38008,4180900,100.0,100.0,0.5928601026535034,0.6767014861106873,0.38742366433143616,0.8306694030761719,0.8286760449409485,0.6740779280662537,0.3983764350414276,0.20272804197460792,0.6992513275784307,41809,3801,4.0380300892152405,44.92047995515168,0.21348148165270686,0.07971596578136086,4.536666666666667,2.0,2.4266666666666667,0.03,1.0,10,10,20,0.0,0.1,10.0,True
epoch,1782666089.2280533,140,1629.4704041942023,8.63347682691415e-06,0.43267005681991577,0.005733591038733721,0.0998525619506836,0.07233292609453201,1.0320756435394287,0.03096229024231434,6.090545866754837e-06,15238,1.4247063398361206,0.042986609041690826,0.4134674072265625,0.12273018807172775,3.4751760959625244,0.10425528138875961,9.941706125005112e-09,3801,0.25403231382369995,0.12962588667869568,0.19312199013206488,0.47124895463852123,32683,136552,69354,169235,69354,41809,38008,4180900,100.0,100.0,0.5923259258270264,0.6771427989006042,0.3860763609409332,0.8298865556716919,0.8265709280967712,0.6734867691993713,0.3978862166404724,0.2022378145608501,0.6997152374629918,41809,3801,4.047812671912746,196.21416438510641,0.24515202129259706,0.07974559906870127,4.533333333333333,2.0,2.4333333333333336,0.03,1.0,10,10,20,0.0,0.1,10.0,True
epoch,1782667523.016203,141,1423.8489574152045,8.559161958865314e-06,0.43327468633651733,0.005732770077884197,0.10006356239318848,0.07221433520317078,1.0324983596801758,0.030974935740232468,3.115879508186481e-06,15238,0.25234904885292053,0.12918411195278168,0.19386809819594056,0.47072987859388066,32647,135751,69354,168398,69354,41809,38008,4180900,100.0,100.0,0.591944694519043,0.6769933700561523,0.38577529788017273,0.8305630683898926,0.8282146453857422,0.6719151139259338,0.39801597595214844,0.20118523533205318,0.7005793869458484,41809,3801,4.027793058910761,46.92469272390008,0.23754760390147567,0.0960288099013269,4.53,2.0,2.44,0.03,1.0,10,10,20,0.0,0.1,10.0,True
epoch,1782668935.747814,142,1404.9149055252783,8.484771891338994e-06,0.43247437477111816,0.005707650911062956,0.09961552917957306,0.07213684916496277,1.0304019451141357,0.030912144109606743,2.757626134552993e-06,15238,0.2526363730430603,0.1288132220506668,0.19471497285455758,0.4716238428929838,32709,135275,69354,167984,69354,41809,38008,4180900,100.0,100.0,0.5938180088996887,0.6787632703781128,0.39066430926322937,0.8312230706214905,0.8292239904403687,0.674798846244812,0.3987513482570648,0.2031750033518282,0.6989102686193422,41809,3801,4.017890884737736,45.24712448986247,0.22828093636780977,0.08585443301126361,4.526666666666666,2.0,2.4466666666666668,0.03,1.0,10,10,20,0.0,0.1,10.0,True
epoch,1782670341.0996149,143,1396.7225794969127,8.410314800899431e-06,0.4329932630062103,0.005719715729355812,0.09984058141708374,0.07194996625185013,1.0307530164718628,0.0309226643294096,1.67200923897326e-05,15238,0.25309932231903076,0.12918944656848907,0.19409747442873984,0.4700666147590622,32601,135361,69354,167962,69354,41809,38008,4180900,100.0,100.0,0.592359721660614,0.6782404184341431,0.38794267177581787,0.8299275636672974,0.8280993103981018,0.6719583868980408,0.39787179231643677,0.20189177213897858,0.6995472099530287,41809,3801,4.017364682245449,46.07901254296303,0.2642994928173721,0.08811003295704722,4.523333333333333,2.0,2.453333333333333,0.03,1.0,10,10,20,0.0,0.1,10.0,True
epoch,1782671745.120096,144,1396.1140944347717,8.335798871477671e-06,0.4324393570423126,0.005702745169401169,0.09940516948699951,0.07191575318574905,1.031351089477539,0.03094056062400341,4.924154382024426e-06,15238,0.25168249011039734,0.1282569319009781,0.19275815241562938,0.4686824119733541,32505,136126,69354,168631,69354,41809,38008,4180900,100.0,100.0,0.5921738743782043,0.677994966506958,0.3866865336894989,0.8300578594207764,0.8286904692649841,0.6711076498031616,0.3982755243778229,0.20242523782980754,0.6983714343158216,41809,3801,4.033366021669975,45.87584495218471,0.22563757887110114,0.0841165529564023,4.52,2.0,2.46,0.03,1.0,10,10,20,0.0,0.1,10.0,True
epoch,1782673245.8168526,145,1493.0062892599963,8.261232293472033e-06,0.43214845657348633,0.005680958274751902,0.09918227046728134,0.07184598594903946,1.0301449298858643,0.030904367566108704,7.470071068382822e-07,15238,1.4370837211608887,0.04312470927834511,0.4146760106086731,0.12432209402322769,3.542983293533325,0.10628949105739594,1.1457010451465521e-08,3801,0.2520779073238373,0.12871959805488586,0.1930982104713533,0.46924474435504804,32544,135992,69354,168536,69354,41809,38008,4180900,100.0,100.0,0.5913534164428711,0.6765724420547485,0.38429856300354004,0.8300920724868774,0.8265997767448425,0.6713671684265137,0.39632898569107056,0.20212242407146563,0.6989390700394527,41809,3801,4.031093783635103,190.6396130141802,0.2629173658788204,0.10712204407900572,4.516666666666667,2.0,2.466666666666667,0.03,1.0,10,10,20,0.0,0.1,10.0,True
epoch,1782674601.7210767,146,1348.123078871984,8.186623262847856e-06,0.4320083558559418,0.005670537240803242,0.09895621240139008,0.07180437445640564,1.0302525758743286,0.030907560139894485,1.8609317748996546e-06,15238,0.2517697215080261,0.128824383020401,0.19233905275099264,0.46937451336620817,32553,136695,69354,169248,69354,41809,38008,4180900,100.0,100.0,0.5913171768188477,0.6765742897987366,0.38093993067741394,0.8315051198005676,0.8264844417572021,0.6707471609115601,0.3975690007209778,0.2013726475453519,0.6997786061864473,41809,3801,4.048123609749097,46.09212537994608,0.26825417671352625,0.09046098589897156,4.513333333333334,2.0,2.4733333333333336,0.03,1.0,10,10,20,0.0,0.1,10.0,True
epoch,1782675959.7160385,147,1350.2744769901037,8.111979980236656e-06,0.43148133158683777,0.005672642961144447,0.09886817634105682,0.07147365808486938,1.0302083492279053,0.030906246975064278,2.1285873117449228e-06,15238,0.2520550787448883,0.12867797911167145,0.19263551667396683,0.4692591631340658,32545,136401,69354,168946,69354,41809,38008,4180900,100.0,100.0,0.5920539498329163,0.6780799627304077,0.38633862137794495,0.8304567933082581,0.8273206949234009,0.6718862652778625,0.3960550129413605,0.20262710214379676,0.6984205324393719,41809,3801,4.040900284627711,50.35491149779409,0.2940564970485866,0.08863704977557063,4.51,2.0,2.48,0.03,1.0,10,10,20,0.0,0.1,10.0,True
epoch,1782677312.5686703,148,1345.024675223045,8.037310650034738e-06,0.43196922540664673,0.005666141398251057,0.09895461797714233,0.07143446058034897,1.0297175645828247,0.030891509726643562,1.7366061229040497e-06,15238,0.2508434057235718,0.12819042801856995,0.19353531501036925,0.46826426738183813,32476,135328,69354,167804,69354,41809,38008,4180900,100.0,100.0,0.5914484858512878,0.6764594912528992,0.38373762369155884,0.831459105014801,0.8256625533103943,0.6723909378051758,0.39598292112350464,0.20412667042333765,0.6964166841842787,41809,3801,4.013585591619029,47.56166858877987,0.23979459702968597,0.08835894288495183,4.506666666666667,2.0,2.486666666666667,0.03,1.0,10,10,20,0.0,0.1,10.0,True
epoch,1782678671.553352,149,1351.2746219281107,7.962623479501432e-06,0.43126294016838074,0.00564561178907752,0.09845680743455887,0.07140741497278214,1.0294133424758911,0.030882421880960464,2.1484102035174146e-06,15238,0.25061261653900146,0.12814176082611084,0.19232317253625333,0.4685093866251406,32493,136457,69354,168950,69354,41809,38008,4180900,100.0,100.0,0.5910435318946838,0.6750718355178833,0.3839203417301178,0.8309198617935181,0.8266574144363403,0.6712085604667664,0.3955070972442627,0.20269917384162578,0.6980086581424612,41809,3801,4.040995957808128,49.44651215476915,0.29011164512485266,0.11176963383331895,4.503333333333333,2.0,2.493333333333333,0.03,1.0,10,10,20,0.0,0.1,10.0,True
epoch,1782680255.4605267,150,1574.8192582540214,7.887926677856963e-06,0.4311407804489136,0.0056366450153291225,0.09844937920570374,0.07119962573051453,1.0292420387268066,0.030877264216542244,8.354647889063926e-07,15238,1.4492782354354858,0.04333390295505524,0.41580742597579956,0.12580938637256622,3.6045894622802734,0.10813765227794647,6.681490472004725e-09,3801,0.25029993057250977,0.1277930587530136,0.19151298267991804,0.4676154223260374,32431,136910,69354,169341,69354,41809,38008,4180900,100.0,100.0,0.5899510979652405,0.6749610900878906,0.38086169958114624,0.8307105302810669,0.8246244192123413,0.6688006520271301,0.3953340947628021,0.2011852297010927,0.6991850574737006,41809,3801,4.050348011193762,211.44626877410337,0.24557531904429197,0.08079222403466702,4.5,2.0,2.5,0.03,1.0,10,10,20,0.0,0.1,10.0,True
epoch,1782681677.5399394,151,1411.8486137189902,7.813228455380186e-06,0.4305155873298645,0.0056460266932845116,0.09833905100822449,0.0710357204079628,1.0280401706695557,0.03084120899438858,3.128556500087143e-06,15238,0.25010642409324646,0.12749183177947998,0.19141087664920478,0.46836519883496264,32483,137220,69354,169703,69354,41809,38008,4180900,100.0,100.0,0.589940071105957,0.6748713850975037,0.3821856379508972,0.8294742107391357,0.82459557056427,0.6698099374771118,0.3933587074279785,0.20144473864214918,0.6992508958572553,41809,3801,4.059006434021383,46.94483712594956,0.24467424070462584,0.0943042216822505,4.5,2.0,2.5,0.03,1.0,10,10,20,0.0,0.1,10.0,True
epoch,1782683077.5696778,152,1392.0627627517097,7.738537022506097e-06,0.4299601912498474,0.005624241661280394,0.0980301946401596,0.07107200473546982,1.0303443670272827,0.030910296365618706,8.666811481816694e-06,15238,0.2499474734067917,0.12774541974067688,0.1911731777738495,0.46780286645326874,32444,137266,69354,169710,69354,41809,38008,4180900,100.0,100.0,0.5898517370223999,0.6741235852241516,0.38140222430229187,0.8299516439437866,0.8239178657531738,0.6689592599868774,0.3957810699939728,0.2011563935336087,0.6992994856853395,41809,3801,4.0591738620871105,46.26877458486706,0.21463573398068547,0.09221169305965304,4.5,2.0,2.5,0.03,1.0,10,10,20,0.0,0.1,10.0,True
epoch,1782684434.6640542,153,1350.3304698229767,7.663860588923438e-06,0.4295808672904968,0.005614446476101875,0.09791900217533112,0.07104801386594772,1.0285924673080444,0.030857762321829796,3.204972074399848e-07,15238,0.24953624606132507,0.127492755651474,0.19163380481239226,0.468062404475589,32462,136934,69354,169396,69354,41809,38008,4180900,100.0,100.0,0.5890507102012634,0.672348141670227,0.37853747606277466,0.8294260501861572,0.8233699798583984,0.6673011183738708,0.39491593837738037,0.19923871389828185,0.701426075256997,41809,3801,4.051663517424478,46.99325146526098,0.22944783978164196,0.08262990182265639,4.5,2.0,2.5,0.03,1.0,10,10,20,0.0,0.1,10.0,True
epoch,1782685790.7166085,154,1348.3361006411724,7.58920736267229e-06,0.4288419485092163,0.005606091581285,0.09770751744508743,0.07094407081604004,1.0279724597930908,0.03083919547498226,1.122422963817371e-05,15238,0.24964341521263123,0.12803614139556885,0.19114169754720312,0.46855264296219395,32496,137514,69354,170010,69354,41809,38008,4180900,100.0,100.0,0.5897112488746643,0.6752343773841858,0.3800845742225647,0.8295533657073975,0.8249992728233337,0.6686708927154541,0.3962857127189636,0.20011824975326015,0.7007223554466601,41809,3801,4.066349350618288,45.55342910485342,0.2240506149828434,0.07963867858052254,4.5,2.0,2.5,0.03,1.0,10,10,20,0.0,0.1,10.0,True
epoch,1782687283.1575613,155,1484.8034200360999,7.514585549241923e-06,0.42818981409072876,0.005604865960776806,0.09754905104637146,0.0708039179444313,1.028676152229309,0.030860265716910362,1.541967321827542e-05,15238,1.453189730644226,0.04341816529631615,0.41608864068984985,0.12689565122127533,3.613062620162964,0.10839176177978516,4.714777901426714e-09,3801,0.25010088086128235,0.1277216225862503,0.19132459113010167,0.4680768232546068,32463,137212,69354,169675,69354,41809,38008,4180900,100.0,100.0,0.5897763967514038,0.6734828948974609,0.38126158714294434,0.8293862342834473,0.8251290321350098,0.6678922772407532,0.39423826336860657,0.19981545398614636,0.7008268237332538,41809,3801,4.058336721758473,188.85973719041795,0.22960242396220565,0.08128752699121833,4.5,2.0,2.5,0.03,1.0,10,10,20,0.0,0.1,10.0,True
epoch,1782688639.5063245,156,1346.945467873942,7.4400033506688574e-06,0.42804762721061707,0.005608989857137203,0.0977361872792244,0.07061764597892761,1.0263630151748657,0.03079080954194069,1.9828021322609857e-06,15238,0.2508676052093506,0.1281910091638565,0.19133631524907652,0.46752890965193067,32425,137041,69354,169466,69354,41809,38008,4180900,100.0,100.0,0.5889943242073059,0.6735816597938538,0.38029778003692627,0.829210638999939,0.8238025307655334,0.6667243242263794,0.3965020179748535,0.19919541457444873,0.7012327174269797,41809,3801,4.053337798081753,44.91250969003886,0.23406776087358594,0.08736299211159348,4.5,2.0,2.5,0.03,1.0,10,10,20,0.0,0.1,10.0,True
epoch,1782689990.1844451,157,1341.237417169381,7.365468964635374e-06,0.4268118441104889,0.005586763843894005,0.09720691293478012,0.0705825686454773,1.0266882181167603,0.03080066107213497,8.894784514268395e-06,15238,0.24901455640792847,0.1270081251859665,0.19089232364778466,0.4670963462813969,32395,137308,69354,169703,69354,41809,38008,4180900,100.0,100.0,0.5894691944122314,0.6741696000099182,0.3824659585952759,0.8293759822845459,0.8245667219161987,0.6683969497680664,0.3943391740322113,0.2013006034866695,0.6988307568481263,41809,3801,4.059006434021383,45.73439946305007,0.23440366704016924,0.07961218291893601,4.5,2.0,2.5,0.03,1.0,10,10,20,0.0,0.1,10.0,True
