type,time,epoch,epoch_time,lr,lr_head,lr_vision,lr_text,lr_transformer,train_loss,train_odvg_negative_phrases,train_loss_main,train_loss_aux,train_loss_aux_contrib,train_loss_bbox,train_loss_giou,train_loss_score,train_loss_rank,train_loss_rank_raw,train_loss_text_alignment,train_loss_text_alignment_contrib,train_loss_text_alignment_rank,train_loss_text_alignment_rank_contrib,val_loss,val_loss_bbox,val_loss_giou,val_loss_score,val_loss_text_alignment,val_loss_text_alignment_contrib,val_loss_text_alignment_rank,val_loss_text_alignment_rank_contrib,val_loss_rank_raw,val_loss_rank,val_loss_text_negative,val_loss_text_negative_contrib,val_text_negative_queries,val_score_negative_iou_ignore_thr,val_duplicate_suppression_enabled,val_hard_negative_mining_enabled,val_matcher_score_alpha,val_matcher_cost_score_effective,map50,map50_95,precision,recall,tp,fp,num_gt,num_pred,quality_recall_iou,quality_recall50_at_1,quality_recall50_at_5,quality_recall50_at_10,text_recall_iou,text_recall50_at_1,text_recall50_at_5,text_recall50_at_10,final_recall_iou,final_recall50_at_1,final_recall50_at_5,final_recall50_at_10,recall50_at_1,recall50_at_5,recall50_at_10,raw_oracle_num_gt,raw_oracle_num_samples,raw_oracle_positive_samples,raw_oracle_num_pred,raw_oracle_avg_pred_per_sample,raw_oracle_avg_pred_per_positive_sample,raw_best_iou_mean,raw_best_iou_median,raw_best_iou_p25,raw_best_iou_p75,raw_oracle_recall25,raw_oracle_recall50,raw_oracle_recall75,raw_oracle_gap50,raw_oracle_retention50,valid_samples,valid_images,odvg_phrase_rows,skipped_empty_gt,avg_selected_per_sample,eval_loop_time,phrase_token_reduction,phrase_score_fusion,evaluation_mode,lambda_bbox,lambda_giou,lambda_score,classification_type,ia_bce_alpha,classification_focal_alpha,classification_focal_gamma,normalize_classification_by_num_gt,dense_score_assignment_enabled,pairwise_ranking_enabled,duplicate_suppression_enabled,duplicate_suppression_active,duplicate_loss_weight,duplicate_margin,duplicate_background_weight,duplicate_classification_weight,duplicate_max_pairs,duplicate_start_epoch,hard_negative_mining_enabled,hard_negative_mining_active,hard_negative_loss_weight,hard_negative_topk,hard_negative_max_iou,hard_negative_start_epoch,lambda_rank_max,lambda_aux,pos_weight,quality_warmup_epoch,aux_score_enabled,matcher_score_start_epoch,matcher_score_warmup_epoch,matcher_score_alpha_min,negative_sample_ratio,negative_phrase_max_per_image,negative_sampling_mode,max_query_loss_weight,lambda_text_negative,text_negative_topk,text_negative_hard_mix,score_negative_iou_ignore_thr,matcher_score_alpha,matcher_cost_score_effective,negative_text_as_empty_target,use_negative_queries_in_val
epoch,1785380302.6351068,1,1017.2849181490019,5.252786412680962e-05,5.252786412680962e-05,5.252786412680962e-05,5.252786412680962e-06,5.252786412680962e-05,2.856945276260376,12286,2.4789938926696777,2.915604829788208,0.3779487609863281,0.07133448868989944,0.9191889762878418,0.262063592672348,0.012529653497040272,0.4818815290927887,0.08991222083568573,0.009352359920740128,0.4818815290927887,0.012529653497040272,,,,,,,,,,,,,,,,,,,9.147064702119678e-05,1.56010555656394e-05,0.002773785570566255,0.03284882731388501,965,346935,29377,347900,0.5,0.001021207066752902,0.008271777240698506,0.018075365081526365,0.5,0.0015998910712462131,0.010007829254178438,0.019300813561629847,0.5,0.0012594887156619123,0.006876127582802873,0.016237192361371142,0.0012594887156619123,0.006876127582802873,0.016237192361371142,29377,17395,17395,1739500,100.0,100.0,0.22713859379291534,0.14408519864082336,0.04833965376019478,0.40140846371650696,0.36212003231048584,0.15944446623325348,0.007148449309170246,0.12659563891936848,0.2060204915850138,17395,2683,17395,0,20.0,210.59418646804988,mean,geometric_mean,odvg_phrase_grounding,5.0,2.0,1.0,iou,0.25,0.25,2.0,True,False,False,True,False,0.1,0.25,0.05,0.25,128,5,True,False,0.05,10,0.3,10,0.0,0.5,1.0,10,True,5,12,0.0,0.1,3,odvg_appended_phrase,4.0,0.25,20,0.5,0.5,0.0,0.0,True,False
epoch,1785381003.759851,2,695.5375147310551,9.997657153022218e-05,9.997657153022218e-05,9.997657153022218e-05,9.997657153022218e-06,9.997657153022218e-05,2.9442856311798096,12286,2.043619394302368,2.4318065643310547,0.900669515132904,0.040460553020238876,0.7906790375709534,0.21581821143627167,0.016874903813004494,0.19175200164318085,0.07257668673992157,0.025546930730342865,0.19175200164318085,0.016874903813004494,,,,,,,,,,,,,,,,,,,0.0005086511373519897,8.467999577987939e-05,0.005214141994826099,0.06174898730299214,1814,346086,29377,347900,0.5,0.003369983320284576,0.019913537801681588,0.03669537393198761,0.5,0.006705926405010723,0.02559825713993941,0.04326513939476461,0.5,0.003369983320284576,0.019981618272798447,0.0409844436123498,0.003369983320284576,0.019981618272798447,0.0409844436123498,29377,17395,17395,1739500,100.0,100.0,0.2969317138195038,0.25216561555862427,0.07120512425899506,0.4880674183368683,0.5021615624427795,0.23589883744716644,0.042277973145246506,0.1741498501441743,0.26176045618207794,17395,2683,17395,0,20.0,108.31540621700697,mean,geometric_mean,odvg_phrase_grounding,4.99560346786577,2.0,1.0087930642684606,iou,0.25,0.25,2.0,True,False,False,True,False,0.1,0.25,0.05,0.25,128,5,True,False,0.05,10,0.3,10,0.0,0.5,1.0,10,True,5,12,0.0,0.1,3,odvg_appended_phrase,4.0,0.25,20,0.5,0.5,0.0,0.0,True,False
epoch,1785381709.1211731,3,694.1484467601404,9.995834764548755e-05,9.995834764548755e-05,9.995834764548755e-05,9.995834764548755e-06,9.995834764548755e-05,3.0441949367523193,12286,1.9202669858932495,2.247861623764038,1.123930811882019,0.03489921614527702,0.7413609623908997,0.18398956954479218,0.026769259944558144,0.16522742807865143,0.0716746374964714,0.04644821584224701,0.16522742807865143,0.026769259944558144,,,,,,,,,,,,,,,,,,,0.0036781050730496645,0.0008762743091210723,0.011483184823225065,0.1359907410559281,3995,343905,29377,347900,0.5,0.028219355277938524,0.07533104129080573,0.10409504033767913,0.5,0.01637335330360486,0.050175307213125915,0.07927970861558362,0.5,0.0315893385982231,0.07070156925485924,0.100997378901862,0.0315893385982231,0.07070156925485924,0.100997378901862,29377,17395,17395,1739500,100.0,100.0,0.33600756525993347,0.3159674108028412,0.08805086463689804,0.5481215715408325,0.560268223285675,0.3055451512336731,0.06304251402616501,0.169554410177745,0.44507576214791855,17395,2683,17395,0,20.0,113.04936316097155,mean,geometric_mean,odvg_phrase_grounding,4.982465416782565,2.0,1.03506916643487,iou,0.25,0.25,2.0,True,False,False,True,False,0.1,0.25,0.05,0.25,128,5,True,False,0.05,10,0.3,10,0.0,0.5,1.0,10,True,5,12,0.0,0.1,3,odvg_appended_phrase,4.0,0.25,20,0.5,0.5,0.0,0.0,True,False
epoch,1785382412.04201,4,691.6249952472281,9.993491941812663e-05,9.993491941812663e-05,9.993491941812663e-05,9.993491941812663e-06,9.993491941812663e-05,2.8971433639526367,12286,1.8398507833480835,2.114593029022217,1.0572965145111084,0.03172556683421135,0.7101960182189941,0.15072068572044373,0.03580951318144798,0.15992574393749237,0.07108984142541885,0.06371171772480011,0.15992574393749237,0.03580951318144798,,,,,,,,,,,,,,,,,,,0.016662372276186943,0.008469967171549797,0.015754527162977868,0.18657453109575517,5481,342419,29377,347900,0.5,0.043945944105933214,0.08026687544677809,0.10692037988902883,0.5,0.03216802260271641,0.07403751233958539,0.10835006978248289,0.5,0.04656704224393233,0.08316029546924465,0.10991592061817068,0.04656704224393233,0.08316029546924465,0.10991592061817068,29377,17395,17395,1739500,100.0,100.0,0.36484494805336,0.3633159399032593,0.10103973001241684,0.578885555267334,0.5930489897727966,0.34172993898391724,0.08843652904033661,0.15515540788816207,0.5459706915071784,17395,2683,17395,0,20.0,108.62163478997536,mean,geometric_mean,odvg_phrase_grounding,4.960739878387102,2.0,1.0785202432257963,iou,0.25,0.25,2.0,True,False,False,True,False,0.1,0.25,0.05,0.25,128,5,True,False,0.05,10,0.3,10,0.0,0.5,1.0,10,True,5,12,0.0,0.1,3,odvg_appended_phrase,4.0,0.25,20,0.5,0.5,0.0,0.0,True,False
epoch,1785383140.2591243,5,715.27226819098,9.990628941730855e-05,9.990628941730855e-05,9.990628941730855e-05,9.990628941730855e-06,9.990628941730855e-05,2.8145382404327393,12286,1.7957714796066284,2.0375254154205322,1.0187627077102661,0.030751019716262817,0.6993494629859924,0.11951806396245956,0.03986432030797005,0.1594572812318802,0.0685751661658287,0.0685751661658287,0.1594572812318802,0.03986432030797005,1.7263211011886597,0.02801726572215557,0.6514720916748047,0.1395839899778366,0.08652641624212265,0.08652641624212265,,,0.15484106540679932,0.03871026635169983,0.0,0.0,0,0.5494415413112564,True,True,0.0,0.0,1.0,2.0,0.01867799460887909,0.009509732946753502,0.01735843633227939,0.20556898253735917,6039,341861,29377,347900,0.5,0.04592027776832216,0.10052081560404398,0.14814310515028764,0.5,0.04040575960785649,0.09721891275487626,0.14545392654117167,0.5,0.04782653095959424,0.10266535044422508,0.15124076658610477,0.04782653095959424,0.10266535044422508,0.15124076658610477,29377,17395,17395,1739500,100.0,100.0,0.37928563356399536,0.37733644247055054,0.10613881796598434,0.6083002686500549,0.5991421937942505,0.3734213709831238,0.10797562450170517,0.1678523884457646,0.5505013866671534,17395,2683,17395,0,20.0,129.33260372793302,mean,geometric_mean,odvg_phrase_grounding,4.930681564753217,2.0,1.1386368704935645,iou,0.25,0.25,2.0,True,False,False,True,True,0.1,0.25,0.05,0.25,128,5,True,False,0.05,10,0.3,10,0.0,0.5,1.0,10,True,5,12,0.0,0.1,3,odvg_appended_phrase,4.0,0.25,20,0.5,0.5,0.0,0.0,True,False
epoch,1785383845.6573663,6,694.9293263521977,9.987246078263554e-05,9.987246078263554e-05,9.987246078263554e-05,9.987246078263555e-06,9.987246078263554e-05,2.7325069904327393,12286,1.7494596242904663,1.966086506843567,0.9830432534217834,0.029348189011216164,0.6897690296173096,0.09598734974861145,0.03956658020615578,0.1582663208246231,0.06727080792188644,0.06727080792188644,0.1582663208246231,0.03956658020615578,,,,,,,,,,,,,,,,,,,0.016471561044454575,0.007585109211504459,0.01864903707962058,0.22085304830309427,6488,341412,29377,347900,0.5,0.049868945093100046,0.09541478027027947,0.1494706743370664,0.5,0.043469380808115195,0.10389079892432855,0.14984511692820915,0.5,0.05167307757769684,0.09834224052830445,0.15406610613745447,0.05167307757769684,0.09834224052830445,0.15406610613745447,29377,17395,17395,1739500,100.0,100.0,0.38197657465934753,0.37809211015701294,0.11739686131477356,0.6032693386077881,0.6109201312065125,0.37161725759506226,0.10623957216739655,0.150764209291968,0.5943024544456161,17395,2683,17395,0,20.0,109.48074317118153,mean,geometric_mean,odvg_phrase_grounding,4.892642882125692,2.0,1.214714235748616,iou,0.25,0.25,2.0,True,False,False,True,True,0.1,0.25,0.05,0.25,128,5,True,False,0.05,10,0.3,10,0.0,0.5,1.0,10,True,5,12,0.0,0.1,3,odvg_appended_phrase,4.0,0.25,20,0.5,0.5,0.019675925925925927,0.03935185185185185,True,False
epoch,1785384546.2575688,7,695.3758208830841,9.98334372237986e-05,9.98334372237986e-05,9.98334372237986e-05,9.983343722379861e-06,9.98334372237986e-05,2.6483590602874756,12286,1.696948766708374,1.9028228521347046,0.9514114260673523,0.02738461270928383,0.6730955243110657,0.08177731186151505,0.03922887519001961,0.15691550076007843,0.06689437478780746,0.06689437478780746,0.15691550076007843,0.03922887519001961,,,,,,,,,,,,,,,,,,,0.01821369305253029,0.00783540029078722,0.020117849956884162,0.23824760867345202,6999,340901,29377,347900,0.5,0.05252408346665759,0.11189025428055963,0.17265207475235728,0.5,0.04803077237294482,0.10954147802702795,0.15539367532423323,0.5,0.05293256629335875,0.11335398440957212,0.1745923681791878,0.05293256629335875,0.11335398440957212,0.1745923681791878,29377,17395,17395,1739500,100.0,100.0,0.3903879225254059,0.3877785801887512,0.1303696632385254,0.6159400939941406,0.6171494722366333,0.3830887973308563,0.10984784364700317,0.1448411886574043,0.6219122311417747,17395,2683,17395,0,20.0,108.91573910508305,mean,geometric_mean,odvg_phrase_grounding,4.847069799279232,2.0,1.3058604014415343,iou,0.25,0.25,2.0,True,False,False,True,True,0.1,0.25,0.05,0.25,128,5,True,False,0.05,10,0.3,10,0.0,0.5,1.0,10,True,5,12,0.0,0.1,3,odvg_appended_phrase,4.0,0.25,20,0.5,0.5,0.07407407407407407,0.14814814814814814,True,False
epoch,1785385252.3965876,8,699.8930541831069,9.978922302017073e-05,9.978922302017073e-05,9.978922302017073e-05,9.978922302017074e-06,9.978922302017073e-05,2.5952069759368896,12286,1.666890263557434,1.8566335439682007,0.9283167719841003,0.026622731238603592,0.6636995077133179,0.07004416733980179,0.03909193351864815,0.1563677340745926,0.06662777066230774,0.06662777066230774,0.1563677340745926,0.03909193351864815,,,,,,,,,,,,,,,,,,,0.02624525874853134,0.01148324366658926,0.022756539235412473,0.2694965449160908,7917,339983,29377,347900,0.5,0.05327296864894305,0.13207611396670865,0.185689484971236,0.5,0.0524219627599823,0.11798345644551861,0.17197127004118867,0.5,0.053817612417877934,0.1350716546958505,0.18633624944684618,0.053817612417877934,0.1350716546958505,0.18633624944684618,29377,17395,17395,1739500,100.0,100.0,0.3992147743701935,0.4122020900249481,0.13513946533203125,0.6229331493377686,0.6335568428039551,0.4042958915233612,0.10491200536489487,0.1347993466072704,0.6665824475748319,17395,2683,17395,0,20.0,109.9336167499423,mean,geometric_mean,odvg_phrase_grounding,4.794496618942349,2.0,1.4110067621153037,iou,0.25,0.25,2.0,True,False,False,True,True,0.1,0.25,0.05,0.25,128,5,True,False,0.05,10,0.3,10,0.0,0.5,1.0,10,True,5,12,0.0,0.1,3,odvg_appended_phrase,4.0,0.25,20,0.5,0.5,0.15625,0.3125,True,False
epoch,1785385966.5236957,9,700.1855705990456,9.973982302033758e-05,9.973982302033758e-05,9.973982302033758e-05,9.973982302033759e-06,9.973982302033758e-05,2.5506601333618164,12286,1.640278697013855,1.8207693099975586,0.9103846549987793,0.0258726105093956,0.657148540019989,0.06002368777990341,0.03902469947934151,0.15609879791736603,0.06508206576108932,0.06508206576108932,0.15609879791736603,0.03902469947934151,,,,,,,,,,,,,,,,,,,0.03325643017888069,0.018213462084531784,0.023271054900833574,0.2755897470810498,8096,339804,29377,347900,0.5,0.06219151036525173,0.1489941110392484,0.18756169792694966,0.5,0.05885556728052558,0.133607924566838,0.18776593934030023,0.5,0.06225959083636859,0.14930047315927425,0.18837866358035196,0.06225959083636859,0.14930047315927425,0.18837866358035196,29377,17395,17395,1739500,100.0,100.0,0.4073699414730072,0.4172983765602112,0.14535608887672424,0.6323703527450562,0.6460496187210083,0.41127413511276245,0.12016203254461288,0.13568438803171268,0.670087718999127,17395,2683,17395,0,20.0,110.9032880330924,mean,geometric_mean,odvg_phrase_grounding,4.735539713586371,2.0,1.5289205728272584,iou,0.25,0.25,2.0,True,False,False,True,True,0.1,0.25,0.05,0.25,128,5,True,False,0.05,10,0.3,10,0.0,0.5,1.0,10,True,5,12,0.0,0.1,3,odvg_appended_phrase,4.0,0.25,20,0.5,0.5,0.25925925925925924,0.5185185185185185,True,False
epoch,1785386698.3649473,10,716.9016096021514,9.968524264156583e-05,9.968524264156583e-05,9.968524264156583e-05,9.968524264156583e-06,9.968524264156583e-05,2.515519857406616,12286,1.619376540184021,1.7922865152359009,0.8961432576179504,0.025146737694740295,0.6482202410697937,0.05493023991584778,0.03870883584022522,0.15483534336090088,0.06508035957813263,0.06508035957813263,0.15483534336090088,0.03870883584022522,1.5761171579360962,0.023222297430038452,0.6139198541641235,0.06479781866073608,0.08106959611177444,0.08106959611177444,,,0.15187783539295197,0.03796945884823799,0.0,0.0,0,0.5311744900929367,True,True,0.37615740740740744,0.7523148148148149,1.0,2.0,0.03732861950993538,0.0203932486474514,0.025656797930439783,0.30384314259454676,8926,338974,29377,347900,0.5,0.06842087347244442,0.15985294618238757,0.20134799332811382,0.5,0.060115055996187494,0.1432072709943153,0.19562923375429758,0.5,0.06862511488579501,0.16002314736017972,0.2027776832215679,0.06862511488579501,0.16002314736017972,0.2027776832215679,29377,17395,17395,1739500,100.0,100.0,0.41559237241744995,0.4312152862548828,0.15077753365039825,0.6430615186691284,0.6542192697525024,0.42298397421836853,0.13023793697357178,0.11914083162382177,0.7183325163938376,17395,2683,17395,0,20.0,127.55823461222462,mean,geometric_mean,odvg_phrase_grounding,4.670890299021787,2.0,1.6582194019564265,iou,0.25,0.25,2.0,True,False,False,True,True,0.1,0.25,0.05,0.25,128,5,True,True,0.05,10,0.3,10,0.0,0.5,1.0,10,True,5,12,0.0,0.1,3,odvg_appended_phrase,4.0,0.25,20,0.5,0.5,0.37615740740740744,0.7523148148148149,True,False
epoch,1785387407.2024617,11,695.1661710920744,9.962548786920908e-05,9.962548786920908e-05,9.962548786920908e-05,9.962548786920909e-06,9.962548786920908e-05,2.4950201511383057,12286,1.6089873313903809,1.7720688581466675,0.8860344290733337,0.024091092869639397,0.640872061252594,0.054246701300144196,0.03851627930998802,0.1540651172399521,0.06501343846321106,0.06501343846321106,0.1540651172399521,0.03851627930998802,,,,,,,,,,,,,,,,,,,0.044433753937482834,0.023355374112725258,0.0263236562230526,0.31174047724410253,9158,338742,29377,347900,0.5,0.07270994315280661,0.16492494128059365,0.2287163427170916,0.5,0.05708547503148722,0.1475303809102359,0.2069646321952548,0.5,0.07264186268168976,0.16591210811178814,0.23048643496612997,0.07264186268168976,0.16591210811178814,0.23048643496612997,29377,17395,17395,1739500,100.0,100.0,0.42074862122535706,0.43767204880714417,0.158176451921463,0.6429882049560547,0.6632059216499329,0.4306430220603943,0.13456104695796967,0.11890254481629176,0.7238953408616554,17395,2683,17395,0,20.0,109.04845584207214,mean,geometric_mean,odvg_phrase_grounding,4.601306330524842,2.0,1.7973873389503148,iou,0.25,0.25,2.0,True,False,False,True,True,0.1,0.25,0.05,0.25,128,5,True,True,0.05,10,0.3,10,0.0,0.5,1.0,10,True,5,12,0.0,0.1,3,odvg_appended_phrase,4.0,0.25,20,0.5,0.5,0.5,1.0,True,False
epoch,1785388116.5092845,12,698.5865893631708,9.95605652560515e-05,9.95605652560515e-05,9.95605652560515e-05,9.956056525605149e-06,9.95605652560515e-05,2.486647605895996,12286,1.6089099645614624,1.7554736137390137,0.8777368068695068,0.023576490581035614,0.637804388999939,0.05286350101232529,0.03825649619102478,0.15302598476409912,0.06412765383720398,0.06412765383720398,0.15302598476409912,0.03825649619102478,,,,,,,,,,,,,,,,,,,0.04429880529642105,0.02367487922310829,0.026524863466513365,0.31412329373319264,9228,338672,29377,347900,0.5,0.07444599516628655,0.17455832794362938,0.2358647921843619,0.5,0.05841304421826599,0.15811689416890765,0.2219082956054056,0.5,0.07420771351737754,0.17772406985056335,0.23671579807332266,0.07420771351737754,0.17772406985056335,0.23671579807332266,29377,17395,17395,1739500,100.0,100.0,0.41885799169540405,0.4354509115219116,0.1616160124540329,0.6372730731964111,0.6654525399208069,0.42567315697669983,0.12574462592601776,0.11154986324350719,0.7379448024494222,17395,2683,17395,0,20.0,109.72594529995695,mean,geometric_mean,odvg_phrase_grounding,4.527603616504936,2.0,1.9447927669901282,iou,0.25,0.25,2.0,True,False,False,True,True,0.1,0.25,0.05,0.25,128,5,True,True,0.05,10,0.3,10,0.0,0.5,1.0,10,True,5,12,0.0,0.1,3,odvg_appended_phrase,4.0,0.25,20,0.5,0.5,0.6238425925925927,1.2476851851851853,True,False
epoch,1785388818.9284797,13,697.3629911029711,9.949048192158921e-05,9.949048192158921e-05,9.949048192158921e-05,9.949048192158921e-06,9.949048192158921e-05,2.4735617637634277,12286,1.602197289466858,1.7427302598953247,0.8713651299476624,0.023109544068574905,0.6328084468841553,0.05059365928173065,0.03785039484500885,0.1514015793800354,0.06404059380292892,0.06404059380292892,0.1514015793800354,0.03785039484500885,,,,,,,,,,,,,,,,,,,0.057620834559202194,0.02996753714978695,0.029071572290888185,0.34428294243796165,10114,337786,29377,347900,0.5,0.07931374885114205,0.20672635054634578,0.28096810429928176,0.5,0.061238383769615684,0.1796984035129523,0.24709806991864383,0.5,0.07999455356231065,0.2092453279776696,0.2823637539571774,0.07999455356231065,0.2092453279776696,0.2823637539571774,29377,17395,17395,1739500,100.0,100.0,0.4324651062488556,0.45180559158325195,0.17122872173786163,0.6580392718315125,0.6771283745765686,0.44824182987213135,0.1476665437221527,0.1039588874341697,0.7680741053019845,17395,2683,17395,0,20.0,109.19548102514818,mean,geometric_mean,odvg_phrase_grounding,4.450646253896916,2.0,2.0987074922061684,iou,0.25,0.25,2.0,True,False,False,True,True,0.1,0.25,0.05,0.25,128,5,True,True,0.05,10,0.3,10,0.0,0.5,1.0,10,True,5,12,0.0,0.1,3,odvg_appended_phrase,4.0,0.25,20,0.5,0.5,0.7407407407407407,1.4814814814814814,True,False
epoch,1785389523.410066,14,694.5895550630521,9.941524555124963e-05,9.941524555124963e-05,9.941524555124963e-05,9.941524555124963e-06,9.941524555124963e-05,2.4561069011688232,12286,1.5911650657653809,1.7298859357833862,0.8649429678916931,0.022516436874866486,0.6242663860321045,0.05111764371395111,0.03787695989012718,0.15150783956050873,0.06330879032611847,0.06330879032611847,0.15150783956050873,0.03787695989012718,,,,,,,,,,,,,,,,,,,0.06040985882282257,0.031031345948576927,0.029988502443230813,0.3551417775811009,10433,337467,29377,347900,0.5,0.08390918065153011,0.2130918745957722,0.2843721278551248,0.5,0.06498280968104299,0.18123021411308166,0.2512169384212139,0.5,0.08452190489158184,0.2152364094359533,0.2854614153929945,0.08452190489158184,0.2152364094359533,0.2854614153929945,29377,17395,17395,1739500,100.0,100.0,0.43775880336761475,0.4660117030143738,0.1804603487253189,0.6629700660705566,0.685400128364563,0.4600197374820709,0.1454879641532898,0.10487795990097004,0.7720142173137569,17395,2683,17395,0,20.0,108.18642797716893,mean,geometric_mean,odvg_phrase_grounding,4.371336497414574,2.0,2.2573270051708527,iou,0.25,0.25,2.0,True,False,False,True,True,0.1,0.25,0.05,0.25,128,5,True,True,0.05,10,0.3,10,0.0,0.5,1.0,10,True,5,12,0.0,0.1,3,odvg_appended_phrase,4.0,0.25,20,0.5,0.5,0.84375,1.6875,True,False
epoch,1785390250.1546783,15,715.886399385985,9.933486439554858e-05,9.933486439554858e-05,9.933486439554858e-05,9.933486439554859e-06,9.933486439554858e-05,2.4436228275299072,12286,1.5841209888458252,1.7190021276474,0.8595010638237,0.022351086139678955,0.6203017234802246,0.04973782226443291,0.03770717978477478,0.15082871913909912,0.06200459226965904,0.06200459226965904,0.15082871913909912,0.03770717978477478,1.5517410039901733,0.020940734073519707,0.5880630016326904,0.05756401643157005,0.07805480062961578,0.07805480062961578,,,0.14875556528568268,0.03718889132142067,0.0,0.0,0,0.4962634953206788,True,True,0.925925925925926,1.851851851851852,1.0,2.0,0.06755624711513519,0.03491542115807533,0.030730094854843345,0.36392415835517583,10691,337209,29377,347900,0.5,0.08666643973176294,0.22670796881914423,0.29829458419852267,0.5,0.06528917180106886,0.19886305613234845,0.264764952173469,0.5,0.08710896279402254,0.22830785989039043,0.2993157912652756,0.08710896279402254,0.22830785989039043,0.2993157912652756,29377,17395,17395,1739500,100.0,100.0,0.44289112091064453,0.4707241356372833,0.1831018626689911,0.673760175704956,0.6893147826194763,0.4677128493785858,0.15641488134860992,0.10378869102340998,0.7780931373570213,17395,2683,17395,0,20.0,126.91119151911698,mean,geometric_mean,odvg_phrase_grounding,4.290604181439063,2.0,2.4187916371218736,iou,0.25,0.25,2.0,True,False,False,True,True,0.1,0.25,0.05,0.25,128,5,True,True,0.05,10,0.3,10,0.0,0.5,1.0,10,True,5,12,0.0,0.1,3,odvg_appended_phrase,4.0,0.25,20,0.5,0.5,0.925925925925926,1.851851851851852,True,False
epoch,1785390975.7185278,16,711.2737542269751,9.924934726918561e-05,9.924934726918561e-05,9.924934726918561e-05,9.924934726918563e-06,9.924934726918561e-05,2.4377315044403076,12286,1.5801922082901,1.7150803804397583,0.8575401902198792,0.02214408479630947,0.6174786686897278,0.0488707534968853,0.037480078637599945,0.14992031455039978,0.06109774112701416,0.06109774112701416,0.14992031455039978,0.037480078637599945,,,,,,,,,,,,,,,,,,,0.07004589587450027,0.03744770213961601,0.031902845645300375,0.3778125744630153,11099,336801,29377,347900,0.5,0.09292984307451407,0.23804336726010145,0.31153623583075196,0.5,0.06671886169452293,0.20366272934608706,0.26759029172481874,0.5,0.09190863600776117,0.2398134595091398,0.31252340266194645,0.09190863600776117,0.2398134595091398,0.31252340266194645,29377,17395,17395,1739500,100.0,100.0,0.4493207335472107,0.47722458839416504,0.1892945021390915,0.683177649974823,0.6957143545150757,0.4746570587158203,0.1657419055700302,0.09684448425280501,0.795969569029866,17395,2683,17395,0,20.0,114.74399403599091,mean,geometric_mean,odvg_phrase_grounding,4.209395818560937,2.0,2.5812083628781264,iou,0.25,0.25,2.0,True,False,False,True,True,0.1,0.25,0.05,0.25,128,5,True,True,0.05,10,0.3,10,0.0,0.5,1.0,10,True,5,12,0.0,0.1,3,odvg_appended_phrase,4.0,0.25,20,0.5,0.5,0.9803240740740741,1.9606481481481481,True,False
epoch,1785396005.7828667,17,1062.0603654170409,9.915870355007733e-05,9.915870355007733e-05,9.915870355007733e-05,9.915870355007733e-06,9.915870355007733e-05,2.4151957035064697,12286,1.5637462139129639,1.7028955221176147,0.8514477610588074,0.021245352923870087,0.6097203493118286,0.047790784388780594,0.03707118704915047,0.14828474819660187,0.060926251113414764,0.060926251113414764,0.14828474819660187,0.03707118704915047,,,,,,,,,,,,,,,,,,,0.07471790164709091,0.03922494500875473,0.03319919517102616,0.39316472069986724,11550,336350,29377,347900,0.5,0.09898900500391462,0.2417197127004119,0.3238928413384621,0.5,0.07131429349491099,0.2152364094359533,0.28586989821969566,0.5,0.09766143581713585,0.24471525342955372,0.3242672839296048,0.09766143581713585,0.24471525342955372,0.3242672839296048,29377,17395,17395,1739500,100.0,100.0,0.4542166292667389,0.48581308126449585,0.19456396996974945,0.685259222984314,0.7025904655456543,0.4849371910095215,0.16604827344417572,0.09177247030965424,0.8107539037816295,17395,2683,17395,0,20.0,216.72595039615408,mean,geometric_mean,odvg_phrase_grounding,4.128663502585426,2.0,2.742672994829147,iou,0.25,0.25,2.0,True,False,False,True,True,0.1,0.25,0.05,0.25,128,5,True,True,0.05,10,0.3,10,0.0,0.5,1.0,10,True,5,12,0.0,0.1,3,odvg_appended_phrase,4.0,0.25,20,0.5,0.5,1.0,2.0,True,False
epoch,1785396743.7886035,18,724.968339079991,9.906294317832897e-05,9.906294317832897e-05,9.906294317832897e-05,9.906294317832897e-06,9.906294317832897e-05,2.4059975147247314,12286,1.5572850704193115,1.6974244117736816,0.8487122058868408,0.020870814099907875,0.6044078469276428,0.04775595664978027,0.036840371787548065,0.14736148715019226,0.06118433550000191,0.06118433550000191,0.14736148715019226,0.036840371787548065,,,,,,,,,,,,,,,,,,,0.07868512719869614,0.04116494208574295,0.03392354124748491,0.4017428600605916,11802,336098,29377,347900,0.5,0.10048677536848555,0.25965891683970455,0.33505803860162714,0.5,0.07747557613098682,0.2239507097389114,0.2880484732954352,0.5,0.10072505701739456,0.2622459747421452,0.33611328590393846,0.10072505701739456,0.2622459747421452,0.33611328590393846,29377,17395,17395,1739500,100.0,100.0,0.4578128159046173,0.4924109876155853,0.20609153807163239,0.685100793838501,0.7131429314613342,0.492494136095047,0.16860128939151764,0.09075127603445537,0.8157312556977507,17395,2683,17395,0,20.0,111.71444425592199,mean,geometric_mean,odvg_phrase_grounding,4.049353746103084,2.0,2.9012925077938307,iou,0.25,0.25,2.0,True,False,False,True,True,0.1,0.25,0.05,0.25,128,5,True,True,0.05,10,0.3,10,0.0,0.5,1.0,10,True,5,12,0.0,0.1,3,odvg_appended_phrase,4.0,0.25,20,0.5,0.5,1.0,2.0,True,False
epoch,1785397488.0717115,19,732.0141274547204,9.896207665514444e-05,9.896207665514444e-05,9.896207665514444e-05,9.896207665514443e-06,9.896207665514444e-05,2.391050100326538,12286,1.547577142715454,1.6869421005249023,0.8434710502624512,0.020702535286545753,0.6001183986663818,0.046375274658203125,0.03570153936743736,0.14280615746974945,0.06016532704234123,0.06016532704234123,0.14280615746974945,0.03570153936743736,,,,,,,,,,,,,,,,,,,0.08327849209308624,0.04335176199674606,0.03443805691290601,0.4078360622255506,11981,335919,29377,347900,0.5,0.10705654083126255,0.2700752289205841,0.3433978963134425,0.5,0.08186676651802431,0.23266501004186949,0.29723933689621135,0.5,0.10957551826258638,0.2724240051741158,0.3442148619668448,0.10957551826258638,0.2724240051741158,0.3442148619668448,29377,17395,17395,1739500,100.0,100.0,0.46043530106544495,0.495678186416626,0.20883913338184357,0.6883310079574585,0.7137556672096252,0.49484291672706604,0.16751199960708618,0.08700685450151546,0.8241727797641596,17395,2683,17395,0,20.0,117.1507396758534,mean,geometric_mean,odvg_phrase_grounding,3.972396383495064,2.0,3.055207233009872,iou,0.25,0.25,2.0,True,False,False,True,True,0.1,0.25,0.05,0.25,128,5,True,True,0.05,10,0.3,10,0.0,0.5,1.0,10,True,5,12,0.0,0.1,3,odvg_appended_phrase,4.0,0.25,20,0.5,0.5,1.0,2.0,True,False
epoch,1785398245.9944234,20,745.8645068109035,9.885611504167465e-05,9.885611504167465e-05,9.885611504167465e-05,9.885611504167465e-06,9.885611504167465e-05,2.3831429481506348,12286,1.5444440841674805,1.6773996353149414,0.8386998176574707,0.020497260615229607,0.5988622903823853,0.045356396585702896,0.03544330224394798,0.14177320897579193,0.059155456721782684,0.059155456721782684,0.14177320897579193,0.03544330224394798,1.5151578187942505,0.01931605488061905,0.5691277980804443,0.05101301148533821,0.0741560086607933,0.0741560086607933,,,0.13966582715511322,0.034916456788778305,0.0,0.0,0,0.4633474064085087,True,True,1.0,2.0,1.0,2.0,0.08620356768369675,0.04381231218576431,0.0355533199195171,0.42104367362222145,12369,335531,29377,347900,0.5,0.10729482248017157,0.2751472240187902,0.3526908806208939,0.5,0.0850325084249583,0.23906457432685435,0.30312829764781973,0.5,0.11093712768492359,0.27678115532559483,0.35364400721652994,0.11093712768492359,0.27678115532559483,0.35364400721652994,29377,17395,17395,1739500,100.0,100.0,0.46191340684890747,0.503696084022522,0.2081977128982544,0.6893226504325867,0.7160022854804993,0.5033869743347168,0.16829492151737213,0.08234330071249535,0.8364214711329759,17395,2683,17395,0,20.0,134.2094348440878,mean,geometric_mean,odvg_phrase_grounding,3.8986936694751573,2.0,3.2026126610496854,iou,0.25,0.25,2.0,True,False,False,True,True,0.1,0.25,0.05,0.25,128,5,True,True,0.05,10,0.3,10,0.0,0.5,1.0,10,True,5,12,0.0,0.1,3,odvg_appended_phrase,4.0,0.25,20,0.5,0.5,1.0,2.0,True,False
epoch,1785398997.7945569,21,737.6628124513663,9.874506995780461e-05,9.874506995780461e-05,9.874506995780461e-05,9.87450699578046e-06,9.874506995780461e-05,2.3685147762298584,12286,1.5344576835632324,1.668110966682434,0.834055483341217,0.01994246058166027,0.5926408767700195,0.04526856169104576,0.03505741432309151,0.14022965729236603,0.05928480997681618,0.05928480997681618,0.14022965729236603,0.03505741432309151,,,,,,,,,,,,,,,,,,,0.092186838388443,0.049231939017772675,0.03623167576889911,0.42907716921401096,12605,335295,29377,347900,0.5,0.11267317969840351,0.28256799537052796,0.36269870987507236,0.5,0.09044490587874868,0.2428770807093985,0.313204207373115,0.5,0.1172005310276747,0.2823977941927358,0.3632433536440072,0.1172005310276747,0.2823977941927358,0.3632433536440072,29377,17395,17395,1739500,100.0,100.0,0.46876072883605957,0.5089414715766907,0.21782463788986206,0.6944217085838318,0.726690948009491,0.5095483064651489,0.17489872872829437,0.08047113725113797,0.8420735851142666,17395,2683,17395,0,20.0,115.59474921412766,mean,geometric_mean,odvg_phrase_grounding,3.829109700978213,2.0,3.3417805980435733,iou,0.25,0.25,2.0,True,False,False,True,True,0.1,0.25,0.05,0.25,128,5,True,True,0.05,10,0.3,10,0.0,0.5,1.0,10,True,5,12,0.0,0.1,3,odvg_appended_phrase,4.0,0.25,20,0.5,0.5,1.0,2.0,True,False
epoch,1785399734.8536859,22,725.6052500721999,9.862895358087911e-05,9.862895358087911e-05,9.862895358087911e-05,9.862895358087911e-06,9.862895358087911e-05,2.3665103912353516,12286,1.5343650579452515,1.664290189743042,0.832145094871521,0.019823893904685974,0.5908017754554749,0.04540453851222992,0.034879110753536224,0.1395164430141449,0.058650754392147064,0.058650754392147064,0.1395164430141449,0.034879110753536224,,,,,,,,,,,,,,,,,,,0.0943160280585289,0.05051629617810249,0.036381144006898535,0.4308472614630493,12657,335243,29377,347900,0.5,0.11737073220546686,0.28311263913946283,0.36358375599959153,0.5,0.09150015318106001,0.24525989719848862,0.31848044388467167,0.5,0.12077475576130987,0.283997685263982,0.36426456071076013,0.12077475576130987,0.283997685263982,0.36426456071076013,29377,17395,17395,1739500,100.0,100.0,0.4697624742984772,0.5124185085296631,0.21777760982513428,0.6974274516105652,0.7253974080085754,0.5137012004852295,0.1746944934129715,0.08285393902218019,0.8387118057269121,17395,2683,17395,0,20.0,113.3542057890445,mean,geometric_mean,odvg_phrase_grounding,3.7644602864136294,2.0,3.471079427172741,iou,0.25,0.25,2.0,True,False,False,True,True,0.1,0.25,0.05,0.25,128,5,True,True,0.05,10,0.3,10,0.0,0.5,1.0,10,True,5,12,0.0,0.1,3,odvg_appended_phrase,4.0,0.25,20,0.5,0.5,1.0,2.0,True,False
epoch,1785400476.33632,23,729.9537731031887,9.850777864436743e-05,9.850777864436743e-05,9.850777864436743e-05,9.850777864436743e-06,9.850777864436743e-05,2.352529525756836,12286,1.5237904787063599,1.6574770212173462,0.8287385106086731,0.019251927733421326,0.5843580961227417,0.045410629361867905,0.03483178839087486,0.13932715356349945,0.05917606130242348,0.05917606130242348,0.13932715356349945,0.03483178839087486,,,,,,,,,,,,,,,,,,,0.09829398989677429,0.05284706875681877,0.03710261569416499,0.43939136058821526,12908,334992,29377,347900,0.5,0.11743881267658372,0.2906695714334343,0.3746808727916397,0.5,0.09915920618170677,0.251863702896824,0.33036048609456375,0.5,0.12200020424141335,0.29182693944242094,0.37597440174286006,0.12200020424141335,0.29182693944242094,0.37597440174286006,29377,17395,17395,1739500,100.0,100.0,0.47604477405548096,0.5229941010475159,0.22899660468101501,0.7000702023506165,0.7338393926620483,0.5253089070320129,0.17803043127059937,0.08591754644379768,0.836443766146608,17395,2683,17395,0,20.0,112.42827457329258,mean,geometric_mean,odvg_phrase_grounding,3.7055033810576523,2.0,3.588993237884696,iou,0.25,0.25,2.0,True,False,False,True,True,0.1,0.25,0.05,0.25,128,5,True,True,0.05,10,0.3,10,0.0,0.5,1.0,10,True,5,12,0.0,0.1,3,odvg_appended_phrase,4.0,0.25,20,0.5,0.5,1.0,2.0,True,False
epoch,1785401225.7999258,24,738.0079782269895,9.838155843646685e-05,9.838155843646685e-05,9.838155843646685e-05,9.838155843646684e-06,9.838155843646685e-05,2.3396520614624023,12286,1.5159634351730347,1.6473724842071533,0.8236862421035767,0.018913719803094864,0.5783621072769165,0.04590033367276192,0.03454272076487541,0.13817088305950165,0.05948077142238617,0.05948077142238617,0.13817088305950165,0.03454272076487541,,,,,,,,,,,,,,,,,,,0.10110534727573395,0.0547148659825325,0.03764874964070135,0.445859005344317,13098,334802,29377,347900,0.5,0.12023011199237499,0.29485652040712124,0.384756782516935,0.5,0.10320999421315996,0.2555740885726929,0.33267522211253703,0.5,0.12666371651291827,0.29618408959389997,0.38482486298805185,0.12666371651291827,0.29618408959389997,0.38482486298805185,29377,17395,17395,1739500,100.0,100.0,0.48105141520500183,0.5297591686248779,0.23703710734844208,0.7066121101379395,0.740715503692627,0.5320488810539246,0.1862000823020935,0.08618987570960757,0.838003839912461,17395,2683,17395,0,20.0,118.12647091364488,mean,geometric_mean,odvg_phrase_grounding,3.652930200720767,2.0,3.6941395985584657,iou,0.25,0.25,2.0,True,False,False,True,True,0.1,0.25,0.05,0.25,128,5,True,True,0.05,10,0.3,10,0.0,0.5,1.0,10,True,5,12,0.0,0.1,3,odvg_appended_phrase,4.0,0.25,20,0.5,0.5,1.0,2.0,True,False
epoch,1785401991.2568352,25,754.9770493321121,9.825030679864553e-05,9.825030679864553e-05,9.825030679864553e-05,9.825030679864553e-06,9.825030679864553e-05,2.328739643096924,12286,1.5094114542007446,1.638655424118042,0.819327712059021,0.018871475011110306,0.5790865421295166,0.04370364919304848,0.03446154668927193,0.1378461867570877,0.05736592039465904,0.05736592039465904,0.1378461867570877,0.03446154668927193,1.4840396642684937,0.017965659499168396,0.5514289736747742,0.048538122326135635,0.07214386761188507,0.07214386761188507,,,0.13627395033836365,0.03406848758459091,0.0,0.0,0,0.45,True,True,1.0,2.0,1.0,2.0,0.10461588203907013,0.056795112788677216,0.03823225064673757,0.4527691731626783,13301,334599,29377,347900,0.5,0.1252340266194642,0.30169860775436563,0.3896926166729074,0.5,0.10780542601354802,0.2618715321510025,0.34098103958879394,0.5,0.13330156244681213,0.3032984988256119,0.390373421384076,0.13330156244681213,0.3032984988256119,0.390373421384076,29377,17395,17395,1739500,100.0,100.0,0.4816228747367859,0.5282882452011108,0.23334303498268127,0.7113735675811768,0.7388433218002319,0.5283725261688232,0.1930762231349945,0.07560335300614496,0.8569127854653281,17395,2683,17395,0,20.0,135.00836900621653,mean,geometric_mean,odvg_phrase_grounding,3.607357117874308,2.0,3.785285764251384,iou,0.25,0.25,2.0,True,False,False,True,True,0.1,0.25,0.05,0.25,128,5,True,True,0.05,10,0.3,10,0.0,0.5,1.0,10,True,5,12,0.0,0.1,3,odvg_appended_phrase,4.0,0.25,20,0.5,0.5,1.0,2.0,True,False
epoch,1785402734.726848,26,731.4760134662502,9.811403812412464e-05,9.811403812412464e-05,9.811403812412464e-05,9.811403812412465e-06,9.811403812412464e-05,2.3172316551208496,12286,1.5016371011734009,1.6311919689178467,0.8155959844589233,0.018494345247745514,0.5737627744674683,0.04412970319390297,0.03431267663836479,0.13725070655345917,0.057569317519664764,0.057569317519664764,0.13725070655345917,0.03431267663836479,,,,,,,,,,,,,,,,,,,0.10673762857913971,0.05794231966137886,0.038634665133659096,0.4575348061408585,13441,334459,29377,347900,0.5,0.1269360383973857,0.30612383837696155,0.39714742826020355,0.5,0.10811178813357389,0.2648670728801443,0.34789120740715523,0.5,0.13479933281138307,0.3089491779283113,0.39755591108690475,0.13479933281138307,0.3089491779283113,0.39755591108690475,29377,17395,17395,1739500,100.0,100.0,0.48749107122421265,0.5354454517364502,0.2421361654996872,0.7172545194625854,0.743915319442749,0.5384144186973572,0.19882901012897491,0.08087961255649867,0.8497818599431656,17395,2683,17395,0,20.0,110.98332954803482,mean,geometric_mean,odvg_phrase_grounding,3.5693184352467826,2.0,3.8613631295064352,iou,0.25,0.25,2.0,True,False,False,True,True,0.1,0.25,0.05,0.25,128,5,True,True,0.05,10,0.3,10,0.0,0.5,1.0,10,True,5,12,0.0,0.1,3,odvg_appended_phrase,4.0,0.25,20,0.5,0.5,1.0,2.0,True,False
epoch,1785403473.677862,27,727.264685398899,9.797276735629997e-05,9.797276735629997e-05,9.797276735629997e-05,9.797276735629996e-06,9.797276735629997e-05,2.296881675720215,12286,1.4861843585968018,1.6213974952697754,0.8106987476348877,0.017933687195181847,0.5678470134735107,0.04345189407467842,0.03396168723702431,0.13584674894809723,0.05700714513659477,0.05700714513659477,0.13584674894809723,0.03396168723702431,,,,,,,,,,,,,,,,,,,0.1097380593419075,0.059302039444446564,0.0394883587237712,0.46764475610171224,13738,334162,29377,347900,0.5,0.1307825850154883,0.3099363447595057,0.4052149640875515,0.5,0.11314974299622153,0.2664669639513905,0.34799332811383055,0.5,0.14014364979405658,0.3137488511420499,0.40620213091874596,0.14014364979405658,0.3137488511420499,0.40620213091874596,29377,17395,17395,1739500,100.0,100.0,0.4908406436443329,0.5405657291412354,0.24865789711475372,0.7171100974082947,0.7490894198417664,0.5444735884666443,0.19835245609283447,0.07682883236493204,0.8588933715200058,17395,2683,17395,0,20.0,112.20877435291186,mean,geometric_mean,odvg_phrase_grounding,3.539260121612898,2.0,3.921479756774204,iou,0.25,0.25,2.0,True,False,False,True,True,0.1,0.25,0.05,0.25,128,5,True,True,0.05,10,0.3,10,0.0,0.5,1.0,10,True,5,12,0.0,0.1,3,odvg_appended_phrase,4.0,0.25,20,0.5,0.5,1.0,2.0,True,False
epoch,1785404209.1212823,28,724.3093378883786,9.782650998710315e-05,9.782650998710315e-05,9.782650998710315e-05,9.782650998710316e-06,9.782650998710315e-05,2.2878386974334717,12286,1.4801979064941406,1.6152803897857666,0.8076401948928833,0.017673103138804436,0.5645020008087158,0.04351120442152023,0.033932216465473175,0.1357288658618927,0.05699459835886955,0.05699459835886955,0.1357288658618927,0.033932216465473175,,,,,,,,,,,,,,,,,,,0.11381569504737854,0.06187065690755844,0.040175337740730094,0.475780372400177,13977,333923,29377,347900,0.5,0.13248459679340982,0.3137488511420499,0.41042312012799126,0.5,0.11675800796541512,0.27463662048541376,0.35854580113694384,0.5,0.14283282840317255,0.31786771964461996,0.41144432719474416,0.14283282840317255,0.31786771964461996,0.41144432719474416,29377,17395,17395,1739500,100.0,100.0,0.4951184093952179,0.5478987693786621,0.2592499256134033,0.7188614010810852,0.7558974623680115,0.5542771816253662,0.20063315331935883,0.0784968092251892,0.8583798651154921,17395,2683,17395,0,20.0,113.78302162978798,mean,geometric_mean,odvg_phrase_grounding,3.5175345832174347,2.0,3.96493083356513,iou,0.25,0.25,2.0,True,False,False,True,True,0.1,0.25,0.05,0.25,128,5,True,True,0.05,10,0.3,10,0.0,0.5,1.0,10,True,5,12,0.0,0.1,3,odvg_appended_phrase,4.0,0.25,20,0.5,0.5,1.0,2.0,True,False
epoch,1785404950.287603,29,728.9587392103858,9.767528205530292e-05,9.767528205530292e-05,9.767528205530292e-05,9.767528205530292e-06,9.767528205530292e-05,2.2768630981445312,12286,1.4732112884521484,1.6073046922683716,0.8036523461341858,0.01755821891129017,0.5619493126869202,0.04324711486697197,0.033903829753398895,0.13561531901359558,0.05615172162652016,0.05615172162652016,0.13561531901359558,0.033903829753398895,,,,,,,,,,,,,,,,,,,0.11499591916799545,0.06249336525797844,0.04041103765449842,0.47857167171596826,14059,333841,29377,347900,0.5,0.1340504476290976,0.31711883446233446,0.41205705143479593,0.5,0.12223848589032237,0.27889164993021753,0.36440072165299386,0.5,0.14524968512782108,0.32045477754706064,0.4133505803860163,0.14524968512782108,0.32045477754706064,0.4133505803860163,29377,17395,17395,1739500,100.0,100.0,0.4944608509540558,0.5448838472366333,0.2500607967376709,0.7216275930404663,0.7500765919685364,0.5488988161087036,0.20727099478244781,0.07032714439273535,0.8718759408313101,17395,2683,17395,0,20.0,115.66697942279279,mean,geometric_mean,odvg_phrase_grounding,3.5043965321342303,2.0,3.9912069357315394,iou,0.25,0.25,2.0,True,False,False,True,True,0.1,0.25,0.05,0.25,128,5,True,True,0.05,10,0.3,10,0.0,0.5,1.0,10,True,5,12,0.0,0.1,3,odvg_appended_phrase,4.0,0.25,20,0.5,0.5,1.0,2.0,True,False
epoch,1785405717.940097,30,755.6547702872194,9.751910014474616e-05,9.751910014474616e-05,9.751910014474616e-05,9.751910014474617e-06,9.751910014474616e-05,2.25799560546875,12286,1.460495948791504,1.5950044393539429,0.7975022196769714,0.016840124502778053,0.5532074570655823,0.044706206768751144,0.03379368409514427,0.1351747363805771,0.05733741447329521,0.05733741447329521,0.1351747363805771,0.03379368409514427,1.4479756355285645,0.016291145235300064,0.5298405885696411,0.049996715039014816,0.07170093059539795,0.07170093059539795,,,0.1333591789007187,0.03333979472517967,0.0,0.0,0,0.45,True,True,1.0,2.0,1.0,2.0,0.11597396433353424,0.06305310875177383,0.04097154354699626,0.48520951764986214,14254,333646,29377,347900,0.5,0.13908840249174526,0.3205909384892943,0.4192735813731831,0.5,0.12281716989481567,0.2807979031214896,0.36634101507982436,0.5,0.14953875480818327,0.3246076862851891,0.420294788439936,0.14953875480818327,0.3246076862851891,0.420294788439936,29377,17395,17395,1739500,100.0,100.0,0.5019280314445496,0.5562462210655212,0.26373642683029175,0.7268239855766296,0.7602546215057373,0.5620042681694031,0.21356843411922455,0.07679475051954093,0.8633555742028761,17395,2683,17395,0,20.0,130.0679013747722,mean,geometric_mean,odvg_phrase_grounding,3.5,2.0,4.0,iou,0.25,0.25,2.0,True,False,False,True,True,0.1,0.25,0.05,0.25,128,5,True,True,0.05,10,0.3,10,0.0,0.5,1.0,10,True,5,12,0.0,0.1,3,odvg_appended_phrase,4.0,0.25,20,0.5,0.5,1.0,2.0,True,False
epoch,1785406460.8887987,31,732.3540186700411,9.735798138253937e-05,9.735798138253937e-05,9.735798138253937e-05,9.735798138253938e-06,9.735798138253937e-05,2.248674154281616,12286,1.4553302526474,1.5866854190826416,0.7933427095413208,0.016738206148147583,0.5499767661094666,0.0451577864587307,0.03368664160370827,0.13474656641483307,0.05734438821673393,0.05734438821673393,0.13474656641483307,0.03368664160370827,,,,,,,,,,,,,,,,,,,0.11816834658384323,0.06436749547719955,0.04137683242311009,0.4900091908636008,14395,333505,29377,347900,0.5,0.13820335636722605,0.3230418354495013,0.4235966912891037,0.5,0.12383837696156857,0.28716342717091603,0.37022160193348536,0.5,0.1491302719814821,0.3272968648943051,0.42465193859141503,0.1491302719814821,0.3272968648943051,0.42465193859141503,29377,17395,17395,1739500,100.0,100.0,0.5060910582542419,0.5600066184997559,0.27274084091186523,0.7308802008628845,0.7664499282836914,0.5650678873062134,0.21799366176128387,0.0750586964426126,0.8671687099395583,17395,2683,17395,0,20.0,115.29180629132316,mean,geometric_mean,odvg_phrase_grounding,3.5,2.0,4.0,iou,0.25,0.25,2.0,True,False,False,True,True,0.1,0.25,0.05,0.25,128,5,True,True,0.05,10,0.3,10,0.0,0.5,1.0,10,True,5,12,0.0,0.1,3,odvg_appended_phrase,4.0,0.25,20,0.5,0.5,1.0,2.0,True,False
epoch,1785407201.849631,32,730.1420651222579,9.719194343717051e-05,9.719194343717051e-05,9.719194343717051e-05,9.719194343717051e-06,9.719194343717051e-05,2.240264654159546,12286,1.4499962329864502,1.5805368423461914,0.7902684211730957,0.016387779265642166,0.5485365986824036,0.04504392668604851,0.033664412796497345,0.13465765118598938,0.05670026317238808,0.05670026317238808,0.13465765118598938,0.033664412796497345,,,,,,,,,,,,,,,,,,,0.12068931013345718,0.06635940819978714,0.0417964932451854,0.4949790652551316,14541,333359,29377,347900,0.5,0.14249242604758824,0.32535657146747454,0.4278517207339075,0.5,0.12945501582870952,0.289852605780032,0.3771658099874051,0.5,0.15542771555979168,0.33036048609456375,0.4293494910984784,0.15542771555979168,0.33036048609456375,0.4293494910984784,29377,17395,17395,1739500,100.0,100.0,0.5097641348838806,0.5654182434082031,0.27421072125434875,0.7376323938369751,0.7669265270233154,0.5717397928237915,0.23113319277763367,0.07676072756865993,0.8657418487708493,17395,2683,17395,0,20.0,115.06269370904192,mean,geometric_mean,odvg_phrase_grounding,3.5,2.0,4.0,iou,0.25,0.25,2.0,True,False,False,True,True,0.1,0.25,0.05,0.25,128,5,True,True,0.05,10,0.3,10,0.0,0.5,1.0,10,True,5,12,0.0,0.1,3,odvg_appended_phrase,4.0,0.25,20,0.5,0.5,1.0,2.0,True,False
epoch,1785407934.9071603,33,722.4601555280387,9.702100451657131e-05,9.702100451657131e-05,9.702100451657131e-05,9.702100451657132e-06,9.702100451657131e-05,2.2233362197875977,12286,1.4391191005706787,1.5684394836425781,0.7842197418212891,0.016492046415805817,0.5467464923858643,0.04356122761964798,0.03373632952570915,0.1349453181028366,0.055343084037303925,0.055343084037303925,0.1349453181028366,0.03373632952570915,,,,,,,,,,,,,,,,,,,0.12337727099657059,0.06788205355405807,0.04220753089968382,0.49984681893998706,14684,333216,29377,347900,0.5,0.14337747217210742,0.3309051298634987,0.43292371583211353,0.5,0.13313136126901998,0.2949246008782381,0.3827484086189876,0.5,0.15668720427545357,0.33342410729482247,0.43394492289886644,0.15668720427545357,0.33342410729482247,0.43394492289886644,29377,17395,17395,1739500,100.0,100.0,0.5121461153030396,0.5686931610107422,0.2769875228404999,0.7386766672134399,0.7691391110420227,0.574020504951477,0.23252885043621063,0.07417368601148999,0.8707821665399217,17395,2683,17395,0,20.0,110.63693737098947,mean,geometric_mean,odvg_phrase_grounding,3.5,2.0,4.0,iou,0.25,0.25,2.0,True,False,False,True,True,0.1,0.25,0.05,0.25,128,5,True,True,0.05,10,0.3,10,0.0,0.5,1.0,10,True,5,12,0.0,0.1,3,odvg_appended_phrase,4.0,0.25,20,0.5,0.5,1.0,2.0,True,False
epoch,1785408687.2338936,34,741.2536766179837,9.684518336612076e-05,9.684518336612076e-05,9.684518336612076e-05,9.684518336612077e-06,9.684518336612076e-05,2.212606430053711,12286,1.4297089576721191,1.565789818763733,0.7828949093818665,0.01604558899998665,0.541170060634613,0.04437151551246643,0.03351004421710968,0.13404017686843872,0.05567273497581482,0.05567273497581482,0.13404017686843872,0.03351004421710968,,,,,,,,,,,,,,,,,,,0.1252577304840088,0.06866217404603958,0.04285714285714286,0.5075399121761922,14910,332990,29377,347900,0.5,0.14358171358545802,0.33138169316131666,0.43799571093031964,0.5,0.1354120570514348,0.30251557340776797,0.3904074616196344,0.5,0.15791265275555708,0.3365217687306396,0.4396636824726827,0.15791265275555708,0.3365217687306396,0.4396636824726827,29377,17395,17395,1739500,100.0,100.0,0.5151153206825256,0.5717335343360901,0.284444659948349,0.7416651248931885,0.7752323150634766,0.5780372619628906,0.23525206744670868,0.07049734978669842,0.8780401291997949,17395,2683,17395,0,20.0,123.02253899723291,mean,geometric_mean,odvg_phrase_grounding,3.5,2.0,4.0,iou,0.25,0.25,2.0,True,False,False,True,True,0.1,0.25,0.05,0.25,128,5,True,True,0.05,10,0.3,10,0.0,0.5,1.0,10,True,5,12,0.0,0.1,3,odvg_appended_phrase,4.0,0.25,20,0.5,0.5,1.0,2.0,True,False
epoch,1785409442.1302178,35,742.9483582261018,9.666449926658933e-05,9.666449926658933e-05,9.666449926658933e-05,9.666449926658932e-06,9.666449926658933e-05,2.200802803039551,12286,1.4213509559631348,1.558905839920044,0.779452919960022,0.015751810744404793,0.5359045267105103,0.045180417597293854,0.03357045724987984,0.13428182899951935,0.05563385412096977,0.05563385412096977,0.13428182899951935,0.03357045724987984,1.4107978343963623,0.015242695808410645,0.511406421661377,0.051479488611221313,0.07005903869867325,0.07005903869867325,,,0.13321039080619812,0.03330259770154953,0.0,0.0,0,0.45,True,True,1.0,2.0,1.0,2.0,0.12796752154827118,0.07022484391927719,0.043305547571141134,0.5128501889233074,15066,332834,29377,347900,0.5,0.1486537086836641,0.3346835960104844,0.44167205637063006,0.5,0.14160737992306907,0.3109235115907002,0.40218538312285124,0.5,0.16465261939612622,0.3389045852197297,0.4438506314463696,0.16465261939612622,0.3389045852197297,0.4438506314463696,29377,17395,17395,1739500,100.0,100.0,0.5198822021484375,0.5804184675216675,0.29232195019721985,0.7457724213600159,0.7772406935691833,0.5862409472465515,0.2427409142255783,0.07339075832324415,0.8748112722798623,17395,2683,17395,0,20.0,131.74171937303618,mean,geometric_mean,odvg_phrase_grounding,3.5,2.0,4.0,iou,0.25,0.25,2.0,True,False,False,True,True,0.1,0.25,0.05,0.25,128,5,True,True,0.05,10,0.3,10,0.0,0.5,1.0,10,True,5,12,0.0,0.1,3,odvg_appended_phrase,4.0,0.25,20,0.5,0.5,1.0,2.0,True,False
epoch,1785410190.7680433,36,736.7588821719401,9.647897203202462e-05,9.647897203202462e-05,9.647897203202462e-05,9.647897203202463e-06,9.647897203202462e-05,2.193812847137451,12286,1.4170490503311157,1.553525686264038,0.776762843132019,0.015420806594192982,0.5321679711341858,0.0462312251329422,0.03348146006464958,0.13392584025859833,0.05549536272883415,0.05549536272883415,0.13392584025859833,0.03348146006464958,,,,,,,,,,,,,,,,,,,0.12793567776679993,0.07114440202713013,0.043791319344639264,0.5186029887326821,15235,332665,29377,347900,0.5,0.14875582939033938,0.3364877284950812,0.44534840181094054,0.5,0.1405180923851993,0.31184259795077784,0.404227797256357,0.5,0.16308676856043844,0.34142356265105356,0.4471865745310958,0.16308676856043844,0.34142356265105356,0.4471865745310958,29377,17395,17395,1739500,100.0,100.0,0.525503933429718,0.5868195295333862,0.3000728487968445,0.7514422535896301,0.7823467254638672,0.5927766561508179,0.25172755122184753,0.0741736674181358,0.8748708022684617,17395,2683,17395,0,20.0,114.14781829481944,mean,geometric_mean,odvg_phrase_grounding,3.5,2.0,4.0,iou,0.25,0.25,2.0,True,False,False,True,True,0.1,0.25,0.05,0.25,128,5,True,True,0.05,10,0.3,10,0.0,0.5,1.0,10,True,5,12,0.0,0.1,3,odvg_appended_phrase,4.0,0.25,20,0.5,0.5,1.0,2.0,True,False
epoch,1785410921.1893651,37,725.3051454210654,9.628862200757866e-05,9.628862200757866e-05,9.628862200757866e-05,9.628862200757865e-06,9.628862200757866e-05,2.1835811138153076,12286,1.4093550443649292,1.5484482049942017,0.7742241024971008,0.015325406566262245,0.5303270816802979,0.04549189656972885,0.03347131609916687,0.13388526439666748,0.055186159908771515,0.055186159908771515,0.13388526439666748,0.03347131609916687,,,,,,,,,,,,,,,,,,,0.1296849399805069,0.07212474942207336,0.04413337165852256,0.5226537767641352,15354,332546,29377,347900,0.5,0.14977703645709228,0.3427511318378323,0.45113524185587367,0.5,0.1432413112298737,0.32025053613371,0.4142696667460939,0.5,0.1648568608094768,0.3481294890560643,0.4531095755182626,0.1648568608094768,0.3481294890560643,0.4531095755182626,29377,17395,17395,1739500,100.0,100.0,0.5278481245040894,0.5883779525756836,0.3059147894382477,0.7535227537155151,0.7887803316116333,0.5945127010345459,0.25547197461128235,0.07185892427041074,0.879129707161235,17395,2683,17395,0,20.0,110.58771611610427,mean,geometric_mean,odvg_phrase_grounding,3.5,2.0,4.0,iou,0.25,0.25,2.0,True,False,False,True,True,0.1,0.25,0.05,0.25,128,5,True,True,0.05,10,0.3,10,0.0,0.5,1.0,10,True,5,12,0.0,0.1,3,odvg_appended_phrase,4.0,0.25,20,0.5,0.5,1.0,2.0,True,False
epoch,1785411658.860111,38,725.9010012969375,9.609347006727664e-05,9.609347006727664e-05,9.609347006727664e-05,9.609347006727664e-06,9.609347006727664e-05,2.1663544178009033,12286,1.3984789848327637,1.5357469320297241,0.7678734660148621,0.01496899500489235,0.5263676047325134,0.04518597945570946,0.03344718739390373,0.13378874957561493,0.05512218177318573,0.05512218177318573,0.13378874957561493,0.03344718739390373,,,,,,,,,,,,,,,,,,,0.13204024732112885,0.07302273064851761,0.04420523138832998,0.523504782653096,15379,332521,29377,347900,0.5,0.1534193416618443,0.3451339483269224,0.45637743813187187,0.5,0.14644109337236613,0.3216461857916057,0.41345270109269155,0.5,0.16761411988970965,0.35299724274091976,0.4578752084964428,0.16761411988970965,0.35299724274091976,0.4578752084964428,29377,17395,17395,1739500,100.0,100.0,0.5296492576599121,0.5894865393638611,0.3111423850059509,0.7541453838348389,0.7906185388565063,0.5931851267814636,0.25802499055862427,0.06968034412836766,0.8825318758303279,17395,2683,17395,0,20.0,114.17026798520237,mean,geometric_mean,odvg_phrase_grounding,3.5,2.0,4.0,iou,0.25,0.25,2.0,True,False,False,True,True,0.1,0.25,0.05,0.25,128,5,True,True,0.05,10,0.3,10,0.0,0.5,1.0,10,True,5,12,0.0,0.1,3,odvg_appended_phrase,4.0,0.25,20,0.5,0.5,1.0,2.0,True,False
epoch,1785412397.976626,39,727.4416648899205,9.589353761172797e-05,9.589353761172797e-05,9.589353761172797e-05,9.589353761172797e-06,9.589353761172797e-05,2.1540732383728027,12286,1.390716791152954,1.526709794998169,0.7633548974990845,0.014780748635530472,0.5214275121688843,0.045848529785871506,0.03339269757270813,0.13357079029083252,0.05526888370513916,0.05526888370513916,0.13357079029083252,0.03339269757270813,,,,,,,,,,,,,,,,,,,0.13273830711841583,0.07333698123693466,0.04452428858867491,0.5272832488000817,15490,332410,29377,347900,0.5,0.15290873812846784,0.34595091398032474,0.4567518807230146,0.5,0.14637301290124927,0.322224869796099,0.41447390815944446,0.5,0.1687034074275794,0.35299724274091976,0.458521972972053,0.1687034074275794,0.35299724274091976,0.458521972972053,29377,17395,17395,1739500,100.0,100.0,0.5326878428459167,0.5928330421447754,0.31629037857055664,0.7577096223831177,0.7934438586235046,0.6006399393081665,0.26405009627342224,0.0733566905080848,0.8778691097488804,17395,2683,17395,0,20.0,111.36188390990719,mean,geometric_mean,odvg_phrase_grounding,3.5,2.0,4.0,iou,0.25,0.25,2.0,True,False,False,True,True,0.1,0.25,0.05,0.25,128,5,True,True,0.05,10,0.3,10,0.0,0.5,1.0,10,True,5,12,0.0,0.1,3,odvg_appended_phrase,4.0,0.25,20,0.5,0.5,1.0,2.0,True,False
epoch,1785413159.8729587,40,748.2576666087843,9.568884656577947e-05,9.568884656577947e-05,9.568884656577947e-05,9.568884656577947e-06,9.568884656577947e-05,2.1479220390319824,12286,1.3863633871078491,1.5231174230575562,0.7615587115287781,0.01462265569716692,0.5193933844566345,0.04612145200371742,0.03345837816596031,0.13383351266384125,0.05447573587298393,0.05447573587298393,0.13383351266384125,0.03345837816596031,1.3785426616668701,0.014351097866892815,0.49758556485176086,0.05170696973800659,0.0685749426484108,0.0685749426484108,,,0.13255438208580017,0.03313859552145004,0.0,0.0,0,0.45,True,True,1.0,2.0,1.0,2.0,0.13390794396400452,0.07371927052736282,0.04520551882724921,0.5353507846274296,15727,332173,29377,347900,0.5,0.15440650849303877,0.3518739149674916,0.4641045716036355,0.5,0.14936855363039112,0.3260033359430847,0.4223031623378834,0.5,0.17009905708547504,0.3581373183102427,0.46519385914150524,0.17009905708547504,0.3581373183102427,0.46519385914150524,29377,17395,17395,1739500,100.0,100.0,0.5356290340423584,0.5965473651885986,0.3187255263328552,0.7584028244018555,0.7963712811470032,0.6104435324668884,0.2651394009590149,0.07509274783945885,0.8769865780443303,17395,2683,17395,0,20.0,132.7555425139144,mean,geometric_mean,odvg_phrase_grounding,3.5,2.0,4.0,iou,0.25,0.25,2.0,True,False,False,True,True,0.1,0.25,0.05,0.25,128,5,True,True,0.05,10,0.3,10,0.0,0.5,1.0,10,True,5,12,0.0,0.1,3,odvg_appended_phrase,4.0,0.25,20,0.5,0.5,1.0,2.0,True,False
epoch,1785413905.5323715,41,731.5929619777016,9.547941937611096e-05,9.547941937611096e-05,9.547941937611096e-05,9.547941937611096e-06,9.547941937611096e-05,2.1368229389190674,12286,1.378775954246521,1.5160921812057495,0.7580460906028748,0.014556242153048515,0.5178946852684021,0.04532122239470482,0.03325517475605011,0.13302069902420044,0.05400092899799347,0.05400092899799347,0.13302069902420044,0.03325517475605011,,,,,,,,,,,,,,,,,,,0.13500478863716125,0.0749964788556099,0.04550445530324806,0.5388909691255064,15831,332069,29377,347900,0.5,0.15508731320420738,0.35061442625182965,0.4682915205773224,0.5,0.15021955951935187,0.3295435204411615,0.42444769717806446,0.5,0.17020117779215033,0.3583755999591517,0.4703679749463866,0.17020117779215033,0.3583755999591517,0.4703679749463866,29377,17395,17395,1739500,100.0,100.0,0.5379878282546997,0.6010769009590149,0.3206994831562042,0.7617420554161072,0.7944650650024414,0.6084351539611816,0.2701433002948761,0.06954418483567526,0.8856999231834126,17395,2683,17395,0,20.0,113.80410067597404,mean,geometric_mean,odvg_phrase_grounding,3.5,2.0,4.0,iou,0.25,0.25,2.0,True,False,False,True,True,0.1,0.25,0.05,0.25,128,5,True,True,0.05,10,0.3,10,0.0,0.5,1.0,10,True,5,12,0.0,0.1,3,odvg_appended_phrase,4.0,0.25,20,0.5,0.5,1.0,2.0,True,False
epoch,1785414643.1547363,42,726.886250779964,9.526527900877382e-05,9.526527900877382e-05,9.526527900877382e-05,9.526527900877383e-06,9.526527900877382e-05,2.1226515769958496,12286,1.3687244653701782,1.5078538656234741,0.7539269328117371,0.014128552749752998,0.5120171904563904,0.04590936750173569,0.0333079993724823,0.1332319974899292,0.05462135002017021,0.05462135002017021,0.1332319974899292,0.0333079993724823,,,,,,,,,,,,,,,,,,,0.1370430886745453,0.07552896440029144,0.04590974417936189,0.543690642339245,15972,331928,29377,347900,0.5,0.1561425605065187,0.35388228886543893,0.47064029683085407,0.5,0.15202369200394866,0.33141573339687513,0.42601354801375224,0.5,0.17224359192565614,0.3623923477550465,0.4720699867243081,0.17224359192565614,0.3623923477550465,0.4720699867243081,29377,17395,17395,1739500,100.0,100.0,0.5409342050552368,0.6014816164970398,0.32820558547973633,0.7636650204658508,0.7989243268966675,0.613098680973053,0.27460259199142456,0.06940803863380796,0.8867914076676042,17395,2683,17395,0,20.0,112.37035581469536,mean,geometric_mean,odvg_phrase_grounding,3.5,2.0,4.0,iou,0.25,0.25,2.0,True,False,False,True,True,0.1,0.25,0.05,0.25,128,5,True,True,0.05,10,0.3,10,0.0,0.5,1.0,10,True,5,12,0.0,0.1,3,odvg_appended_phrase,4.0,0.25,20,0.5,0.5,1.0,2.0,True,False
epoch,1785415391.3240952,43,733.648762607947,9.504644894667249e-05,9.504644894667249e-05,9.504644894667249e-05,9.50464489466725e-06,9.504644894667249e-05,2.1146976947784424,12286,1.3637855052947998,1.5018208026885986,0.7509104013442993,0.014291854575276375,0.513116717338562,0.04455806314945221,0.03336988762021065,0.1334795504808426,0.05274862423539162,0.05274862423539162,0.1334795504808426,0.03336988762021065,,,,,,,,,,,,,,,,,,,0.1386517435312271,0.07715725153684616,0.04610232825524576,0.5459713381216598,16039,331861,29377,347900,0.5,0.15791265275555708,0.3561970248834122,0.47401028015113866,0.5,0.15440650849303877,0.3341049120059911,0.42999625557408855,0.5,0.1730945978146169,0.36562617013309734,0.47537188957347587,0.1730945978146169,0.36562617013309734,0.47537188957347587,29377,17395,17395,1739500,100.0,100.0,0.5424373745918274,0.6034904718399048,0.33074265718460083,0.7658538818359375,0.8006603717803955,0.6150049567222595,0.27960649132728577,0.06903361860059976,0.8877511183511065,17395,2683,17395,0,20.0,116.96718309493735,mean,geometric_mean,odvg_phrase_grounding,3.5,2.0,4.0,iou,0.25,0.25,2.0,True,False,False,True,True,0.1,0.25,0.05,0.25,128,5,True,True,0.05,10,0.3,10,0.0,0.5,1.0,10,True,5,12,0.0,0.1,3,odvg_appended_phrase,4.0,0.25,20,0.5,0.5,1.0,2.0,True,False
epoch,1785416127.9493692,44,725.2305507650599,9.482295318698925e-05,9.482295318698925e-05,9.482295318698925e-05,9.482295318698927e-06,9.482295318698925e-05,2.1011269092559814,12286,1.3540232181549072,1.4942063093185425,0.7471031546592712,0.013949736021459103,0.5083423852920532,0.04471098259091377,0.03333452716469765,0.1333381086587906,0.053134821355342865,0.053134821355342865,0.1333381086587906,0.03333452716469765,,,,,,,,,,,,,,,,,,,0.14210417866706848,0.07900191843509674,0.04679218166139695,0.554140994655683,16279,331621,29377,347900,0.5,0.15699356639547946,0.359192565612554,0.4780610681825918,0.5,0.15321510024849372,0.33485379718827657,0.43469380808115193,0.5,0.17319671852129218,0.36998332028457637,0.4804438846716819,0.17319671852129218,0.36998332028457637,0.4804438846716819,29377,17395,17395,1739500,100.0,100.0,0.5449844002723694,0.60823655128479,0.3326073884963989,0.7688027024269104,0.8025326132774353,0.6202471256256104,0.2836572825908661,0.06610613096992735,0.8934196899288335,17395,2683,17395,0,20.0,111.37496999185532,mean,geometric_mean,odvg_phrase_grounding,3.5,2.0,4.0,iou,0.25,0.25,2.0,True,False,False,True,True,0.1,0.25,0.05,0.25,128,5,True,True,0.05,10,0.3,10,0.0,0.5,1.0,10,True,5,12,0.0,0.1,3,odvg_appended_phrase,4.0,0.25,20,0.5,0.5,1.0,2.0,True,False
epoch,1785416891.3414927,45,751.2030458729714,9.459481623855274e-05,9.459481623855274e-05,9.459481623855274e-05,9.459481623855274e-06,9.459481623855274e-05,2.094010591506958,12286,1.3490023612976074,1.490017056465149,0.7450085282325745,0.013985466212034225,0.5082226395606995,0.04383787140250206,0.03328278660774231,0.13313114643096924,0.05226514860987663,0.05226514860987663,0.13313114643096924,0.03328278660774231,1.3495510816574097,0.014062217436730862,0.4884570837020874,0.05021967366337776,0.06596952676773071,0.06596952676773071,,,0.13323959708213806,0.033309899270534515,0.0,0.0,0,0.45,True,True,1.0,2.0,1.0,2.0,0.14519384503364563,0.08080745488405228,0.04711123886174188,0.5579194608026687,16390,331510,29377,347900,0.5,0.15944446335568643,0.3635497157640331,0.4833373046941485,0.5,0.15757225039997277,0.3433978963134425,0.44208053919733126,0.5,0.17714538584607006,0.3734213840759778,0.485277598120979,0.17714538584607006,0.3734213840759778,0.485277598120979,29377,17395,17395,1739500,100.0,100.0,0.5473948121070862,0.6131908297538757,0.3352997899055481,0.7716683745384216,0.8041664958000183,0.6248766183853149,0.29182693362236023,0.0669571575826462,0.8928473948094523,17395,2683,17395,0,20.0,138.44899872830138,mean,geometric_mean,odvg_phrase_grounding,3.5,2.0,4.0,iou,0.25,0.25,2.0,True,False,False,True,True,0.1,0.25,0.05,0.25,128,5,True,True,0.05,10,0.3,10,0.0,0.5,1.0,10,True,5,12,0.0,0.1,3,odvg_appended_phrase,4.0,0.25,20,0.5,0.5,1.0,2.0,True,False
epoch,1785417629.2934575,46,725.2627722360194,9.436206311915018e-05,9.436206311915018e-05,9.436206311915018e-05,9.436206311915018e-06,9.436206311915018e-05,2.0922434329986572,12286,1.3488975763320923,1.4866892099380493,0.7433446049690247,0.013881852850317955,0.5061690807342529,0.044872574508190155,0.033299632370471954,0.13319852948188782,0.05204548314213753,0.05204548314213753,0.13319852948188782,0.033299632370471954,,,,,,,,,,,,,,,,,,,0.14362698793411255,0.07951872795820236,0.047450416786432886,0.5619362085985635,16508,331392,29377,347900,0.5,0.16165707866698437,0.36055417503489123,0.4854137590632127,0.5,0.1558021581509344,0.3381897402730027,0.43779146951696907,0.5,0.1784389147972904,0.37063008476018655,0.4866732477788746,0.1784389147972904,0.37063008476018655,0.4866732477788746,29377,17395,17395,1739500,100.0,100.0,0.5478190183639526,0.6108812093734741,0.340084969997406,0.7724915742874146,0.8049494624137878,0.6245702505111694,0.28862714767456055,0.06263404191260591,0.8997165781409792,17395,2683,17395,0,20.0,110.80853637401015,mean,geometric_mean,odvg_phrase_grounding,3.5,2.0,4.0,iou,0.25,0.25,2.0,True,False,False,True,True,0.1,0.25,0.05,0.25,128,5,True,True,0.05,10,0.3,10,0.0,0.5,1.0,10,True,5,12,0.0,0.1,3,odvg_appended_phrase,4.0,0.25,20,0.5,0.5,1.0,2.0,True,False
epoch,1785418366.8607044,47,731.6999247032218,9.412471935278405e-05,9.412471935278405e-05,9.412471935278405e-05,9.412471935278406e-06,9.412471935278405e-05,2.0738255977630615,12286,1.3351430892944336,1.477364420890808,0.738682210445404,0.013684260658919811,0.5018355250358582,0.04401504248380661,0.03327891603112221,0.13311566412448883,0.05155797675251961,0.05155797675251961,0.13311566412448883,0.03327891603112221,,,,,,,,,,,,,,,,,,,0.1474204957485199,0.08159520477056503,0.04785570566254671,0.5667358818123022,16649,331251,29377,347900,0.5,0.1622698029070361,0.3633454743506825,0.4890560642679647,0.5,0.15845729652449195,0.3394492289886646,0.43928923988154,0.5,0.17976648398406916,0.3737617864315621,0.4908261565170031,0.17976648398406916,0.3737617864315621,0.4908261565170031,29377,17395,17395,1739500,100.0,100.0,0.5513363480567932,0.616581380367279,0.34567990899086,0.7733425498008728,0.8098852634429932,0.630323052406311,0.2931545078754425,0.06358717059400887,0.8991197127389526,17395,2683,17395,0,20.0,110.65576589200646,mean,geometric_mean,odvg_phrase_grounding,3.5,2.0,4.0,iou,0.25,0.25,2.0,True,False,False,True,True,0.1,0.25,0.05,0.25,128,5,True,True,0.05,10,0.3,10,0.0,0.5,1.0,10,True,5,12,0.0,0.1,3,odvg_appended_phrase,4.0,0.25,20,0.5,0.5,1.0,2.0,True,False
epoch,1785419107.9400182,48,731.0546563426033,9.388281096687294e-05,9.388281096687294e-05,9.388281096687294e-05,9.388281096687294e-06,9.388281096687294e-05,2.0583081245422363,12286,1.3252161741256714,1.4661861658096313,0.7330930829048157,0.013341100886464119,0.4969150125980377,0.04427684471011162,0.03309766948223114,0.13239067792892456,0.05173473060131073,0.05173473060131073,0.13239067792892456,0.03309766948223114,,,,,,,,,,,,,,,,,,,0.1494271159172058,0.0830962210893631,0.04818051164127623,0.5705824284304047,16762,331138,29377,347900,0.5,0.16070395207134833,0.3704939238179528,0.49508118596180684,0.5,0.15855941723116723,0.3476188855226878,0.4467780917043946,0.5,0.17796235149947237,0.3810804370766246,0.4963747149130272,0.17796235149947237,0.3810804370766246,0.4963747149130272,29377,17395,17395,1739500,100.0,100.0,0.552978515625,0.6192049980163574,0.34496763348579407,0.7733067274093628,0.8099874258041382,0.6331824064254761,0.2950267195701599,0.06259997799507133,0.901134369243661,17395,2683,17395,0,20.0,116.54117349302396,mean,geometric_mean,odvg_phrase_grounding,3.5,2.0,4.0,iou,0.25,0.25,2.0,True,False,False,True,True,0.1,0.25,0.05,0.25,128,5,True,True,0.05,10,0.3,10,0.0,0.5,1.0,10,True,5,12,0.0,0.1,3,odvg_appended_phrase,4.0,0.25,20,0.5,0.5,1.0,2.0,True,False
epoch,1785419847.6680477,49,727.0348760769702,9.36363644893974e-05,9.36363644893974e-05,9.36363644893974e-05,9.36363644893974e-06,9.36363644893974e-05,2.0591390132904053,12286,1.3255336284637451,1.4672142267227173,0.7336071133613586,0.013282284140586853,0.4950629472732544,0.04543379321694374,0.03308062627911568,0.1323225051164627,0.051229871809482574,0.051229871809482574,0.1323225051164627,0.03308062627911568,,,,,,,,,,,,,,,,,,,0.14891499280929565,0.08301258087158203,0.04815464213854556,0.5702760663103789,16753,331147,29377,347900,0.5,0.16175919937365968,0.36960887769343365,0.4927664499438336,0.5,0.16155495796030908,0.3484698914116486,0.44773121830003065,0.5,0.1792558804506927,0.38084215542771555,0.49501310549069,0.1792558804506927,0.38084215542771555,0.49501310549069,29377,17395,17395,1739500,100.0,100.0,0.5560486912727356,0.6219629049301147,0.35216936469078064,0.7775614261627197,0.8105660676956177,0.6352588534355164,0.3003369867801666,0.0649827871251375,0.897706601374059,17395,2683,17395,0,20.0,111.58330435212702,mean,geometric_mean,odvg_phrase_grounding,3.5,2.0,4.0,iou,0.25,0.25,2.0,True,False,False,True,True,0.1,0.25,0.05,0.25,128,5,True,True,0.05,10,0.3,10,0.0,0.5,1.0,10,True,5,12,0.0,0.1,3,odvg_appended_phrase,4.0,0.25,20,0.5,0.5,1.0,2.0,True,False
epoch,1785420596.6155024,50,743.4663722687401,9.338540694599092e-05,9.338540694599092e-05,9.338540694599092e-05,9.338540694599092e-06,9.338540694599092e-05,2.0498127937316895,12286,1.3189071416854858,1.461811900138855,0.7309059500694275,0.013148732483386993,0.4932102560997009,0.04487995430827141,0.03306633606553078,0.1322653442621231,0.051303766667842865,0.051303766667842865,0.1322653442621231,0.03306633606553078,1.3273755311965942,0.01346758846193552,0.4792250990867615,0.050312645733356476,0.06434006243944168,0.06434006243944168,,,0.13302215933799744,0.03325553983449936,0.0,0.0,0,0.45,True,True,1.0,2.0,1.0,2.0,0.15102460980415344,0.08392877131700516,0.04855705662546709,0.5750416992885591,16893,331007,29377,347900,0.5,0.16216768220036082,0.3730469414848351,0.49644279538414404,0.5,0.162814446675971,0.34979746059842737,0.4548456275317425,0.5,0.1796984035129523,0.38482486298805185,0.49746400245089695,0.1796984035129523,0.38482486298805185,0.49746400245089695,29377,17395,17395,1739500,100.0,100.0,0.5565067529678345,0.6223379969596863,0.35555484890937805,0.7770267128944397,0.8142083883285522,0.6375395655632019,0.299111545085907,0.06249786627464282,0.9019702154180309,17395,2683,17395,0,20.0,130.8334183911793,mean,geometric_mean,odvg_phrase_grounding,3.5,2.0,4.0,iou,0.25,0.25,2.0,True,False,False,True,True,0.1,0.25,0.05,0.25,128,5,True,True,0.05,10,0.3,10,0.0,0.5,1.0,10,True,5,12,0.0,0.1,3,odvg_appended_phrase,4.0,0.25,20,0.5,0.5,1.0,2.0,True,False
epoch,1785421344.0319276,51,732.5121730361134,9.312996585697615e-05,9.312996585697615e-05,9.312996585697615e-05,9.312996585697616e-06,9.312996585697615e-05,2.0357916355133057,12286,1.309476613998413,1.452633023262024,0.726316511631012,0.01303627248853445,0.4892224967479706,0.04474163055419922,0.03303702175617218,0.13214808702468872,0.0508955754339695,0.0508955754339695,0.13214808702468872,0.03303702175617218,,,,,,,,,,,,,,,,,,,0.15262052416801453,0.08420738577842712,0.04857142857142857,0.5752119004663512,16898,331002,29377,347900,0.5,0.16421009633386663,0.3767573271607039,0.4986894509310004,0.5,0.16414201586274976,0.3534738060387378,0.4535520985805222,0.5,0.18201313953092554,0.387922524423869,0.5009020662422984,0.18201313953092554,0.387922524423869,0.5009020662422984,29377,17395,17395,1739500,100.0,100.0,0.5573798418045044,0.6236857771873474,0.35558179020881653,0.7768515944480896,0.8157742619514465,0.6377438306808472,0.3005412518978119,0.06253193021449599,0.901948200505934,17395,2683,17395,0,20.0,116.64868077123538,mean,geometric_mean,odvg_phrase_grounding,3.5,2.0,4.0,iou,0.25,0.25,2.0,True,False,False,True,True,0.1,0.25,0.05,0.25,128,5,True,True,0.05,10,0.3,10,0.0,0.5,1.0,10,True,5,12,0.0,0.1,3,odvg_appended_phrase,4.0,0.25,20,0.5,0.5,1.0,2.0,True,False
epoch,1785422079.53681,52,723.5963257672265,9.287006923434707e-05,9.287006923434707e-05,9.287006923434707e-05,9.287006923434707e-06,9.287006923434707e-05,2.0282578468322754,12286,1.3047884702682495,1.4469382762908936,0.7234691381454468,0.012873362749814987,0.4864307940006256,0.045188985764980316,0.0330752432346344,0.1323009729385376,0.05049853399395943,0.05049853399395943,0.1323009729385376,0.0330752432346344,,,,,,,,,,,,,,,,,,,0.15338769555091858,0.08490670472383499,0.048899108939350386,0.5790924873200123,17012,330888,29377,347900,0.5,0.16438029751165878,0.3795145862409368,0.5007659053000647,0.5,0.1658780678762297,0.35633318582564594,0.45794328896755965,0.5,0.18163869693978282,0.3920073526908806,0.5024338768424278,0.18163869693978282,0.3920073526908806,0.5024338768424278,29377,17395,17395,1739500,100.0,100.0,0.5606956481933594,0.6277896761894226,0.3616502285003662,0.7784225344657898,0.8189740180969238,0.6429519653320312,0.3030261695384979,0.06385947801201897,0.9006776844067335,17395,2683,17395,0,20.0,109.13184124790132,mean,geometric_mean,odvg_phrase_grounding,3.5,2.0,4.0,iou,0.25,0.25,2.0,True,False,False,True,True,0.1,0.25,0.05,0.25,128,5,True,True,0.05,10,0.3,10,0.0,0.5,1.0,10,True,5,12,0.0,0.1,3,odvg_appended_phrase,4.0,0.25,20,0.5,0.5,1.0,2.0,True,False
epoch,1785422823.6892126,53,732.7324205520563,9.26057455786971e-05,9.26057455786971e-05,9.26057455786971e-05,9.26057455786971e-06,9.26057455786971e-05,2.0175318717956543,12286,1.2978734970092773,1.4393155574798584,0.7196577787399292,0.012652979232370853,0.4822019934654236,0.04567581042647362,0.03292149677872658,0.1316859871149063,0.05105094984173775,0.05105094984173775,0.1316859871149063,0.03292149677872658,,,,,,,,,,,,,,,,,,,0.15692585706710815,0.08683986216783524,0.049344639264156366,0.5843687238315689,17167,330733,29377,347900,0.5,0.16649079211628146,0.3813867991966504,0.5053953773360111,0.5,0.1684651257786704,0.35898832419920346,0.4607345882833509,0.5,0.18480443884671682,0.39384552541103585,0.507676073118426,0.18480443884671682,0.39384552541103585,0.507676073118426,29377,17395,17395,1739500,100.0,100.0,0.5637885928153992,0.6315144300460815,0.36325803399086,0.7823556661605835,0.8211185336112976,0.6485005021095276,0.31140008568763733,0.06413177827795868,0.9011075888617782,17395,2683,17395,0,20.0,118.07946538785473,mean,geometric_mean,odvg_phrase_grounding,3.5,2.0,4.0,iou,0.25,0.25,2.0,True,False,False,True,True,0.1,0.25,0.05,0.25,128,5,True,True,0.05,10,0.3,10,0.0,0.5,1.0,10,True,5,12,0.0,0.1,3,odvg_appended_phrase,4.0,0.25,20,0.5,0.5,1.0,2.0,True,False
epoch,1785423562.2840846,54,728.567009603139,9.233702387609375e-05,9.233702387609375e-05,9.233702387609375e-05,9.233702387609376e-06,9.233702387609375e-05,2.009899616241455,12286,1.2904820442199707,1.438836693763733,0.7194183468818665,0.01253511756658554,0.478627473115921,0.045750632882118225,0.032802678644657135,0.13121071457862854,0.05111182853579521,0.05111182853579521,0.13121071457862854,0.032802678644657135,,,,,,,,,,,,,,,,,,,0.15815411508083344,0.086997851729393,0.04939637826961771,0.5849814480716207,17185,330715,29377,347900,0.5,0.16781836130306022,0.3810123566055077,0.5054974980426865,0.5,0.16945229260986486,0.36337951458624096,0.4624706402968309,0.5,0.18691493345133947,0.393300881642101,0.5072675902917249,0.18691493345133947,0.393300881642101,0.5072675902917249,29377,17395,17395,1739500,100.0,100.0,0.5668548941612244,0.6331745386123657,0.37182295322418213,0.7840942740440369,0.8249991536140442,0.6533342599868774,0.31381693482398987,0.06835281191525677,0.8953784974989224,17395,2683,17395,0,20.0,111.84581728093326,mean,geometric_mean,odvg_phrase_grounding,3.5,2.0,4.0,iou,0.25,0.25,2.0,True,False,False,True,True,0.1,0.25,0.05,0.25,128,5,True,True,0.05,10,0.3,10,0.0,0.5,1.0,10,True,5,12,0.0,0.1,3,odvg_appended_phrase,4.0,0.25,20,0.5,0.5,1.0,2.0,True,False
epoch,1785424317.6321313,55,745.0045732539147,9.206393359489994e-05,9.206393359489994e-05,9.206393359489994e-05,9.206393359489995e-06,9.206393359489994e-05,2.0074942111968994,12286,1.2883650064468384,1.4382580518722534,0.7191290259361267,0.01247218158096075,0.47783327102661133,0.045705970376729965,0.03290491923689842,0.1316196769475937,0.050798289477825165,0.050798289477825165,0.1316196769475937,0.03290491923689842,1.308726191520691,0.013058376498520374,0.46973347663879395,0.05102391541004181,0.0639033392071724,0.0639033392071724,,,0.13265377283096313,0.033163443207740784,0.0,0.0,0,0.45,True,True,1.0,2.0,1.0,2.0,0.15939635038375854,0.08778233081102371,0.049370508766887033,0.5846750859515948,17176,330724,29377,347900,0.5,0.16764816012526806,0.3846887020458182,0.5108077747898015,0.5,0.17023521802770875,0.3619838649283453,0.46417265207475233,0.5,0.1868128127446642,0.3977601525002553,0.5123395853899309,0.1868128127446642,0.3977601525002553,0.5123395853899309,29377,17395,17395,1739500,100.0,100.0,0.56923508644104,0.6359148621559143,0.3757156431674957,0.7846699357032776,0.8265650272369385,0.6547299027442932,0.3181059956550598,0.07005481679269843,0.8930019592826531,17395,2683,17395,0,20.0,127.82375022396445,mean,geometric_mean,odvg_phrase_grounding,3.5,2.0,4.0,iou,0.25,0.25,2.0,True,False,False,True,True,0.1,0.25,0.05,0.25,128,5,True,True,0.05,10,0.3,10,0.0,0.5,1.0,10,True,5,12,0.0,0.1,3,odvg_appended_phrase,4.0,0.25,20,0.5,0.5,1.0,2.0,True,False
epoch,1785425053.7196732,56,722.7624639892019,9.178650468254244e-05,9.178650468254244e-05,9.178650468254244e-05,9.178650468254244e-06,9.178650468254244e-05,1.9939194917678833,12286,1.2794522047042847,1.4289350509643555,0.7144675254821777,0.01241767406463623,0.47796908020973206,0.04387789964675903,0.032944343984127045,0.13177737593650818,0.04956953227519989,0.04956953227519989,0.13177737593650818,0.032944343984127045,,,,,,,,,,,,,,,,,,,0.16225358843803406,0.08979584276676178,0.04994826099453866,0.5915171732988392,17377,330523,29377,347900,0.5,0.16839704530755353,0.38768424277496,0.515198965176839,0.5,0.16815876365864452,0.36205194539946217,0.4654321407904143,0.5,0.1874936174558328,0.4003131701671376,0.5163222929502672,0.1874936174558328,0.4003131701671376,0.5163222929502672,29377,17395,17395,1739500,100.0,100.0,0.570521354675293,0.6377742886543274,0.3799792528152466,0.7873902320861816,0.8271096348762512,0.6533342599868774,0.31688055396080017,0.0618170866880382,0.9053821443723465,17395,2683,17395,0,20.0,110.73767329799011,mean,geometric_mean,odvg_phrase_grounding,3.5,2.0,4.0,iou,0.25,0.25,2.0,True,False,False,True,True,0.1,0.25,0.05,0.25,128,5,True,True,0.05,10,0.3,10,0.0,0.5,1.0,10,True,5,12,0.0,0.1,3,odvg_appended_phrase,4.0,0.25,20,0.5,0.5,1.0,2.0,True,False
epoch,1785425795.6460173,57,729.4329094137065,9.150476756222783e-05,9.150476756222783e-05,9.150476756222783e-05,9.150476756222783e-06,9.150476756222783e-05,1.9878849983215332,12286,1.27450692653656,1.4267528057098389,0.7133764028549194,0.012349643744528294,0.475885808467865,0.04379769042134285,0.032785870134830475,0.1311434805393219,0.04961925745010376,0.04961925745010376,0.1311434805393219,0.032785870134830475,,,,,,,,,,,,,,,,,,,0.16452787816524506,0.09070537984371185,0.05007760850819201,0.5930489838989685,17422,330478,29377,347900,0.5,0.16795452224529395,0.38717363924158354,0.5161180515369166,0.5,0.172788235694591,0.36926847533784934,0.4713891820131395,0.5,0.1874936174558328,0.40055145181604657,0.5180243047281887,0.1874936174558328,0.40055145181604657,0.5180243047281887,29377,17395,17395,1739500,100.0,100.0,0.5700217485427856,0.6364060640335083,0.37874317169189453,0.7875377535820007,0.8257480263710022,0.6533002257347107,0.32382476329803467,0.06025124183574215,0.9077740379348824,17395,2683,17395,0,20.0,115.03801272483543,mean,geometric_mean,odvg_phrase_grounding,3.5,2.0,4.0,iou,0.25,0.25,2.0,True,False,False,True,True,0.1,0.25,0.05,0.25,128,5,True,True,0.05,10,0.3,10,0.0,0.5,1.0,10,True,5,12,0.0,0.1,3,odvg_appended_phrase,4.0,0.25,20,0.5,0.5,1.0,2.0,True,False
epoch,1785426536.5827954,58,730.9405662161298,9.121875312960624e-05,9.121875312960624e-05,9.121875312960624e-05,9.121875312960625e-06,9.121875312960624e-05,1.9751613140106201,12286,1.2686007022857666,1.413120150566101,0.7065600752830505,0.012204624712467194,0.4729540944099426,0.0440995953977108,0.03270376846194267,0.1308150738477707,0.0489729680120945,0.0489729680120945,0.1308150738477707,0.03270376846194267,,,,,,,,,,,,,,,,,,,0.1668892800807953,0.09238635003566742,0.05037079620580626,0.5965210879259284,17524,330376,29377,347900,0.5,0.16863532695646255,0.3898287776151411,0.5158457296524492,0.5,0.17367328181911018,0.3721278551247575,0.4741804813289308,0.5,0.18905946829152057,0.4032065901896041,0.5181945059059808,0.18905946829152057,0.4032065901896041,0.5181945059059808,29377,17395,17395,1739500,100.0,100.0,0.5722589492797852,0.6406007409095764,0.38064730167388916,0.7904669642448425,0.8305136561393738,0.655274510383606,0.3256289064884186,0.05875342245767756,0.9103376958409651,17395,2683,17395,0,20.0,115.31727996980771,mean,geometric_mean,odvg_phrase_grounding,3.5,2.0,4.0,iou,0.25,0.25,2.0,True,False,False,True,True,0.1,0.25,0.05,0.25,128,5,True,True,0.05,10,0.3,10,0.0,0.5,1.0,10,True,5,12,0.0,0.1,3,odvg_appended_phrase,4.0,0.25,20,0.5,0.5,1.0,2.0,True,False
epoch,1785427270.9234169,59,723.2394148688763,9.092849274938331e-05,9.092849274938331e-05,9.092849274938331e-05,9.092849274938332e-06,9.092849274938331e-05,1.9718987941741943,12286,1.2655681371688843,1.4126628637313843,0.7063314318656921,0.012032709084451199,0.46817636489868164,0.04565673694014549,0.032715268433094025,0.1308610737323761,0.049474261701107025,0.049474261701107025,0.1308610737323761,0.032715268433094025,,,,,,,,,,,,,,,,,,,0.16753947734832764,0.0929960086941719,0.050569129060074734,0.5988698641794601,17593,330307,29377,347900,0.5,0.16877148789869625,0.39013513973516695,0.518126425434864,0.5,0.17438812676583723,0.37022160193348536,0.47537188957347587,0.5,0.1885488647581441,0.40381931442965585,0.5194199543860843,0.1885488647581441,0.40381931442965585,0.5194199543860843,29377,17395,17395,1739500,100.0,100.0,0.5763027667999268,0.6449695825576782,0.3893295228481293,0.7918657064437866,0.8332709074020386,0.6618443131446838,0.33002007007598877,0.06297444896522375,0.9048500565548304,17395,2683,17395,0,20.0,109.03119599912316,mean,geometric_mean,odvg_phrase_grounding,3.5,2.0,4.0,iou,0.25,0.25,2.0,True,False,False,True,True,0.1,0.25,0.05,0.25,128,5,True,True,0.05,10,0.3,10,0.0,0.5,1.0,10,True,5,12,0.0,0.1,3,odvg_appended_phrase,4.0,0.25,20,0.5,0.5,1.0,2.0,True,False
epoch,1785428036.4466848,60,753.9513651290908,9.063401825188065e-05,9.063401825188065e-05,9.063401825188065e-05,9.063401825188066e-06,9.063401825188065e-05,1.9607566595077515,12286,1.2578277587890625,1.4058558940887451,0.7029279470443726,0.011889318004250526,0.4666139781475067,0.0448191873729229,0.03260481730103493,0.1304192692041397,0.04932887479662895,0.04932887479662895,0.1304192692041397,0.03260481730103493,1.2884801626205444,0.012799077667295933,0.46162813901901245,0.05090787634253502,0.062146835029125214,0.062146835029125214,,,0.1324363499879837,0.033109087496995926,0.0,0.0,0,0.45,True,True,1.0,2.0,1.0,2.0,0.16852296888828278,0.09374751150608063,0.05049439494107502,0.597984818054941,17567,330333,29377,347900,0.5,0.16843108554311195,0.3913605882152705,0.5213942880484733,0.5,0.17428600605916192,0.3736256254893284,0.47561017122238486,0.5,0.1882084624025598,0.4050447629097593,0.5228920584130442,0.1882084624025598,0.4050447629097593,0.5228920584130442,29377,17395,17395,1739500,100.0,100.0,0.5783711075782776,0.6464659571647644,0.3939816951751709,0.7935066223144531,0.8354495167732239,0.6652823686599731,0.33277735114097595,0.06729755060503217,0.8988436282467782,17395,2683,17395,0,20.0,133.47771779168397,mean,geometric_mean,odvg_phrase_grounding,3.5,2.0,4.0,iou,0.25,0.25,2.0,True,False,False,True,True,0.1,0.25,0.05,0.25,128,5,True,True,0.05,10,0.3,10,0.0,0.5,1.0,10,True,5,12,0.0,0.1,3,odvg_appended_phrase,4.0,0.25,20,0.5,0.5,1.0,2.0,True,False
epoch,1785428779.9891567,61,733.614419340156,9.033536192954534e-05,9.033536192954534e-05,9.033536192954534e-05,9.033536192954535e-06,9.033536192954534e-05,1.9590659141540527,12286,1.255476713180542,1.4071826934814453,0.7035913467407227,0.011871269904077053,0.4656064510345459,0.04494037106633186,0.03253251314163208,0.13013005256652832,0.048710934817790985,0.048710934817790985,0.13013005256652832,0.03253251314163208,,,,,,,,,,,,,,,,,,,0.16990211606025696,0.09374747425317764,0.05052026444380569,0.5982911801749669,17576,330324,29377,347900,0.5,0.1702692582632672,0.3944582496510876,0.5206454028661879,0.5,0.17683902372604418,0.37063008476018655,0.47571229192906017,0.5,0.19086360077611736,0.40776798175443374,0.5224835755863431,0.19086360077611736,0.40776798175443374,0.5224835755863431,29377,17395,17395,1739500,100.0,100.0,0.5769872069358826,0.645206093788147,0.3941543996334076,0.7904807329177856,0.8345304131507874,0.6612996459007263,0.3290669620037079,0.06300846572575947,0.9047202488065172,17395,2683,17395,0,20.0,113.07602641917765,mean,geometric_mean,odvg_phrase_grounding,3.5,2.0,4.0,iou,0.25,0.25,2.0,True,False,False,True,True,0.1,0.25,0.05,0.25,128,5,True,True,0.05,10,0.3,10,0.0,0.5,1.0,10,True,5,12,0.0,0.1,3,odvg_appended_phrase,4.0,0.25,20,0.5,0.5,1.0,2.0,True,False
epoch,1785429525.4457285,62,734.2979368469678,9.003255653340868e-05,9.003255653340868e-05,9.003255653340868e-05,9.003255653340869e-06,9.003255653340868e-05,1.9490078687667847,12286,1.2479987144470215,1.4020227193832397,0.7010113596916199,0.011770309880375862,0.4640774726867676,0.04420506954193115,0.03228418901562691,0.12913675606250763,0.04800570011138916,0.04800570011138916,0.12913675606250763,0.03228418901562691,,,,,,,,,,,,,,,,,,,0.17309963703155518,0.09497183561325073,0.05104052888761138,0.6044524628110427,17757,330143,29377,347900,0.5,0.1692480511965143,0.3987813595670082,0.5278959730401335,0.5,0.17557953501038226,0.3763488443340028,0.47932055689825376,0.5,0.19059127889164992,0.4112400857813936,0.5300405078803145,0.19059127889164992,0.4112400857813936,0.5300405078803145,29377,17395,17395,1739500,100.0,100.0,0.5782251358032227,0.6449579000473022,0.3925754427909851,0.7925077080726624,0.8372876644134521,0.6668141484260559,0.3272287845611572,0.06236168561501321,0.9064781607255764,17395,2683,17395,0,20.0,112.48479747772217,mean,geometric_mean,odvg_phrase_grounding,3.5,2.0,4.0,iou,0.25,0.25,2.0,True,False,False,True,True,0.1,0.25,0.05,0.25,128,5,True,True,0.05,10,0.3,10,0.0,0.5,1.0,10,True,5,12,0.0,0.1,3,odvg_appended_phrase,4.0,0.25,20,0.5,0.5,1.0,2.0,True,False
epoch,1785430264.0695138,63,728.2441470222548,8.972563526949467e-05,8.972563526949467e-05,8.972563526949467e-05,8.972563526949468e-06,8.972563526949467e-05,1.9423093795776367,12286,1.2418912649154663,1.4008373022079468,0.7004186511039734,0.011578923091292381,0.4598681330680847,0.0448116734623909,0.03234820440411568,0.1293928176164627,0.04850064218044281,0.04850064218044281,0.1293928176164627,0.03234820440411568,,,,,,,,,,,,,,,,,,,0.17413201928138733,0.09569546580314636,0.050916930152342624,0.6029887326820301,17714,330186,29377,347900,0.5,0.1709500629744358,0.3989175205092419,0.5280321339823671,0.5,0.18010688633965347,0.3791061034142356,0.48027368349388977,0.5,0.19181672737175343,0.4126016952037308,0.5297001055247302,0.19181672737175343,0.4126016952037308,0.5297001055247302,29377,17395,17395,1739500,100.0,100.0,0.58123779296875,0.6482362151145935,0.4023856520652771,0.7940971851348877,0.8410661220550537,0.6685842871665955,0.3342410624027252,0.06559555448456533,0.9018888781210311,17395,2683,17395,0,20.0,113.31539621623233,mean,geometric_mean,odvg_phrase_grounding,3.5,2.0,4.0,iou,0.25,0.25,2.0,True,False,False,True,True,0.1,0.25,0.05,0.25,128,5,True,True,0.05,10,0.3,10,0.0,0.5,1.0,10,True,5,12,0.0,0.1,3,odvg_appended_phrase,4.0,0.25,20,0.5,0.5,1.0,2.0,True,False
epoch,1785431013.999129,64,737.6907541262917,8.941463179517859e-05,8.941463179517859e-05,8.941463179517859e-05,8.941463179517858e-06,8.941463179517859e-05,1.9386162757873535,12286,1.2377883195877075,1.40165376663208,0.70082688331604,0.011712801642715931,0.46000418066978455,0.043925270438194275,0.03226645290851593,0.12906581163406372,0.04759417474269867,0.04759417474269867,0.12906581163406372,0.03226645290851593,,,,,,,,,,,,,,,,,,,0.1779608428478241,0.09797943383455276,0.05148893360160966,0.6097627395581577,17913,329987,29377,347900,0.5,0.17193722980563025,0.4020151819450591,0.5324914048405215,0.5,0.18259182353541886,0.38366749497906527,0.48589032236103075,0.5,0.1941995438608435,0.41648228205739185,0.5349763420362869,0.1941995438608435,0.41648228205739185,0.5349763420362869,29377,17395,17395,1739500,100.0,100.0,0.5826629996299744,0.6525064706802368,0.40056949853897095,0.7961327433586121,0.8395003080368042,0.6707288026809692,0.33747488260269165,0.0609660631228115,0.9091047486269799,17395,2683,17395,0,20.0,116.64147413801402,mean,geometric_mean,odvg_phrase_grounding,3.5,2.0,4.0,iou,0.25,0.25,2.0,True,False,False,True,True,0.1,0.25,0.05,0.25,128,5,True,True,0.05,10,0.3,10,0.0,0.5,1.0,10,True,5,12,0.0,0.1,3,odvg_appended_phrase,4.0,0.25,20,0.5,0.5,1.0,2.0,True,False
epoch,1785431774.215997,65,749.5770077048801,8.909958021549606e-05,8.909958021549606e-05,8.909958021549606e-05,8.909958021549607e-06,8.909958021549606e-05,1.925890564918518,12286,1.2298113107681274,1.3921598196029663,0.6960799098014832,0.011627856642007828,0.45869314670562744,0.043010812252759933,0.03210053965449333,0.12840215861797333,0.04675091430544853,0.04675091430544853,0.12840215861797333,0.03210053965449333,1.2696483135223389,0.012797925621271133,0.4619983434677124,0.04713817685842514,0.05904258415102959,0.05904258415102959,,,0.1310584843158722,0.03276462107896805,0.0,0.0,0,0.45,True,True,1.0,2.0,1.0,2.0,0.17963674664497375,0.09811067581176758,0.05170163840183961,0.6122817169894815,17987,329913,29377,347900,0.5,0.17163086768560437,0.4062361711543044,0.5365081526364163,0.5,0.18259182353541886,0.39010109949960853,0.49371957653946963,0.5,0.19362085985635022,0.41886509854648196,0.5393675324233244,0.19362085985635022,0.41886509854648196,0.5393675324233244,29377,17395,17395,1739500,100.0,100.0,0.5807409286499023,0.6496690511703491,0.3954266607761383,0.7955619692802429,0.8358239531517029,0.669401228427887,0.33390066027641296,0.057119511438405435,0.9146707400394937,17395,2683,17395,0,20.0,131.39089860627428,mean,geometric_mean,odvg_phrase_grounding,3.5,2.0,4.0,iou,0.25,0.25,2.0,True,False,False,True,True,0.1,0.25,0.05,0.25,128,5,True,True,0.05,10,0.3,10,0.0,0.5,1.0,10,True,5,12,0.0,0.1,3,odvg_appended_phrase,4.0,0.25,20,0.5,0.5,1.0,2.0,True,False
epoch,1785432517.882013,66,732.5682295751758,8.878051507940312e-05,8.878051507940312e-05,8.878051507940312e-05,8.878051507940312e-06,8.878051507940312e-05,1.920748233795166,12286,1.2276654243469238,1.3861621618270874,0.6930810809135437,0.011652471497654915,0.45829176902770996,0.042616475373506546,0.03201805055141449,0.12807220220565796,0.04703424870967865,0.04703424870967865,0.12807220220565796,0.03201805055141449,,,,,,,,,,,,,,,,,,,0.1831241101026535,0.09995417296886444,0.051991951710261566,0.615719780780883,18088,329812,29377,347900,0.5,0.17118834462334478,0.4050447629097593,0.5397760152500255,0.5,0.1858937263845866,0.39513905436225616,0.5026381182557783,0.5,0.1941995438608435,0.4197161044354427,0.541716308676856,0.1941995438608435,0.4197161044354427,0.541716308676856,29377,17395,17395,1739500,100.0,100.0,0.5828272104263306,0.6519920229911804,0.40222376585006714,0.7972726225852966,0.8382408022880554,0.6724308133125305,0.33771318197250366,0.056711032531647554,0.9156626504780804,17395,2683,17395,0,20.0,116.00694003887475,mean,geometric_mean,odvg_phrase_grounding,3.5,2.0,4.0,iou,0.25,0.25,2.0,True,False,False,True,True,0.1,0.25,0.05,0.25,128,5,True,True,0.05,10,0.3,10,0.0,0.5,1.0,10,True,5,12,0.0,0.1,3,odvg_appended_phrase,4.0,0.25,20,0.5,0.5,1.0,2.0,True,False
epoch,1785433253.9195795,67,723.7837264658883,8.845747137598749e-05,8.845747137598749e-05,8.845747137598749e-05,8.845747137598748e-06,8.845747137598749e-05,1.9145886898040771,12286,1.2223862409591675,1.3843994140625,0.69219970703125,0.011433226056396961,0.4544067978858948,0.04345501586794853,0.03197699785232544,0.12790799140930176,0.04711906239390373,0.04711906239390373,0.12790799140930176,0.03197699785232544,,,,,,,,,,,,,,,,,,,0.18133120238780975,0.09884151071310043,0.05183386030468525,0.6138475678251694,18033,329867,29377,347900,0.5,0.1731286380501753,0.40650849303877185,0.5363039112230656,0.5,0.18477039861115838,0.3923817952820233,0.4967491575041699,0.5,0.19569731422541445,0.42036286891105284,0.5378357218231951,0.19569731422541445,0.42036286891105284,0.5378357218231951,29377,17395,17395,1739500,100.0,100.0,0.5831303596496582,0.6481338143348694,0.3998013138771057,0.7966676354408264,0.8416788578033447,0.6732818484306335,0.33447936177253723,0.059434280605464185,0.911724516643363,17395,2683,17395,0,20.0,111.15284370305017,mean,geometric_mean,odvg_phrase_grounding,3.5,2.0,4.0,iou,0.25,0.25,2.0,True,False,False,True,True,0.1,0.25,0.05,0.25,128,5,True,True,0.05,10,0.3,10,0.0,0.5,1.0,10,True,5,12,0.0,0.1,3,odvg_appended_phrase,4.0,0.25,20,0.5,0.5,1.0,2.0,True,False
epoch,1785433991.9391432,68,732.6610488248989,8.81304845306316e-05,8.81304845306316e-05,8.81304845306316e-05,8.813048453063161e-06,8.81304845306316e-05,1.90086829662323,12286,1.2130144834518433,1.3757041692733765,0.6878520846366882,0.011306780390441418,0.45335936546325684,0.04209751635789871,0.03175772354006767,0.1270308941602707,0.04620585963129997,0.04620585963129997,0.1270308941602707,0.03175772354006767,,,,,,,,,,,,,,,,,,,0.1845112293958664,0.1004473939538002,0.052124173613107214,0.6172856316165708,18134,329766,29377,347900,0.5,0.17261803451679886,0.40684889539435615,0.5392313714810907,0.5,0.18667665180243048,0.3955815774245158,0.5013445893045579,0.5,0.19559519351873916,0.4219968002178575,0.5413078258501549,0.19559519351873916,0.4219968002178575,0.5413078258501549,29377,17395,17395,1739500,100.0,100.0,0.5855883359909058,0.6526244878768921,0.403656005859375,0.7989054322242737,0.8425298929214478,0.6760390996932983,0.3402661979198456,0.058753468076727544,0.91309161244759,17395,2683,17395,0,20.0,119.33438232028857,mean,geometric_mean,odvg_phrase_grounding,3.5,2.0,4.0,iou,0.25,0.25,2.0,True,False,False,True,True,0.1,0.25,0.05,0.25,128,5,True,True,0.05,10,0.3,10,0.0,0.5,1.0,10,True,5,12,0.0,0.1,3,odvg_appended_phrase,4.0,0.25,20,0.5,0.5,1.0,2.0,True,False
epoch,1785434727.3957803,69,725.0077448496595,8.779959040112787e-05,8.779959040112787e-05,8.779959040112787e-05,8.779959040112787e-06,8.779959040112787e-05,1.8972370624542236,12286,1.208146095275879,1.378187894821167,0.6890939474105835,0.011197514832019806,0.4510045647621155,0.042180970311164856,0.03153844550251961,0.12615378201007843,0.04631088674068451,0.04631088674068451,0.12615378201007843,0.03153844550251961,,,,,,,,,,,,,,,,,,,0.18753275275230408,0.10210150480270386,0.05259844782983616,0.6229022704837117,18299,329601,29377,347900,0.5,0.17173298839227968,0.41049120059910815,0.5448480103482316,0.5,0.18630220921128773,0.3984069169758655,0.5047145726248425,0.5,0.19535691186983015,0.42611566872042755,0.5471627463662049,0.19535691186983015,0.42611566872042755,0.5471627463662049,29377,17395,17395,1739500,100.0,100.0,0.5868040919303894,0.6535496115684509,0.40930548310279846,0.7994099259376526,0.8425639271736145,0.6784899830818176,0.34421485662460327,0.05558771259810591,0.9180714321741096,17395,2683,17395,0,20.0,113.63785645691678,mean,geometric_mean,odvg_phrase_grounding,3.5,2.0,4.0,iou,0.25,0.25,2.0,True,False,False,True,True,0.1,0.25,0.05,0.25,128,5,True,True,0.05,10,0.3,10,0.0,0.5,1.0,10,True,5,12,0.0,0.1,3,odvg_appended_phrase,4.0,0.25,20,0.5,0.5,1.0,2.0,True,False
epoch,1785435483.2384226,70,743.6597881396301,8.746482527374642e-05,8.746482527374642e-05,8.746482527374642e-05,8.746482527374643e-06,8.746482527374642e-05,1.8879330158233643,12286,1.2016172409057617,1.3726309537887573,0.6863154768943787,0.011052456684410572,0.44782671332359314,0.04231807217001915,0.03146679699420929,0.12586718797683716,0.046150092035532,0.046150092035532,0.12586718797683716,0.03146679699420929,1.2494851350784302,0.01237021666020155,0.4544835686683655,0.04668236896395683,0.058202069252729416,0.058202069252729416,,,0.1295979768037796,0.0323994942009449,0.0,0.0,0,0.45,True,True,1.0,2.0,1.0,2.0,0.18925723433494568,0.10352377593517303,0.05252946248922104,0.6220853048303094,18275,329625,29377,347900,0.5,0.17319671852129218,0.413248459679341,0.5453926541171665,0.5,0.18732341627804064,0.40017700922490385,0.5058379003982707,0.5,0.19641215917214147,0.4279538414405828,0.5483201143751915,0.19641215917214147,0.4279538414405828,0.5483201143751915,29377,17395,17395,1739500,100.0,100.0,0.5887741446495056,0.654660701751709,0.41430404782295227,0.8014018535614014,0.8474656939506531,0.6761412024497986,0.34486162662506104,0.054055897619489146,0.9200523538224952,17395,2683,17395,0,20.0,127.98137955134735,mean,geometric_mean,odvg_phrase_grounding,3.5,2.0,4.0,iou,0.25,0.25,2.0,True,False,False,True,True,0.1,0.25,0.05,0.25,128,5,True,True,0.05,10,0.3,10,0.0,0.5,1.0,10,True,5,12,0.0,0.1,3,odvg_appended_phrase,4.0,0.25,20,0.5,0.5,1.0,2.0,True,False
epoch,1785436225.4982684,71,729.9990868750028,8.712622585925595e-05,8.712622585925595e-05,8.712622585925595e-05,8.712622585925594e-06,8.712622585925595e-05,1.8865668773651123,12286,1.200386881828308,1.3723583221435547,0.6861791610717773,0.0111130615696311,0.447883665561676,0.042113691568374634,0.031482599675655365,0.12593039870262146,0.04557598754763603,0.04557598754763603,0.12593039870262146,0.031482599675655365,,,,,,,,,,,,,,,,,,,0.191254124045372,0.10453008115291595,0.05264156366772061,0.6234128740170882,18314,329586,29377,347900,0.5,0.17472852912142153,0.4138611839193927,0.546141539299452,0.5,0.18708513462913162,0.396943186846853,0.5030466010824794,0.5,0.19889709636790687,0.4285325254450761,0.5481499131973994,0.19889709636790687,0.4285325254450761,0.5481499131973994,29377,17395,17395,1739500,100.0,100.0,0.5889649391174316,0.65559983253479,0.41415396332740784,0.7997727394104004,0.8470231890678406,0.6780815124511719,0.34421485662460327,0.05466863843408365,0.919377482750615,17395,2683,17395,0,20.0,113.54957513418049,mean,geometric_mean,odvg_phrase_grounding,3.5,2.0,4.0,iou,0.25,0.25,2.0,True,False,False,True,True,0.1,0.25,0.05,0.25,128,5,True,True,0.05,10,0.3,10,0.0,0.5,1.0,10,True,5,12,0.0,0.1,3,odvg_appended_phrase,4.0,0.25,20,0.5,0.5,1.0,2.0,True,False
epoch,1785436959.9632123,72,724.0334380199201,8.67838292888979e-05,8.67838292888979e-05,8.67838292888979e-05,8.67838292888979e-06,8.67838292888979e-05,1.8739655017852783,12286,1.1923434734344482,1.36324143409729,0.681620717048645,0.01116036344319582,0.44789808988571167,0.04045286029577255,0.03135138750076294,0.12540555000305176,0.044808633625507355,0.044808633625507355,0.12540555000305176,0.03135138750076294,,,,,,,,,,,,,,,,,,,0.19483211636543274,0.10542967170476913,0.053046852543834434,0.6282125472308269,18455,329445,29377,347900,0.5,0.1739115634680192,0.4149845116928209,0.5501582870953468,0.5,0.18885522687817,0.4017088198250332,0.510365251727542,0.5,0.19739932600333596,0.430506859107465,0.5525411035844368,0.19739932600333596,0.430506859107465,0.5525411035844368,29377,17395,17395,1739500,100.0,100.0,0.5875127911567688,0.6557046175003052,0.4087162911891937,0.7992674112319946,0.8441978693008423,0.6799536943435669,0.342138409614563,0.05174114711274003,0.9239048959610531,17395,2683,17395,0,20.0,113.85981799289584,mean,geometric_mean,odvg_phrase_grounding,3.5,2.0,4.0,iou,0.25,0.25,2.0,True,False,False,True,True,0.1,0.25,0.05,0.25,128,5,True,True,0.05,10,0.3,10,0.0,0.5,1.0,10,True,5,12,0.0,0.1,3,odvg_appended_phrase,4.0,0.25,20,0.5,0.5,1.0,2.0,True,False
epoch,1785437690.6113138,73,720.214196590241,8.643767311031469e-05,8.643767311031469e-05,8.643767311031469e-05,8.643767311031469e-06,8.643767311031469e-05,1.869741678237915,12286,1.1886720657348633,1.3621398210525513,0.6810699105262756,0.011021853424608707,0.4458393454551697,0.04074085131287575,0.031048033386468887,0.12419213354587555,0.044812582433223724,0.044812582433223724,0.12419213354587555,0.031048033386468887,,,,,,,,,,,,,,,,,,,0.19598065316677094,0.10601037740707397,0.052791031905720036,0.6251829662661266,18366,329534,29377,347900,0.5,0.17551145453926542,0.41505259216393775,0.5493413214419444,0.5,0.18905946829152057,0.3976920720291384,0.5063144636960888,0.5,0.1998502229635429,0.43006433604520544,0.5513156551043333,0.1998502229635429,0.43006433604520544,0.5513156551043333,29377,17395,17395,1739500,100.0,100.0,0.5880099534988403,0.6560508012771606,0.41108179092407227,0.7993736267089844,0.8467848896980286,0.6775368452072144,0.34067466855049133,0.052353878941087784,0.9227291042377538,17395,2683,17395,0,20.0,109.55127668660134,mean,geometric_mean,odvg_phrase_grounding,3.5,2.0,4.0,iou,0.25,0.25,2.0,True,False,False,True,True,0.1,0.25,0.05,0.25,128,5,True,True,0.05,10,0.3,10,0.0,0.5,1.0,10,True,5,12,0.0,0.1,3,odvg_appended_phrase,4.0,0.25,20,0.5,0.5,1.0,2.0,True,False
epoch,1785438431.944294,74,727.0554211931303,8.60877952834321e-05,8.60877952834321e-05,8.60877952834321e-05,8.608779528343212e-06,8.60877952834321e-05,1.8671767711639404,12286,1.1857959032058716,1.362760305404663,0.6813801527023315,0.010935638099908829,0.44510966539382935,0.04060446843504906,0.03099706768989563,0.12398827075958252,0.04445527866482735,0.04445527866482735,0.12398827075958252,0.03099706768989563,,,,,,,,,,,,,,,,,,,0.1969628632068634,0.10694099962711334,0.052831273354412185,0.6256595295639445,18380,329520,29377,347900,0.5,0.17677094325492732,0.41940974231541683,0.5525411035844368,0.5,0.1912380433672601,0.40310446948292883,0.5126459475099567,0.5,0.20162031521258128,0.4355788542056711,0.5540388739490077,0.20162031521258128,0.4355788542056711,0.5540388739490077,29377,17395,17395,1739500,100.0,100.0,0.5903269052505493,0.6588267683982849,0.4122784435749054,0.8027532696723938,0.8465465903282166,0.6779793500900269,0.3476529121398926,0.052319820526082306,0.9228297727369795,17395,2683,17395,0,20.0,115.0844804351218,mean,geometric_mean,odvg_phrase_grounding,3.5,2.0,4.0,iou,0.25,0.25,2.0,True,False,False,True,True,0.1,0.25,0.05,0.25,128,5,True,True,0.05,10,0.3,10,0.0,0.5,1.0,10,True,5,12,0.0,0.1,3,odvg_appended_phrase,4.0,0.25,20,0.5,0.5,1.0,2.0,True,False
epoch,1785439202.129754,75,754.6480578519404,8.573423417629666e-05,8.573423417629666e-05,8.573423417629666e-05,8.573423417629665e-06,8.573423417629666e-05,1.8593642711639404,12286,1.1816198825836182,1.3554884195327759,0.6777442097663879,0.010906915180385113,0.44278889894485474,0.04071226343512535,0.03072461672127247,0.12289846688508987,0.04465852305293083,0.04465852305293083,0.12289846688508987,0.03072461672127247,1.24154794216156,0.012622160837054253,0.4555400013923645,0.044878292828798294,0.056052327156066895,0.056052327156066895,,,0.12633827328681946,0.031584568321704865,0.0,0.0,0,0.45,True,True,1.0,2.0,1.0,2.0,0.19890369474887848,0.10788203775882721,0.05323368784133372,0.6304251625421248,18520,329380,29377,347900,0.5,0.1757497361881744,0.4188310583109235,0.5566940123225653,0.5,0.19324641726520747,0.4103550396568744,0.5153351261190727,0.5,0.20090547026585423,0.4357830956190217,0.5578854205671103,0.20090547026585423,0.4357830956190217,0.5578854205671103,29377,17395,17395,1739500,100.0,100.0,0.5918133854866028,0.6608479022979736,0.41797372698783875,0.8033144474029541,0.8495761752128601,0.6830853819847107,0.35272490978240967,0.05266021944258592,0.922908291069586,17395,2683,17395,0,20.0,131.2231883299537,mean,geometric_mean,odvg_phrase_grounding,3.5,2.0,4.0,iou,0.25,0.25,2.0,True,False,False,True,True,0.1,0.25,0.05,0.25,128,5,True,True,0.05,10,0.3,10,0.0,0.5,1.0,10,True,5,12,0.0,0.1,3,odvg_appended_phrase,4.0,0.25,20,0.5,0.5,1.0,2.0,True,False
epoch,1785439950.102074,76,736.4476411221549,8.537702856086799e-05,8.537702856086799e-05,8.537702856086799e-05,8.5377028560868e-06,8.537702856086799e-05,1.8497366905212402,12286,1.1733547449111938,1.3527636528015137,0.6763818264007568,0.010840324684977531,0.4413280785083771,0.03974973037838936,0.0304726529866457,0.1218906119465828,0.044071875512599945,0.044071875512599945,0.1218906119465828,0.0304726529866457,,,,,,,,,,,,,,,,,,,0.20065078139305115,0.10856150090694427,0.053061224489795916,0.628382748408619,18460,329440,29377,347900,0.5,0.17472852912142153,0.42509446165367465,0.5557749259624877,0.5,0.1941995438608435,0.41355482179936687,0.5200667188616945,0.5,0.1998502229635429,0.4421145794328897,0.5569663342070327,0.1998502229635429,0.4421145794328897,0.5569663342070327,29377,17395,17395,1739500,100.0,100.0,0.5921937227249146,0.6613250374794006,0.41744211316108704,0.8029672503471375,0.8514143824577332,0.6812472343444824,0.349763423204422,0.05286448593586346,0.9224004395603436,17395,2683,17395,0,20.0,114.75296715181321,mean,geometric_mean,odvg_phrase_grounding,3.5,2.0,4.0,iou,0.25,0.25,2.0,True,False,False,True,True,0.1,0.25,0.05,0.25,128,5,True,True,0.05,10,0.3,10,0.0,0.5,1.0,10,True,5,12,0.0,0.1,3,odvg_appended_phrase,4.0,0.25,20,0.5,0.5,1.0,2.0,True,False
epoch,1785440696.2687051,77,733.9152676272206,8.501621760876719e-05,8.501621760876719e-05,8.501621760876719e-05,8.501621760876719e-06,8.501621760876719e-05,1.8434858322143555,12286,1.171525478363037,1.3439218997955322,0.6719609498977661,0.010733614675700665,0.43932104110717773,0.04025249183177948,0.030537715181708336,0.12215086072683334,0.04440617188811302,0.04440617188811302,0.12215086072683334,0.030537715181708336,,,,,,,,,,,,,,,,,,,0.20347917079925537,0.11008478701114655,0.05354987065248635,0.6341695884535521,18630,329270,29377,347900,0.5,0.17353712087687648,0.4209415529155462,0.5595533921094734,0.5,0.19290601490962317,0.4139973448616264,0.5231984205330701,0.5,0.1978078088300371,0.43813187187255337,0.5611532831807197,0.1978078088300371,0.43813187187255337,0.5611532831807197,29377,17395,17395,1739500,100.0,100.0,0.5933202505111694,0.6602253317832947,0.4232916831970215,0.8016849160194397,0.8525376915931702,0.6864213347434998,0.34911665320396423,0.052251746289947665,0.9238780270291672,17395,2683,17395,0,20.0,113.638770586811,mean,geometric_mean,odvg_phrase_grounding,3.5,2.0,4.0,iou,0.25,0.25,2.0,True,False,False,True,True,0.1,0.25,0.05,0.25,128,5,True,True,0.05,10,0.3,10,0.0,0.5,1.0,10,True,5,12,0.0,0.1,3,odvg_appended_phrase,4.0,0.25,20,0.5,0.5,1.0,2.0,True,False
epoch,1785441430.3236468,78,719.6647435012273,8.465184088698113e-05,8.465184088698113e-05,8.465184088698113e-05,8.465184088698113e-06,8.465184088698113e-05,1.8379286527633667,12286,1.1661516427993774,1.3435518741607666,0.6717759370803833,0.010666157118976116,0.4371456205844879,0.0403168611228466,0.030016284435987473,0.12006513774394989,0.04401262104511261,0.04401262104511261,0.12006513774394989,0.030016284435987473,,,,,,,,,,,,,,,,,,,0.20587000250816345,0.11171416938304901,0.05323368784133372,0.6304251625421248,18520,329380,29377,347900,0.5,0.17438812676583723,0.42070327126663715,0.5606767198829016,0.5,0.1927017734962726,0.4133505803860163,0.5221772134663172,0.5,0.19998638390577664,0.44071892977499405,0.5618681281274467,0.19998638390577664,0.44071892977499405,0.5618681281274467,29377,17395,17395,1739500,100.0,100.0,0.5945049524307251,0.6628042459487915,0.4194199740886688,0.8045569658279419,0.8526738882064819,0.6839364171028137,0.35776287317276,0.05351125456068895,0.9217598986944355,17395,2683,17395,0,20.0,109.55272051971406,mean,geometric_mean,odvg_phrase_grounding,3.5,2.0,4.0,iou,0.25,0.25,2.0,True,False,False,True,True,0.1,0.25,0.05,0.25,128,5,True,True,0.05,10,0.3,10,0.0,0.5,1.0,10,True,5,12,0.0,0.1,3,odvg_appended_phrase,4.0,0.25,20,0.5,0.5,1.0,2.0,True,False
epoch,1785442164.7246666,79,724.2995886309072,8.428393835352348e-05,8.428393835352348e-05,8.428393835352348e-05,8.428393835352349e-06,8.428393835352348e-05,1.8349019289016724,12286,1.1642658710479736,1.3412724733352661,0.6706362366676331,0.010655011050403118,0.43560990691185,0.0406317375600338,0.02993813157081604,0.11975252628326416,0.04385856166481972,0.04385856166481972,0.11975252628326416,0.02993813157081604,,,,,,,,,,,,,,,,,,,0.20847263932228088,0.11194197833538055,0.053446392641563666,0.6329441399734487,18594,329306,29377,347900,0.5,0.17598801783708343,0.42315416822684415,0.5644551860298873,0.5,0.195663273989856,0.41580147734622325,0.521768730639616,0.5,0.20247132110154203,0.4425911427307077,0.5654763930966402,0.20247132110154203,0.4425911427307077,0.5654763930966402,29377,17395,17395,1739500,100.0,100.0,0.5965520739555359,0.6652133464813232,0.4264339804649353,0.8051254153251648,0.854035496711731,0.6911529302597046,0.35548219084739685,0.05820879028625592,0.9157801584312409,17395,2683,17395,0,20.0,108.66184844309464,mean,geometric_mean,odvg_phrase_grounding,3.5,2.0,4.0,iou,0.25,0.25,2.0,True,False,False,True,True,0.1,0.25,0.05,0.25,128,5,True,True,0.05,10,0.3,10,0.0,0.5,1.0,10,True,5,12,0.0,0.1,3,odvg_appended_phrase,4.0,0.25,20,0.5,0.5,1.0,2.0,True,False
epoch,1785442935.7485623,80,759.6699451101013,8.391255035305296e-05,8.391255035305296e-05,8.391255035305296e-05,8.391255035305294e-06,8.391255035305296e-05,1.8251737356185913,12286,1.1584572792053223,1.3334304094314575,0.6667152047157288,0.010361717082560062,0.42956119775772095,0.04214411601424217,0.029708338901400566,0.11883335560560226,0.04482606053352356,0.04482606053352356,0.11883335560560226,0.029708338901400566,1.239611268043518,0.012510945089161396,0.4515811502933502,0.04665796458721161,0.056289322674274445,0.056289322674274445,,,0.1225161924958229,0.030629048123955727,0.0,0.0,0,0.45,True,True,1.0,2.0,1.0,2.0,0.20600326359272003,0.11018538475036621,0.05303535498706525,0.6280763862885931,18451,329449,29377,347900,0.5,0.17295843687238316,0.42315416822684415,0.5619702488341219,0.5,0.19229329066957143,0.4136909827416006,0.521053885692889,0.5,0.19855669401232257,0.4421826599040065,0.562208530483031,0.19855669401232257,0.4421826599040065,0.562208530483031,29377,17395,17395,1739500,100.0,100.0,0.5986588001251221,0.6677697896957397,0.43028947710990906,0.806473433971405,0.8585628271102905,0.6926507353782654,0.3572863042354584,0.0645743490896723,0.9067721352314635,17395,2683,17395,0,20.0,147.67189904488623,mean,geometric_mean,odvg_phrase_grounding,3.5,2.0,4.0,iou,0.25,0.25,2.0,True,False,False,True,True,0.1,0.25,0.05,0.25,128,5,True,True,0.05,10,0.3,10,0.0,0.5,1.0,10,True,5,12,0.0,0.1,3,odvg_appended_phrase,4.0,0.25,20,0.5,0.5,1.0,2.0,True,False
epoch,1785443675.4405763,81,732.2484530443326,8.353771761244894e-05,8.353771761244894e-05,8.353771761244894e-05,8.353771761244895e-06,8.353771761244894e-05,1.8146207332611084,12286,1.1518512964248657,1.32554292678833,0.662771463394165,0.010313165374100208,0.42985033988952637,0.04078564792871475,0.029708126559853554,0.11883250623941422,0.04385972395539284,0.04385972395539284,0.11883250623941422,0.029708126559853554,,,,,,,,,,,,,,,,,,,0.20902852714061737,0.11191608756780624,0.05323368784133372,0.6304251625421248,18520,329380,29377,347900,0.5,0.17581781665929128,0.4265241515471287,0.5651700309766143,0.5,0.19556115328318072,0.41678864417741773,0.5251727541954591,0.5,0.20104163120808796,0.44640364911325187,0.5658508356877829,0.20104163120808796,0.44640364911325187,0.5658508356877829,29377,17395,17395,1739500,100.0,100.0,0.5974927544593811,0.6681181192398071,0.42248761653900146,0.8065111637115479,0.8561800122261047,0.6898934245109558,0.35854580998420715,0.05946826196883104,0.9138007989987929,17395,2683,17395,0,20.0,114.63377472804859,mean,geometric_mean,odvg_phrase_grounding,3.5,2.0,4.0,iou,0.25,0.25,2.0,True,False,False,True,True,0.1,0.25,0.05,0.25,128,5,True,True,0.05,10,0.3,10,0.0,0.5,1.0,10,True,5,12,0.0,0.1,3,odvg_appended_phrase,4.0,0.25,20,0.5,0.5,1.0,2.0,True,False
epoch,1785444420.0671954,82,731.5261057280004,8.315948123634542e-05,8.315948123634542e-05,8.315948123634542e-05,8.315948123634542e-06,8.315948123634542e-05,1.8171730041503906,12286,1.150966763496399,1.3324127197265625,0.6662063598632812,0.010388883762061596,0.43071073293685913,0.04026038572192192,0.029652416706085205,0.11860966682434082,0.04332062974572182,0.04332062974572182,0.11860966682434082,0.029652416706085205,,,,,,,,,,,,,,,,,,,0.21023058891296387,0.11200074851512909,0.05355849382006324,0.6342717091602273,18633,329267,29377,347900,0.5,0.17534125336147327,0.4251965823603499,0.5657827552166661,0.5,0.19641215917214147,0.4196480239643258,0.527623651155666,0.5,0.2006331483813868,0.4447356775708888,0.5661571978078088,0.2006331483813868,0.4447356775708888,0.5661571978078088,29377,17395,17395,1739500,100.0,100.0,0.5974417924880981,0.6639010906219482,0.4243677258491516,0.804493248462677,0.8579841256141663,0.6905061602592468,0.35623106360435486,0.05623445109901948,0.9185605366968681,17395,2683,17395,0,20.0,111.16706602601334,mean,geometric_mean,odvg_phrase_grounding,3.5,2.0,4.0,iou,0.25,0.25,2.0,True,False,False,True,True,0.1,0.25,0.05,0.25,128,5,True,True,0.05,10,0.3,10,0.0,0.5,1.0,10,True,5,12,0.0,0.1,3,odvg_appended_phrase,4.0,0.25,20,0.5,0.5,1.0,2.0,True,False
epoch,1785445155.0705347,83,723.8525945940055,8.277788270262341e-05,8.277788270262341e-05,8.277788270262341e-05,8.277788270262341e-06,8.277788270262341e-05,1.80254065990448,12286,1.1433602571487427,1.3183590173721313,0.6591795086860657,0.010482246987521648,0.43199074268341064,0.03814547508955002,0.029226291924715042,0.11690516769886017,0.04252113401889801,0.04252113401889801,0.11690516769886017,0.029226291924715042,,,,,,,,,,,,,,,,,,,0.218657985329628,0.1155899167060852,0.05391779246910031,0.6385267386050312,18758,329142,29377,347900,0.5,0.17670286278381048,0.43145998570310107,0.5718419171460667,0.5,0.19872689519011472,0.4275453586138816,0.5337849337917419,0.5,0.20339040746161963,0.452190489158185,0.5724886816216769,0.20339040746161963,0.452190489158185,0.5724886816216769,29377,17395,17395,1739500,100.0,100.0,0.5974946022033691,0.6664221882820129,0.4303811192512512,0.8031622171401978,0.8569969534873962,0.6906763911247253,0.3545971214771271,0.05214965251969417,0.9244948094508174,17395,2683,17395,0,20.0,114.4684961126186,mean,geometric_mean,odvg_phrase_grounding,3.5,2.0,4.0,iou,0.25,0.25,2.0,True,False,False,True,True,0.1,0.25,0.05,0.25,128,5,True,True,0.05,10,0.3,10,0.0,0.5,1.0,10,True,5,12,0.0,0.1,3,odvg_appended_phrase,4.0,0.25,20,0.5,0.5,1.0,2.0,True,False
epoch,1785445897.5173764,84,732.0369016779587,8.239296385786232e-05,8.239296385786232e-05,8.239296385786232e-05,8.239296385786233e-06,8.239296385786232e-05,1.8019046783447266,12286,1.1404311656951904,1.3229421377182007,0.6614710688591003,0.010146037675440311,0.4260873794555664,0.040162067860364914,0.029159603640437126,0.1166384145617485,0.04374276474118233,0.04374276474118233,0.1166384145617485,0.029159603640437126,,,,,,,,,,,,,,,,,,,0.21848122775554657,0.11500704288482666,0.054167864328830126,0.6414882390986145,18845,329055,29377,347900,0.5,0.1763965006637846,0.4312557442897505,0.5716036354971576,0.5,0.19790992953671238,0.4229499268134935,0.5319808013071451,0.5,0.20328828675494434,0.45239473057153556,0.5723184804438847,0.20328828675494434,0.45239473057153556,0.5723184804438847,29377,17395,17395,1739500,100.0,100.0,0.600154459476471,0.6673315763473511,0.43457984924316406,0.8066970705986023,0.8614903092384338,0.6964632272720337,0.36160942912101746,0.05497498817341917,0.9210654834013996,17395,2683,17395,0,20.0,118.75319532491267,mean,geometric_mean,odvg_phrase_grounding,3.5,2.0,4.0,iou,0.25,0.25,2.0,True,False,False,True,True,0.1,0.25,0.05,0.25,128,5,True,True,0.05,10,0.3,10,0.0,0.5,1.0,10,True,5,12,0.0,0.1,3,odvg_appended_phrase,4.0,0.25,20,0.5,0.5,1.0,2.0,True,False
epoch,1785446656.6507025,85,754.0653543961234,8.200476691275113e-05,8.200476691275113e-05,8.200476691275113e-05,8.200476691275113e-06,8.200476691275113e-05,1.7901890277862549,12286,1.1322108507156372,1.3159608840942383,0.6579804420471191,0.010112694464623928,0.42535609006881714,0.0388973131775856,0.028895091265439987,0.11558036506175995,0.042893849313259125,0.042893849313259125,0.11558036506175995,0.028895091265439987,1.2201287746429443,0.012410605326294899,0.4502449035644531,0.04331197217106819,0.05489281564950943,0.05489281564950943,,,0.12092819809913635,0.030232049524784088,0.0,0.0,0,0.45,True,True,1.0,2.0,1.0,2.0,0.21730628609657288,0.11498727649450302,0.05405288876113826,0.6401266296762773,18805,329095,29377,347900,0.5,0.17636246042822618,0.42815808285393336,0.5732375668039623,0.5,0.19729720529666064,0.4229158865779351,0.5289512203424448,0.5,0.20305000510603533,0.44922898866460154,0.573850291044014,0.20305000510603533,0.44922898866460154,0.573850291044014,29377,17395,17395,1739500,100.0,100.0,0.6010212302207947,0.6691097617149353,0.43416810035705566,0.8079853057861328,0.8607754111289978,0.6968716979026794,0.3616434633731842,0.05674506822640213,0.9185717135633671,17395,2683,17395,0,20.0,140.34742969600484,mean,geometric_mean,odvg_phrase_grounding,3.5,2.0,4.0,iou,0.25,0.25,2.0,True,False,False,True,True,0.1,0.25,0.05,0.25,128,5,True,True,0.05,10,0.3,10,0.0,0.5,1.0,10,True,5,12,0.0,0.1,3,odvg_appended_phrase,4.0,0.25,20,0.5,0.5,1.0,2.0,True,False
epoch,1785447386.1905446,86,724.5005333218724,8.161333443745946e-05,8.161333443745946e-05,8.161333443745946e-05,8.161333443745946e-06,8.161333443745946e-05,1.7876542806625366,12286,1.1309117078781128,1.3134874105453491,0.6567437052726746,0.010066146962344646,0.42337676882743835,0.039543043822050095,0.028777223080396652,0.11510889232158661,0.043030016124248505,0.043030016124248505,0.11510889232158661,0.028777223080396652,,,,,,,,,,,,,,,,,,,0.2193736881017685,0.11607412993907928,0.05428858867490658,0.6429179289920687,18887,329013,29377,347900,0.5,0.17598801783708343,0.4315280661742179,0.5731014058617285,0.5,0.1993736596657249,0.42485618000476566,0.5338189740273003,0.5,0.20305000510603533,0.4525308915137693,0.5742928141062736,0.20305000510603533,0.4525308915137693,0.5742928141062736,29377,17395,17395,1739500,100.0,100.0,0.6023139357566833,0.6705905199050903,0.4382551312446594,0.8071104288101196,0.8611158132553101,0.698914110660553,0.3620178997516632,0.0559961816684843,0.9198811687811517,17395,2683,17395,0,20.0,113.67192743672058,mean,geometric_mean,odvg_phrase_grounding,3.5,2.0,4.0,iou,0.25,0.25,2.0,True,False,False,True,True,0.1,0.25,0.05,0.25,128,5,True,True,0.05,10,0.3,10,0.0,0.5,1.0,10,True,5,12,0.0,0.1,3,odvg_appended_phrase,4.0,0.25,20,0.5,0.5,1.0,2.0,True,False
epoch,1785448132.4236221,87,735.7270287270658,8.121870935696925e-05,8.121870935696925e-05,8.121870935696925e-05,8.121870935696926e-06,8.121870935696925e-05,1.7804028987884521,12286,1.1259609460830688,1.3088865280151367,0.6544432640075684,0.00997849740087986,0.421128511428833,0.039583537727594376,0.028954248875379562,0.11581699550151825,0.04279625415802002,0.04279625415802002,0.11581699550151825,0.028954248875379562,,,,,,,,,,,,,,,,,,,0.22150951623916626,0.11818809807300568,0.05446680080482898,0.6450284235966913,18949,328951,29377,347900,0.5,0.17728154678830377,0.4291452496851278,0.5752119004663512,0.5,0.19842053307008883,0.42744323790720634,0.5362017905163904,0.5,0.2043775742928141,0.45191816727371753,0.5765054294175715,0.2043775742928141,0.45191816727371753,0.5765054294175715,29377,17395,17395,1739500,100.0,100.0,0.6047990322113037,0.6743776798248291,0.445120245218277,0.8092813491821289,0.8614221811294556,0.7037137746810913,0.36661332845687866,0.058685351084399984,0.9166062208871854,17395,2683,17395,0,20.0,117.30422165291384,mean,geometric_mean,odvg_phrase_grounding,3.5,2.0,4.0,iou,0.25,0.25,2.0,True,False,False,True,True,0.1,0.25,0.05,0.25,128,5,True,True,0.05,10,0.3,10,0.0,0.5,1.0,10,True,5,12,0.0,0.1,3,odvg_appended_phrase,4.0,0.25,20,0.5,0.5,1.0,2.0,True,False
epoch,1785448872.8160772,88,727.8302426184528,8.082093494636763e-05,8.082093494636763e-05,8.082093494636763e-05,8.082093494636764e-06,8.082093494636763e-05,1.7835575342178345,12286,1.127921223640442,1.311272144317627,0.6556360721588135,0.01007816568017006,0.4232330322265625,0.03909054771065712,0.028828809037804604,0.11531523615121841,0.04257960990071297,0.04257960990071297,0.11531523615121841,0.028828809037804604,,,,,,,,,,,,,,,,,,,0.2213166356086731,0.11790082603693008,0.05417361310721472,0.6415563195697315,18847,329053,29377,347900,0.5,0.17612417877931716,0.4308813016986078,0.5741906933995983,0.5,0.1998502229635429,0.4261837491915444,0.5352827041563127,0.5,0.20499029853286585,0.45297341457602885,0.5749395785818838,0.20499029853286585,0.45297341457602885,0.5749395785818838,29377,17395,17395,1739500,100.0,100.0,0.6031411290168762,0.6747410297393799,0.4381093978881836,0.8074963688850403,0.8624093532562256,0.6986077427864075,0.3638901114463806,0.057051423216676,0.918335541216412,17395,2683,17395,0,20.0,110.78363984962925,mean,geometric_mean,odvg_phrase_grounding,3.5,2.0,4.0,iou,0.25,0.25,2.0,True,False,False,True,True,0.1,0.25,0.05,0.25,128,5,True,True,0.05,10,0.3,10,0.0,0.5,1.0,10,True,5,12,0.0,0.1,3,odvg_appended_phrase,4.0,0.25,20,0.5,0.5,1.0,2.0,True,False
epoch,1785449607.6899798,89,729.6946117198095,8.04200548261012e-05,8.04200548261012e-05,8.04200548261012e-05,8.04200548261012e-06,8.04200548261012e-05,1.7725309133529663,12286,1.117761492729187,1.3095378875732422,0.6547689437866211,0.009804538451135159,0.4171944260597229,0.039856139570474625,0.02887965925037861,0.11551863700151443,0.04228992760181427,0.04228992760181427,0.11551863700151443,0.02887965925037861,,,,,,,,,,,,,,,,,,,0.2227608561515808,0.11837514489889145,0.054369071572290886,0.6438710555877046,18915,328985,29377,347900,0.5,0.17830275385505667,0.43145998570310107,0.5755182625863771,0.5,0.19991830343465977,0.4312557442897505,0.5390611703032985,0.5,0.2059774653640603,0.4542329032916908,0.5764713891820131,0.2059774653640603,0.4542329032916908,0.5764713891820131,29377,17395,17395,1739500,100.0,100.0,0.6049039363861084,0.6711710691452026,0.4412720203399658,0.8107526898384094,0.8629880547523499,0.7035436034202576,0.3665112257003784,0.059672547832552936,0.915182872045945,17395,2683,17395,0,20.0,110.96137643000111,mean,geometric_mean,odvg_phrase_grounding,3.5,2.0,4.0,iou,0.25,0.25,2.0,True,False,False,True,True,0.1,0.25,0.05,0.25,128,5,True,True,0.05,10,0.3,10,0.0,0.5,1.0,10,True,5,12,0.0,0.1,3,odvg_appended_phrase,4.0,0.25,20,0.5,0.5,1.0,2.0,True,False
epoch,1785450371.6949368,90,751.4467903692275,8.001611295719266e-05,8.001611295719266e-05,8.001611295719266e-05,8.001611295719266e-06,8.001611295719266e-05,1.7671022415161133,12286,1.1147257089614868,1.3047531843185425,0.6523765921592712,0.009734666906297207,0.41692104935646057,0.0392671674489975,0.02860211580991745,0.1144084632396698,0.042521364986896515,0.042521364986896515,0.1144084632396698,0.02860211580991745,1.2207800149917603,0.012397080659866333,0.44807037711143494,0.0448342002928257,0.054058823734521866,0.054058823734521866,,,0.12014498561620712,0.03003624640405178,0.0,0.0,0,0.45,True,True,1.0,2.0,1.0,2.0,0.2252594232559204,0.11880723387002945,0.05455590686979017,0.6460836708990026,18980,328920,29377,347900,0.5,0.17813255267726452,0.4379616706947612,0.5784116826088437,0.5,0.20104163120808796,0.4329917963032304,0.5407972223167784,0.5,0.20624978724852777,0.4599176226299486,0.5793988494400382,0.20624978724852777,0.4599176226299486,0.5793988494400382,29377,17395,17395,1739500,100.0,100.0,0.6051653623580933,0.6734125018119812,0.4430239200592041,0.8082286715507507,0.8632944226264954,0.7041222453117371,0.3667154610157013,0.05803857441273441,0.9175731560830905,17395,2683,17395,0,20.0,133.16074498556554,mean,geometric_mean,odvg_phrase_grounding,3.5,2.0,4.0,iou,0.25,0.25,2.0,True,False,False,True,True,0.1,0.25,0.05,0.25,128,5,True,True,0.05,10,0.3,10,0.0,0.5,1.0,10,True,5,12,0.0,0.1,3,odvg_appended_phrase,4.0,0.25,20,0.5,0.5,1.0,2.0,True,False
epoch,1785451106.9463573,91,724.7674990911037,7.960915363641997e-05,7.960915363641997e-05,7.960915363641997e-05,7.960915363641996e-06,7.960915363641997e-05,1.7621915340423584,12286,1.1111738681793213,1.302033543586731,0.6510167717933655,0.009793691337108612,0.4167299270629883,0.03873618319630623,0.028431616723537445,0.11372646689414978,0.04194927588105202,0.04194927588105202,0.11372646689414978,0.028431616723537445,,,,,,,,,,,,,,,,,,,0.22863838076591492,0.1209859848022461,0.05446680080482898,0.6450284235966913,18949,328951,29377,347900,0.5,0.17928992068625116,0.4377233890458522,0.5784797630799605,0.5,0.20219899921707457,0.43673622221465774,0.5423971133880247,0.5,0.20951764986213706,0.4598495421588317,0.5784116826088437,0.20951764986213706,0.4598495421588317,0.5784116826088437,29377,17395,17395,1739500,100.0,100.0,0.6047245860099792,0.6754018664360046,0.4378385841846466,0.8111183643341064,0.8595159649848938,0.7029308676719666,0.36811110377311707,0.05790244407527523,0.9176271142181562,17395,2683,17395,0,20.0,112.70415810216218,mean,geometric_mean,odvg_phrase_grounding,3.5,2.0,4.0,iou,0.25,0.25,2.0,True,False,False,True,True,0.1,0.25,0.05,0.25,128,5,True,True,0.05,10,0.3,10,0.0,0.5,1.0,10,True,5,12,0.0,0.1,3,odvg_appended_phrase,4.0,0.25,20,0.5,0.5,1.0,2.0,True,False
epoch,1785451844.6789026,92,725.9001639569178,7.919922149145865e-05,7.919922149145865e-05,7.919922149145865e-05,7.919922149145865e-06,7.919922149145865e-05,1.7610691785812378,12286,1.1096575260162354,1.30282461643219,0.651412308216095,0.009814627468585968,0.4153876006603241,0.039007581770420074,0.028346162289381027,0.11338464915752411,0.042051829397678375,0.042051829397678375,0.11338464915752411,0.028346162289381027,,,,,,,,,,,,,,,,,,,0.22984866797924042,0.12190550565719604,0.054593273929290025,0.6465261939612622,18993,328907,29377,347900,0.5,0.1789154780951084,0.43503421043673624,0.5777649181332335,0.5,0.2012118323858801,0.4319365490009191,0.5404227797256357,0.5,0.2091091670354359,0.4574326854341832,0.5784457228444021,0.2091091670354359,0.4574326854341832,0.5784457228444021,29377,17395,17395,1739500,100.0,100.0,0.604219377040863,0.6739925146102905,0.4380955100059509,0.8117425441741943,0.8593116998672485,0.7017735242843628,0.3700854480266571,0.055247330323100585,0.9212747012942112,17395,2683,17395,0,20.0,111.48832460585982,mean,geometric_mean,odvg_phrase_grounding,3.5,2.0,4.0,iou,0.25,0.25,2.0,True,False,False,True,True,0.1,0.25,0.05,0.25,128,5,True,True,0.05,10,0.3,10,0.0,0.5,1.0,10,True,5,12,0.0,0.1,3,odvg_appended_phrase,4.0,0.25,20,0.5,0.5,1.0,2.0,True,False
epoch,1785452585.3112223,93,729.4329870073125,7.878636147598791e-05,7.878636147598791e-05,7.878636147598791e-05,7.87863614759879e-06,7.878636147598791e-05,1.760203242301941,12286,1.1095900535583496,1.3012264966964722,0.6506132483482361,0.009767408482730389,0.414619117975235,0.039383724331855774,0.028380611911416054,0.11352244764566422,0.04199892655014992,0.04199892655014992,0.11352244764566422,0.028380611911416054,,,,,,,,,,,,,,,,,,,0.2256995439529419,0.11969246715307236,0.0545300373670595,0.6457773087789768,18971,328929,29377,347900,0.5,0.17677094325492732,0.43697450386356673,0.5796371310889471,0.5,0.20093951050141268,0.43111958334751677,0.5408312625523368,0.5,0.2061817067774109,0.4577390475542091,0.5801477346223236,0.2061817067774109,0.4577390475542091,0.5801477346223236,29377,17395,17395,1739500,100.0,100.0,0.605130136013031,0.6757721900939941,0.4413466155529022,0.8093551397323608,0.8612179756164551,0.702624499797821,0.3687238395214081,0.05684719101884428,0.9190930702883233,17395,2683,17395,0,20.0,111.36699559772387,mean,geometric_mean,odvg_phrase_grounding,3.5,2.0,4.0,iou,0.25,0.25,2.0,True,False,False,True,True,0.1,0.25,0.05,0.25,128,5,True,True,0.05,10,0.3,10,0.0,0.5,1.0,10,True,5,12,0.0,0.1,3,odvg_appended_phrase,4.0,0.25,20,0.5,0.5,1.0,2.0,True,False
epoch,1785453319.201881,94,728.7619476909749,7.837061886476095e-05,7.837061886476095e-05,7.837061886476095e-05,7.837061886476095e-06,7.837061886476095e-05,1.7545634508132935,12286,1.1066018342971802,1.2959258556365967,0.6479629278182983,0.009805746376514435,0.4144142270088196,0.03896155580878258,0.02827579341828823,0.11310317367315292,0.04154309630393982,0.04154309630393982,0.11310317367315292,0.02827579341828823,,,,,,,,,,,,,,,,,,,0.22538761794567108,0.11881639063358307,0.054892210405288876,0.6500663784593389,19097,328803,29377,347900,0.5,0.17928992068625116,0.44163801613507164,0.5816795452224529,0.5,0.20230111992374988,0.43537461279232054,0.542907716921401,0.5,0.20825816114647513,0.4620961977056881,0.5817816659291283,0.20825816114647513,0.4620961977056881,0.5817816659291283,29377,17395,17395,1739500,100.0,100.0,0.6050683259963989,0.6736063957214355,0.44255900382995605,0.8121078014373779,0.8610817790031433,0.7031010389328003,0.371651291847229,0.05303466047346139,0.9245703568381013,17395,2683,17395,0,20.0,112.29519519722089,mean,geometric_mean,odvg_phrase_grounding,3.5,2.0,4.0,iou,0.25,0.25,2.0,True,False,False,True,True,0.1,0.25,0.05,0.25,128,5,True,True,0.05,10,0.3,10,0.0,0.5,1.0,10,True,5,12,0.0,0.1,3,odvg_appended_phrase,4.0,0.25,20,0.5,0.5,1.0,2.0,True,False
epoch,1785454065.232387,95,739.7081367969513,7.795203924864009e-05,7.795203924864009e-05,7.795203924864009e-05,7.795203924864009e-06,7.795203924864009e-05,1.7425575256347656,12286,1.0976660251617432,1.2897834777832031,0.6448917388916016,0.009612412191927433,0.4113982915878296,0.038447100669145584,0.028331000357866287,0.11332400143146515,0.041510798037052155,0.041510798037052155,0.11332400143146515,0.028331000357866287,1.2249363660812378,0.012720215134322643,0.45218026638031006,0.04419838264584541,0.05258559063076973,0.05258559063076973,,,0.11953595280647278,0.029883988201618195,0.0,0.0,0,0.45,True,True,1.0,2.0,1.0,2.0,0.23064227402210236,0.12131775915622711,0.054923828686404136,0.6504408210504816,19108,328792,29377,347900,0.5,0.17949416209960173,0.4419103380195391,0.5828028729958812,0.5,0.20308404534159377,0.4350001702011778,0.5435544813970112,0.5,0.20887088538652687,0.4650236579637131,0.5836538788848419,0.20887088538652687,0.4650236579637131,0.5836538788848419,29377,17395,17395,1739500,100.0,100.0,0.6070154309272766,0.6767269968986511,0.44250524044036865,0.8121877908706665,0.8635667562484741,0.7048371434211731,0.37498724460601807,0.054396322370691474,0.9228242681612097,17395,2683,17395,0,20.0,126.02165472274646,mean,geometric_mean,odvg_phrase_grounding,3.5,2.0,4.0,iou,0.25,0.25,2.0,True,False,False,True,True,0.1,0.25,0.05,0.25,128,5,True,True,0.05,10,0.3,10,0.0,0.5,1.0,10,True,5,12,0.0,0.1,3,odvg_appended_phrase,4.0,0.25,20,0.5,0.5,1.0,2.0,True,False
epoch,1785454802.0937417,96,726.1470610210672,7.753066852959721e-05,7.753066852959721e-05,7.753066852959721e-05,7.753066852959722e-06,7.753066852959721e-05,1.7452472448349,12286,1.1003022193908691,1.2898870706558228,0.6449435353279114,0.009704840369522572,0.41204333305358887,0.038848627358675,0.027861114591360092,0.11144445836544037,0.04140739515423775,0.04140739515423775,0.11144445836544037,0.027861114591360092,,,,,,,,,,,,,,,,,,,0.23186753690242767,0.1230805292725563,0.05468812877263581,0.6476495217346904,19026,328874,29377,347900,0.5,0.1810600129352895,0.44099125165946146,0.5818837866358035,0.5,0.20475201688395683,0.44102529189501993,0.5474691084862308,0.5,0.21023249480886408,0.46417265207475233,0.583109235115907,0.21023249480886408,0.46417265207475233,0.583109235115907,29377,17395,17395,1739500,100.0,100.0,0.6073627471923828,0.6771630644798279,0.44246938824653625,0.8144553303718567,0.8629540205001831,0.7054157853126526,0.3745447099208832,0.05776626357796222,0.9181103332520987,17395,2683,17395,0,20.0,110.45146466512233,mean,geometric_mean,odvg_phrase_grounding,3.5,2.0,4.0,iou,0.25,0.25,2.0,True,False,False,True,True,0.1,0.25,0.05,0.25,128,5,True,True,0.05,10,0.3,10,0.0,0.5,1.0,10,True,5,12,0.0,0.1,3,odvg_appended_phrase,4.0,0.25,20,0.5,0.5,1.0,2.0,True,False
epoch,1785455546.1418364,97,732.5707183531485,7.710655291568007e-05,7.710655291568007e-05,7.710655291568007e-05,7.710655291568008e-06,7.710655291568007e-05,1.7397805452346802,12286,1.09463369846344,1.2902902364730835,0.6451451182365417,0.009486752562224865,0.40674468874931335,0.03993518278002739,0.02806157059967518,0.11224628239870071,0.04196298494935036,0.04196298494935036,0.11224628239870071,0.02806157059967518,,,,,,,,,,,,,,,,,,,0.23211359977722168,0.12283705174922943,0.054851968956596726,0.6495898151615209,19083,328817,29377,347900,0.5,0.17867719644619942,0.4399700445927086,0.5835517581781666,0.5,0.20270960275045102,0.43925519964598153,0.544643768934881,0.5,0.20859856350205944,0.4640705313680771,0.5836538788848419,0.20859856350205944,0.4640705313680771,0.5836538788848419,29377,17395,17395,1739500,100.0,100.0,0.6081908941268921,0.6781254410743713,0.4462675154209137,0.8128706812858582,0.8633624911308289,0.7063689231872559,0.3755999505519867,0.05677910802573494,0.9196183380073716,17395,2683,17395,0,20.0,114.11300502391532,mean,geometric_mean,odvg_phrase_grounding,3.5,2.0,4.0,iou,0.25,0.25,2.0,True,False,False,True,True,0.1,0.25,0.05,0.25,128,5,True,True,0.05,10,0.3,10,0.0,0.5,1.0,10,True,5,12,0.0,0.1,3,odvg_appended_phrase,4.0,0.25,20,0.5,0.5,1.0,2.0,True,False
epoch,1785456281.0784125,98,724.1301342668012,7.667973891594508e-05,7.667973891594508e-05,7.667973891594508e-05,7.667973891594508e-06,7.667973891594508e-05,1.7327923774719238,12286,1.0917192697525024,1.2821478843688965,0.6410739421844482,0.009547234512865543,0.40921252965927124,0.03845175728201866,0.02793343923985958,0.11173375695943832,0.040945373475551605,0.040945373475551605,0.11173375695943832,0.02793343923985958,,,,,,,,,,,,,,,,,,,0.23178765177726746,0.12145806849002838,0.05484622017821213,0.6495217346904041,19081,328819,29377,347900,0.5,0.179596282806277,0.43959560200156583,0.5815774245157777,0.5,0.2031180855771522,0.43993600435715013,0.5477754706062566,0.5,0.2076454369064234,0.463117404772441,0.5833815570003744,0.2076454369064234,0.463117404772441,0.5833815570003744,29377,17395,17395,1739500,100.0,100.0,0.6074520349502563,0.6771016120910645,0.44508853554725647,0.8137756586074829,0.8619668483734131,0.7059944868087769,0.37362563610076904,0.05647275211837277,0.9200096414723579,17395,2683,17395,0,20.0,106.6861815052107,mean,geometric_mean,odvg_phrase_grounding,3.5,2.0,4.0,iou,0.25,0.25,2.0,True,False,False,True,True,0.1,0.25,0.05,0.25,128,5,True,True,0.05,10,0.3,10,0.0,0.5,1.0,10,True,5,12,0.0,0.1,3,odvg_appended_phrase,4.0,0.25,20,0.5,0.5,1.0,2.0,True,False
epoch,1785457014.6184633,99,728.503856038209,7.625027333535706e-05,7.625027333535706e-05,7.625027333535706e-05,7.625027333535706e-06,7.625027333535706e-05,1.7295119762420654,12286,1.086707592010498,1.2856098413467407,0.6428049206733704,0.009443779475986958,0.4056352972984314,0.03895808011293411,0.0277680903673172,0.1110723614692688,0.04126518592238426,0.04126518592238426,0.1110723614692688,0.0277680903673172,,,,,,,,,,,,,,,,,,,0.23180028796195984,0.1219690814614296,0.05505892497844208,0.6520407121217279,19155,328745,29377,347900,0.5,0.17973244374851075,0.4418422575484222,0.5862068965517241,0.5,0.20444565476393098,0.4415358954283964,0.5488987983796848,0.5,0.20951764986213706,0.46505769819927156,0.58651325867175,0.20951764986213706,0.46505769819927156,0.58651325867175,29377,17395,17395,1739500,100.0,100.0,0.6076812148094177,0.6737040281295776,0.44876334071159363,0.8122864961624146,0.8640092611312866,0.7093304395675659,0.3729788661003113,0.057289727445838046,0.9192340773070954,17395,2683,17395,0,20.0,114.9005612777546,mean,geometric_mean,odvg_phrase_grounding,3.5,2.0,4.0,iou,0.25,0.25,2.0,True,False,False,True,True,0.1,0.25,0.05,0.25,128,5,True,True,0.05,10,0.3,10,0.0,0.5,1.0,10,True,5,12,0.0,0.1,3,odvg_appended_phrase,4.0,0.25,20,0.5,0.5,1.0,2.0,True,False
epoch,1785457768.467037,100,748.6809253748506,7.581820326965656e-05,7.581820326965656e-05,7.581820326965656e-05,7.581820326965655e-06,7.581820326965656e-05,1.722774624824524,12286,1.0842713117599487,1.2770041227340698,0.6385020613670349,0.009477994404733181,0.4050866961479187,0.038704272359609604,0.027735356241464615,0.11094142496585846,0.04102112352848053,0.04102112352848053,0.11094142496585846,0.027735356241464615,1.220761775970459,0.012732299976050854,0.4497809112071991,0.04435916244983673,0.05257906764745712,0.05257906764745712,,,0.1197873204946518,0.02994683012366295,0.0,0.0,0,0.45,True,True,1.0,2.0,1.0,2.0,0.23364447057247162,0.1240151897072792,0.055254383443518254,0.6543554481397011,19223,328677,29377,347900,0.5,0.1787793171528747,0.44398679238860334,0.587228103618477,0.5,0.20424141335058038,0.44269326343738297,0.5516900976954761,0.5,0.20815604043979985,0.468972325288491,0.5883854716274637,0.20815604043979985,0.468972325288491,0.5883854716274637,29377,17395,17395,1739500,100.0,100.0,0.6104646921157837,0.6807736754417419,0.45093587040901184,0.814151406288147,0.8671749830245972,0.7100452780723572,0.3792082369327545,0.05568982993265603,0.9215686215337652,17395,2683,17395,0,20.0,126.85768446000293,mean,geometric_mean,odvg_phrase_grounding,3.5,2.0,4.0,iou,0.25,0.25,2.0,True,False,False,True,True,0.1,0.25,0.05,0.25,128,5,True,True,0.05,10,0.3,10,0.0,0.5,1.0,10,True,5,12,0.0,0.1,3,odvg_appended_phrase,4.0,0.25,20,0.5,0.5,1.0,2.0,True,False
epoch,1785458508.7547204,101,728.2588228387758,7.538357610019528e-05,7.538357610019528e-05,7.538357610019528e-05,7.538357610019528e-06,7.538357610019528e-05,1.7234047651290894,12286,1.0850603580474854,1.2766894102096558,0.6383447051048279,0.00946778804063797,0.40572670102119446,0.0387679785490036,0.027854163199663162,0.11141665279865265,0.04053818807005882,0.04053818807005882,0.11141665279865265,0.027854163199663162,,,,,,,,,,,,,,,,,,,0.2346297949552536,0.12353473901748657,0.05528312733544122,0.6546958504952854,19233,328667,29377,347900,0.5,0.17983456445518603,0.44500799945535624,0.5889301153963985,0.5,0.20648806889743676,0.4490587874868094,0.558021581509344,0.5,0.20856452326650102,0.4684276815195561,0.5891003165741907,0.20856452326650102,0.4684276815195561,0.5891003165741907,29377,17395,17395,1739500,100.0,100.0,0.6093358993530273,0.6794863343238831,0.4475037753582001,0.8114298582077026,0.8653368353843689,0.7127004265785217,0.37811893224716187,0.05800457608323628,0.9186129628661789,17395,2683,17395,0,20.0,112.61155642569065,mean,geometric_mean,odvg_phrase_grounding,3.5,2.0,4.0,iou,0.25,0.25,2.0,True,False,False,True,True,0.1,0.25,0.05,0.25,128,5,True,True,0.05,10,0.3,10,0.0,0.5,1.0,10,True,5,12,0.0,0.1,3,odvg_appended_phrase,4.0,0.25,20,0.5,0.5,1.0,2.0,True,False
epoch,1785459249.151738,102,729.0949579156004,7.494643948874014e-05,7.494643948874014e-05,7.494643948874014e-05,7.494643948874014e-06,7.494643948874014e-05,1.718734622001648,12286,1.0800127983093262,1.277442455291748,0.638721227645874,0.009420367889106274,0.4027508497238159,0.039006225764751434,0.027696657925844193,0.11078663170337677,0.040708743035793304,0.040708743035793304,0.11078663170337677,0.027696657925844193,,,,,,,,,,,,,,,,,,,0.23784396052360535,0.12620869278907776,0.055308996838171885,0.6550022126153113,19242,328658,29377,347900,0.5,0.1790175988017837,0.4445314361575382,0.5889981958675155,0.5,0.2084624025598257,0.44895666678013413,0.5546856384246179,0.5,0.20883684515096845,0.4684617217551145,0.5893726384586582,0.20883684515096845,0.4684617217551145,0.5893726384586582,29377,17395,17395,1739500,100.0,100.0,0.6120579838752747,0.6839359402656555,0.4527055025100708,0.8151088953018188,0.8661197423934937,0.7138918042182922,0.3834291994571686,0.058889591602980906,0.9175090801505073,17395,2683,17395,0,20.0,110.81124122068286,mean,geometric_mean,odvg_phrase_grounding,3.5,2.0,4.0,iou,0.25,0.25,2.0,True,False,False,True,True,0.1,0.25,0.05,0.25,128,5,True,True,0.05,10,0.3,10,0.0,0.5,1.0,10,True,5,12,0.0,0.1,3,odvg_appended_phrase,4.0,0.25,20,0.5,0.5,1.0,2.0,True,False
epoch,1785459991.0235083,103,730.6912307478487,7.450684137224669e-05,7.450684137224669e-05,7.450684137224669e-05,7.45068413722467e-06,7.450684137224669e-05,1.7141000032424927,12286,1.0767772197723389,1.274647831916809,0.6373239159584045,0.009370129555463791,0.4010240137577057,0.03907841071486473,0.02755553275346756,0.11022213101387024,0.04076885059475899,0.04076885059475899,0.11022213101387024,0.02755553275346756,,,,,,,,,,,,,,,,,,,0.23747578263282776,0.1259431540966034,0.055254383443518254,0.6543554481397011,19223,328677,29377,347900,0.5,0.1805834496374715,0.44432719474418764,0.586751540320659,0.5,0.20342444769717807,0.4428975048507336,0.5479456717840487,0.5,0.20975593151104605,0.46723627327501105,0.5875004255029445,0.20975593151104605,0.46723627327501105,0.5875004255029445,29377,17395,17395,1739500,100.0,100.0,0.6122323870658875,0.6824651956558228,0.45446527004241943,0.8140027523040771,0.8708853721618652,0.7138577699661255,0.3818973898887634,0.05950232182642434,0.9166468107095789,17395,2683,17395,0,20.0,113.17484654299915,mean,geometric_mean,odvg_phrase_grounding,3.5,2.0,4.0,iou,0.25,0.25,2.0,True,False,False,True,True,0.1,0.25,0.05,0.25,128,5,True,True,0.05,10,0.3,10,0.0,0.5,1.0,10,True,5,12,0.0,0.1,3,odvg_appended_phrase,4.0,0.25,20,0.5,0.5,1.0,2.0,True,False
epoch,1785460725.2678792,104,729.0324215451255,7.406482995760221e-05,7.406482995760221e-05,7.406482995760221e-05,7.406482995760221e-06,7.406482995760221e-05,1.7021844387054443,12286,1.0693669319152832,1.2656358480453491,0.6328179240226746,0.009184250608086586,0.3995051383972168,0.038314707577228546,0.027361098676919937,0.10944439470767975,0.040479011833667755,0.040479011833667755,0.10944439470767975,0.027361098676919937,,,,,,,,,,,,,,,,,,,0.23585385084152222,0.12445326149463654,0.055455590686979014,0.6567382646287913,19293,328607,29377,347900,0.5,0.17986860469074445,0.44374851073969435,0.5869217414984512,0.5,0.20308404534159377,0.4425230622595908,0.5493413214419444,0.5,0.20856452326650102,0.46723627327501105,0.5875685059740613,0.20856452326650102,0.46723627327501105,0.5875685059740613,29377,17395,17395,1739500,100.0,100.0,0.611794114112854,0.6812825202941895,0.4538542926311493,0.8147241473197937,0.8694897294044495,0.7111345529556274,0.3836674988269806,0.054396288326836184,0.9235077411148797,17395,2683,17395,0,20.0,111.30563584156334,mean,geometric_mean,odvg_phrase_grounding,3.5,2.0,4.0,iou,0.25,0.25,2.0,True,False,False,True,True,0.1,0.25,0.05,0.25,128,5,True,True,0.05,10,0.3,10,0.0,0.5,1.0,10,True,5,12,0.0,0.1,3,odvg_appended_phrase,4.0,0.25,20,0.5,0.5,1.0,2.0,True,False
epoch,1785461474.4892921,105,744.0428026728332,7.362045371633932e-05,7.362045371633932e-05,7.362045371633932e-05,7.362045371633933e-06,7.362045371633932e-05,1.7073755264282227,12286,1.0733823776245117,1.2679908275604248,0.6339954137802124,0.009372727014124393,0.40312692523002625,0.03765903785824776,0.027446553111076355,0.10978621244430542,0.03975898027420044,0.03975898027420044,0.10978621244430542,0.027446553111076355,1.224473237991333,0.012959364801645279,0.45512309670448303,0.04297846555709839,0.05118286982178688,0.05118286982178688,,,0.11880376935005188,0.02970094233751297,0.0,0.0,0,0.45,True,True,1.0,2.0,1.0,2.0,0.23707017302513123,0.1236339658498764,0.05534061511928715,0.655376655206454,19253,328647,29377,347900,0.5,0.17758790890832965,0.44330598767743473,0.5870919426762433,0.5,0.20274364298600947,0.4443952752153045,0.5522007012288525,0.5,0.2069646321952548,0.466759709977193,0.5884195118630221,0.2069646321952548,0.466759709977193,0.5884195118630221,29377,17395,17395,1739500,100.0,100.0,0.6098862886428833,0.6782055497169495,0.44862064719200134,0.8140569925308228,0.8674132823944092,0.7100112438201904,0.3795486390590668,0.05463458861373638,0.9230510937829985,17395,2683,17395,0,20.0,133.98873827327043,mean,geometric_mean,odvg_phrase_grounding,3.5,2.0,4.0,iou,0.25,0.25,2.0,True,False,False,True,True,0.1,0.25,0.05,0.25,128,5,True,True,0.05,10,0.3,10,0.0,0.5,1.0,10,True,5,12,0.0,0.1,3,odvg_appended_phrase,4.0,0.25,20,0.5,0.5,1.0,2.0,True,False
epoch,1785462206.3694148,106,726.6776468437165,7.317376137932058e-05,7.317376137932058e-05,7.317376137932058e-05,7.317376137932058e-06,7.317376137932058e-05,1.7010287046432495,12286,1.066762089729309,1.2685332298278809,0.6342666149139404,0.009368909522891045,0.402701199054718,0.03661429509520531,0.027297411113977432,0.10918964445590973,0.039318181574344635,0.039318181574344635,0.10918964445590973,0.027297411113977432,,,,,,,,,,,,,,,,,,,0.23980259895324707,0.12645354866981506,0.05570662328180423,0.6596997651223746,19380,328514,29377,347894,0.5,0.18102597269973109,0.4483779827756408,0.5937978690812541,0.5,0.2068625114885795,0.4518160465670422,0.5610511624740443,0.5,0.2101644143377472,0.4727848316710352,0.5945467542635395,0.2101644143377472,0.4727848316710352,0.5945467542635395,29377,17395,17395,1739500,100.0,100.0,0.6107891201972961,0.681941032409668,0.4511655569076538,0.8152197003364563,0.8648602366447449,0.7126323580741882,0.378901869058609,0.05293259295181363,0.9257224396954719,17395,2683,17395,0,19.999655073296925,111.56980067910627,mean,geometric_mean,odvg_phrase_grounding,3.5,2.0,4.0,iou,0.25,0.25,2.0,True,False,False,True,True,0.1,0.25,0.05,0.25,128,5,True,True,0.05,10,0.3,10,0.0,0.5,1.0,10,True,5,12,0.0,0.1,3,odvg_appended_phrase,4.0,0.25,20,0.5,0.5,1.0,2.0,True,False
epoch,1785462943.0700166,107,726.2125564492308,7.272480193139446e-05,7.272480193139446e-05,7.272480193139446e-05,7.272480193139447e-06,7.272480193139446e-05,1.6995497941970825,12286,1.0671367645263672,1.2648214101791382,0.6324107050895691,0.009515563026070595,0.4039466977119446,0.03618240728974342,0.02703307382762432,0.10813229531049728,0.03892950713634491,0.03892950713634491,0.10813229531049728,0.02703307382762432,,,,,,,,,,,,,,,,,,,0.24366536736488342,0.12788830697536469,0.05576032891521233,0.6601763284201927,19394,328416,29377,347810,0.5,0.18180889811757497,0.44865030466010825,0.593559587432345,0.5,0.20880280491541,0.4549137080028594,0.5636041801409266,0.5,0.21087925928447424,0.4728188719065936,0.5943084726146305,0.21087925928447424,0.4728188719065936,0.5943084726146305,29377,17395,17395,1739500,100.0,100.0,0.6104000210762024,0.6798993945121765,0.454009473323822,0.8131479024887085,0.869183361530304,0.7105218172073364,0.3752935826778412,0.05034548878714373,0.9291429375314277,17395,2683,17395,0,19.994826099453867,108.5190620329231,mean,geometric_mean,odvg_phrase_grounding,3.5,2.0,4.0,iou,0.25,0.25,2.0,True,False,False,True,True,0.1,0.25,0.05,0.25,128,5,True,True,0.05,10,0.3,10,0.0,0.5,1.0,10,True,5,12,0.0,0.1,3,odvg_appended_phrase,4.0,0.25,20,0.5,0.5,1.0,2.0,True,False
epoch,1785463677.7852972,108,723.0950425630435,7.227362460602375e-05,7.227362460602375e-05,7.227362460602375e-05,7.227362460602375e-06,7.227362460602375e-05,1.6934527158737183,12286,1.060279130935669,1.2663483619689941,0.6331741809844971,0.009280797094106674,0.39911481738090515,0.03703873232007027,0.0271387230604887,0.1085548922419548,0.03900038078427315,0.03900038078427315,0.1085548922419548,0.0271387230604887,,,,,,,,,,,,,,,,,,,0.24535346031188965,0.1292521208524704,0.055392713831638594,0.6555128161486877,19257,328388,29377,347645,0.5,0.18000476563297818,0.44820778159784863,0.5897811212853593,0.5,0.20801987949756612,0.45634339789631345,0.5619362085985635,0.5,0.21040269598665623,0.4737719985022296,0.5904959662320863,0.21040269598665623,0.4737719985022296,0.5904959662320863,29377,17395,17395,1739500,100.0,100.0,0.6113072633743286,0.6823071241378784,0.45271632075309753,0.8145779371261597,0.8690812587738037,0.7083092331886292,0.37631481885910034,0.05279641703994142,0.9254613457426423,17395,2683,17395,0,19.985340615119288,106.54077119706199,mean,geometric_mean,odvg_phrase_grounding,3.5,2.0,4.0,iou,0.25,0.25,2.0,True,False,False,True,True,0.1,0.25,0.05,0.25,128,5,True,True,0.05,10,0.3,10,0.0,0.5,1.0,10,True,5,12,0.0,0.1,3,odvg_appended_phrase,4.0,0.25,20,0.5,0.5,1.0,2.0,True,False
epoch,1785464407.0186017,109,717.5443689869717,7.182027887988652e-05,7.182027887988652e-05,7.182027887988652e-05,7.182027887988653e-06,7.182027887988652e-05,1.6922845840454102,12286,1.0603257417678833,1.2639188766479492,0.6319594383239746,0.009290937334299088,0.3998507559299469,0.03668980300426483,0.026924703270196915,0.10769881308078766,0.03901703283190727,0.03901703283190727,0.10769881308078766,0.026924703270196915,,,,,,,,,,,,,,,,,,,0.24716411530971527,0.1295924335718155,0.055692880554108766,0.6588147189978555,19354,328159,29377,347513,0.5,0.182285461415393,0.45270109269156145,0.594580794499098,0.5,0.2104707764577731,0.4600197433366239,0.567280525581237,0.5,0.21237702964904517,0.4790482350137863,0.5952615992102666,0.21237702964904517,0.4790482350137863,0.5952615992102666,29377,17395,17395,1739500,100.0,100.0,0.6121190190315247,0.6820940971374512,0.4534987211227417,0.8140569925308228,0.8681961894035339,0.711304783821106,0.3788337707519531,0.05249006482325047,0.9262059443192895,17395,2683,17395,0,19.977752227651624,107.70794891286641,mean,geometric_mean,odvg_phrase_grounding,3.5,2.0,4.0,iou,0.25,0.25,2.0,True,False,False,True,True,0.1,0.25,0.05,0.25,128,5,True,True,0.05,10,0.3,10,0.0,0.5,1.0,10,True,5,12,0.0,0.1,3,odvg_appended_phrase,4.0,0.25,20,0.5,0.5,1.0,2.0,True,False
epoch,1785465158.3990262,110,740.8292434629984,7.136481446745035e-05,7.136481446745035e-05,7.136481446745035e-05,7.136481446745036e-06,7.136481446745035e-05,1.6831034421920776,12286,1.0542792081832886,1.25764799118042,0.62882399559021,0.009219060651957989,0.39620310068130493,0.03712128847837448,0.026607707142829895,0.10643082857131958,0.03891587629914284,0.03891587629914284,0.10643082857131958,0.026607707142829895,1.2210530042648315,0.013281332328915596,0.4557360112667084,0.04245680943131447,0.04964487627148628,0.04964487627148628,,,0.11317408829927444,0.02829352207481861,0.0,0.0,0,0.45,True,True,1.0,2.0,1.0,2.0,0.24863161146640778,0.12957726418972015,0.055627339988661574,0.6579977533444531,19330,328161,29377,347491,0.5,0.18027708751744562,0.4509650406780815,0.5952275589747081,0.5,0.20659018960411207,0.4580794499097934,0.5653061919188481,0.5,0.20961977056881234,0.47795894747591655,0.5953296796813834,0.20961977056881234,0.47795894747591655,0.5953296796813834,29377,17395,17395,1739500,100.0,100.0,0.6122666001319885,0.682563304901123,0.4557171165943146,0.81451416015625,0.8695237636566162,0.7135173678398132,0.38199952244758606,0.05551961449536014,0.9221888394063248,17395,2683,17395,0,19.976487496407014,123.81257417239249,mean,geometric_mean,odvg_phrase_grounding,3.5,2.0,4.0,iou,0.25,0.25,2.0,True,False,False,True,True,0.1,0.25,0.05,0.25,128,5,True,True,0.05,10,0.3,10,0.0,0.5,1.0,10,True,5,12,0.0,0.1,3,odvg_appended_phrase,4.0,0.25,20,0.5,0.5,1.0,2.0,True,False
epoch,1785465888.7410305,111,719.2109373849817,7.090728131552069e-05,7.090728131552069e-05,7.090728131552069e-05,7.090728131552069e-06,7.090728131552069e-05,1.6775888204574585,12286,1.050187110900879,1.254801869392395,0.6274009346961975,0.009194422513246536,0.39600270986557007,0.03645995259284973,0.02651422657072544,0.10605690628290176,0.03848669305443764,0.03848669305443764,0.10605690628290176,0.02651422657072544,,,,,,,,,,,,,,,,,,,0.24881866574287415,0.13005810976028442,0.0557553697875122,0.659087040882323,19362,327905,29377,347267,0.5,0.1813663750553154,0.4521564489226265,0.5950233175613575,0.5,0.20774755761309868,0.460189944514416,0.5680294107635225,0.5,0.2112877421111754,0.47863975218708515,0.596010484392552,0.2112877421111754,0.47863975218708515,0.596010484392552,29377,17395,17395,1739500,100.0,100.0,0.6131598353385925,0.6821290850639343,0.45738789439201355,0.815841555595398,0.8684685230255127,0.7148449420928955,0.37951457500457764,0.05575790121057256,0.922000005977063,17395,2683,17395,0,19.963610232825523,106.69711883040145,mean,geometric_mean,odvg_phrase_grounding,3.5,2.0,4.0,iou,0.25,0.25,2.0,True,False,False,True,True,0.1,0.25,0.05,0.25,128,5,True,True,0.05,10,0.3,10,0.0,0.5,1.0,10,True,5,12,0.0,0.1,3,odvg_appended_phrase,4.0,0.25,20,0.5,0.5,1.0,2.0,True,False
epoch,1785466627.0660212,112,727.0021867826581,7.044772959776356e-05,7.044772959776356e-05,7.044772959776356e-05,7.044772959776357e-06,7.044772959776356e-05,1.6724870204925537,12286,1.0455492734909058,1.253875494003296,0.626937747001648,0.009117091074585915,0.39570140838623047,0.03564397245645523,0.02628861740231514,0.10515446960926056,0.03842124342918396,0.03842124342918396,0.10515446960926056,0.02628861740231514,,,,,,,,,,,,,,,,,,,0.25048530101776123,0.13048049807548523,0.05592444354861931,0.6611294550158288,19422,327868,29377,347290,0.5,0.18088981175749735,0.4514756442114579,0.5967934098103959,0.5,0.20750927596418967,0.45920277768322154,0.5662593185144841,0.5,0.21104946046226639,0.47697178064472207,0.597201892637097,0.21104946046226639,0.47697178064472207,0.597201892637097,29377,17395,17395,1739500,100.0,100.0,0.611499011516571,0.6818034052848816,0.4542192816734314,0.8131252527236938,0.8667665123939514,0.7155597805976868,0.3779827654361725,0.05443032558185801,0.9239332239489566,17395,2683,17395,0,19.964932451853983,114.17067586584017,mean,geometric_mean,odvg_phrase_grounding,3.5,2.0,4.0,iou,0.25,0.25,2.0,True,False,False,True,True,0.1,0.25,0.05,0.25,128,5,True,True,0.05,10,0.3,10,0.0,0.5,1.0,10,True,5,12,0.0,0.1,3,odvg_appended_phrase,4.0,0.25,20,0.5,0.5,1.0,2.0,True,False
epoch,1785467369.0685477,113,731.7131555546075,6.998620970920352e-05,6.998620970920352e-05,6.998620970920352e-05,6.998620970920353e-06,6.998620970920352e-05,1.671067237854004,12286,1.0460004806518555,1.2501280307769775,0.6250640153884888,0.009229648858308792,0.39586201310157776,0.03566683456301689,0.026252949610352516,0.10501179844141006,0.03830033540725708,0.03830033540725708,0.10501179844141006,0.026252949610352516,,,,,,,,,,,,,,,,,,,0.25031477212905884,0.13061535358428955,0.05561743905914048,0.6577594716955442,19323,328104,29377,347427,0.5,0.1812642543486401,0.45273513292711987,0.5958743234503183,0.5,0.2103686557510978,0.4593389386254553,0.5676890084079382,0.5,0.2113898628178507,0.4790482350137863,0.5971338121659802,0.2113898628178507,0.4790482350137863,0.5971338121659802,29377,17395,17395,1739500,100.0,100.0,0.610608696937561,0.6795666813850403,0.4514279365539551,0.8143367171287537,0.8682302236557007,0.7106920480728149,0.37542974948883057,0.05293257637727078,0.9255196726615865,17395,2683,17395,0,19.972808278240873,113.44859906192869,mean,geometric_mean,odvg_phrase_grounding,3.5,2.0,4.0,iou,0.25,0.25,2.0,True,False,False,True,True,0.1,0.25,0.05,0.25,128,5,True,True,0.05,10,0.3,10,0.0,0.5,1.0,10,True,5,12,0.0,0.1,3,odvg_appended_phrase,4.0,0.25,20,0.5,0.5,1.0,2.0,True,False
epoch,1785468101.3338287,114,726.9746262319386,6.952277226069719e-05,6.952277226069719e-05,6.952277226069719e-05,6.95227722606972e-06,6.952277226069719e-05,1.6700620651245117,12286,1.0440455675125122,1.252034068107605,0.6260170340538025,0.009167555719614029,0.395132839679718,0.03560710698366165,0.02627800591289997,0.10511202365159988,0.03823573514819145,0.03823573514819145,0.10511202365159988,0.02627800591289997,,,,,,,,,,,,,,,,,,,0.25034117698669434,0.12955334782600403,0.05555843378348818,0.6570786669843756,19303,328133,29377,347436,0.5,0.18317050753991218,0.4542669435272492,0.5966912891037206,0.5,0.21186642611566872,0.4616196344078701,0.5686080947680158,0.5,0.21285359294686318,0.4813629710317595,0.5971338121659802,0.21285359294686318,0.4813629710317595,0.5971338121659802,29377,17395,17395,1739500,100.0,100.0,0.6092013120651245,0.6776244044303894,0.44779330492019653,0.8133202791213989,0.8678557872772217,0.7084113359451294,0.3741362392902374,0.051332668960753836,0.9275383292783307,17395,2683,17395,0,19.973325668295487,113.97704719379544,mean,geometric_mean,odvg_phrase_grounding,3.5,2.0,4.0,iou,0.25,0.25,2.0,True,False,False,True,True,0.1,0.25,0.05,0.25,128,5,True,True,0.05,10,0.3,10,0.0,0.5,1.0,10,True,5,12,0.0,0.1,3,odvg_appended_phrase,4.0,0.25,20,0.5,0.5,1.0,2.0,True,False
epoch,1785468851.3607244,115,744.8785488777794,6.905746807338328e-05,6.905746807338328e-05,6.905746807338328e-05,6.905746807338327e-06,6.905746807338328e-05,1.6604175567626953,12286,1.036539912223816,1.2477554082870483,0.6238777041435242,0.009076087735593319,0.39306411147117615,0.03513440117239952,0.02605823054909706,0.10423292219638824,0.03787169232964516,0.03787169232964516,0.10423292219638824,0.02605823054909706,1.223019003868103,0.013440561480820179,0.4580959975719452,0.04195406660437584,0.04877205938100815,0.04877205938100815,,,0.11376611143350601,0.028441527858376503,0.0,0.0,0,0.45,True,True,1.0,2.0,1.0,2.0,0.2503962516784668,0.13123765587806702,0.055973671675399475,0.6600061272424005,19389,327006,29377,346395,0.5,0.1810600129352895,0.45093100044252304,0.5963508867481363,0.5,0.20972189127548763,0.46155155393675323,0.5701739456037036,0.5,0.21118562140450012,0.4773802634714232,0.597201892637097,0.21118562140450012,0.4773802634714232,0.597201892637097,29377,17395,17395,1739500,100.0,100.0,0.6110413074493408,0.6816164255142212,0.4510411024093628,0.8139519691467285,0.8690812587738037,0.7104537487030029,0.3762807548046112,0.05044762146060244,0.9289923917599152,17395,2683,17395,0,19.91348088531187,130.1140572661534,mean,geometric_mean,odvg_phrase_grounding,3.5,2.0,4.0,iou,0.25,0.25,2.0,True,False,False,True,True,0.1,0.25,0.05,0.25,128,5,True,True,0.05,10,0.3,10,0.0,0.5,1.0,10,True,5,12,0.0,0.1,3,odvg_appended_phrase,4.0,0.25,20,0.5,0.5,1.0,2.0,True,False
epoch,1785469582.3933809,116,725.7864955640398,6.85903481731094e-05,6.85903481731094e-05,6.85903481731094e-05,6.859034817310939e-06,6.85903481731094e-05,1.6582849025726318,12286,1.0363425016403198,1.2438843250274658,0.6219421625137329,0.009084926918148994,0.39379435777664185,0.03470621258020401,0.02620629221200943,0.10482516884803772,0.03774234279990196,0.03774234279990196,0.10482516884803772,0.02620629221200943,,,,,,,,,,,,,,,,,,,0.25787270069122314,0.13467611372470856,0.056173805577532786,0.6622187425536985,19454,326864,29377,346318,0.5,0.18201313953092554,0.4540286618783402,0.5988017837083432,0.5,0.21312591483133064,0.46733839398168636,0.5748714981107669,0.5,0.21438540354699254,0.4807162065561494,0.5990060251216939,0.21438540354699254,0.4807162065561494,0.5990060251216939,29377,17395,17395,1739500,100.0,100.0,0.6106043457984924,0.6797075867652893,0.44973039627075195,0.812493085861206,0.8684004545211792,0.7117132544517517,0.3752935826778412,0.049494511898053206,0.9304572289633978,17395,2683,17395,0,19.909054325955733,109.10009042499587,mean,geometric_mean,odvg_phrase_grounding,3.5,2.0,4.0,iou,0.25,0.25,2.0,True,False,False,True,True,0.1,0.25,0.05,0.25,128,5,True,True,0.05,10,0.3,10,0.0,0.5,1.0,10,True,5,12,0.0,0.1,3,odvg_appended_phrase,4.0,0.25,20,0.5,0.5,1.0,2.0,True,False
epoch,1785470322.0300024,117,729.2952391831204,6.812146378483658e-05,6.812146378483658e-05,6.812146378483658e-05,6.812146378483659e-06,6.812146378483658e-05,1.6530213356018066,12286,1.0318758487701416,1.2422921657562256,0.6211460828781128,0.009017753414809704,0.3915707767009735,0.03490516170859337,0.026180993765592575,0.1047239750623703,0.03763692453503609,0.03763692453503609,0.1047239750623703,0.026180993765592575,,,,,,,,,,,,,,,,,,,0.2569161653518677,0.1346091330051422,0.05644450990074707,0.6653504442250741,19546,326741,29377,346287,0.5,0.18133233481975694,0.4535861388160806,0.5999591517173298,0.5,0.21156006399564284,0.468495761990673,0.5779351193110256,0.5,0.21166218470231815,0.4811927698539674,0.6013548013752256,0.21166218470231815,0.4811927698539674,0.6013548013752256,29377,17395,17395,1739500,100.0,100.0,0.6115950345993042,0.68096923828125,0.45046907663345337,0.8141700029373169,0.8667665123939514,0.7121217250823975,0.3795486390590668,0.046771280857323405,0.9343212273829847,17395,2683,17395,0,19.90727220465651,108.39265558309853,mean,geometric_mean,odvg_phrase_grounding,3.5,2.0,4.0,iou,0.25,0.25,2.0,True,False,False,True,True,0.1,0.25,0.05,0.25,128,5,True,True,0.05,10,0.3,10,0.0,0.5,1.0,10,True,5,12,0.0,0.1,3,odvg_appended_phrase,4.0,0.25,20,0.5,0.5,1.0,2.0,True,False
epoch,1785471040.889771,118,713.5534785008058,6.765086632702188e-05,6.765086632702188e-05,6.765086632702188e-05,6.765086632702189e-06,6.765086632702188e-05,1.6533809900283813,12286,1.0328943729400635,1.2409718036651611,0.6204859018325806,0.009035103023052216,0.3920523226261139,0.03507332131266594,0.025966526940464973,0.1038661077618599,0.037315405905246735,0.037315405905246735,0.1038661077618599,0.025966526940464973,,,,,,,,,,,,,,,,,,,0.26074641942977905,0.13631081581115723,0.0566690925116774,0.6653164039895156,19545,325352,29377,344897,0.5,0.18323858801102905,0.45658167954522244,0.6006399564284984,0.5,0.21462368519590155,0.4682915205773224,0.575348061408585,0.5,0.21421520236920039,0.4844265922320182,0.6007080368996154,0.21421520236920039,0.4844265922320182,0.6007080368996154,29377,17395,17395,1739500,100.0,100.0,0.6109394431114197,0.6809653639793396,0.4496074914932251,0.8141221404075623,0.8675835132598877,0.7118834257125854,0.3759743869304657,0.04656702172306981,0.9345861695312587,17395,2683,17395,0,19.827364185110664,106.28364885319024,mean,geometric_mean,odvg_phrase_grounding,3.5,2.0,4.0,iou,0.25,0.25,2.0,True,False,False,True,True,0.1,0.25,0.05,0.25,128,5,True,True,0.05,10,0.3,10,0.0,0.5,1.0,10,True,5,12,0.0,0.1,3,odvg_appended_phrase,4.0,0.25,20,0.5,0.5,1.0,2.0,True,False
epoch,1785471779.9488347,119,724.3193145068362,6.717860740597969e-05,6.717860740597969e-05,6.717860740597969e-05,6.71786074059797e-06,6.717860740597969e-05,1.6522512435913086,12286,1.030731439590454,1.2430378198623657,0.6215189099311829,0.009074743837118149,0.39227792620658875,0.034524042159318924,0.025917284190654755,0.10366913676261902,0.037101861089468,0.037101861089468,0.10366913676261902,0.025917284190654755,,,,,,,,,,,,,,,,,,,0.2610182762145996,0.13545067608356476,0.05700287190933765,0.664159035980529,19511,322770,29377,342281,0.5,0.18078769105082207,0.45535623106511897,0.5998229907750962,0.5,0.21169622493787657,0.46655546856384245,0.5755182625863771,0.5,0.21258127106239574,0.48320114375191475,0.6004357150151479,0.21258127106239574,0.48320114375191475,0.6004357150151479,29377,17395,17395,1739500,100.0,100.0,0.6108285188674927,0.6792687773704529,0.45416346192359924,0.8145602345466614,0.869421660900116,0.7118834257125854,0.3780168294906616,0.047724389732056505,0.9329603864786077,17395,2683,17395,0,19.676976142569703,107.20103575661778,mean,geometric_mean,odvg_phrase_grounding,3.5,2.0,4.0,iou,0.25,0.25,2.0,True,False,False,True,True,0.1,0.25,0.05,0.25,128,5,True,True,0.05,10,0.3,10,0.0,0.5,1.0,10,True,5,12,0.0,0.1,3,odvg_appended_phrase,4.0,0.25,20,0.5,0.5,1.0,2.0,True,False
epoch,1785472528.091237,120,735.5738270813599,6.670473881022253e-05,6.670473881022253e-05,6.670473881022253e-05,6.670473881022254e-06,6.670473881022253e-05,1.6413953304290771,12286,1.0236541032791138,1.235482096672058,0.617741048336029,0.008943266235291958,0.38910728693008423,0.034419283270835876,0.025753578171133995,0.10301431268453598,0.03722664341330528,0.03722664341330528,0.10301431268453598,0.025753578171133995,1.2218421697616577,0.013418080285191536,0.46144261956214905,0.040566761046648026,0.04768119379878044,0.04768119379878044,,,0.1124764010310173,0.028119100257754326,0.0,0.0,0,0.45,True,True,1.0,2.0,1.0,2.0,0.2584635615348816,0.1351061314344406,0.056798562829545984,0.6629676277359839,19476,323420,29377,342896,0.5,0.17986860469074445,0.45726248425639104,0.6010484392551997,0.5,0.21135582258229227,0.46859788269734826,0.5774245157776492,0.5,0.21006229363107193,0.48429043128978455,0.6018994451441604,0.21006229363107193,0.48429043128978455,0.6018994451441604,29377,17395,17395,1739500,100.0,100.0,0.6115312576293945,0.6820616722106934,0.4530348777770996,0.8169378638267517,0.8689110279083252,0.7103856801986694,0.38087618350982666,0.04741805246268549,0.933250269840146,17395,2683,17395,0,19.712331129634954,123.5034252027981,mean,geometric_mean,odvg_phrase_grounding,3.5,2.0,4.0,iou,0.25,0.25,2.0,True,False,False,True,True,0.1,0.25,0.05,0.25,128,5,True,True,0.05,10,0.3,10,0.0,0.5,1.0,10,True,5,12,0.0,0.1,3,odvg_appended_phrase,4.0,0.25,20,0.5,0.5,1.0,2.0,True,False
epoch,1785473257.7319057,121,724.3805686212145,6.622931250478199e-05,6.622931250478199e-05,6.622931250478199e-05,6.622931250478199e-06,6.622931250478199e-05,1.6313022375106812,12286,1.0172268152236938,1.2281506061553955,0.6140753030776978,0.00872965157032013,0.3859306573867798,0.034424252808094025,0.025645822286605835,0.10258328914642334,0.037573643028736115,0.037573643028736115,0.10258328914642334,0.025645822286605835,,,,,,,,,,,,,,,,,,,0.25983330607414246,0.13584458827972412,0.05739052940469455,0.6664056915273854,19577,321542,29377,341119,0.5,0.18211526023760086,0.46022398474997445,0.6031248936242639,0.5,0.21401096095584982,0.46696395139054364,0.5749055383463254,0.5,0.21390884024917453,0.4881369779078871,0.6041461006910168,0.21390884024917453,0.4881369779078871,0.6041461006910168,29377,17395,17395,1739500,100.0,100.0,0.613772988319397,0.6839075684547424,0.45548322796821594,0.81740802526474,0.8689451217651367,0.714300274848938,0.3826122581958771,0.04789458332155261,0.9329489501712966,17395,2683,17395,0,19.61017533774073,107.61777828680351,mean,geometric_mean,odvg_phrase_grounding,3.5,2.0,4.0,iou,0.25,0.25,2.0,True,False,False,True,True,0.1,0.25,0.05,0.25,128,5,True,True,0.05,10,0.3,10,0.0,0.5,1.0,10,True,5,12,0.0,0.1,3,odvg_appended_phrase,4.0,0.25,20,0.5,0.5,1.0,2.0,True,False
epoch,1785473975.4482348,122,712.3002253151499,6.575238062551001e-05,6.575238062551001e-05,6.575238062551001e-05,6.575238062551002e-06,6.575238062551001e-05,1.634238600730896,12286,1.0201950073242188,1.2280869483947754,0.6140434741973877,0.008806809782981873,0.38488128781318665,0.03551172465085983,0.02567518688738346,0.10270074754953384,0.03780423104763031,0.03780423104763031,0.10270074754953384,0.02567518688738346,,,,,,,,,,,,,,,,,,,0.25890278816223145,0.13484258949756622,0.05747874905404692,0.6670524560029956,19596,321330,29377,340926,0.5,0.18225142117983456,0.45797732920311807,0.6020356060863942,0.5,0.21360247812914865,0.4667256697416346,0.5722503999727678,0.5,0.21322803553800593,0.48646900636552404,0.6028866119753549,0.21322803553800593,0.48646900636552404,0.6028866119753549,29377,17395,17395,1739500,100.0,100.0,0.6142029166221619,0.6834704875946045,0.4593540132045746,0.816757082939148,0.8712257742881775,0.7173298597335815,0.3812846839427948,0.05027740373058598,0.9299103431310399,17395,2683,17395,0,19.599080195458466,107.61114031728357,mean,geometric_mean,odvg_phrase_grounding,3.5,2.0,4.0,iou,0.25,0.25,2.0,True,False,False,True,True,0.1,0.25,0.05,0.25,128,5,True,True,0.05,10,0.3,10,0.0,0.5,1.0,10,True,5,12,0.0,0.1,3,odvg_appended_phrase,4.0,0.25,20,0.5,0.5,1.0,2.0,True,False
epoch,1785474691.0123475,123,710.8986304271966,6.527399547336168e-05,6.527399547336168e-05,6.527399547336168e-05,6.5273995473361684e-06,6.527399547336168e-05,1.6309549808502197,12286,1.0175594091415405,1.2267929315567017,0.6133964657783508,0.008821742609143257,0.38460594415664673,0.03525324910879135,0.02567894384264946,0.10271577537059784,0.03721897304058075,0.03721897304058075,0.10271577537059784,0.02567894384264946,,,,,,,,,,,,,,,,,,,0.26009029150009155,0.13639739155769348,0.057500741746055524,0.6663035708207101,19574,320839,29377,340413,0.5,0.18146849576199067,0.4590325765054294,0.6026823705620042,0.5,0.2124110698846036,0.47050413588862033,0.5788542056711032,0.5,0.21271743200462948,0.48755829390339384,0.6029887326820301,0.21271743200462948,0.48755829390339384,0.6029887326820301,29377,17395,17395,1739500,100.0,100.0,0.6134930849075317,0.6841840744018555,0.4567837417125702,0.8163415193557739,0.8707492351531982,0.7140620350837708,0.38125064969062805,0.04775846426306063,0.933117205625618,17395,2683,17395,0,19.569588962345502,105.92946400493383,mean,geometric_mean,odvg_phrase_grounding,3.5,2.0,4.0,iou,0.25,0.25,2.0,True,False,False,True,True,0.1,0.25,0.05,0.25,128,5,True,True,0.05,10,0.3,10,0.0,0.5,1.0,10,True,5,12,0.0,0.1,3,odvg_appended_phrase,4.0,0.25,20,0.5,0.5,1.0,2.0,True,False
epoch,1785475422.488906,124,725.009850806091,6.479420950865987e-05,6.479420950865987e-05,6.479420950865987e-05,6.479420950865988e-06,6.479420950865987e-05,1.6196050643920898,12286,1.009925365447998,1.2193607091903687,0.6096803545951843,0.008768444880843163,0.38378769159317017,0.0340082012116909,0.02557763271033764,0.10231053084135056,0.036810629069805145,0.036810629069805145,0.10231053084135056,0.02557763271033764,,,,,,,,,,,,,,,,,,,0.2631952464580536,0.1376030594110489,0.057716835795395965,0.6669843755318787,19594,319891,29377,339485,0.5,0.1827279844776526,0.4608367089900262,0.6065289171801069,0.5,0.21564489226265446,0.4753378493379174,0.5802498553289989,0.5,0.21302379412465533,0.488443340027913,0.6070735609490417,0.21302379412465533,0.488443340027913,0.6070735609490417,29377,17395,17395,1739500,100.0,100.0,0.6135685443878174,0.6846648454666138,0.45511049032211304,0.8159990906715393,0.8712257742881775,0.7134833335876465,0.38288456201553345,0.04649895805576776,0.9348282491450016,17395,2683,17395,0,19.516240298936477,108.18214792292565,mean,geometric_mean,odvg_phrase_grounding,3.5,2.0,4.0,iou,0.25,0.25,2.0,True,False,False,True,True,0.1,0.25,0.05,0.25,128,5,True,True,0.05,10,0.3,10,0.0,0.5,1.0,10,True,5,12,0.0,0.1,3,odvg_appended_phrase,4.0,0.25,20,0.5,0.5,1.0,2.0,True,False
epoch,1785476164.9399881,125,730.985917668324,6.431307534534228e-05,6.431307534534228e-05,6.431307534534228e-05,6.431307534534228e-06,6.431307534534228e-05,1.6221588850021362,12286,1.00933837890625,1.2256399393081665,0.6128199696540833,0.008598728105425835,0.383203387260437,0.034192491322755814,0.025401482358574867,0.10160592943429947,0.037122465670108795,0.037122465670108795,0.10160592943429947,0.025401482358574867,1.2132810354232788,0.01325546856969595,0.45788365602493286,0.040479712188243866,0.04762217774987221,0.04762217774987221,,,0.11033851653337479,0.027584629133343697,0.0,0.0,0,0.45,True,True,1.0,2.0,1.0,2.0,0.26262688636779785,0.13893967866897583,0.0576150238061566,0.6656568063450999,19555,319853,29377,339408,0.5,0.18099193246417264,0.45760288661197535,0.6035674166865235,0.5,0.2161214555604725,0.4744528032133982,0.5815433842802192,0.5,0.21302379412465533,0.48694556966334207,0.6049290261088607,0.21302379412465533,0.48694556966334207,0.6049290261088607,29377,17395,17395,1739500,100.0,100.0,0.616129457950592,0.6849689483642578,0.4606498181819916,0.8177775144577026,0.873132050037384,0.7174320220947266,0.3835994005203247,0.051775215749626624,0.9278325832202811,17395,2683,17395,0,19.51181373958034,123.33395398128778,mean,geometric_mean,odvg_phrase_grounding,3.5,2.0,4.0,iou,0.25,0.25,2.0,True,False,False,True,True,0.1,0.25,0.05,0.25,128,5,True,True,0.05,10,0.3,10,0.0,0.5,1.0,10,True,5,12,0.0,0.1,3,odvg_appended_phrase,4.0,0.25,20,0.5,0.5,1.0,2.0,True,False
epoch,1785476893.2223518,126,723.3062780611217,6.38306457451918e-05,6.38306457451918e-05,6.38306457451918e-05,6.383064574519181e-06,6.38306457451918e-05,1.6165390014648438,12286,1.005778431892395,1.221519947052002,0.610759973526001,0.008524322882294655,0.3795489966869354,0.03519758582115173,0.025250932201743126,0.1010037288069725,0.03726397454738617,0.03726397454738617,0.1010037288069725,0.025250932201743126,,,,,,,,,,,,,,,,,,,0.26143231987953186,0.13649053871631622,0.05727275652934585,0.666371651291827,19576,322227,29377,341803,0.5,0.1817067774108997,0.45692208190080674,0.6022738877353031,0.5,0.21360247812914865,0.4707424175375294,0.5754842223508186,0.5,0.2144534840181094,0.48429043128978455,0.6034652959798482,0.2144534840181094,0.48429043128978455,0.6034652959798482,29377,17395,17395,1739500,100.0,100.0,0.616590142250061,0.6861494779586792,0.45973843336105347,0.8192473649978638,0.8714640736579895,0.7186914682388306,0.3903734087944031,0.052319816947003606,0.9272012828046861,17395,2683,17395,0,19.64949698189135,107.7731290240772,mean,geometric_mean,odvg_phrase_grounding,3.5,2.0,4.0,iou,0.25,0.25,2.0,True,False,False,True,True,0.1,0.25,0.05,0.25,128,5,True,True,0.05,10,0.3,10,0.0,0.5,1.0,10,True,5,12,0.0,0.1,3,odvg_appended_phrase,4.0,0.25,20,0.5,0.5,1.0,2.0,True,False
epoch,1785477608.309967,127,710.155791725032,6.33469736120506e-05,6.33469736120506e-05,6.33469736120506e-05,6.33469736120506e-06,6.33469736120506e-05,1.60971999168396,12286,1.000986933708191,1.2174664735794067,0.6087332367897034,0.008548139594495296,0.37745362520217896,0.03498125821352005,0.025214586406946182,0.10085834562778473,0.03730890154838562,0.03730890154838562,0.10085834562778473,0.025214586406946182,,,,,,,,,,,,,,,,,,,0.26450449228286743,0.139098659157753,0.05725522690272097,0.6680055825986316,19624,323122,29377,342746,0.5,0.182523743064302,0.45998570310106546,0.6049290261088607,0.5,0.21680226027164107,0.47390815944446335,0.5769479524798311,0.5,0.21574701296932974,0.48823909861456244,0.6061885148245226,0.21574701296932974,0.48823909861456244,0.6061885148245226,29377,17395,17395,1739500,100.0,100.0,0.6170908212661743,0.689815878868103,0.4585602283477783,0.8194594383239746,0.873506486415863,0.7183170318603516,0.39112231135368347,0.05031144926171993,0.9299592700295306,17395,2683,17395,0,19.70370796205806,106.6404086900875,mean,geometric_mean,odvg_phrase_grounding,3.5,2.0,4.0,iou,0.25,0.25,2.0,True,False,False,True,True,0.1,0.25,0.05,0.25,128,5,True,True,0.05,10,0.3,10,0.0,0.5,1.0,10,True,5,12,0.0,0.1,3,odvg_appended_phrase,4.0,0.25,20,0.5,0.5,1.0,2.0,True,False
epoch,1785478338.8354688,128,719.057864099741,6.286211198601856e-05,6.286211198601856e-05,6.286211198601856e-05,6.286211198601856e-06,6.286211198601856e-05,1.609184741973877,12286,0.9999368786811829,1.2184998989105225,0.6092499494552612,0.00859431829303503,0.3806805908679962,0.03353991359472275,0.02498115412890911,0.09992461651563644,0.03659855201840401,0.03659855201840401,0.09992461651563644,0.02498115412890911,,,,,,,,,,,,,,,,,,,0.26297441124916077,0.13662055134773254,0.05761106508493299,0.6675290193008135,19610,320776,29377,340386,0.5,0.18034516798856248,0.4584879327364945,0.6043843823399258,0.5,0.21595125438268034,0.47121898083534736,0.5776627974265582,0.5,0.21312591483133064,0.4860605235388229,0.6047588249310685,0.21312591483133064,0.4860605235388229,0.6047588249310685,29377,17395,17395,1739500,100.0,100.0,0.6147174835205078,0.6857823729515076,0.45890259742736816,0.8176668882369995,0.870783269405365,0.7161044478416443,0.384552538394928,0.048575428540830745,0.9321671179571105,17395,2683,17395,0,19.568036792181662,105.83911797404289,mean,geometric_mean,odvg_phrase_grounding,3.5,2.0,4.0,iou,0.25,0.25,2.0,True,False,False,True,True,0.1,0.25,0.05,0.25,128,5,True,True,0.05,10,0.3,10,0.0,0.5,1.0,10,True,5,12,0.0,0.1,3,odvg_appended_phrase,4.0,0.25,20,0.5,0.5,1.0,2.0,True,False
epoch,1785479053.3034952,129,708.1517174979672,6.237611403763685e-05,6.237611403763685e-05,6.237611403763685e-05,6.237611403763685e-06,6.237611403763685e-05,1.6045501232147217,12286,0.9977294206619263,1.2136445045471191,0.6068222522735596,0.008508368395268917,0.3783613443374634,0.03409483656287193,0.02507399581372738,0.10029598325490952,0.03664704039692879,0.03664704039692879,0.10029598325490952,0.02507399581372738,,,,,,,,,,,,,,,,,,,0.26354190707206726,0.1376935988664627,0.058086496143493496,0.6662695305851517,19573,317390,29377,336963,0.5,0.18180889811757497,0.4600537835721823,0.6037035776287571,0.5,0.2136365183647071,0.47162746366204855,0.5793648092044797,0.5,0.21414712189808355,0.4880348572012118,0.6053034687000034,0.21414712189808355,0.4880348572012118,0.6053034687000034,29377,17395,17395,1739500,100.0,100.0,0.6164423227310181,0.6854941844940186,0.46266472339630127,0.8181082606315613,0.8742213249206543,0.7193042039871216,0.38833099603652954,0.05303467340196988,0.9262694794386056,17395,2683,17395,0,19.371256108077034,107.49843062786385,mean,geometric_mean,odvg_phrase_grounding,3.5,2.0,4.0,iou,0.25,0.25,2.0,True,False,False,True,True,0.1,0.25,0.05,0.25,128,5,True,True,0.05,10,0.3,10,0.0,0.5,1.0,10,True,5,12,0.0,0.1,3,odvg_appended_phrase,4.0,0.25,20,0.5,0.5,1.0,2.0,True,False
epoch,1785479788.2404714,130,728.6936661833897,6.188903306205722e-05,6.188903306205722e-05,6.188903306205722e-05,6.188903306205722e-06,6.188903306205722e-05,1.6075754165649414,12286,0.9982727766036987,1.2186048030853271,0.6093024015426636,0.008451629430055618,0.37613987922668457,0.035161979496479034,0.025119083002209663,0.10047633200883865,0.037266455590724945,0.037266455590724945,0.10047633200883865,0.025119083002209663,1.231899380683899,0.013327926397323608,0.45964112877845764,0.043752264231443405,0.048334408551454544,0.048334408551454544,,,0.11198118329048157,0.027995295822620392,0.0,0.0,0,0.45,True,True,1.0,2.0,1.0,2.0,0.2638036012649536,0.1377737820148468,0.05725046750305084,0.6659291282295674,19563,322146,29377,341709,0.5,0.1808217312863805,0.4575688463764169,0.6017292439663683,0.5,0.214896007080369,0.46893828505293256,0.5747693774040916,0.5,0.21384075977805767,0.4863668856588488,0.6032270143309392,0.21384075977805767,0.4863668856588488,0.6032270143309392,29377,17395,17395,1739500,100.0,100.0,0.6167793869972229,0.6878019571304321,0.45991820096969604,0.818031370639801,0.870034396648407,0.7193382382392883,0.3897266685962677,0.05340911000972093,0.9257524386018329,17395,2683,17395,0,19.644093130209832,123.09587047807872,mean,geometric_mean,odvg_phrase_grounding,3.5,2.0,4.0,iou,0.25,0.25,2.0,True,False,False,True,True,0.1,0.25,0.05,0.25,128,5,True,True,0.05,10,0.3,10,0.0,0.5,1.0,10,True,5,12,0.0,0.1,3,odvg_appended_phrase,4.0,0.25,20,0.5,0.5,1.0,2.0,True,False
epoch,1785480518.856614,131,724.4069177890196,6.140092247319755e-05,6.140092247319755e-05,6.140092247319755e-05,6.140092247319756e-06,6.140092247319755e-05,1.5995832681655884,12286,0.9931621551513672,1.2128429412841797,0.6064214706420898,0.008429833687841892,0.37416696548461914,0.03502417728304863,0.025076832622289658,0.10030733048915863,0.03678320720791817,0.03678320720791817,0.10030733048915863,0.025076832622289658,,,,,,,,,,,,,,,,,,,0.26466599106788635,0.1377522051334381,0.05713281181330755,0.6637845933893862,19500,321810,29377,341310,0.5,0.1830683868332369,0.45801136943867654,0.6021377267930694,0.5,0.21312591483133064,0.4707083773019709,0.5760969465908704,0.5,0.21652993838717363,0.4881029376723287,0.6030227729175885,0.21652993838717363,0.4881029376723287,0.6030227729175885,29377,17395,17395,1739500,100.0,100.0,0.6153342723846436,0.6867074370384216,0.46027854084968567,0.8175302147865295,0.8721789121627808,0.7170916199684143,0.3876161575317383,0.05330702657902808,0.925662181659052,17395,2683,17395,0,19.621155504455302,112.65134115424007,mean,geometric_mean,odvg_phrase_grounding,3.5,2.0,4.0,iou,0.25,0.25,2.0,True,False,False,True,True,0.1,0.25,0.05,0.25,128,5,True,True,0.05,10,0.3,10,0.0,0.5,1.0,10,True,5,12,0.0,0.1,3,odvg_appended_phrase,4.0,0.25,20,0.5,0.5,1.0,2.0,True,False
epoch,1785481255.377421,132,724.9688518759795,6.091183579788444e-05,6.091183579788444e-05,6.091183579788444e-05,6.091183579788445e-06,6.091183579788444e-05,1.5995689630508423,12286,0.995255708694458,1.2086241245269775,0.6043120622634888,0.008489187806844711,0.3765830993652344,0.034567371010780334,0.024978220462799072,0.09991288185119629,0.03653201833367348,0.03653201833367348,0.09991288185119629,0.024978220462799072,,,,,,,,,,,,,,,,,,,0.2648767828941345,0.13815364241600037,0.05670909075026861,0.6629676277359839,19476,323961,29377,343437,0.5,0.18221738094427614,0.45869217414984514,0.6010824794907581,0.5,0.2132961160091228,0.4688361643462573,0.5745310957551826,0.5,0.21540661061374544,0.4880688974367703,0.6012186404329918,0.21540661061374544,0.4880688974367703,0.6012186404329918,29377,17395,17395,1739500,100.0,100.0,0.61481112241745,0.6887726187705994,0.454171359539032,0.8191856145858765,0.8677536845207214,0.7163086533546448,0.39006707072257996,0.05334102561866083,0.925533461910795,17395,2683,17395,0,19.743432020695604,106.15806121798232,mean,geometric_mean,odvg_phrase_grounding,3.5,2.0,4.0,iou,0.25,0.25,2.0,True,False,False,True,True,0.1,0.25,0.05,0.25,128,5,True,True,0.05,10,0.3,10,0.0,0.5,1.0,10,True,5,12,0.0,0.1,3,odvg_appended_phrase,4.0,0.25,20,0.5,0.5,1.0,2.0,True,False
epoch,1785481987.648534,133,720.868494105991,6.042182666998329e-05,6.042182666998329e-05,6.042182666998329e-05,6.04218266699833e-06,6.042182666998329e-05,1.5959768295288086,12286,0.9937832355499268,1.2043852806091309,0.6021926403045654,0.008545523509383202,0.37635159492492676,0.03426024690270424,0.025012843310832977,0.10005137324333191,0.036537982523441315,0.036537982523441315,0.10005137324333191,0.025012843310832977,,,,,,,,,,,,,,,,,,,0.2649255096912384,0.13909649848937988,0.057326236968320635,0.6676651802430473,19614,322533,29377,342147,0.5,0.18157061646866596,0.4600537835721823,0.6044524628110427,0.5,0.21353439765803178,0.4685298022262314,0.5766415903598053,0.5,0.21571297273377132,0.4886475814412636,0.6048269054021854,0.21571297273377132,0.4886475814412636,0.6048269054021854,29377,17395,17395,1739500,100.0,100.0,0.6159906387329102,0.6888414621353149,0.45618540048599243,0.8196412324905396,0.8709534406661987,0.7170235514640808,0.3914627134799957,0.04935837122103348,0.9311621339072486,17395,2683,17395,0,19.66927277953435,107.95188628416508,mean,geometric_mean,odvg_phrase_grounding,3.5,2.0,4.0,iou,0.25,0.25,2.0,True,False,False,True,True,0.1,0.25,0.05,0.25,128,5,True,True,0.05,10,0.3,10,0.0,0.5,1.0,10,True,5,12,0.0,0.1,3,odvg_appended_phrase,4.0,0.25,20,0.5,0.5,1.0,2.0,True,False
epoch,1785482723.5870557,134,724.4658101038076,5.993094882451693e-05,5.993094882451693e-05,5.993094882451693e-05,5.993094882451693e-06,5.993094882451693e-05,1.594732403755188,12286,0.9897383451461792,1.2099870443344116,0.6049935221672058,0.008364860899746418,0.3738287091255188,0.034615740180015564,0.024993818253278732,0.09997527301311493,0.03666036203503609,0.03666036203503609,0.09997527301311493,0.024993818253278732,,,,,,,,,,,,,,,,,,,0.26353657245635986,0.1382855772972107,0.05700475477447658,0.6648058004561391,19530,323073,29377,342603,0.5,0.18129829458419852,0.4598495421588317,0.6052013479933281,0.5,0.21370459883582393,0.4713551417775811,0.5774245157776492,0.5,0.215134288729278,0.48915818497464003,0.6065289171801069,0.215134288729278,0.48915818497464003,0.6065289171801069,29377,17395,17395,1739500,100.0,100.0,0.6154783964157104,0.6865502595901489,0.45929867029190063,0.8187082409858704,0.8716002106666565,0.7164448499679565,0.38499507308006287,0.051639049511817414,0.9279232036993119,17395,2683,17395,0,19.695487208968093,114.33482311759144,mean,geometric_mean,odvg_phrase_grounding,3.5,2.0,4.0,iou,0.25,0.25,2.0,True,False,False,True,True,0.1,0.25,0.05,0.25,128,5,True,True,0.05,10,0.3,10,0.0,0.5,1.0,10,True,5,12,0.0,0.1,3,odvg_appended_phrase,4.0,0.25,20,0.5,0.5,1.0,2.0,True,False
epoch,1785483480.0658426,135,750.1094120102935,5.9439256091772765e-05,5.9439256091772765e-05,5.9439256091772765e-05,5.943925609177276e-06,5.9439256091772765e-05,1.5897330045700073,12286,0.983665406703949,1.2121323347091675,0.6060661673545837,0.008275936357676983,0.370450884103775,0.03487518057227135,0.024793576449155807,0.09917430579662323,0.03657113388180733,0.03657113388180733,0.09917430579662323,0.024793576449155807,1.2340394258499146,0.01364629901945591,0.4614802896976471,0.04333474859595299,0.04770945757627487,0.04770945757627487,,,0.1120511144399643,0.028012778609991074,0.0,0.0,0,0.45,True,True,1.0,2.0,1.0,2.0,0.2655703127384186,0.1396460235118866,0.0573982550883468,0.6653504442250741,19546,320987,29377,340533,0.5,0.18180889811757497,0.4601218640432992,0.6041801409265752,0.5,0.21288763318242163,0.47121898083534736,0.5764713891820131,0.5,0.21387480001361608,0.4906899955747694,0.605507710113354,0.21387480001361608,0.4906899955747694,0.605507710113354,29377,17395,17395,1739500,100.0,100.0,0.6174443960189819,0.6885245442390442,0.46413445472717285,0.8202201128005981,0.8722469806671143,0.7202913761138916,0.38907989859580994,0.054940931888817546,0.9237240182088056,17395,2683,17395,0,19.576487496407015,133.0608755433932,mean,geometric_mean,odvg_phrase_grounding,3.5,2.0,4.0,iou,0.25,0.25,2.0,True,False,False,True,True,0.1,0.25,0.05,0.25,128,5,True,True,0.05,10,0.3,10,0.0,0.5,1.0,10,True,5,12,0.0,0.1,3,odvg_appended_phrase,4.0,0.25,20,0.5,0.5,1.0,2.0,True,False
epoch,1785484218.8295245,136,727.2963456450962,5.8946802391399825e-05,5.8946802391399825e-05,5.8946802391399825e-05,5.894680239139983e-06,5.8946802391399825e-05,1.585599422454834,12286,0.9812735915184021,1.20864999294281,0.604324996471405,0.008368374779820442,0.37215879559516907,0.033813439309597015,0.02465863898396492,0.09863455593585968,0.035802386701107025,0.035802386701107025,0.09863455593585968,0.02465863898396492,,,,,,,,,,,,,,,,,,,0.26692935824394226,0.1407146155834198,0.05819904197392669,0.6654525649317493,19549,316350,29377,335899,0.5,0.18296626612656158,0.45940701909657217,0.6053375089355618,0.5,0.21979780100078292,0.4813629710317595,0.5849814480716207,0.5,0.21567893249821288,0.4896687885080165,0.6061885148245226,0.21567893249821288,0.4896687885080165,0.6061885148245226,29377,17395,17395,1739500,100.0,100.0,0.6156149506568909,0.6838821172714233,0.4618681073188782,0.8194271922111511,0.8716683387756348,0.7178404927253723,0.3845865726470947,0.052387927793623,0.9270200994168974,17395,2683,17395,0,19.31008910606496,107.14057403290644,mean,geometric_mean,odvg_phrase_grounding,3.5,2.0,4.0,iou,0.25,0.25,2.0,True,False,False,True,True,0.1,0.25,0.05,0.25,128,5,True,True,0.05,10,0.3,10,0.0,0.5,1.0,10,True,5,12,0.0,0.1,3,odvg_appended_phrase,4.0,0.25,20,0.5,0.5,1.0,2.0,True,False
epoch,1785484945.218913,137,714.0552121042274,5.845364172649581e-05,5.845364172649581e-05,5.845364172649581e-05,5.845364172649582e-06,5.845364172649581e-05,1.5815809965133667,12286,0.981539249420166,1.2000868320465088,0.6000434160232544,0.008416530676186085,0.3737401068210602,0.033210646361112595,0.024759601801633835,0.09903840720653534,0.0355147160589695,0.0355147160589695,0.09903840720653534,0.024759601801633835,,,,,,,,,,,,,,,,,,,0.26649826765060425,0.13976934552192688,0.057881301281727436,0.6630016679715424,19477,317022,29377,336499,0.5,0.18231950165095143,0.4607345882833509,0.6040439799843415,0.5,0.21438540354699254,0.4743166422711645,0.5800115736800898,0.5,0.21465772543145997,0.4902474725125098,0.6045205432821595,0.21465772543145997,0.4902474725125098,0.6045205432821595,29377,17395,17395,1739500,100.0,100.0,0.6154149770736694,0.6883668303489685,0.45871055126190186,0.8194271922111511,0.868672788143158,0.7137556672096252,0.38819485902786255,0.05075399923808288,0.9288916339725863,17395,2683,17395,0,19.34458177637252,105.95845486223698,mean,geometric_mean,odvg_phrase_grounding,3.5,2.0,4.0,iou,0.25,0.25,2.0,True,False,False,True,True,0.1,0.25,0.05,0.25,128,5,True,True,0.05,10,0.3,10,0.0,0.5,1.0,10,True,5,12,0.0,0.1,3,odvg_appended_phrase,4.0,0.25,20,0.5,0.5,1.0,2.0,True,False
epoch,1785485681.762221,138,730.38297116803,5.795982817768505e-05,5.795982817768505e-05,5.795982817768505e-05,5.795982817768505e-06,5.795982817768505e-05,1.5749200582504272,12286,0.9737469553947449,1.2023415565490723,0.6011707782745361,0.008232394233345985,0.36816754937171936,0.03393349424004555,0.024520795792341232,0.09808318316936493,0.03607572615146637,0.03607572615146637,0.09808318316936493,0.024520795792341232,,,,,,,,,,,,,,,,,,,0.2660975456237793,0.13945965468883514,0.05807173357626329,0.6661674098784763,19570,317427,29377,336997,0.5,0.1814004152908738,0.4585560132076114,0.6042482213976921,0.5,0.21567893249821288,0.47363583755999594,0.5819518671069204,0.5,0.21533853014262858,0.4893624263879906,0.6042482213976921,0.21533853014262858,0.4893624263879906,0.6042482213976921,29377,17395,17395,1739500,100.0,100.0,0.6160447597503662,0.6877636909484863,0.46031734347343445,0.8193778395652771,0.871770441532135,0.7193042039871216,0.38656091690063477,0.05313679410864525,0.9261275079248715,17395,2683,17395,0,19.373210692727795,115.04308253712952,mean,geometric_mean,odvg_phrase_grounding,3.5,2.0,4.0,iou,0.25,0.25,2.0,True,False,False,True,True,0.1,0.25,0.05,0.25,128,5,True,True,0.05,10,0.3,10,0.0,0.5,1.0,10,True,5,12,0.0,0.1,3,odvg_appended_phrase,4.0,0.25,20,0.5,0.5,1.0,2.0,True,False
epoch,1785486410.358932,139,722.0909820580855,5.746541589718793e-05,5.746541589718793e-05,5.746541589718793e-05,5.746541589718793e-06,5.746541589718793e-05,1.5738083124160767,12286,0.9739866852760315,1.1996433734893799,0.5998216867446899,0.00825360044836998,0.36882928013801575,0.03374358266592026,0.024491285905241966,0.09796514362096786,0.036031730473041534,0.036031730473041534,0.09796514362096786,0.024491285905241966,,,,,,,,,,,,,,,,,,,0.26684755086898804,0.14004287123680115,0.05754711442493982,0.667324777887463,19604,321056,29377,340660,0.5,0.1814004152908738,0.4611430711100521,0.6060183136467304,0.5,0.21656397862273208,0.4761207747557613,0.5855941723116724,0.5,0.21493004731592744,0.49089423698811996,0.6068693195356912,0.21493004731592744,0.49089423698811996,0.6068693195356912,29377,17395,17395,1739500,100.0,100.0,0.6168155670166016,0.6874309182167053,0.4618678092956543,0.8202136754989624,0.8722469806671143,0.7182829976081848,0.39020320773124695,0.05095821972072179,0.9290555116988598,17395,2683,17395,0,19.58378844495545,113.11150602484122,mean,geometric_mean,odvg_phrase_grounding,3.5,2.0,4.0,iou,0.25,0.25,2.0,True,False,False,True,True,0.1,0.25,0.05,0.25,128,5,True,True,0.05,10,0.3,10,0.0,0.5,1.0,10,True,5,12,0.0,0.1,3,odvg_appended_phrase,4.0,0.25,20,0.5,0.5,1.0,2.0,True,False
epoch,1785487164.1362953,140,747.5515503929928,5.6970459102882527e-05,5.6970459102882527e-05,5.6970459102882527e-05,5.6970459102882535e-06,5.6970459102882527e-05,1.571960687637329,12286,0.9730404019355774,1.1978428363800049,0.5989214181900024,0.008281477726995945,0.368318110704422,0.03380286693572998,0.024433236569166183,0.09773294627666473,0.03587062284350395,0.03587062284350395,0.09773294627666473,0.024433236569166183,1.235410213470459,0.013817209750413895,0.4625219702720642,0.04347486421465874,0.0468975193798542,0.0468975193798542,,,0.11070402711629868,0.02767600677907467,0.0,0.0,0,0.45,True,True,1.0,2.0,1.0,2.0,0.26741471886634827,0.1403685212135315,0.05785876725449983,0.6703203186166048,19692,320654,29377,340346,0.5,0.18099193246417264,0.4598155019232733,0.6085713313136127,0.5,0.21486196684481057,0.47526976886680056,0.584607005480478,0.5,0.2136365183647071,0.49045171392586034,0.6097967797937162,0.2136365183647071,0.49045171392586034,0.6097967797937162,29377,17395,17395,1739500,100.0,100.0,0.6178597807884216,0.6885040402412415,0.46349701285362244,0.8220995664596558,0.8698982000350952,0.7200190424919128,0.391428679227829,0.04969872387530805,0.9309758201626087,17395,2683,17395,0,19.565737280827825,129.28011107863858,mean,geometric_mean,odvg_phrase_grounding,3.5,2.0,4.0,iou,0.25,0.25,2.0,True,False,False,True,True,0.1,0.25,0.05,0.25,128,5,True,True,0.05,10,0.3,10,0.0,0.5,1.0,10,True,5,12,0.0,0.1,3,odvg_appended_phrase,4.0,0.25,20,0.5,0.5,1.0,2.0,True,False
epoch,1785487903.6781955,141,728.0649739732035,5.6475012072359006e-05,5.6475012072359006e-05,5.6475012072359006e-05,5.647501207235901e-06,5.6475012072359006e-05,1.565744161605835,12286,0.9695947766304016,1.192299246788025,0.5961496233940125,0.00818513985723257,0.3681938350200653,0.03329305350780487,0.024003226310014725,0.0960129052400589,0.035585664212703705,0.035585664212703705,0.0960129052400589,0.024003226310014725,,,,,,,,,,,,,,,,,,,0.2730787694454193,0.14291135966777802,0.05839563488173844,0.669231031078735,19660,317009,29377,336669,0.5,0.18099193246417264,0.46294720359464886,0.6076522449535351,0.5,0.21475984613813529,0.4779249072403581,0.5861047758450488,0.5,0.21462368519590155,0.4940259386594955,0.6090138543758723,0.21462368519590155,0.4940259386594955,0.6090138543758723,29377,17395,17395,1739500,100.0,100.0,0.6157615780830383,0.687298595905304,0.46005699038505554,0.8196483850479126,0.8689110279083252,0.7190999984741211,0.3882288932800293,0.049868967395386044,0.9306508587106043,17395,2683,17395,0,19.35435469962633,116.8121035550721,mean,geometric_mean,odvg_phrase_grounding,3.5,2.0,4.0,iou,0.25,0.25,2.0,True,False,False,True,True,0.1,0.25,0.05,0.25,128,5,True,True,0.05,10,0.3,10,0.0,0.5,1.0,10,True,5,12,0.0,0.1,3,odvg_appended_phrase,4.0,0.25,20,0.5,0.5,1.0,2.0,True,False
epoch,1785488642.0148208,142,726.6073222691193,5.597912913696743e-05,5.597912913696743e-05,5.597912913696743e-05,5.597912913696744e-06,5.597912913696743e-05,1.5641899108886719,12286,0.9682559967041016,1.191870093345642,0.595935046672821,0.008224450051784515,0.36717551946640015,0.03353959321975708,0.024105245247483253,0.09642098098993301,0.03547823429107666,0.03547823429107666,0.09642098098993301,0.024105245247483253,,,,,,,,,,,,,,,,,,,0.2691386342048645,0.14115071296691895,0.0584782245754627,0.6676992204786057,19615,315809,29377,335424,0.5,0.18211526023760086,0.4624706402968309,0.6065289171801069,0.5,0.21401096095584982,0.47356775708887905,0.5799094529734146,0.5,0.21520236920039487,0.4916771624059639,0.6075501242468598,0.21520236920039487,0.4916771624059639,0.6075501242468598,29377,17395,17395,1739500,100.0,100.0,0.6161652207374573,0.6863490343093872,0.4639895260334015,0.8191389441490173,0.8688769936561584,0.7201892733573914,0.3859822452068329,0.05249005287878561,0.9271163084197485,17395,2683,17395,0,19.282782408738143,111.42017628625035,mean,geometric_mean,odvg_phrase_grounding,3.5,2.0,4.0,iou,0.25,0.25,2.0,True,False,False,True,True,0.1,0.25,0.05,0.25,128,5,True,True,0.05,10,0.3,10,0.0,0.5,1.0,10,True,5,12,0.0,0.1,3,odvg_appended_phrase,4.0,0.25,20,0.5,0.5,1.0,2.0,True,False
epoch,1785489386.802058,143,738.3493443559855,5.548286467585977e-05,5.548286467585977e-05,5.548286467585977e-05,5.548286467585977e-06,5.548286467585977e-05,1.5596692562103271,12286,0.9619457721710205,1.195444107055664,0.597722053527832,0.008175142109394073,0.36600005626678467,0.03270528092980385,0.02390511892735958,0.09562047570943832,0.03542928025126457,0.03542928025126457,0.09562047570943832,0.02390511892735958,,,,,,,,,,,,,,,,,,,0.271732896566391,0.14154663681983948,0.058505471250900415,0.6663035708207101,19574,314993,29377,334567,0.5,0.18187697858869184,0.46291316335909044,0.6064267964734316,0.5,0.21448752425366782,0.4773462232358648,0.5802498553289989,0.5,0.21601933485379718,0.4936855363039112,0.6063927562378731,0.21601933485379718,0.4936855363039112,0.6063927562378731,29377,17395,17395,1739500,100.0,100.0,0.614943265914917,0.685906171798706,0.46418845653533936,0.8179828524589539,0.8729277849197388,0.7183851599693298,0.3823399245738983,0.05208158914861971,0.9275018582638271,17395,2683,17395,0,19.23351537798218,113.44389488268644,mean,geometric_mean,odvg_phrase_grounding,3.5,2.0,4.0,iou,0.25,0.25,2.0,True,False,False,True,True,0.1,0.25,0.05,0.25,128,5,True,True,0.05,10,0.3,10,0.0,0.5,1.0,10,True,5,12,0.0,0.1,3,odvg_appended_phrase,4.0,0.25,20,0.5,0.5,1.0,2.0,True,False
epoch,1785490124.122469,144,730.900903781876,5.498627311002656e-05,5.498627311002656e-05,5.498627311002656e-05,5.498627311002657e-06,5.498627311002656e-05,1.5586838722229004,12286,0.9626359939575195,1.1920984983444214,0.5960492491722107,0.008186607621610165,0.3668527603149414,0.032517336308956146,0.024021821096539497,0.09608728438615799,0.03518986329436302,0.03518986329436302,0.09608728438615799,0.024021821096539497,,,,,,,,,,,,,,,,,,,0.2718217074871063,0.1416688859462738,0.058607619948625525,0.666371651291827,19576,314442,29377,334018,0.5,0.18293222589100316,0.46168771487898697,0.609388296967015,0.5,0.21605337508935563,0.47789086700479966,0.5826667120536474,0.5,0.21516832896483643,0.49154100146373014,0.6101371821493005,0.21516832896483643,0.49154100146373014,0.6101371821493005,29377,17395,17395,1739500,100.0,100.0,0.6144606471061707,0.6844695210456848,0.45915818214416504,0.8191869854927063,0.8704428672790527,0.716274619102478,0.3861183822154999,0.04990296781065107,0.9303298393105405,17395,2683,17395,0,19.20195458465076,112.57651834515855,mean,geometric_mean,odvg_phrase_grounding,3.5,2.0,4.0,iou,0.25,0.25,2.0,True,False,False,True,True,0.1,0.25,0.05,0.25,128,5,True,True,0.05,10,0.3,10,0.0,0.5,1.0,10,True,5,12,0.0,0.1,3,odvg_appended_phrase,4.0,0.25,20,0.5,0.5,1.0,2.0,True,False
epoch,1785490874.2855148,145,744.8646385367028,5.448940889632911e-05,5.448940889632911e-05,5.448940889632911e-05,5.4489408896329115e-06,5.448940889632911e-05,1.5551670789718628,12286,0.9599527716636658,1.190427303314209,0.5952136516571045,0.008165635168552399,0.36589235067367554,0.03247333690524101,0.02401028573513031,0.09604114294052124,0.034837208688259125,0.034837208688259125,0.09604114294052124,0.02401028573513031,1.2487419843673706,0.014140983112156391,0.4669433832168579,0.04456380754709244,0.0458984375,0.0458984375,,,0.11256689578294754,0.028141723945736885,0.0,0.0,0,0.45,True,True,1.0,2.0,1.0,2.0,0.2692009508609772,0.1405341923236847,0.05847776985436502,0.6671545767096708,19599,315554,29377,335153,0.5,0.18143445552643225,0.4641386118391939,0.6088776934336385,0.5,0.21438540354699254,0.4783674303026177,0.5849474078360622,0.5,0.21472580590257684,0.49419613983728766,0.61057970521156,0.21472580590257684,0.49419613983728766,0.61057970521156,29377,17395,17395,1739500,100.0,100.0,0.6147223114967346,0.6827237010002136,0.4596402645111084,0.820143461227417,0.870408833026886,0.7163426876068115,0.38656091690063477,0.0491881108971407,0.931334385416189,17395,2683,17395,0,19.267203219315896,128.15893014986068,mean,geometric_mean,odvg_phrase_grounding,3.5,2.0,4.0,iou,0.25,0.25,2.0,True,False,False,True,True,0.1,0.25,0.05,0.25,128,5,True,True,0.05,10,0.3,10,0.0,0.5,1.0,10,True,5,12,0.0,0.1,3,odvg_appended_phrase,4.0,0.25,20,0.5,0.5,1.0,2.0,True,False
epoch,1785491604.6021569,146,723.8405921799131,5.399232652152754e-05,5.399232652152754e-05,5.399232652152754e-05,5.399232652152755e-06,5.399232652152754e-05,1.5557905435562134,12286,0.9588907361030579,1.19379723072052,0.59689861536026,0.008217518217861652,0.3690257966518402,0.03103424794971943,0.023788083344697952,0.09515233337879181,0.0342501699924469,0.0342501699924469,0.09515233337879181,0.023788083344697952,,,,,,,,,,,,,,,,,,,0.2721836566925049,0.1414361447095871,0.058511829240988134,0.6671886169452292,19600,315375,29377,334975,0.5,0.18385131225108078,0.4639003301902849,0.6091840555536644,0.5,0.21656397862273208,0.48217993668516185,0.5904959662320863,0.5,0.2164958981516152,0.49542158831739114,0.6098308200292746,0.2164958981516152,0.49542158831739114,0.6098308200292746,29377,17395,17395,1739500,100.0,100.0,0.6132380962371826,0.6842674612998962,0.45430177450180054,0.8183947801589966,0.8673452138900757,0.714164137840271,0.3837355673313141,0.046975520895041756,0.9342230750523233,17395,2683,17395,0,19.25697039379132,107.32536718063056,mean,geometric_mean,odvg_phrase_grounding,3.5,2.0,4.0,iou,0.25,0.25,2.0,True,False,False,True,True,0.1,0.25,0.05,0.25,128,5,True,True,0.05,10,0.3,10,0.0,0.5,1.0,10,True,5,12,0.0,0.1,3,odvg_appended_phrase,4.0,0.25,20,0.5,0.5,1.0,2.0,True,False
epoch,1785492333.5691397,147,722.6625415729359,5.349508049630593e-05,5.349508049630593e-05,5.349508049630593e-05,5.349508049630593e-06,5.349508049630593e-05,1.5499454736709595,12286,0.9573104381561279,1.185267448425293,0.5926337242126465,0.008084304630756378,0.3638647198677063,0.03289048746228218,0.023850223049521446,0.09540089219808578,0.03505245968699455,0.03505245968699455,0.09540089219808578,0.023850223049521446,,,,,,,,,,,,,,,,,,,0.2692803144454956,0.14028066396713257,0.057948233069377145,0.6675970997719304,19612,318828,29377,338440,0.5,0.18146849576199067,0.4611771113456105,0.6075501242468598,0.5,0.2151002484937196,0.4778227865336828,0.5850835687782959,0.5,0.21418116213364197,0.49113251863702895,0.6083330496647037,0.21418116213364197,0.49113251863702895,0.6083330496647037,29377,17395,17395,1739500,100.0,100.0,0.6153661608695984,0.6851522326469421,0.46053317189216614,0.8185963034629822,0.8712598085403442,0.7176021933555603,0.3837355673313141,0.05000509358362992,0.9303164147954976,17395,2683,17395,0,19.456165564817475,106.11517029767856,mean,geometric_mean,odvg_phrase_grounding,3.5,2.0,4.0,iou,0.25,0.25,2.0,True,False,False,True,True,0.1,0.25,0.05,0.25,128,5,True,True,0.05,10,0.3,10,0.0,0.5,1.0,10,True,5,12,0.0,0.1,3,odvg_appended_phrase,4.0,0.25,20,0.5,0.5,1.0,2.0,True,False
epoch,1785493060.1533067,148,720.1405186350457,5.299772534929434e-05,5.299772534929434e-05,5.299772534929434e-05,5.299772534929434e-06,5.299772534929434e-05,1.5492260456085205,12286,0.9575404524803162,1.1833744049072266,0.5916872024536133,0.00812751054763794,0.3662686049938202,0.03208596631884575,0.02364867366850376,0.09459469467401505,0.03449105843901634,0.03449105843901634,0.09459469467401505,0.02364867366850376,,,,,,,,,,,,,,,,,,,0.2732192575931549,0.14235574007034302,0.05763874957221586,0.6650440821050482,19537,319419,29377,338956,0.5,0.1821833407087177,0.4618238758212207,0.608673452020288,0.5,0.2176192259250434,0.4820097355073697,0.5876365864451782,0.5,0.21666609932940736,0.4933791741838853,0.6093542567314566,0.21666609932940736,0.4933791741838853,0.6093542567314566,29377,17395,17395,1739500,100.0,100.0,0.6149692535400391,0.6862367987632751,0.45820072293281555,0.8185306191444397,0.8690812587738037,0.7148449420928955,0.3880246579647064,0.049800859987847335,0.930333339364419,17395,2683,17395,0,19.485829261281978,108.48026440292597,mean,geometric_mean,odvg_phrase_grounding,3.5,2.0,4.0,iou,0.25,0.25,2.0,True,False,False,True,True,0.1,0.25,0.05,0.25,128,5,True,True,0.05,10,0.3,10,0.0,0.5,1.0,10,True,5,12,0.0,0.1,3,odvg_appended_phrase,4.0,0.25,20,0.5,0.5,1.0,2.0,True,False
epoch,1785493784.2101805,149,712.2373826177791,5.250031562108934e-05,5.250031562108934e-05,5.250031562108934e-05,5.250031562108934e-06,5.250031562108934e-05,1.542292833328247,12286,0.9514799118041992,1.1816270351409912,0.5908135175704956,0.008013129234313965,0.3613932430744171,0.032833032310009,0.023911375552415848,0.09564550220966339,0.03491025045514107,0.03491025045514107,0.09564550220966339,0.023911375552415848,,,,,,,,,,,,,,,,,,,0.27173352241516113,0.14187082648277283,0.05765894930614557,0.6653164039895156,19545,319431,29377,338976,0.5,0.182285461415393,0.46359396807025904,0.609150015318106,0.5,0.2154746910848623,0.4790482350137863,0.5840964019471014,0.5,0.21503216802260272,0.494298260543963,0.6090138543758723,0.21503216802260272,0.494298260543963,0.6090138543758723,29377,17395,17395,1739500,100.0,100.0,0.6140629649162292,0.6854776740074158,0.4569040834903717,0.8180853724479675,0.8685706257820129,0.715764045715332,0.38431426882743835,0.050447641725816394,0.9295191732138498,17395,2683,17395,0,19.486979016958895,107.53087820205837,mean,geometric_mean,odvg_phrase_grounding,3.5,2.0,4.0,iou,0.25,0.25,2.0,True,False,False,True,True,0.1,0.25,0.05,0.25,128,5,True,True,0.05,10,0.3,10,0.0,0.5,1.0,10,True,5,12,0.0,0.1,3,odvg_appended_phrase,4.0,0.25,20,0.5,0.5,1.0,2.0,True,False
epoch,1785494531.2582247,150,740.8063795068301,5.200290585827294e-05,5.200290585827294e-05,5.200290585827294e-05,5.200290585827295e-06,5.200290585827294e-05,1.5436848402023315,12286,0.9495131969451904,1.1883397102355957,0.5941698551177979,0.008030029013752937,0.3622300624847412,0.03210972249507904,0.02387000247836113,0.09548000991344452,0.03452331945300102,0.03452331945300102,0.09548000991344452,0.02387000247836113,1.2518975734710693,0.014268714934587479,0.4722307622432709,0.042861662805080414,0.04536915570497513,0.04536915570497513,,,0.11299925297498703,0.028249813243746758,0.0,0.0,0,0.45,True,True,1.0,2.0,1.0,2.0,0.2742764949798584,0.14196106791496277,0.057861676044245254,0.667563059536372,19611,319318,29377,338929,0.5,0.18225142117983456,0.46393437042584335,0.610103141913742,0.5,0.2154746910848623,0.47659733805357934,0.5850835687782959,0.5,0.21571297273377132,0.4953535078462743,0.6117711134561051,0.21571297273377132,0.4953535078462743,0.6117711134561051,29377,17395,17395,1739500,100.0,100.0,0.6139567494392395,0.686202347278595,0.45627954602241516,0.8180655837059021,0.8682302236557007,0.7165809869766235,0.38676515221595764,0.049017927440251574,0.9315947138828418,17395,2683,17395,0,19.484277091118138,122.90311039425433,mean,geometric_mean,odvg_phrase_grounding,3.5,2.0,4.0,iou,0.25,0.25,2.0,True,False,False,True,True,0.1,0.25,0.05,0.25,128,5,True,True,0.05,10,0.3,10,0.0,0.5,1.0,10,True,5,12,0.0,0.1,3,odvg_appended_phrase,4.0,0.25,20,0.5,0.5,1.0,2.0,True,False
epoch,1785495262.7863107,151,718.733846297022,5.1505550607430935e-05,5.1505550607430935e-05,5.1505550607430935e-05,5.150555060743094e-06,5.1505550607430935e-05,1.5334086418151855,12286,0.9459910988807678,1.1748343706130981,0.5874171853065491,0.00808470044285059,0.3635939061641693,0.030811423435807228,0.023609722033143044,0.09443888813257217,0.03406648337841034,0.03406648337841034,0.09443888813257217,0.023609722033143044,,,,,,,,,,,,,,,,,,,0.27930015325546265,0.14487867057323456,0.05875601861399277,0.6691969908431766,19659,314928,29377,334587,0.5,0.18214930047315928,0.46270892194573987,0.6095925383803656,0.5,0.21639377744493993,0.48217993668516185,0.5886577935119311,0.5,0.21724478333390068,0.4953875480818327,0.6108520270960275,0.21724478333390068,0.4953875480818327,0.6108520270960275,29377,17395,17395,1739500,100.0,100.0,0.6137454509735107,0.6842350363731384,0.45733320713043213,0.8188856840133667,0.8663920760154724,0.7160704135894775,0.3839057683944702,0.04687342274630091,0.9345407632311794,17395,2683,17395,0,19.234665133659096,107.02045064419508,mean,geometric_mean,odvg_phrase_grounding,3.5,2.0,4.0,iou,0.25,0.25,2.0,True,False,False,True,True,0.1,0.25,0.05,0.25,128,5,True,True,0.05,10,0.3,10,0.0,0.5,1.0,10,True,5,12,0.0,0.1,3,odvg_appended_phrase,4.0,0.25,20,0.5,0.5,1.0,2.0,True,False
epoch,1785495991.8581483,152,717.3960670433007,5.100830440917124e-05,5.100830440917124e-05,5.100830440917124e-05,5.100830440917124e-06,5.100830440917124e-05,1.5352790355682373,12286,0.9455959796905518,1.1793668270111084,0.5896834135055542,0.00812121294438839,0.36384859681129456,0.030727241188287735,0.02340233512222767,0.09360934048891068,0.03382757306098938,0.03382757306098938,0.09360934048891068,0.02340233512222767,,,,,,,,,,,,,,,,,,,0.27796003222465515,0.14464633166790009,0.05973104853582291,0.6725329339279028,19757,311009,29377,330766,0.5,0.18347686965993804,0.46832556081288085,0.61405180923852,0.5,0.21670013956496578,0.4866392075433162,0.5960785648636688,0.5,0.21731286380501752,0.5005616638867141,0.6156517003097661,0.21731286380501752,0.5005616638867141,0.6156517003097661,29377,17395,17395,1739500,100.0,100.0,0.6144972443580627,0.6860446333885193,0.4599525034427643,0.8211973905563354,0.8677536845207214,0.7169213891029358,0.3857099115848541,0.04438845517503298,0.9380846270599137,17395,2683,17395,0,19.015004311583787,105.37620619684458,mean,geometric_mean,odvg_phrase_grounding,3.5,2.0,4.0,iou,0.25,0.25,2.0,True,False,False,True,True,0.1,0.25,0.05,0.25,128,5,True,True,0.05,10,0.3,10,0.0,0.5,1.0,10,True,5,12,0.0,0.1,3,odvg_appended_phrase,4.0,0.25,20,0.5,0.5,1.0,2.0,True,False
epoch,1785496713.7640603,153,715.4896903028712,5.0511221792142945e-05,5.0511221792142945e-05,5.0511221792142945e-05,5.051122179214295e-06,5.0511221792142945e-05,1.5250829458236694,12286,0.9389047026634216,1.1723575592041016,0.5861787796020508,0.007933876477181911,0.3601519465446472,0.031011464074254036,0.023056786507368088,0.09222714602947235,0.03412949666380882,0.03412949666380882,0.09222714602947235,0.023056786507368088,,,,,,,,,,,,,,,,,,,0.2808546721935272,0.1457519829273224,0.060057325092978134,0.6711713245055656,19717,308586,29377,328303,0.5,0.18361303060217177,0.46631718691493346,0.6129284814650917,0.5,0.21972972052966608,0.4860264833032645,0.5926405010722674,0.5,0.21792558804506929,0.49851924975320827,0.6137794873540525,0.21792558804506929,0.49851924975320827,0.6137794873540525,29377,17395,17395,1739500,100.0,100.0,0.6130908131599426,0.6835544109344482,0.4569604694843292,0.817116916179657,0.8670388460159302,0.715764045715332,0.38380366563796997,0.04459272120976643,0.9376991321697353,17395,2683,17395,0,18.873411899971256,106.61983357276767,mean,geometric_mean,odvg_phrase_grounding,3.5,2.0,4.0,iou,0.25,0.25,2.0,True,False,False,True,True,0.1,0.25,0.05,0.25,128,5,True,True,0.05,10,0.3,10,0.0,0.5,1.0,10,True,5,12,0.0,0.1,3,odvg_appended_phrase,4.0,0.25,20,0.5,0.5,1.0,2.0,True,False
epoch,1785497447.087274,154,721.5944651728496,5.001435726705666e-05,5.001435726705666e-05,5.001435726705666e-05,5.001435726705667e-06,5.001435726705666e-05,1.5246995687484741,12286,0.940683901309967,1.1680301427841187,0.5840150713920593,0.007983239367604256,0.3616122901439667,0.03088284470140934,0.02334008365869522,0.09336033463478088,0.03371867164969444,0.03371867164969444,0.09336033463478088,0.02334008365869522,,,,,,,,,,,,,,,,,,,0.27986961603164673,0.1448633372783661,0.060275765854078255,0.6676992204786057,19615,305806,29377,325421,0.5,0.18296626612656158,0.46961908976410116,0.6150389760697144,0.5,0.21823195016509514,0.4900091908636008,0.5973720938148892,0.5,0.21717670286278382,0.5028083194335705,0.6165707866698438,0.21717670286278382,0.5028083194335705,0.6165707866698438,29377,17395,17395,1739500,100.0,100.0,0.6121464967727661,0.6825655102729797,0.45621004700660706,0.8163792490959167,0.8660176396369934,0.7143343687057495,0.38176125288009644,0.04663514822714376,0.9347152394310264,17395,2683,17395,0,18.707732106927278,105.36668642517179,mean,geometric_mean,odvg_phrase_grounding,3.5,2.0,4.0,iou,0.25,0.25,2.0,True,False,False,True,True,0.1,0.25,0.05,0.25,128,5,True,True,0.05,10,0.3,10,0.0,0.5,1.0,10,True,5,12,0.0,0.1,3,odvg_appended_phrase,4.0,0.25,20,0.5,0.5,1.0,2.0,True,False
epoch,1785498189.6139328,155,736.0846101650968,4.951776532070668e-05,4.951776532070668e-05,4.951776532070668e-05,4.9517765320706686e-06,4.951776532070668e-05,1.5190016031265259,12286,0.9366268515586853,1.1647484302520752,0.5823742151260376,0.007762730121612549,0.3564310669898987,0.03228357806801796,0.0233788900077343,0.0935155600309372,0.03436151519417763,0.03436151519417763,0.0935155600309372,0.0233788900077343,1.2575573921203613,0.014415771700441837,0.47401800751686096,0.04352091997861862,0.04512408375740051,0.04512408375740051,,,0.11063029617071152,0.02765757404267788,0.0,0.0,0,0.45,True,True,1.0,2.0,1.0,2.0,0.27730461955070496,0.1436699479818344,0.05926196830616618,0.6674268985941383,19607,311246,29377,330853,0.5,0.18334070871770433,0.465806583381557,0.610103141913742,0.5,0.21812982945841985,0.4834053851652653,0.5903598052898527,0.5,0.21812982945841985,0.4979746059842734,0.6109881880382613,0.21812982945841985,0.4979746059842734,0.6109881880382613,29377,17395,17395,1739500,100.0,100.0,0.6117092370986938,0.6816801428794861,0.4543667435646057,0.8160858750343323,0.8672771453857422,0.712428092956543,0.37968477606773376,0.045001194362404684,0.9368340541209543,17395,2683,17395,0,19.020005748778384,122.57747158315033,mean,geometric_mean,odvg_phrase_grounding,3.5,2.0,4.0,iou,0.25,0.25,2.0,True,False,False,True,True,0.1,0.25,0.05,0.25,128,5,True,True,0.05,10,0.3,10,0.0,0.5,1.0,10,True,5,12,0.0,0.1,3,odvg_appended_phrase,4.0,0.25,20,0.5,0.5,1.0,2.0,True,False
epoch,1785498914.7821,156,717.9872200582176,4.9021500409996023e-05,4.9021500409996023e-05,4.9021500409996023e-05,4.9021500409996025e-06,4.9021500409996023e-05,1.5164670944213867,12286,0.933078408241272,1.1667746305465698,0.5833873152732849,0.007876025512814522,0.35828763246536255,0.030828583985567093,0.022920094430446625,0.0916803777217865,0.033675797283649445,0.033675797283649445,0.0916803777217865,0.022920094430446625,,,,,,,,,,,,,,,,,,,0.2798624038696289,0.14470627903938293,0.05949661609772819,0.6676311400074888,19613,310036,29377,329649,0.5,0.18293222589100316,0.46730435374612794,0.6129625217006501,0.5,0.21853831228512102,0.48514143717874525,0.5921639377744494,0.5,0.21734690404057597,0.49947237634884434,0.6140858494740784,0.21734690404057597,0.49947237634884434,0.6140858494740784,29377,17395,17395,1739500,100.0,100.0,0.6120787262916565,0.6829880475997925,0.4544755518436432,0.8175759315490723,0.8681961894035339,0.711679220199585,0.3825441598892212,0.04404808019209616,0.9381068338910566,17395,2683,17395,0,18.950790457027882,106.48491240805015,mean,geometric_mean,odvg_phrase_grounding,3.5,2.0,4.0,iou,0.25,0.25,2.0,True,False,False,True,True,0.1,0.25,0.05,0.25,128,5,True,True,0.05,10,0.3,10,0.0,0.5,1.0,10,True,5,12,0.0,0.1,3,odvg_appended_phrase,4.0,0.25,20,0.5,0.5,1.0,2.0,True,False
epoch,1785499637.524322,157,716.614731403999,4.8525616955964514e-05,4.8525616955964514e-05,4.8525616955964514e-05,4.852561695596452e-06,4.8525616955964514e-05,1.5125954151153564,12286,0.9290249347686768,1.1671403646469116,0.5835701823234558,0.007703210227191448,0.3557801842689514,0.031005820259451866,0.02301764488220215,0.0920705795288086,0.03395498916506767,0.03395498916506767,0.0920705795288086,0.02301764488220215,,,,,,,,,,,,,,,,,,,0.27834033966064453,0.14455053210258484,0.059236452829503905,0.6667120536474113,19586,311055,29377,330641,0.5,0.18317050753991218,0.46655546856384245,0.6125199986383906,0.5,0.21833407087177042,0.48554992000544644,0.5935936276679035,0.5,0.21826599040065356,0.49991489941110395,0.6132348435851176,0.21826599040065356,0.49991489941110395,0.6132348435851176,29377,17395,17395,1739500,100.0,100.0,0.6137252449989319,0.6840613484382629,0.45923539996147156,0.8156536221504211,0.8704769015312195,0.716649055480957,0.37975287437438965,0.04993700183354577,0.9303187502284056,17395,2683,17395,0,19.007818338603048,105.50116346497089,mean,geometric_mean,odvg_phrase_grounding,3.5,2.0,4.0,iou,0.25,0.25,2.0,True,False,False,True,True,0.1,0.25,0.05,0.25,128,5,True,True,0.05,10,0.3,10,0.0,0.5,1.0,10,True,5,12,0.0,0.1,3,odvg_appended_phrase,4.0,0.25,20,0.5,0.5,1.0,2.0,True,False
epoch,1785500352.052874,158,707.3418576749973,4.8030169337821034e-05,4.8030169337821034e-05,4.8030169337821034e-05,4.8030169337821036e-06,4.8030169337821034e-05,1.50916588306427,12286,0.9251282811164856,1.168074131011963,0.5840370655059814,0.007668091915547848,0.35283946990966797,0.03143984079360962,0.02280162088572979,0.09120648354291916,0.03414030000567436,0.03414030000567436,0.09120648354291916,0.02280162088572979,,,,,,,,,,,,,,,,,,,0.2776646018028259,0.14389775693416595,0.05977299236506385,0.6681077033053069,19627,308732,29377,328359,0.5,0.18283010518432788,0.46509173843483,0.6111924294516118,0.5,0.21823195016509514,0.4843585117609014,0.5914490928277224,0.5,0.21554277155597917,0.49780440480648125,0.6124178779317153,0.21554277155597917,0.49780440480648125,0.6124178779317153,29377,17395,17395,1739500,100.0,100.0,0.6130008697509766,0.6828731298446655,0.4585784077644348,0.8158524036407471,0.8671409487724304,0.7147428393363953,0.37975287437438965,0.046635136031088376,0.9347525662874959,17395,2683,17395,0,18.876631215866627,106.25270111113787,mean,geometric_mean,odvg_phrase_grounding,3.5,2.0,4.0,iou,0.25,0.25,2.0,True,False,False,True,True,0.1,0.25,0.05,0.25,128,5,True,True,0.05,10,0.3,10,0.0,0.5,1.0,10,True,5,12,0.0,0.1,3,odvg_appended_phrase,4.0,0.25,20,0.5,0.5,1.0,2.0,True,False
epoch,1785501080.7200222,159,721.1155831292272,4.753521188698007e-05,4.753521188698007e-05,4.753521188698007e-05,4.753521188698007e-06,4.753521188698007e-05,1.5094972848892212,12286,0.9259098768234253,1.1671749353408813,0.5835874676704407,0.007743200287222862,0.35092368721961975,0.03245082497596741,0.022922463715076447,0.09168985486030579,0.03432472422719002,0.03432472422719002,0.09168985486030579,0.022922463715076447,,,,,,,,,,,,,,,,,,,0.27794909477233887,0.1436825692653656,0.05981107469970773,0.6666439731762944,19584,307847,29377,327431,0.5,0.1845321169622494,0.4651598189059468,0.6110562685093781,0.5,0.21836811110732887,0.4826905402185383,0.5885556728052558,0.5,0.21857235252067944,0.49814480716206555,0.6117370732205467,0.21857235252067944,0.49814480716206555,0.6117370732205467,29377,17395,17395,1739500,100.0,100.0,0.6148183345794678,0.6846038103103638,0.4588249921798706,0.8162853717803955,0.8681281208992004,0.7188957333564758,0.3867991864681244,0.052251760180181406,0.9273166361188131,17395,2683,17395,0,18.823282552457602,105.22857109643519,mean,geometric_mean,odvg_phrase_grounding,3.5,2.0,4.0,iou,0.25,0.25,2.0,True,False,False,True,True,0.1,0.25,0.05,0.25,128,5,True,True,0.05,10,0.3,10,0.0,0.5,1.0,10,True,5,12,0.0,0.1,3,odvg_appended_phrase,4.0,0.25,20,0.5,0.5,1.0,2.0,True,False
epoch,1785501822.182626,160,734.2979460828938,4.7040798881103756e-05,4.7040798881103756e-05,4.7040798881103756e-05,4.704079888110376e-06,4.7040798881103756e-05,1.5096272230148315,12286,0.9261585474014282,1.1669366359710693,0.5834683179855347,0.007850173860788345,0.35354167222976685,0.03144233673810959,0.022846395149827003,0.09138558059930801,0.03375983610749245,0.03375983610749245,0.09138558059930801,0.022846395149827003,1.2703769207000732,0.014784536324441433,0.47646045684814453,0.04528128728270531,0.04497157409787178,0.04497157409787178,,,0.11069818586111069,0.027674546465277672,0.0,0.0,0,0.45,True,True,1.0,2.0,1.0,2.0,0.27998656034469604,0.14557841420173645,0.060516453016437634,0.6694693127276441,19667,305319,29377,324986,0.5,0.182523743064302,0.4677128365728291,0.6143241311229873,0.5,0.21792558804506929,0.4908261565170031,0.5957041222725261,0.5,0.21734690404057597,0.5006978248289479,0.6155836198386493,0.21734690404057597,0.5006978248289479,0.6155836198386493,29377,17395,17395,1739500,100.0,100.0,0.6153404712677002,0.6879190802574158,0.4624497592449188,0.8174939155578613,0.8688769936561584,0.7217550873756409,0.38856929540634155,0.052285774647996774,0.9275574560366286,17395,2683,17395,0,18.682724920954296,122.15767179429531,mean,geometric_mean,odvg_phrase_grounding,3.5,2.0,4.0,iou,0.25,0.25,2.0,True,False,False,True,True,0.1,0.25,0.05,0.25,128,5,True,True,0.05,10,0.3,10,0.0,0.5,1.0,10,True,5,12,0.0,0.1,3,odvg_appended_phrase,4.0,0.25,20,0.5,0.5,1.0,2.0,True,False
epoch,1785502538.2190015,161,708.6915500140749,4.654698453814976e-05,4.654698453814976e-05,4.654698453814976e-05,4.654698453814976e-06,4.654698453814976e-05,1.5058231353759766,12286,0.924747884273529,1.162149429321289,0.5810747146606445,0.007804327644407749,0.35159870982170105,0.032080113887786865,0.02290395461022854,0.09161581844091415,0.033804841339588165,0.033804841339588165,0.09161581844091415,0.02290395461022854,,,,,,,,,,,,,,,,,,,0.27980837225914,0.14624947309494019,0.06037573852107391,0.6654525649317493,19549,304240,29377,323789,0.5,0.18327262824658747,0.46529597984818055,0.6104435442693263,0.5,0.21826599040065356,0.48755829390339384,0.5923341389522415,0.5,0.21778942710283555,0.49892773257990947,0.6117370732205467,0.21778942710283555,0.49892773257990947,0.6117370732205467,29377,17395,17395,1739500,100.0,100.0,0.6173244118690491,0.6898812651634216,0.46199464797973633,0.8195717334747314,0.8709534406661987,0.7201212048530579,0.38931816816329956,0.05466863992130855,0.9240841131286173,17395,2683,17395,0,18.613912043690714,106.18387159099802,mean,geometric_mean,odvg_phrase_grounding,3.5,2.0,4.0,iou,0.25,0.25,2.0,True,False,False,True,True,0.1,0.25,0.05,0.25,128,5,True,True,0.05,10,0.3,10,0.0,0.5,1.0,10,True,5,12,0.0,0.1,3,odvg_appended_phrase,4.0,0.25,20,0.5,0.5,1.0,2.0,True,False
epoch,1785503247.0544214,162,701.4402147508226,4.6053823010425545e-05,4.6053823010425545e-05,4.6053823010425545e-05,4.605382301042554e-06,4.6053823010425545e-05,1.4933199882507324,12286,0.9142042398452759,1.1582289934158325,0.5791144967079163,0.007557061966508627,0.34790873527526855,0.031491637229919434,0.02267470583319664,0.09069882333278656,0.033829160034656525,0.033829160034656525,0.09069882333278656,0.02267470583319664,,,,,,,,,,,,,,,,,,,0.28336843848228455,0.1464753895998001,0.06044500607051711,0.6643292371583212,19516,303356,29377,322872,0.5,0.18296626612656158,0.46553426149708954,0.6089457739047555,0.5,0.2184021513428873,0.48653708683664093,0.5899853626987098,0.5,0.21799366851618612,0.4993021751710522,0.6100010212070668,0.21799366851618612,0.4993021751710522,0.6100010212070668,29377,17395,17395,1739500,100.0,100.0,0.6172888278961182,0.688491940498352,0.46295005083084106,0.8195527195930481,0.8719746470451355,0.7211764454841614,0.3875480890274048,0.056847208325840226,0.9211743413393433,17395,2683,17395,0,18.561195745903994,104.46702626114711,mean,geometric_mean,odvg_phrase_grounding,3.5,2.0,4.0,iou,0.25,0.25,2.0,True,False,False,True,True,0.1,0.25,0.05,0.25,128,5,True,True,0.05,10,0.3,10,0.0,0.5,1.0,10,True,5,12,0.0,0.1,3,odvg_appended_phrase,4.0,0.25,20,0.5,0.5,1.0,2.0,True,False
epoch,1785503963.3494594,163,703.6254227841273,4.556136837865002e-05,4.556136837865002e-05,4.556136837865002e-05,4.556136837865003e-06,4.556136837865002e-05,1.4913487434387207,12286,0.9139971137046814,1.1547008752822876,0.5773504376411438,0.007612430490553379,0.34896567463874817,0.031040534377098083,0.02245413511991501,0.08981654047966003,0.033704765141010284,0.033704765141010284,0.08981654047966003,0.02245413511991501,,,,,,,,,,,,,,,,,,,0.28591176867485046,0.14735707640647888,0.061036604533471935,0.667563059536372,19611,301688,29377,321299,0.5,0.18439595602001566,0.468734043639582,0.6133369642917929,0.5,0.22041052524083465,0.4890560642679647,0.5935936276679035,0.5,0.22003608264969193,0.5032508424958301,0.61405180923852,0.22003608264969193,0.5032508424958301,0.61405180923852,29377,17395,17395,1739500,100.0,100.0,0.6172580122947693,0.6885186433792114,0.46335500478744507,0.8200443387031555,0.872757613658905,0.7206998467445374,0.38564184308052063,0.05313678720816539,0.9262705723496559,17395,2683,17395,0,18.470767461914342,106.31164735089988,mean,geometric_mean,odvg_phrase_grounding,3.5,2.0,4.0,iou,0.25,0.25,2.0,True,False,False,True,True,0.1,0.25,0.05,0.25,128,5,True,True,0.05,10,0.3,10,0.0,0.5,1.0,10,True,5,12,0.0,0.1,3,odvg_appended_phrase,4.0,0.25,20,0.5,0.5,1.0,2.0,True,False
epoch,1785504679.3937042,164,702.1719513698481,4.5069674646023066e-05,4.5069674646023066e-05,4.5069674646023066e-05,4.506967464602307e-06,4.5069674646023066e-05,1.4911051988601685,12286,0.9090386033058167,1.1641370058059692,0.5820685029029846,0.007506689988076687,0.346015065908432,0.0313548780977726,0.02261020429432392,0.09044081717729568,0.03367912769317627,0.03367912769317627,0.09044081717729568,0.02261020429432392,,,,,,,,,,,,,,,,,,,0.2844923436641693,0.14733006060123444,0.06016361951405127,0.6673928583585799,19606,306272,29377,325878,0.5,0.1834087891888212,0.46767879633727066,0.6136092861762603,0.5,0.2194233584096402,0.48388194846308336,0.5906661674098784,0.5,0.21884467440514688,0.5009020662422984,0.6145624127718964,0.21884467440514688,0.5009020662422984,0.6145624127718964,29377,17395,17395,1739500,100.0,100.0,0.6160699129104614,0.6875409483909607,0.4610820412635803,0.8189718127250671,0.871396005153656,0.7185553312301636,0.38863736391067505,0.05116247287158371,0.9287981444880609,17395,2683,17395,0,18.73400402414487,104.98182172887027,mean,geometric_mean,odvg_phrase_grounding,3.5,2.0,4.0,iou,0.25,0.25,2.0,True,False,False,True,True,0.1,0.25,0.05,0.25,128,5,True,True,0.05,10,0.3,10,0.0,0.5,1.0,10,True,5,12,0.0,0.1,3,odvg_appended_phrase,4.0,0.25,20,0.5,0.5,1.0,2.0,True,False
epoch,1785505406.4340744,165,720.3834439241327,4.457879573230333e-05,4.457879573230333e-05,4.457879573230333e-05,4.457879573230333e-06,4.457879573230333e-05,1.4825233221054077,12286,0.9040293097496033,1.156988501548767,0.5784942507743835,0.00741345901042223,0.34378692507743835,0.03125949576497078,0.022439230233430862,0.08975692093372345,0.03371382877230644,0.03371382877230644,0.08975692093372345,0.022439230233430862,1.2781254053115845,0.014405004680156708,0.47590371966362,0.047803960740566254,0.04503291845321655,0.04503291845321655,,,0.11123263090848923,0.027808157727122307,0.0,0.0,0,0.45,True,True,1.0,2.0,1.0,2.0,0.284981906414032,0.14684832096099854,0.06055795314426634,0.6687204275453587,19645,304755,29377,324400,0.5,0.1818429383531334,0.4696531299996596,0.6143922115941042,0.5,0.21935527793852333,0.4863328454232903,0.5898492017564761,0.5,0.21663205909384892,0.5024679170779862,0.6156857405453245,0.21663205909384892,0.5024679170779862,0.6156857405453245,29377,17395,17395,1739500,100.0,100.0,0.6158650517463684,0.6846827268600464,0.4643981456756592,0.8180119395256042,0.8722469806671143,0.7191680669784546,0.385165274143219,0.05044763943309594,0.9298527816383048,17395,2683,17395,0,18.64903707962058,123.51650689635426,mean,geometric_mean,odvg_phrase_grounding,3.5,2.0,4.0,iou,0.25,0.25,2.0,True,False,False,True,True,0.1,0.25,0.05,0.25,128,5,True,True,0.05,10,0.3,10,0.0,0.5,1.0,10,True,5,12,0.0,0.1,3,odvg_appended_phrase,4.0,0.25,20,0.5,0.5,1.0,2.0,True,False
epoch,1785506115.2952402,166,702.5381117709912,4.40887854678954e-05,4.40887854678954e-05,4.40887854678954e-05,4.40887854678954e-06,4.40887854678954e-05,1.481820821762085,12286,0.9031639695167542,1.1573092937469482,0.5786546468734741,0.007408123929053545,0.3443461060523987,0.030790016055107117,0.022357286885380745,0.08942914754152298,0.033643655478954315,0.033643655478954315,0.08942914754152298,0.022357286885380745,,,,,,,,,,,,,,,,,,,0.2860579192638397,0.14798399806022644,0.060337745603686294,0.6650440821050482,19537,304257,29377,323794,0.5,0.18317050753991218,0.4675085951594785,0.6129625217006501,0.5,0.2204445654763931,0.4900772713347176,0.5895768798720087,0.5,0.21983184123634136,0.5021955951935188,0.6135071654695851,0.21983184123634136,0.5021955951935188,0.6135071654695851,29377,17395,17395,1739500,100.0,100.0,0.6160584688186646,0.6851123571395874,0.4648195803165436,0.8172200918197632,0.8712598085403442,0.7189978361129761,0.3830887973308563,0.0539537540079279,0.9249597824944634,17395,2683,17395,0,18.614199482609944,106.29385718889534,mean,geometric_mean,odvg_phrase_grounding,3.5,2.0,4.0,iou,0.25,0.25,2.0,True,False,False,True,True,0.1,0.25,0.05,0.25,128,5,True,True,0.05,10,0.3,10,0.0,0.5,1.0,10,True,5,12,0.0,0.1,3,odvg_appended_phrase,4.0,0.25,20,0.5,0.5,1.0,2.0,True,False
epoch,1785506828.9027195,167,702.2167059229687,4.3599697587946704e-05,4.3599697587946704e-05,4.3599697587946704e-05,4.359969758794671e-06,4.3599697587946704e-05,1.4798787832260132,12286,0.9042279124259949,1.1513031721115112,0.5756515860557556,0.007506165187805891,0.3454434871673584,0.030716143548488617,0.022357411682605743,0.08942964673042297,0.0331965796649456,0.0331965796649456,0.08942964673042297,0.022357411682605743,,,,,,,,,,,,,,,,,,,0.29142141342163086,0.15035860240459442,0.06109719867477563,0.6685502263675664,19640,301815,29377,321455,0.5,0.185212921673418,0.47087857847976305,0.6160601831364673,0.5,0.22027436429860095,0.4930728120638595,0.597201892637097,0.5,0.22129557136535385,0.5053953773360111,0.6174217925588045,0.22129557136535385,0.5053953773360111,0.6174217925588045,29377,17395,17395,1739500,100.0,100.0,0.6153086423873901,0.685123860836029,0.4624679982662201,0.8188104629516602,0.8680260181427002,0.7209381461143494,0.38400790095329285,0.05238791974678292,0.9273336831611161,17395,2683,17395,0,18.47973555619431,105.22421156056225,mean,geometric_mean,odvg_phrase_grounding,3.5,2.0,4.0,iou,0.25,0.25,2.0,True,False,False,True,True,0.1,0.25,0.05,0.25,128,5,True,True,0.05,10,0.3,10,0.0,0.5,1.0,10,True,5,12,0.0,0.1,3,odvg_appended_phrase,4.0,0.25,20,0.5,0.5,1.0,2.0,True,False
epoch,1785507547.0677786,168,706.2926407791674,4.311158572645476e-05,4.311158572645476e-05,4.311158572645476e-05,4.311158572645477e-06,4.311158572645476e-05,1.4755882024765015,12286,0.901443600654602,1.1482895612716675,0.5741447806358337,0.007496500387787819,0.34610944986343384,0.02992531843483448,0.02221779339015484,0.08887117356061935,0.03290395066142082,0.03290395066142082,0.08887117356061935,0.02221779339015484,,,,,,,,,,,,,,,,,,,0.29236534237861633,0.1510702520608902,0.061003640339433694,0.6685502263675664,19640,302308,29377,321948,0.5,0.18446403649113252,0.47026585423971135,0.6170473499676618,0.5,0.2219082956054056,0.4943663410150798,0.5981209789971746,0.5,0.22115941042312012,0.5054974980426865,0.6186132008033496,0.22115941042312012,0.5054974980426865,0.6186132008033496,29377,17395,17395,1739500,100.0,100.0,0.6145113706588745,0.6849742531776428,0.46297943592071533,0.8190211653709412,0.8680600523948669,0.7196786403656006,0.3847908079624176,0.05112841399803414,0.9289566048923439,17395,2683,17395,0,18.508077033630354,106.78205556608737,mean,geometric_mean,odvg_phrase_grounding,3.5,2.0,4.0,iou,0.25,0.25,2.0,True,False,False,True,True,0.1,0.25,0.05,0.25,128,5,True,True,0.05,10,0.3,10,0.0,0.5,1.0,10,True,5,12,0.0,0.1,3,odvg_appended_phrase,4.0,0.25,20,0.5,0.5,1.0,2.0,True,False
epoch,1785508261.0461776,169,703.6845275880769,4.262450341038574e-05,4.262450341038574e-05,4.262450341038574e-05,4.262450341038574e-06,4.262450341038574e-05,1.473866581916809,12286,0.8978376388549805,1.152058482170105,0.5760292410850525,0.007401125971227884,0.34405598044395447,0.029978789389133453,0.022321660071611404,0.08928664028644562,0.03318856284022331,0.03318856284022331,0.08928664028644562,0.022321660071611404,,,,,,,,,,,,,,,,,,,0.28892457485198975,0.14907649159431458,0.060312990773458974,0.6693331517854103,19663,306353,29377,326016,0.5,0.18327262824658747,0.46788303775062123,0.6151751370119481,0.5,0.22245293937434046,0.49147292099261325,0.5971338121659802,0.5,0.21972972052966608,0.5031827620247132,0.6168771487898697,0.21972972052966608,0.5031827620247132,0.6168771487898697,29377,17395,17395,1739500,100.0,100.0,0.6161398887634277,0.6868727803230286,0.4614325761795044,0.8202201128005981,0.8689451217651367,0.7196786403656006,0.38795655965805054,0.05034548858019028,0.9300444868634499,17395,2683,17395,0,18.74193733831561,105.57342855492607,mean,geometric_mean,odvg_phrase_grounding,3.5,2.0,4.0,iou,0.25,0.25,2.0,True,False,False,True,True,0.1,0.25,0.05,0.25,128,5,True,True,0.05,10,0.3,10,0.0,0.5,1.0,10,True,5,12,0.0,0.1,3,odvg_appended_phrase,4.0,0.25,20,0.5,0.5,1.0,2.0,True,False
epoch,1785508987.0442772,170,719.6554891630076,4.213850405380449e-05,4.213850405380449e-05,4.213850405380449e-05,4.21385040538045e-06,4.213850405380449e-05,1.46614408493042,12286,0.8934630155563354,1.1453614234924316,0.5726807117462158,0.007306984625756741,0.34117504954338074,0.03046642802655697,0.0219914298504591,0.0879657194018364,0.03311986103653908,0.03311986103653908,0.0879657194018364,0.0219914298504591,1.2836745977401733,0.014692199416458607,0.4781275987625122,0.0482640340924263,0.04439927265048027,0.04439927265048027,,,0.1096232533454895,0.027405813336372375,0.0,0.0,0,0.45,True,True,1.0,2.0,1.0,2.0,0.2917926013469696,0.1509322226047516,0.06070872744036956,0.6679034618919563,19621,303578,29377,323199,0.5,0.1830683868332369,0.4710828198931137,0.6164005854920516,0.5,0.22143173230758756,0.4949109847840147,0.5982230997038499,0.5,0.22013820335636722,0.5057698199271539,0.6168771487898697,0.22013820335636722,0.5057698199271539,0.6168771487898697,29377,17395,17395,1739500,100.0,100.0,0.6170033812522888,0.6881774067878723,0.46261483430862427,0.8196033239364624,0.8712257742881775,0.7202573418617249,0.3867991864681244,0.05235387996976859,0.9273122578182348,17395,2683,17395,0,18.579994251221617,122.92909881612286,mean,geometric_mean,odvg_phrase_grounding,3.5,2.0,4.0,iou,0.25,0.25,2.0,True,False,False,True,True,0.1,0.25,0.05,0.25,128,5,True,True,0.05,10,0.3,10,0.0,0.5,1.0,10,True,5,12,0.0,0.1,3,odvg_appended_phrase,4.0,0.25,20,0.5,0.5,1.0,2.0,True,False
epoch,1785509694.3046088,171,701.0528974030167,4.1653640952017185e-05,4.1653640952017185e-05,4.1653640952017185e-05,4.165364095201719e-06,4.1653640952017185e-05,1.4677239656448364,12286,0.893222451210022,1.1490051746368408,0.5745025873184204,0.0072799669578671455,0.3411494791507721,0.03042038530111313,0.02213292568922043,0.08853170275688171,0.03315335884690285,0.03315335884690285,0.08853170275688171,0.02213292568922043,,,,,,,,,,,,,,,,,,,0.2887880802154541,0.14918097853660583,0.060825279779528146,0.6671545767096708,19599,302619,29377,322218,0.5,0.18507676073118426,0.4684276815195561,0.6163665452564931,0.5,0.2224869796098989,0.4930047315927426,0.5993123872417198,0.5,0.22184021513428873,0.5031827620247132,0.6172515913810124,0.22184021513428873,0.5031827620247132,0.6172515913810124,29377,17395,17395,1739500,100.0,100.0,0.61533522605896,0.6851518750190735,0.4618351459503174,0.8172621130943298,0.8711917400360107,0.7182149291038513,0.38325899839401245,0.0510603523941805,0.9289065844706252,17395,2683,17395,0,18.523598735268756,106.43136457400396,mean,geometric_mean,odvg_phrase_grounding,3.5,2.0,4.0,iou,0.25,0.25,2.0,True,False,False,True,True,0.1,0.25,0.05,0.25,128,5,True,True,0.05,10,0.3,10,0.0,0.5,1.0,10,True,5,12,0.0,0.1,3,odvg_appended_phrase,4.0,0.25,20,0.5,0.5,1.0,2.0,True,False
epoch,1785510403.022305,172,702.4542981223203,4.116996727572687e-05,4.116996727572687e-05,4.116996727572687e-05,4.116996727572688e-06,4.116996727572687e-05,1.46604585647583,12286,0.8921078443527222,1.147875189781189,0.5739375948905945,0.007365768309682608,0.3413308262825012,0.030125554651021957,0.022016234695911407,0.08806493878364563,0.03291088342666626,0.03291088342666626,0.08806493878364563,0.022016234695911407,,,,,,,,,,,,,,,,,,,0.2910141348838806,0.15043126046657562,0.06108399948729332,0.665112162576165,19539,300332,29377,319871,0.5,0.18317050753991218,0.46825748034176395,0.6136773666473772,0.5,0.22139769207202914,0.4953875480818327,0.6002314736017973,0.5,0.21955951935187393,0.5027061987268951,0.6141198897096368,0.21955951935187393,0.5027061987268951,0.6141198897096368,29377,17395,17395,1739500,100.0,100.0,0.6153318285942078,0.6848962903022766,0.45696893334388733,0.81900554895401,0.8703747987747192,0.7168192863464355,0.3857779800891876,0.051707123770270536,0.9278658864860945,17395,2683,17395,0,18.388674906582352,105.05120045598596,mean,geometric_mean,odvg_phrase_grounding,3.5,2.0,4.0,iou,0.25,0.25,2.0,True,False,False,True,True,0.1,0.25,0.05,0.25,128,5,True,True,0.05,10,0.3,10,0.0,0.5,1.0,10,True,5,12,0.0,0.1,3,odvg_appended_phrase,4.0,0.25,20,0.5,0.5,1.0,2.0,True,False
epoch,1785511116.7461793,173,707.4667895096354,4.068753606520261e-05,4.068753606520261e-05,4.068753606520261e-05,4.0687536065202616e-06,4.068753606520261e-05,1.4579122066497803,12286,0.8878194689750671,1.1401842832565308,0.5700921416282654,0.00724644074216485,0.33821699023246765,0.030640456825494766,0.021874088793992996,0.08749635517597198,0.03313023969531059,0.03313023969531059,0.08749635517597198,0.021874088793992996,,,,,,,,,,,,,,,,,,,0.28775522112846375,0.1479341983795166,0.06090286953703473,0.6652483235183988,19543,301345,29377,320888,0.5,0.18483847908227524,0.4694148483507506,0.6148006944208054,0.5,0.2216019334853797,0.4920516049971066,0.5980528985260578,0.5,0.221465772543146,0.5044762909759336,0.6158559417231168,0.221465772543146,0.5044762909759336,0.6158559417231168,29377,17395,17395,1739500,100.0,100.0,0.6159691214561462,0.686098039150238,0.46035709977149963,0.819754421710968,0.8714981079101562,0.7170575857162476,0.38513123989105225,0.05180926219784876,0.927747417738984,17395,2683,17395,0,18.447139982753665,108.32710163109004,mean,geometric_mean,odvg_phrase_grounding,3.5,2.0,4.0,iou,0.25,0.25,2.0,True,False,False,True,True,0.1,0.25,0.05,0.25,128,5,True,True,0.05,10,0.3,10,0.0,0.5,1.0,10,True,5,12,0.0,0.1,3,odvg_appended_phrase,4.0,0.25,20,0.5,0.5,1.0,2.0,True,False
epoch,1785511825.4920805,174,702.5457220938988,4.020640022446318e-05,4.020640022446318e-05,4.020640022446318e-05,4.020640022446318e-06,4.020640022446318e-05,1.4559171199798584,12286,0.8878118395805359,1.136204481124878,0.568102240562439,0.007249079179018736,0.33707109093666077,0.031223999336361885,0.02206560969352722,0.08826243877410889,0.0330054946243763,0.0330054946243763,0.08826243877410889,0.02206560969352722,,,,,,,,,,,,,,,,,,,0.2864435911178589,0.14921453595161438,0.061178639502546636,0.6664737719985022,19579,300451,29377,320030,0.5,0.1844299962555741,0.469448888586309,0.6144262518296627,0.5,0.22173809442761344,0.4902815127480682,0.5966232086326038,0.5,0.22000204241413351,0.5046805323892841,0.6152772577186234,0.22000204241413351,0.5046805323892841,0.6152772577186234,29377,17395,17395,1739500,100.0,100.0,0.617335855960846,0.6877481937408447,0.46080783009529114,0.8210309743881226,0.8714981079101562,0.7177043557167053,0.39163291454315186,0.051230583718203104,0.928618820117033,17395,2683,17395,0,18.397815464213856,104.98693410307169,mean,geometric_mean,odvg_phrase_grounding,3.5,2.0,4.0,iou,0.25,0.25,2.0,True,False,False,True,True,0.1,0.25,0.05,0.25,128,5,True,True,0.05,10,0.3,10,0.0,0.5,1.0,10,True,5,12,0.0,0.1,3,odvg_appended_phrase,4.0,0.25,20,0.5,0.5,1.0,2.0,True,False
epoch,1785512554.0205402,175,722.1901605660096,3.972661251547543e-05,3.972661251547543e-05,3.972661251547543e-05,3.9726612515475435e-06,3.972661251547543e-05,1.4573395252227783,12286,0.8894048929214478,1.1358718872070312,0.5679359436035156,0.007263806648552418,0.338645875453949,0.030794557183980942,0.021987058222293854,0.08794823288917542,0.03310715779662132,0.03310715779662132,0.08794823288917542,0.021987058222293854,1.288881540298462,0.014829588122665882,0.4802895188331604,0.048224348574876785,0.04455643892288208,0.04455643892288208,,,0.10910475999116898,0.027276189997792244,0.0,0.0,0,0.45,True,True,1.0,2.0,1.0,2.0,0.2868339717388153,0.14898145198822021,0.06058793077259299,0.6653164039895156,19545,303044,29377,322589,0.5,0.18259182353541886,0.4673724342172448,0.6102393028559757,0.5,0.21945739864519861,0.48817101814344555,0.5946488749702148,0.5,0.2186404329917963,0.5026721584913367,0.6121455560472479,0.2186404329917963,0.5026721584913367,0.6121455560472479,29377,17395,17395,1739500,100.0,100.0,0.6151543855667114,0.6860988140106201,0.4565165936946869,0.8188961744308472,0.8698301315307617,0.7167171835899353,0.38676515221595764,0.051400779600419666,0.9282830371905408,17395,2683,17395,0,18.544926703075596,123.2012158348225,mean,geometric_mean,odvg_phrase_grounding,3.5,2.0,4.0,iou,0.25,0.25,2.0,True,False,False,True,True,0.1,0.25,0.05,0.25,128,5,True,True,0.05,10,0.3,10,0.0,0.5,1.0,10,True,5,12,0.0,0.1,3,odvg_appended_phrase,4.0,0.25,20,0.5,0.5,1.0,2.0,True,False
epoch,1785513262.4720657,176,702.235600033775,3.924822555236833e-05,3.924822555236833e-05,3.924822555236833e-05,3.924822555236833e-06,3.924822555236833e-05,1.444385051727295,12286,0.8806996941566467,1.1273671388626099,0.5636835694313049,0.007091640494763851,0.335277259349823,0.030530961230397224,0.021849526092410088,0.08739810436964035,0.03300836309790611,0.03300836309790611,0.08739810436964035,0.021849526092410088,,,,,,,,,,,,,,,,,,,0.28805530071258545,0.1491425484418869,0.06096348096348096,0.6676992204786057,19615,302135,29377,321750,0.5,0.1832045477754706,0.47050413588862033,0.614766654185247,0.5,0.22115941042312012,0.4893283861524322,0.59475099567689,0.5,0.2196616400585492,0.504748612860401,0.6158559417231168,0.2196616400585492,0.504748612860401,0.6158559417231168,29377,17395,17395,1739500,100.0,100.0,0.6162334680557251,0.6861259341239929,0.4601902663707733,0.8210389614105225,0.868672788143158,0.7210742831230164,0.38656091690063477,0.05337506264441061,0.9259784131903305,17395,2683,17395,0,18.49669445242886,106.4325837502256,mean,geometric_mean,odvg_phrase_grounding,3.5,2.0,4.0,iou,0.25,0.25,2.0,True,False,False,True,True,0.1,0.25,0.05,0.25,128,5,True,True,0.05,10,0.3,10,0.0,0.5,1.0,10,True,5,12,0.0,0.1,3,odvg_appended_phrase,4.0,0.25,20,0.5,0.5,1.0,2.0,True,False
epoch,1785513971.2851634,177,702.3495041560382,3.877129179566333e-05,3.877129179566333e-05,3.877129179566333e-05,3.877129179566334e-06,3.877129179566333e-05,1.4462393522262573,12286,0.8805883526802063,1.1313036680221558,0.5656518340110779,0.007101096212863922,0.3356817662715912,0.030374133959412575,0.02162102609872818,0.08648410439491272,0.03286557272076607,0.03286557272076607,0.08648410439491272,0.02162102609872818,,,,,,,,,,,,,,,,,,,0.2897091209888458,0.1491076797246933,0.06092575209951695,0.6650440821050482,19537,301132,29377,320669,0.5,0.18255778329986044,0.46761071586615377,0.6123838376961569,0.5,0.22098920924532797,0.48922626544575687,0.5941382714368384,0.5,0.2197637607652245,0.5034891241447391,0.6143581713585458,0.2197637607652245,0.5034891241447391,0.6143581713585458,29377,17395,17395,1739500,100.0,100.0,0.6164132356643677,0.6846761703491211,0.462199330329895,0.8188819885253906,0.869932234287262,0.7194744348526001,0.38914796710014343,0.054430352747551924,0.9243470648700629,17395,2683,17395,0,18.434550158091405,105.15348582481965,mean,geometric_mean,odvg_phrase_grounding,3.5,2.0,4.0,iou,0.25,0.25,2.0,True,False,False,True,True,0.1,0.25,0.05,0.25,128,5,True,True,0.05,10,0.3,10,0.0,0.5,1.0,10,True,5,12,0.0,0.1,3,odvg_appended_phrase,4.0,0.25,20,0.5,0.5,1.0,2.0,True,False
epoch,1785514681.9535136,178,704.3100218088366,3.829586354652145e-05,3.829586354652145e-05,3.829586354652145e-05,3.829586354652145e-06,3.829586354652145e-05,1.4442557096481323,12286,0.8794442415237427,1.1296249628067017,0.5648124814033508,0.007214718032628298,0.3364070951938629,0.02998887374997139,0.021738724783062935,0.08695489913225174,0.03229960426688194,0.03229960426688194,0.08695489913225174,0.021738724783062935,,,,,,,,,,,,,,,,,,,0.2902573347091675,0.14889442920684814,0.06140483526454076,0.6634782312693603,19491,297927,29377,317418,0.5,0.1843278755488988,0.4707083773019709,0.6133710045273514,0.5,0.22041052524083465,0.4939578581883787,0.5985975422949927,0.5,0.22000204241413351,0.505463457807128,0.6146985737141301,0.22000204241413351,0.505463457807128,0.6146985737141301,29377,17395,17395,1739500,100.0,100.0,0.6162093877792358,0.6866660714149475,0.46230369806289673,0.8183647394180298,0.869285523891449,0.7210742831230164,0.3885352611541748,0.057596051853656016,0.9201246623243807,17395,2683,17395,0,18.247657372808277,105.9021080979146,mean,geometric_mean,odvg_phrase_grounding,3.5,2.0,4.0,iou,0.25,0.25,2.0,True,False,False,True,True,0.1,0.25,0.05,0.25,128,5,True,True,0.05,10,0.3,10,0.0,0.5,1.0,10,True,5,12,0.0,0.1,3,odvg_appended_phrase,4.0,0.25,20,0.5,0.5,1.0,2.0,True,False
epoch,1785515389.882177,179,702.925700486172,3.782199294100774e-05,3.782199294100774e-05,3.782199294100774e-05,3.7821992941007742e-06,3.782199294100774e-05,1.4409153461456299,12286,0.8781661987304688,1.1254957914352417,0.5627478957176208,0.007109654601663351,0.3346763253211975,0.03039116971194744,0.021678252145648003,0.08671300858259201,0.03272948041558266,0.03272948041558266,0.08671300858259201,0.021678252145648003,,,,,,,,,,,,,,,,,,,0.2930561900138855,0.1506311446428299,0.06193309491407412,0.6661333696429179,19569,296401,29377,315970,0.5,0.18446403649113252,0.47050413588862033,0.6122136365183647,0.5,0.22241889913878204,0.4939578581883787,0.5968955305170712,0.5,0.2228273819654832,0.5065187051094393,0.6137114068829357,0.2228273819654832,0.5065187051094393,0.6137114068829357,29377,17395,17395,1739500,100.0,100.0,0.6150978207588196,0.6836404800415039,0.4605288505554199,0.8188216090202332,0.8690812587738037,0.7205296754837036,0.38649284839630127,0.0543963058407857,0.9245051138188465,17395,2683,17395,0,18.164415061799367,104.39362314110622,mean,geometric_mean,odvg_phrase_grounding,3.5,2.0,4.0,iou,0.25,0.25,2.0,True,False,False,True,True,0.1,0.25,0.05,0.25,128,5,True,True,0.05,10,0.3,10,0.0,0.5,1.0,10,True,5,12,0.0,0.1,3,odvg_appended_phrase,4.0,0.25,20,0.5,0.5,1.0,2.0,True,False
epoch,1785516120.7138438,180,720.6179802250117,3.734973194437414e-05,3.734973194437414e-05,3.734973194437414e-05,3.734973194437415e-06,3.734973194437414e-05,1.4386701583862305,12286,0.8743244409561157,1.1286908388137817,0.5643454194068909,0.007074181456118822,0.3335931897163391,0.03008522465825081,0.021515903994441032,0.08606361597776413,0.0326136089861393,0.0326136089861393,0.08606361597776413,0.021515903994441032,1.2932860851287842,0.015045358799397945,0.4838728606700897,0.047491155564785004,0.044191937893629074,0.044191937893629074,,,0.11020031571388245,0.02755007892847061,0.0,0.0,0,0.45,True,True,1.0,2.0,1.0,2.0,0.29131412506103516,0.14984294772148132,0.06164599504385495,0.6655887258739831,19553,297629,29377,317182,0.5,0.18337474895326275,0.46982333117745173,0.6138475678251694,0.5,0.22139769207202914,0.4915069612281717,0.5933893862545528,0.5,0.2202403240630425,0.5041018483847908,0.6154474588964156,0.2202403240630425,0.5041018483847908,0.6154474588964156,29377,17395,17395,1739500,100.0,100.0,0.613476037979126,0.6834434270858765,0.4566081762313843,0.8185667395591736,0.8666984438896179,0.7150832414627075,0.3816591203212738,0.04949451558872442,0.9307849594020927,17395,2683,17395,0,18.23409025582064,122.93927273293957,mean,geometric_mean,odvg_phrase_grounding,3.5,2.0,4.0,iou,0.25,0.25,2.0,True,False,False,True,True,0.1,0.25,0.05,0.25,128,5,True,True,0.05,10,0.3,10,0.0,0.5,1.0,10,True,5,12,0.0,0.1,3,odvg_appended_phrase,4.0,0.25,20,0.5,0.5,1.0,2.0,True,False
epoch,1785516830.4773452,181,704.738289531786,3.687913234536088e-05,3.687913234536088e-05,3.687913234536088e-05,3.6879132345360874e-06,3.687913234536088e-05,1.4321000576019287,12286,0.8697836399078369,1.1246346235275269,0.5623173117637634,0.006915716920047998,0.3294990658760071,0.030955087393522263,0.021633809432387352,0.08653523772954941,0.032954141497612,0.032954141497612,0.08653523772954941,0.021633809432387352,,,,,,,,,,,,,,,,,,,0.289478063583374,0.14847518503665924,0.06125895502204555,0.6630697484426592,19479,298499,29377,317978,0.5,0.18385131225108078,0.466759709977193,0.6120434353405726,0.5,0.22109132995200326,0.49011131157027604,0.5930149436634101,0.5,0.22017224359192566,0.5009020662422984,0.6137794873540525,0.22017224359192566,0.5009020662422984,0.6137794873540525,29377,17395,17395,1739500,100.0,100.0,0.6126736998558044,0.6806902885437012,0.4551147520542145,0.8185078501701355,0.8673111796379089,0.7131429314613342,0.38393980264663696,0.05007318301867503,0.929785207411272,17395,2683,17395,0,18.279850531762,106.46341462014243,mean,geometric_mean,odvg_phrase_grounding,3.5,2.0,4.0,iou,0.25,0.25,2.0,True,False,False,True,True,0.1,0.25,0.05,0.25,128,5,True,True,0.05,10,0.3,10,0.0,0.5,1.0,10,True,5,12,0.0,0.1,3,odvg_appended_phrase,4.0,0.25,20,0.5,0.5,1.0,2.0,True,False
epoch,1785517538.7591307,182,701.7504559759982,3.6410245750517116e-05,3.6410245750517116e-05,3.6410245750517116e-05,3.6410245750517116e-06,3.6410245750517116e-05,1.4319247007369995,12286,0.8701215982437134,1.1236028671264648,0.5618014335632324,0.006941341795027256,0.3297964930534363,0.030947577208280563,0.021369732916355133,0.08547893166542053,0.03291777893900871,0.03291777893900871,0.08547893166542053,0.021369732916355133,,,,,,,,,,,,,,,,,,,0.29061776399612427,0.1500236541032791,0.06140447545489753,0.6638526738605031,19502,298097,29377,317599,0.5,0.1834087891888212,0.46900636552404945,0.6134050447629098,0.5,0.2196616400585492,0.48857950097014674,0.5917214147121899,0.5,0.21983184123634136,0.5024679170779862,0.6137454471184941,0.21983184123634136,0.5024679170779862,0.6137454471184941,29377,17395,17395,1739500,100.0,100.0,0.6137745380401611,0.6834026575088501,0.45721733570098877,0.8188504576683044,0.868672788143158,0.717636227607727,0.3825441598892212,0.05378355374722399,0.9250545726676677,17395,2683,17395,0,18.25806266168439,104.25058655301109,mean,geometric_mean,odvg_phrase_grounding,3.5,2.0,4.0,iou,0.25,0.25,2.0,True,False,False,True,True,0.1,0.25,0.05,0.25,128,5,True,True,0.05,10,0.3,10,0.0,0.5,1.0,10,True,5,12,0.0,0.1,3,odvg_appended_phrase,4.0,0.25,20,0.5,0.5,1.0,2.0,True,False
epoch,1785518248.694722,183,703.67014832329,3.594312357854184e-05,3.594312357854184e-05,3.594312357854184e-05,3.594312357854184e-06,3.594312357854184e-05,1.4289469718933105,12286,0.8676761984825134,1.1225391626358032,0.5612695813179016,0.0069966488517820835,0.3310528099536896,0.029873084276914597,0.021502768620848656,0.08601107448339462,0.03242260217666626,0.03242260217666626,0.08601107448339462,0.021502768620848656,,,,,,,,,,,,,,,,,,,0.2930153012275696,0.15055158734321594,0.06236848239460231,0.664873880927256,19532,293639,29377,313171,0.5,0.18402151342887293,0.4696531299996596,0.6150389760697144,0.5,0.2207849678319774,0.49426422030840456,0.5978146168771488,0.5,0.22051264594750997,0.5049528542737516,0.6168431085543112,0.22051264594750997,0.5049528542737516,0.6168431085543112,29377,17395,17395,1739500,100.0,100.0,0.6138736009597778,0.6850451827049255,0.45810064673423767,0.818773627281189,0.8689791560173035,0.7176702618598938,0.38169315457344055,0.05279638093263783,0.9264336510254553,17395,2683,17395,0,18.0035067548146,105.59682998619974,mean,geometric_mean,odvg_phrase_grounding,3.5,2.0,4.0,iou,0.25,0.25,2.0,True,False,False,True,True,0.1,0.25,0.05,0.25,128,5,True,True,0.05,10,0.3,10,0.0,0.5,1.0,10,True,5,12,0.0,0.1,3,odvg_appended_phrase,4.0,0.25,20,0.5,0.5,1.0,2.0,True,False
epoch,1785518958.579996,184,703.5008768090047,3.547781705464523e-05,3.547781705464523e-05,3.547781705464523e-05,3.5477817054645224e-06,3.547781705464523e-05,1.4208706617355347,12286,0.8599690198898315,1.1218032836914062,0.5609016418457031,0.006821951363235712,0.32596051692962646,0.03049721196293831,0.021395927295088768,0.08558370918035507,0.032820336520671844,0.032820336520671844,0.08558370918035507,0.021395927295088768,,,,,,,,,,,,,,,,,,,0.29156404733657837,0.14866231381893158,0.062398088141544156,0.6630357082071008,19478,292679,29377,312157,0.5,0.1827279844776526,0.46723627327501105,0.6115328318071961,0.5,0.22041052524083465,0.4911665588725874,0.5957381625080845,0.5,0.221227490894237,0.5037614460292065,0.612077475576131,0.221227490894237,0.5037614460292065,0.612077475576131,29377,17395,17395,1739500,100.0,100.0,0.6147198677062988,0.6848979592323303,0.4608612358570099,0.8178359270095825,0.8695237636566162,0.7176702618598938,0.38118255138397217,0.054634553652793016,0.9238723456212277,17395,2683,17395,0,17.945214141994825,104.55242114700377,mean,geometric_mean,odvg_phrase_grounding,3.5,2.0,4.0,iou,0.25,0.25,2.0,True,False,False,True,True,0.1,0.25,0.05,0.25,128,5,True,True,0.05,10,0.3,10,0.0,0.5,1.0,10,True,5,12,0.0,0.1,3,odvg_appended_phrase,4.0,0.25,20,0.5,0.5,1.0,2.0,True,False
epoch,1785519685.3190355,185,719.5351601629518,3.501437720493115e-05,3.501437720493115e-05,3.501437720493115e-05,3.501437720493115e-06,3.501437720493115e-05,1.4216723442077637,12286,0.8624780178070068,1.1183867454528809,0.5591933727264404,0.006941987667232752,0.32803821563720703,0.030151255428791046,0.02141568623483181,0.08566274493932724,0.03251655772328377,0.03251655772328377,0.08566274493932724,0.02141568623483181,1.3108197450637817,0.015393001027405262,0.48796743154525757,0.049566175788640976,0.04440998658537865,0.04440998658537865,,,0.1090913861989975,0.027272846549749374,0.0,0.0,0,0.45,True,True,1.0,2.0,1.0,2.0,0.29162636399269104,0.14958111941814423,0.06268764799559097,0.6659631684651258,19564,292523,29377,312087,0.5,0.18344282942437962,0.46870000340402357,0.6127582802872996,0.5,0.2191169962896143,0.4940259386594955,0.5980188582904994,0.5,0.22037648500527623,0.5050890152159853,0.6141879701807537,0.22037648500527623,0.5050890152159853,0.6141879701807537,29377,17395,17395,1739500,100.0,100.0,0.6137321591377258,0.6830143928527832,0.45925894379615784,0.8180304765701294,0.8681621551513672,0.7175000905990601,0.38094428181648254,0.05153692213393424,0.9281715461653745,17395,2683,17395,0,17.941189997125612,122.73985186498612,mean,geometric_mean,odvg_phrase_grounding,3.5,2.0,4.0,iou,0.25,0.25,2.0,True,False,False,True,True,0.1,0.25,0.05,0.25,128,5,True,True,0.05,10,0.3,10,0.0,0.5,1.0,10,True,5,12,0.0,0.1,3,odvg_appended_phrase,4.0,0.25,20,0.5,0.5,1.0,2.0,True,False
epoch,1785520394.6044402,186,703.0763886030763,3.4552854850801587e-05,3.4552854850801587e-05,3.4552854850801587e-05,3.4552854850801593e-06,3.4552854850801587e-05,1.4191131591796875,12286,0.8615102171897888,1.1152054071426392,0.5576027035713196,0.006978567223995924,0.32811325788497925,0.029881004244089127,0.021487563848495483,0.08595025539398193,0.0323525033891201,0.0323525033891201,0.08595025539398193,0.021487563848495483,,,,,,,,,,,,,,,,,,,0.29249972105026245,0.14927460253238678,0.06269555444874399,0.6684481056608912,19637,293575,29377,313212,0.5,0.1810600129352895,0.46948292882186743,0.6158899819586752,0.5,0.21904891581849747,0.4939918984239371,0.5984954215883174,0.5,0.218061748987303,0.5046464921537257,0.6169111890254281,0.218061748987303,0.5046464921537257,0.6169111890254281,29377,17395,17395,1739500,100.0,100.0,0.6159504652023315,0.6851908564567566,0.46321141719818115,0.8180853724479675,0.8708513379096985,0.7222316861152649,0.3821016550064087,0.0537835804543737,0.925531402888643,17395,2683,17395,0,18.005863753952283,105.55564657691866,mean,geometric_mean,odvg_phrase_grounding,3.5,2.0,4.0,iou,0.25,0.25,2.0,True,False,False,True,True,0.1,0.25,0.05,0.25,128,5,True,True,0.05,10,0.3,10,0.0,0.5,1.0,10,True,5,12,0.0,0.1,3,odvg_appended_phrase,4.0,0.25,20,0.5,0.5,1.0,2.0,True,False
epoch,1785521104.8119056,187,703.9578485121019,3.409330060338359e-05,3.409330060338359e-05,3.409330060338359e-05,3.40933006033836e-06,3.409330060338359e-05,1.407988429069519,12286,0.852155864238739,1.1116629838943481,0.5558314919471741,0.006792642176151276,0.32421568036079407,0.02968306466937065,0.02144768461585045,0.0857907384634018,0.03226424381136894,0.03226424381136894,0.0857907384634018,0.02144768461585045,,,,,,,,,,,,,,,,,,,0.29074719548225403,0.14906510710716248,0.062054730039183756,0.664159035980529,19511,294905,29377,314416,0.5,0.18279606494876943,0.4684276815195561,0.612554038873949,0.5,0.22007012288525035,0.4946727031351057,0.5967593695748374,0.5,0.21979780100078292,0.5039997276781155,0.6141198897096368,0.21979780100078292,0.5039997276781155,0.6141198897096368,29377,17395,17395,1739500,100.0,100.0,0.6151575446128845,0.683470606803894,0.45942842960357666,0.8164398670196533,0.8727916479110718,0.7181128263473511,0.38125064969062805,0.05395379036682213,0.9248672515135878,17395,2683,17395,0,18.07507904570279,104.68689398700371,mean,geometric_mean,odvg_phrase_grounding,3.5,2.0,4.0,iou,0.25,0.25,2.0,True,False,False,True,True,0.1,0.25,0.05,0.25,128,5,True,True,0.05,10,0.3,10,0.0,0.5,1.0,10,True,5,12,0.0,0.1,3,odvg_appended_phrase,4.0,0.25,20,0.5,0.5,1.0,2.0,True,False
epoch,1785521816.2845833,188,702.5977498167194,3.363576485797909e-05,3.363576485797909e-05,3.363576485797909e-05,3.363576485797909e-06,3.363576485797909e-05,1.404999017715454,12286,0.8507843017578125,1.1084258556365967,0.5542129278182983,0.006748235784471035,0.3233489990234375,0.029792271554470062,0.021152902394533157,0.08461160957813263,0.03236629068851471,0.03236629068851471,0.08461160957813263,0.021152902394533157,,,,,,,,,,,,,,,,,,,0.29273921251296997,0.15009614825248718,0.06318881986774659,0.6655206454028662,19551,289855,29377,309406,0.5,0.18283010518432788,0.4691425264662831,0.6146985737141301,0.5,0.22197637607652246,0.4949109847840147,0.5982571399394084,0.5,0.2211253701875617,0.5045443714470504,0.6164005854920516,0.2211253701875617,0.5045443714470504,0.6164005854920516,29377,17395,17395,1739500,100.0,100.0,0.615657389163971,0.6844848394393921,0.4619217813014984,0.8164095878601074,0.8712598085403442,0.7195084691047668,0.38288456201553345,0.053987823701900695,0.9249656869653335,17395,2683,17395,0,17.787065248634665,105.50665095075965,mean,geometric_mean,odvg_phrase_grounding,3.5,2.0,4.0,iou,0.25,0.25,2.0,True,False,False,True,True,0.1,0.25,0.05,0.25,128,5,True,True,0.05,10,0.3,10,0.0,0.5,1.0,10,True,5,12,0.0,0.1,3,odvg_appended_phrase,4.0,0.25,20,0.5,0.5,1.0,2.0,True,False
epoch,1785522524.9829295,189,702.3164380909875,3.31802977885385e-05,3.31802977885385e-05,3.31802977885385e-05,3.3180297788538504e-06,3.31802977885385e-05,1.4059299230575562,12286,0.8495020270347595,1.1128603219985962,0.5564301609992981,0.006761929951608181,0.3235633075237274,0.02952205203473568,0.021104877814650536,0.08441951125860214,0.03215278685092926,0.03215278685092926,0.08441951125860214,0.021104877814650536,,,,,,,,,,,,,,,,,,,0.2945210039615631,0.15127214789390564,0.06374596916328315,0.6648398406916975,19531,286857,29377,306388,0.5,0.18334070871770433,0.47060625659529565,0.6165367464342854,0.5,0.2234060659699765,0.4980767266909487,0.6016611634952513,0.5,0.22173809442761344,0.5066889062872315,0.617932396092181,0.22173809442761344,0.5066889062872315,0.617932396092181,29377,17395,17395,1739500,100.0,100.0,0.6156207919120789,0.6846886277198792,0.4615311324596405,0.818917989730835,0.8706130385398865,0.7209041118621826,0.3844844698905945,0.05606427117048507,0.9222306125766654,17395,2683,17395,0,17.61356711698764,103.80873462697491,mean,geometric_mean,odvg_phrase_grounding,3.5,2.0,4.0,iou,0.25,0.25,2.0,True,False,False,True,True,0.1,0.25,0.05,0.25,128,5,True,True,0.05,10,0.3,10,0.0,0.5,1.0,10,True,5,12,0.0,0.1,3,odvg_appended_phrase,4.0,0.25,20,0.5,0.5,1.0,2.0,True,False
epoch,1785523255.8581064,190,719.3379801721312,3.272694934215866e-05,3.272694934215866e-05,3.272694934215866e-05,3.272694934215867e-06,3.272694934215866e-05,1.3989373445510864,12286,0.8455064296722412,1.1068668365478516,0.5534334182739258,0.0066732196137309074,0.3204787075519562,0.029909532517194748,0.0210117157548666,0.0840468630194664,0.03263363242149353,0.03263363242149353,0.0840468630194664,0.0210117157548666,1.314971685409546,0.01516760140657425,0.4853459298610687,0.05214769393205643,0.044152647256851196,0.044152647256851196,,,0.10855523496866226,0.027138808742165565,0.0,0.0,0,0.45,True,True,1.0,2.0,1.0,2.0,0.2968471050262451,0.15325048565864563,0.06259093327180315,0.6648398406916975,19531,292511,29377,312042,0.5,0.18214930047315928,0.4694148483507506,0.6167069476120774,0.5,0.2230656636143922,0.4970555196241958,0.5977124961704735,0.5,0.22068284712530212,0.5063485039316472,0.6170813902032202,0.22068284712530212,0.5063485039316472,0.6170813902032202,29377,17395,17395,1739500,100.0,100.0,0.6158376336097717,0.6856322288513184,0.45920106768608093,0.818773627281189,0.8727916479110718,0.7185553312301636,0.38325899839401245,0.053715490538466026,0.9252451576046269,17395,2683,17395,0,17.938603046852545,123.05775192612782,mean,geometric_mean,odvg_phrase_grounding,3.5,2.0,4.0,iou,0.25,0.25,2.0,True,False,False,True,True,0.1,0.25,0.05,0.25,128,5,True,True,0.05,10,0.3,10,0.0,0.5,1.0,10,True,5,12,0.0,0.1,3,odvg_appended_phrase,4.0,0.25,20,0.5,0.5,1.0,2.0,True,False
epoch,1785523974.9533396,191,705.0484402640723,3.2275769233605495e-05,3.2275769233605495e-05,3.2275769233605495e-05,3.2275769233605494e-06,3.2275769233605495e-05,1.3968164920806885,12286,0.8443635106086731,1.1049083471298218,0.5524541735649109,0.006688081659376621,0.3212178647518158,0.029544895514845848,0.020764745771884918,0.08305898308753967,0.03226730227470398,0.03226730227470398,0.08305898308753967,0.020764745771884918,,,,,,,,,,,,,,,,,,,0.29815834760665894,0.15261045098304749,0.06251870721222735,0.6683459849542159,19634,294416,29377,314050,0.5,0.1820812200020424,0.4703339347108282,0.6176260339721551,0.5,0.2222827381965483,0.49742996221533853,0.6003676345440311,0.5,0.21969568029410763,0.5086632399496205,0.6190557238656091,0.21969568029410763,0.5086632399496205,0.6190557238656091,29377,17395,17395,1739500,100.0,100.0,0.6161354184150696,0.6839792132377625,0.4669039845466614,0.8180682063102722,0.8703747987747192,0.7235592603683472,0.3828505277633667,0.055213275414131235,0.9236921169580175,17395,2683,17395,0,18.054038516815176,107.79949964769185,mean,geometric_mean,odvg_phrase_grounding,3.5,2.0,4.0,iou,0.25,0.25,2.0,True,False,False,True,True,0.1,0.25,0.05,0.25,128,5,True,True,0.05,10,0.3,10,0.0,0.5,1.0,10,True,5,12,0.0,0.1,3,odvg_appended_phrase,4.0,0.25,20,0.5,0.5,1.0,2.0,True,False
epoch,1785524711.9179966,192,725.3500093398616,3.182680693986224e-05,3.182680693986224e-05,3.182680693986224e-05,3.1826806939862235e-06,3.182680693986224e-05,1.3957173824310303,12286,0.8440892100334167,1.103258490562439,0.5516292452812195,0.006731439847499132,0.3226791024208069,0.02882423996925354,0.020709969103336334,0.08283987641334534,0.03198423981666565,0.03198423981666565,0.08283987641334534,0.020709969103336334,,,,,,,,,,,,,,,,,,,0.30026885867118835,0.1537678986787796,0.06315606780358302,0.6688906287231507,19650,291484,29377,311134,0.5,0.182047179766484,0.47332947543997006,0.616196344078701,0.5,0.22371242809000239,0.5010722674200906,0.6038737788065494,0.5,0.22013820335636722,0.5102631310208666,0.6183068386833237,0.22013820335636722,0.5102631310208666,0.6183068386833237,29377,17395,17395,1739500,100.0,100.0,0.6148927211761475,0.6833750009536743,0.46232181787490845,0.8190910816192627,0.8688429594039917,0.7231507897377014,0.384178102016449,0.05426016101455067,0.9249670168593307,17395,2683,17395,0,17.886404139120437,110.11385156493634,mean,geometric_mean,odvg_phrase_grounding,3.5,2.0,4.0,iou,0.25,0.25,2.0,True,False,False,True,True,0.1,0.25,0.05,0.25,128,5,True,True,0.05,10,0.3,10,0.0,0.5,1.0,10,True,5,12,0.0,0.1,3,odvg_appended_phrase,4.0,0.25,20,0.5,0.5,1.0,2.0,True,False
epoch,1785525442.0081189,193,718.4468203010038,3.13801116947037e-05,3.13801116947037e-05,3.13801116947037e-05,3.1380111694703697e-06,3.13801116947037e-05,1.391618013381958,12286,0.8414162993431091,1.1004056930541992,0.5502028465270996,0.0067019411362707615,0.32150015234947205,0.028873775154352188,0.02055678889155388,0.08222715556621552,0.031832505017519,0.031832505017519,0.08222715556621552,0.02055678889155388,,,,,,,,,,,,,,,,,,,0.29705607891082764,0.15277525782585144,0.06370060845018764,0.6621506620825817,19452,285914,29377,305366,0.5,0.18269394424209415,0.47064029683085407,0.6138475678251694,0.5,0.22350818667665182,0.4973278415086632,0.598937944650577,0.5,0.22167001395649658,0.5084249583007114,0.6149708955985975,0.22167001395649658,0.5084249583007114,0.6149708955985975,29377,17395,17395,1739500,100.0,100.0,0.6142117977142334,0.6827121376991272,0.45658227801322937,0.8195899724960327,0.868434488773346,0.7165469527244568,0.3845865726470947,0.05439629064187512,0.9240855181435782,17395,2683,17395,0,17.554814601897096,110.9479729225859,mean,geometric_mean,odvg_phrase_grounding,3.5,2.0,4.0,iou,0.25,0.25,2.0,True,False,False,True,True,0.1,0.25,0.05,0.25,128,5,True,True,0.05,10,0.3,10,0.0,0.5,1.0,10,True,5,12,0.0,0.1,3,odvg_appended_phrase,4.0,0.25,20,0.5,0.5,1.0,2.0,True,False
epoch,1785526166.6646876,194,718.2026074207388,3.093573248329735e-05,3.093573248329735e-05,3.093573248329735e-05,3.0935732483297354e-06,3.093573248329735e-05,1.3852577209472656,12286,0.8369224071502686,1.0966718196868896,0.5483359098434448,0.0065992786549031734,0.3197062611579895,0.028685109689831734,0.020630208775401115,0.08252083510160446,0.03190314397215843,0.03190314397215843,0.08252083510160446,0.020630208775401115,,,,,,,,,,,,,,,,,,,0.29595762491226196,0.15154072642326355,0.06274465510286406,0.6618442999625558,19443,290432,29377,309875,0.5,0.18146849576199067,0.46835960104843927,0.612554038873949,0.5,0.2219082956054056,0.49722572080198796,0.5977805766415903,0.5,0.22034244476971782,0.506416584402764,0.6139156482962862,0.22034244476971782,0.506416584402764,0.6139156482962862,29377,17395,17395,1739500,100.0,100.0,0.6141185760498047,0.683313250541687,0.4567646384239197,0.8199713230133057,0.869932234287262,0.7158321142196655,0.3829185962677002,0.053987814257109745,0.9245803405789327,17395,2683,17395,0,17.814027019258408,109.68509770790115,mean,geometric_mean,odvg_phrase_grounding,3.5,2.0,4.0,iou,0.25,0.25,2.0,True,False,False,True,True,0.1,0.25,0.05,0.25,128,5,True,True,0.05,10,0.3,10,0.0,0.5,1.0,10,True,5,12,0.0,0.1,3,odvg_appended_phrase,4.0,0.25,20,0.5,0.5,1.0,2.0,True,False
epoch,1785526913.09752,195,741.5069195176475,3.0493718036831444e-05,3.0493718036831444e-05,3.0493718036831444e-05,3.0493718036831442e-06,3.0493718036831444e-05,1.382474422454834,12286,0.8353675603866577,1.094214677810669,0.5471073389053345,0.0065609002485871315,0.31893229484558105,0.028717270120978355,0.020767817273736,0.083071269094944,0.031903572380542755,0.031903572380542755,0.083071269094944,0.020767817273736,1.3304694890975952,0.015513544902205467,0.4925462305545807,0.05243528634309769,0.043795131146907806,0.043795131146907806,,,0.10841501504182816,0.02710375376045704,0.0,0.0,0,0.45,True,True,1.0,2.0,1.0,2.0,0.29874491691589355,0.15272851288318634,0.06232583971987526,0.6646696395139055,19526,293763,29377,313289,0.5,0.18214930047315928,0.46900636552404945,0.6126901998161828,0.5,0.2208870885386527,0.49678319773972834,0.597269973108214,0.5,0.22003608264969193,0.506246383224972,0.6139156482962862,0.22003608264969193,0.506246383224972,0.6139156482962862,29377,17395,17395,1739500,100.0,100.0,0.6156003475189209,0.6845526099205017,0.45898088812828064,0.8194472193717957,0.8701364994049072,0.7202913761138916,0.38438233733177185,0.05562173659998615,0.92277883861379,17395,2683,17395,0,18.01029031330842,129.10779070435092,mean,geometric_mean,odvg_phrase_grounding,3.5,2.0,4.0,iou,0.25,0.25,2.0,True,False,False,True,True,0.1,0.25,0.05,0.25,128,5,True,True,0.05,10,0.3,10,0.0,0.5,1.0,10,True,5,12,0.0,0.1,3,odvg_appended_phrase,4.0,0.25,20,0.5,0.5,1.0,2.0,True,False
epoch,1785527641.4215038,196,721.8356776149012,3.0054116827171032e-05,3.0054116827171032e-05,3.0054116827171032e-05,3.005411682717104e-06,3.0054116827171032e-05,1.3751685619354248,12286,0.8301625847816467,1.0900096893310547,0.5450048446655273,0.0064300368539988995,0.315221905708313,0.029299721121788025,0.0209204088896513,0.0836816355586052,0.03200167044997215,0.03200167044997215,0.0836816355586052,0.0209204088896513,,,,,,,,,,,,,,,,,,,0.2989500164985657,0.15329740941524506,0.062142945605472164,0.6661333696429179,19569,295334,29377,314903,0.5,0.18300030636212003,0.468972325288491,0.6139156482962862,0.5,0.22119345065867857,0.4949109847840147,0.5968955305170712,0.5,0.21989992170745823,0.5051911359226606,0.6145964530074548,0.21989992170745823,0.5051911359226606,0.6145964530074548,29377,17395,17395,1739500,100.0,100.0,0.6173900961875916,0.6849768757820129,0.46579840779304504,0.8193101286888123,0.8720427751541138,0.7232528924942017,0.386526882648468,0.057119522851283744,0.9210241349269935,17395,2683,17395,0,18.103075596435758,113.1550612449646,mean,geometric_mean,odvg_phrase_grounding,3.5,2.0,4.0,iou,0.25,0.25,2.0,True,False,False,True,True,0.1,0.25,0.05,0.25,128,5,True,True,0.05,10,0.3,10,0.0,0.5,1.0,10,True,5,12,0.0,0.1,3,odvg_appended_phrase,4.0,0.25,20,0.5,0.5,1.0,2.0,True,False
epoch,1785528367.1059265,197,719.2271720720455,2.9616977061542644e-05,2.9616977061542644e-05,2.9616977061542644e-05,2.961697706154265e-06,2.9616977061542644e-05,1.3831846714019775,12286,0.8332134485244751,1.0999406576156616,0.5499703288078308,0.00658209715038538,0.31785109639167786,0.028854114934802055,0.020649448037147522,0.08259779214859009,0.03173498809337616,0.03173498809337616,0.08259779214859009,0.020649448037147522,,,,,,,,,,,,,,,,,,,0.29700523614883423,0.15270933508872986,0.06242867218054754,0.6628995472648671,19474,292466,29377,311940,0.5,0.1823875821220683,0.46893828505293256,0.6118051536916636,0.5,0.22081900806753582,0.4982809681042993,0.5984954215883174,0.5,0.21996800217857507,0.5048847738026347,0.6134731252340266,0.21996800217857507,0.5048847738026347,0.6134731252340266,29377,17395,17395,1739500,100.0,100.0,0.615271270275116,0.685002863407135,0.46208494901657104,0.8182440400123596,0.8705109357833862,0.7203254103660583,0.3803655803203583,0.057425863101191243,0.9202778879173397,17395,2683,17395,0,17.93273929290026,109.38861758587882,mean,geometric_mean,odvg_phrase_grounding,3.5,2.0,4.0,iou,0.25,0.25,2.0,True,False,False,True,True,0.1,0.25,0.05,0.25,128,5,True,True,0.05,10,0.3,10,0.0,0.5,1.0,10,True,5,12,0.0,0.1,3,odvg_appended_phrase,4.0,0.25,20,0.5,0.5,1.0,2.0,True,False
epoch,1785529096.8204467,198,724.8682803120464,2.9182346677247693e-05,2.9182346677247693e-05,2.9182346677247693e-05,2.9182346677247705e-06,2.9182346677247693e-05,1.3776614665985107,12286,0.8285378813743591,1.098246455192566,0.549123227596283,0.006449176464229822,0.31510084867477417,0.029042433947324753,0.020647527649998665,0.08259011059999466,0.03195236995816231,0.03195236995816231,0.08259011059999466,0.020647527649998665,,,,,,,,,,,,,,,,,,,0.29784995317459106,0.15327589213848114,0.06226458531843733,0.6628655070293087,19473,293273,29377,312746,0.5,0.18180889811757497,0.4684276815195561,0.6145964530074548,0.5,0.22081900806753582,0.494774823841781,0.5970997719304217,0.5,0.21996800217857507,0.5048507335670763,0.6162644245498179,0.21996800217857507,0.5048507335670763,0.6162644245498179,29377,17395,17395,1739500,100.0,100.0,0.6155558824539185,0.684315025806427,0.46083077788352966,0.8199586868286133,0.8697620630264282,0.7160022854804993,0.38445040583610535,0.05313677845119058,0.9257868591641,17395,2683,17395,0,17.97907444668008,112.23212719708681,mean,geometric_mean,odvg_phrase_grounding,3.5,2.0,4.0,iou,0.25,0.25,2.0,True,False,False,True,True,0.1,0.25,0.05,0.25,128,5,True,True,0.05,10,0.3,10,0.0,0.5,1.0,10,True,5,12,0.0,0.1,3,odvg_appended_phrase,4.0,0.25,20,0.5,0.5,1.0,2.0,True,False
epoch,1785529819.0529184,199,715.8130113980733,2.875027333640564e-05,2.875027333640564e-05,2.875027333640564e-05,2.875027333640565e-06,2.875027333640564e-05,1.3716355562210083,12286,0.8252933025360107,1.0926848649978638,0.5463424324989319,0.006389113608747721,0.3130195140838623,0.029257185757160187,0.020472083240747452,0.08188833296298981,0.03205240145325661,0.03205240145325661,0.08188833296298981,0.020472083240747452,,,,,,,,,,,,,,,,,,,0.29834920167922974,0.15255098044872284,0.062078190745576786,0.6619123804336726,19445,293789,29377,313234,0.5,0.18167273717534124,0.4696531299996596,0.6132348435851176,0.5,0.2205807264186268,0.495727950437417,0.596248766041461,0.5,0.22041052524083465,0.5061442625182966,0.6144602920652211,0.22041052524083465,0.5061442625182966,0.6144602920652211,29377,17395,17395,1739500,100.0,100.0,0.6150527000427246,0.6836726665496826,0.46270066499710083,0.8190361261367798,0.8714640736579895,0.7179085612297058,0.3805357813835144,0.05599618079603319,0.9220009569183611,17395,2683,17395,0,18.007128485196894,109.21980697102845,mean,geometric_mean,odvg_phrase_grounding,3.5,2.0,4.0,iou,0.25,0.25,2.0,True,False,False,True,True,0.1,0.25,0.05,0.25,128,5,True,True,0.05,10,0.3,10,0.0,0.5,1.0,10,True,5,12,0.0,0.1,3,odvg_appended_phrase,4.0,0.25,20,0.5,0.5,1.0,2.0,True,False
epoch,1785530563.7967188,200,738.2556436848827,2.8320804420727363e-05,2.8320804420727363e-05,2.8320804420727363e-05,2.8320804420727368e-06,2.8320804420727363e-05,1.3683233261108398,12286,0.8227754235267639,1.0910922288894653,0.5455461144447327,0.006361394189298153,0.31130966544151306,0.029476981610059738,0.020479341968894005,0.08191736787557602,0.03217943012714386,0.03217943012714386,0.08191736787557602,0.020479341968894005,1.3307135105133057,0.015565025620162487,0.49210891127586365,0.05258389189839363,0.044154975563287735,0.044154975563287735,,,0.10608253628015518,0.026520634070038795,0.0,0.0,0,0.45,True,True,1.0,2.0,1.0,2.0,0.29871341586112976,0.15259414911270142,0.06284211137115336,0.6635803519760357,19494,290712,29377,310206,0.5,0.18191101882425026,0.46890424481737414,0.6158559417231168,0.5,0.2224869796098989,0.4969874391530789,0.5988017837083432,0.5,0.22068284712530212,0.506961228171699,0.6170473499676618,0.22068284712530212,0.506961228171699,0.6170473499676618,29377,17395,17395,1739500,100.0,100.0,0.616013765335083,0.6850842833518982,0.4614257514476776,0.8189626932144165,0.871906578540802,0.7208020091056824,0.3842121362686157,0.057221657129646664,0.9206139045025096,17395,2683,17395,0,17.83305547571141,128.99556199088693,mean,geometric_mean,odvg_phrase_grounding,3.5,2.0,4.0,iou,0.25,0.25,2.0,True,False,False,True,True,0.1,0.25,0.05,0.25,128,5,True,True,0.05,10,0.3,10,0.0,0.5,1.0,10,True,5,12,0.0,0.1,3,odvg_appended_phrase,4.0,0.25,20,0.5,0.5,1.0,2.0,True,False
epoch,1785531297.7118423,201,726.2330484171398,2.78939870263191e-05,2.78939870263191e-05,2.78939870263191e-05,2.78939870263191e-06,2.78939870263191e-05,1.3670542240142822,12286,0.8218405246734619,1.090427279472351,0.5452136397361755,0.006371655501425266,0.31129077076911926,0.029382579028606415,0.020440513268113136,0.08176205307245255,0.03195163235068321,0.03195163235068321,0.08176205307245255,0.020440513268113136,,,,,,,,,,,,,,,,,,,0.29754918813705444,0.15249371528625488,0.06355003176361355,0.6640228750382953,19507,287448,29377,306955,0.5,0.18214930047315928,0.46934676787963375,0.6156176600742077,0.5,0.22289546243660005,0.4965789563263778,0.599414507948395,0.5,0.22013820335636722,0.506178302753855,0.6159921026653504,0.22013820335636722,0.506178302753855,0.6159921026653504,29377,17395,17395,1739500,100.0,100.0,0.6172693967819214,0.6868649125099182,0.46320727467536926,0.8187946677207947,0.8735745549201965,0.7226061224937439,0.3847908079624176,0.05858324745544863,0.9189278285474867,17395,2683,17395,0,17.646162690428284,109.74899119697511,mean,geometric_mean,odvg_phrase_grounding,3.5,2.0,4.0,iou,0.25,0.25,2.0,True,False,False,True,True,0.1,0.25,0.05,0.25,128,5,True,True,0.05,10,0.3,10,0.0,0.5,1.0,10,True,5,12,0.0,0.1,3,odvg_appended_phrase,4.0,0.25,20,0.5,0.5,1.0,2.0,True,False
epoch,1785532030.4331872,202,726.1734913857654,2.7469867958517956e-05,2.7469867958517956e-05,2.7469867958517956e-05,2.7469867958517964e-06,2.7469867958517956e-05,1.3662773370742798,12286,0.8201398253440857,1.0922729969024658,0.5461364984512329,0.0064008040353655815,0.3121820092201233,0.028668254613876343,0.02034345641732216,0.08137382566928864,0.03163859620690346,0.03163859620690346,0.08137382566928864,0.02034345641732216,,,,,,,,,,,,,,,,,,,0.3003009557723999,0.15334942936897278,0.06397196829998653,0.662491064438166,19462,284765,29377,304227,0.5,0.18296626612656158,0.47002757259080236,0.6155495796030909,0.5,0.2218061748987303,0.5013445893045579,0.6020356060863942,0.5,0.2208870885386527,0.5069952684072574,0.6169111890254281,0.2208870885386527,0.5069952684072574,0.6169111890254281,29377,17395,17395,1739500,100.0,100.0,0.6158064007759094,0.685651957988739,0.4604940712451935,0.8195837736129761,0.8698641657829285,0.7189638018608093,0.3832249641418457,0.05647273742264336,0.921452599871535,17395,2683,17395,0,17.48933601609658,107.53560351906344,mean,geometric_mean,odvg_phrase_grounding,3.5,2.0,4.0,iou,0.25,0.25,2.0,True,False,False,True,True,0.1,0.25,0.05,0.25,128,5,True,True,0.05,10,0.3,10,0.0,0.5,1.0,10,True,5,12,0.0,0.1,3,odvg_appended_phrase,4.0,0.25,20,0.5,0.5,1.0,2.0,True,False
epoch,1785532773.5132196,203,729.2651715818793,2.7048493726759132e-05,2.7048493726759132e-05,2.7048493726759132e-05,2.7048493726759135e-06,2.7048493726759132e-05,1.3631627559661865,12286,0.8180509209632874,1.0902228355407715,0.5451114177703857,0.006389664951711893,0.31133684515953064,0.028608275577425957,0.020280828699469566,0.08112331479787827,0.031606294214725494,0.031606294214725494,0.08112331479787827,0.020280828699469566,,,,,,,,,,,,,,,,,,,0.2984471321105957,0.15351656079292297,0.06372036148202398,0.6634101507982435,19489,286363,29377,305852,0.5,0.18187697858869184,0.4684276815195561,0.6142900908874289,0.5,0.22320182455662593,0.5003574224733636,0.6025121693842121,0.5,0.22085304830309427,0.5054294175715696,0.6159240221942336,0.22085304830309427,0.5054294175715696,0.6159240221942336,29377,17395,17395,1739500,100.0,100.0,0.6165257692337036,0.6872417330741882,0.46227893233299255,0.8194562196731567,0.8713619709014893,0.7213125824928284,0.38387173414230347,0.057902431694584866,0.9197262974472505,17395,2683,17395,0,17.58275366484622,107.88839298207313,mean,geometric_mean,odvg_phrase_grounding,3.5,2.0,4.0,iou,0.25,0.25,2.0,True,False,False,True,True,0.1,0.25,0.05,0.25,128,5,True,True,0.05,10,0.3,10,0.0,0.5,1.0,10,True,5,12,0.0,0.1,3,odvg_appended_phrase,4.0,0.25,20,0.5,0.5,1.0,2.0,True,False
epoch,1785533503.5927534,204,723.8597853928804,2.6629910539475584e-05,2.6629910539475584e-05,2.6629910539475584e-05,2.662991053947558e-06,2.6629910539475584e-05,1.3621490001678467,12286,0.8185719847679138,1.0871540307998657,0.5435770153999329,0.006376137491315603,0.31153997778892517,0.02865632064640522,0.020174045115709305,0.08069618046283722,0.03163429722189903,0.03163429722189903,0.08069618046283722,0.020174045115709305,,,,,,,,,,,,,,,,,,,0.30059167742729187,0.1535562127828598,0.06398487677922658,0.6636484324471525,19496,285201,29377,304697,0.5,0.18378323177996392,0.47152534295537324,0.6157878612519999,0.5,0.22391666950335296,0.5029104401402458,0.6021717670286278,0.5,0.221227490894237,0.5097525274874902,0.617387752323246,0.221227490894237,0.5097525274874902,0.617387752323246,29377,17395,17395,1739500,100.0,100.0,0.6155166625976562,0.6844848394393921,0.4622317850589752,0.8184213042259216,0.8693535923957825,0.7199509739875793,0.38376960158348083,0.0563025415404268,0.921796700643955,17395,2683,17395,0,17.516355274504168,110.60078298393637,mean,geometric_mean,odvg_phrase_grounding,3.5,2.0,4.0,iou,0.25,0.25,2.0,True,False,False,True,True,0.1,0.25,0.05,0.25,128,5,True,True,0.05,10,0.3,10,0.0,0.5,1.0,10,True,5,12,0.0,0.1,3,odvg_appended_phrase,4.0,0.25,20,0.5,0.5,1.0,2.0,True,False
epoch,1785534258.5011203,205,743.3854356966913,2.6214164299030778e-05,2.6214164299030778e-05,2.6214164299030778e-05,2.6214164299030788e-06,2.6214164299030778e-05,1.357741117477417,12286,0.8161184191703796,1.0832449197769165,0.5416224598884583,0.006294610910117626,0.30924689769744873,0.029221324250102043,0.020249512046575546,0.08099804818630219,0.03160927817225456,0.03160927817225456,0.08099804818630219,0.020249512046575546,1.3338370323181152,0.015842938795685768,0.4964618384838104,0.05125686526298523,0.043367885053157806,0.043367885053157806,,,0.10777183622121811,0.026942959055304527,0.0,0.0,0,0.45,True,True,1.0,2.0,1.0,2.0,0.3001338243484497,0.1540546715259552,0.06340257106833219,0.664159035980529,19511,288221,29377,307732,0.5,0.18245566259318516,0.4721721074309834,0.6160601831364673,0.5,0.22354222691221023,0.5001531810600129,0.6011846001974334,0.5,0.22068284712530212,0.5096163665452564,0.6162644245498179,0.22068284712530212,0.5096163665452564,0.6162644245498179,29377,17395,17395,1739500,100.0,100.0,0.6172252893447876,0.6881313323974609,0.4641202986240387,0.8190516829490662,0.8719746470451355,0.7216189503669739,0.38645878434181213,0.05745991438644493,0.9203736066559448,17395,2683,17395,0,17.690830698476574,127.5948428818956,mean,geometric_mean,odvg_phrase_grounding,3.5,2.0,4.0,iou,0.25,0.25,2.0,True,False,False,True,True,0.1,0.25,0.05,0.25,128,5,True,True,0.05,10,0.3,10,0.0,0.5,1.0,10,True,5,12,0.0,0.1,3,odvg_appended_phrase,4.0,0.25,20,0.5,0.5,1.0,2.0,True,False
epoch,1785534994.2103946,206,726.7841132441536,2.5801300596685028e-05,2.5801300596685028e-05,2.5801300596685028e-05,2.580130059668503e-06,2.5801300596685028e-05,1.3492666482925415,12286,0.8104197382926941,1.0776926279067993,0.5388463139533997,0.00625648396089673,0.30746299028396606,0.028763530775904655,0.020298810675740242,0.08119524270296097,0.031594909727573395,0.031594909727573395,0.08119524270296097,0.020298810675740242,,,,,,,,,,,,,,,,,,,0.3004973828792572,0.15452688932418823,0.06348108615942691,0.662422983967049,19460,287088,29377,306548,0.5,0.18293222589100316,0.46900636552404945,0.6131667631140008,0.5,0.22422303162337884,0.4989958130510263,0.6000612724240052,0.5,0.22017224359192566,0.5070293086428158,0.6136773666473772,0.22017224359192566,0.5070293086428158,0.6136773666473772,29377,17395,17395,1739500,100.0,100.0,0.6183103919029236,0.687890887260437,0.4671081304550171,0.8206741213798523,0.8736766576766968,0.7219253182411194,0.38775232434272766,0.05950233427407037,0.9175782691497226,17395,2683,17395,0,17.622765162402988,110.09425084013492,mean,geometric_mean,odvg_phrase_grounding,3.5,2.0,4.0,iou,0.25,0.25,2.0,True,False,False,True,True,0.1,0.25,0.05,0.25,128,5,True,True,0.05,10,0.3,10,0.0,0.5,1.0,10,True,5,12,0.0,0.1,3,odvg_appended_phrase,4.0,0.25,20,0.5,0.5,1.0,2.0,True,False
epoch,1785535717.0047472,207,715.6458213450387,2.5391364707595844e-05,2.5391364707595844e-05,2.5391364707595844e-05,2.5391364707595848e-06,2.5391364707595844e-05,1.3533357381820679,12286,0.8124618530273438,1.0817513465881348,0.5408756732940674,0.006323510315269232,0.31011348962783813,0.028066743165254593,0.0201267097145319,0.0805068388581276,0.03131509944796562,0.03131509944796562,0.0805068388581276,0.0201267097145319,,,,,,,,,,,,,,,,,,,0.3021922707557678,0.1544887125492096,0.0634437723713555,0.6594614834734657,19373,285984,29377,305357,0.5,0.18255778329986044,0.4696531299996596,0.6133710045273514,0.5,0.22449535350784627,0.5012765088334411,0.6001974333662389,0.5,0.221227490894237,0.507914354767335,0.6148687748919223,0.221227490894237,0.507914354767335,0.6148687748919223,29377,17395,17395,1739500,100.0,100.0,0.6176006197929382,0.6876164078712463,0.4629954695701599,0.8197526335716248,0.8722469806671143,0.7201212048530579,0.38380366563796997,0.06065972137959219,0.9157645671717584,17395,2683,17395,0,17.554297211842485,105.29170684609562,mean,geometric_mean,odvg_phrase_grounding,3.5,2.0,4.0,iou,0.25,0.25,2.0,True,False,False,True,True,0.1,0.25,0.05,0.25,128,5,True,True,0.05,10,0.3,10,0.0,0.5,1.0,10,True,5,12,0.0,0.1,3,odvg_appended_phrase,4.0,0.25,20,0.5,0.5,1.0,2.0,True,False
epoch,1785536452.9413667,208,722.2788582341745,2.4984401585853035e-05,2.4984401585853035e-05,2.4984401585853035e-05,2.498440158585304e-06,2.4984401585853035e-05,1.3482972383499146,12286,0.8067314028739929,1.083128809928894,0.541564404964447,0.006301017012447119,0.30759674310684204,0.027970852330327034,0.01991444081068039,0.07965776324272156,0.031237181276082993,0.031237181276082993,0.07965776324272156,0.01991444081068039,,,,,,,,,,,,,,,,,,,0.3013816475868225,0.15322205424308777,0.06519726247987118,0.6615379378425299,19434,278646,29377,298080,0.5,0.18123021411308166,0.4697552507063349,0.6155155393675324,0.5,0.22364434761888552,0.5050549749804268,0.6040439799843415,0.5,0.21915103652517276,0.5093780848963475,0.6172856316165708,0.21915103652517276,0.5093780848963475,0.6172856316165708,29377,17395,17395,1739500,100.0,100.0,0.6156755089759827,0.6845175623893738,0.46142253279685974,0.8185674548149109,0.8709534406661987,0.7200190424919128,0.38380366563796997,0.05848110464938294,0.9187783916839397,17395,2683,17395,0,17.13595860879563,107.37283563474193,mean,geometric_mean,odvg_phrase_grounding,3.5,2.0,4.0,iou,0.25,0.25,2.0,True,False,False,True,True,0.1,0.25,0.05,0.25,128,5,True,True,0.05,10,0.3,10,0.0,0.5,1.0,10,True,5,12,0.0,0.1,3,odvg_appended_phrase,4.0,0.25,20,0.5,0.5,1.0,2.0,True,False
epoch,1785537169.9429913,209,709.9761640587822,2.4580455859548933e-05,2.4580455859548933e-05,2.4580455859548933e-05,2.458045585954894e-06,2.4580455859548933e-05,1.344696044921875,12286,0.8060698509216309,1.0772544145584106,0.5386272072792053,0.006264102645218372,0.30644285678863525,0.028343815356492996,0.02006431296467781,0.08025725185871124,0.03136381879448891,0.03136381879448891,0.08025725185871124,0.02006431296467781,,,,,,,,,,,,,,,,,,,0.30214154720306396,0.15316586196422577,0.06483231184032048,0.6621847023181401,19453,280598,29377,300051,0.5,0.18214930047315928,0.4714572624842564,0.6155155393675324,0.5,0.224869796098989,0.5047145726248425,0.6062565952956395,0.5,0.22170405419205502,0.5116928209143208,0.6169452292609865,0.22170405419205502,0.5116928209143208,0.6169452292609865,29377,17395,17395,1739500,100.0,100.0,0.6153118014335632,0.6841400265693665,0.45978111028671265,0.8206741213798523,0.8708173036575317,0.7201212048530579,0.3838376998901367,0.05793650253491778,0.9195461789703306,17395,2683,17395,0,17.249267030755963,103.9614297482185,mean,geometric_mean,odvg_phrase_grounding,3.5,2.0,4.0,iou,0.25,0.25,2.0,True,False,False,True,True,0.1,0.25,0.05,0.25,128,5,True,True,0.05,10,0.3,10,0.0,0.5,1.0,10,True,5,12,0.0,0.1,3,odvg_appended_phrase,4.0,0.25,20,0.5,0.5,1.0,2.0,True,False
epoch,1785537913.500109,210,738.5417753951624,2.4179571825884522e-05,2.4179571825884522e-05,2.4179571825884522e-05,2.4179571825884527e-06,2.4179571825884522e-05,1.3452194929122925,12286,0.8054124712944031,1.0796151161193848,0.5398075580596924,0.0062783206813037395,0.30714988708496094,0.027935175225138664,0.019889162853360176,0.0795566514134407,0.03126126900315285,0.03126126900315285,0.0795566514134407,0.019889162853360176,1.3615537881851196,0.01620827428996563,0.5019913911819458,0.05527759715914726,0.043450042605400085,0.043450042605400085,,,0.1059480607509613,0.026487015187740326,0.0,0.0,0,0.45,True,True,1.0,2.0,1.0,2.0,0.30050402879714966,0.1530437469482422,0.06404819612667066,0.6575552302821935,19317,282284,29377,301601,0.5,0.18157061646866596,0.46795111822173807,0.6136092861762603,0.5,0.22255506008101575,0.5020253940157265,0.6036695373931987,0.5,0.21989992170745823,0.5063825441672056,0.6149708955985975,0.21989992170745823,0.5063825441672056,0.6149708955985975,29377,17395,17395,1739500,100.0,100.0,0.6149316430091858,0.6848962903022766,0.4596462845802307,0.8215436935424805,0.8695237636566162,0.7169554233551025,0.38332709670066833,0.059400193072909,0.9171493915271096,17395,2683,17395,0,17.33837309571716,125.73145625879988,mean,geometric_mean,odvg_phrase_grounding,3.5,2.0,4.0,iou,0.25,0.25,2.0,True,False,False,True,True,0.1,0.25,0.05,0.25,128,5,True,True,0.05,10,0.3,10,0.0,0.5,1.0,10,True,5,12,0.0,0.1,3,odvg_appended_phrase,4.0,0.25,20,0.5,0.5,1.0,2.0,True,False
epoch,1785538650.5878386,211,731.9424193017185,2.3781793446311605e-05,2.3781793446311605e-05,2.3781793446311605e-05,2.3781793446311615e-06,2.3781793446311605e-05,1.3411813974380493,12286,0.803224503993988,1.0759093761444092,0.5379546880722046,0.006242221221327782,0.3071776330471039,0.02755414880812168,0.019774720072746277,0.07909888029098511,0.031053803861141205,0.031053803861141205,0.07909888029098511,0.019774720072746277,,,,,,,,,,,,,,,,,,,0.301721453666687,0.15415692329406738,0.0642692353588523,0.6600061272424005,19389,282295,29377,301684,0.5,0.182047179766484,0.47019777376859445,0.6149028151274807,0.5,0.22347414644109337,0.5028423596691289,0.6043503421043673,0.5,0.2209211287742111,0.5073016305272833,0.6160942233720257,0.2209211287742111,0.5073016305272833,0.6160942233720257,29377,17395,17395,1739500,100.0,100.0,0.616654634475708,0.6863363981246948,0.4612058103084564,0.8202512264251709,0.8693876266479492,0.7209721803665161,0.38649284839630127,0.06096605312411563,0.9154391046085542,17395,2683,17395,0,17.34314458177637,111.05910767475143,mean,geometric_mean,odvg_phrase_grounding,3.5,2.0,4.0,iou,0.25,0.25,2.0,True,False,False,True,True,0.1,0.25,0.05,0.25,128,5,True,True,0.05,10,0.3,10,0.0,0.5,1.0,10,True,5,12,0.0,0.1,3,odvg_appended_phrase,4.0,0.25,20,0.5,0.5,1.0,2.0,True,False
epoch,1785539378.069923,212,722.609495351091,2.338716434171207e-05,2.338716434171207e-05,2.338716434171207e-05,2.338716434171207e-06,2.338716434171207e-05,1.3399559259414673,12286,0.8011248111724854,1.0776617527008057,0.5388308763504028,0.006161548662930727,0.30438029766082764,0.028329206630587578,0.019905222579836845,0.07962089031934738,0.03129709139466286,0.03129709139466286,0.07962089031934738,0.019905222579836845,,,,,,,,,,,,,,,,,,,0.30193254351615906,0.15415693819522858,0.06348384390250297,0.6593593627667903,19370,285747,29377,305117,0.5,0.18099193246417264,0.46761071586615377,0.6139156482962862,0.5,0.2230656636143922,0.5035912448514144,0.6022738877353031,0.5,0.22017224359192566,0.5069271879361406,0.6141879701807537,0.22017224359192566,0.5069271879361406,0.6141879701807537,29377,17395,17395,1739500,100.0,100.0,0.6167587637901306,0.6876052618026733,0.45959192514419556,0.8214302659034729,0.8694556951522827,0.7177043557167053,0.38945433497428894,0.05834499294991502,0.9187060904881214,17395,2683,17395,0,17.54050014371946,107.99549067625776,mean,geometric_mean,odvg_phrase_grounding,3.5,2.0,4.0,iou,0.25,0.25,2.0,True,False,False,True,True,0.1,0.25,0.05,0.25,128,5,True,True,0.05,10,0.3,10,0.0,0.5,1.0,10,True,5,12,0.0,0.1,3,odvg_appended_phrase,4.0,0.25,20,0.5,0.5,1.0,2.0,True,False
epoch,1785540104.136125,213,720.2523413319141,2.2995727787614306e-05,2.2995727787614306e-05,2.2995727787614306e-05,2.2995727787614302e-06,2.2995727787614306e-05,1.3341354131698608,12286,0.797140896320343,1.073992133140564,0.536996066570282,0.0061272247694432735,0.30334821343421936,0.027922211214900017,0.019879553467035294,0.07951821386814117,0.03125851973891258,0.03125851973891258,0.07951821386814117,0.019879553467035294,,,,,,,,,,,,,,,,,,,0.3035399913787842,0.1545981615781784,0.0635747324728381,0.6610954147802702,19421,286062,29377,305483,0.5,0.1803792082241209,0.46723627327501105,0.6129625217006501,0.5,0.22435919256561254,0.5027061987268951,0.60060591619294,0.5,0.2202403240630425,0.5052932566293359,0.6145964530074548,0.2202403240630425,0.5052932566293359,0.6145964530074548,29377,17395,17395,1739500,100.0,100.0,0.6167635321617126,0.687665581703186,0.46063855290412903,0.8196023106575012,0.871532142162323,0.7188957333564758,0.3845865726470947,0.0578003185762056,0.9195984676298747,17395,2683,17395,0,17.56154067260707,109.01694630086422,mean,geometric_mean,odvg_phrase_grounding,3.5,2.0,4.0,iou,0.25,0.25,2.0,True,False,False,True,True,0.1,0.25,0.05,0.25,128,5,True,True,0.05,10,0.3,10,0.0,0.5,1.0,10,True,5,12,0.0,0.1,3,odvg_appended_phrase,4.0,0.25,20,0.5,0.5,1.0,2.0,True,False
epoch,1785540844.5583918,214,728.8885163790546,2.2607526709447564e-05,2.2607526709447564e-05,2.2607526709447564e-05,2.260752670944756e-06,2.2607526709447564e-05,1.3356871604919434,12286,0.7973805665969849,1.0766148567199707,0.5383074283599854,0.006131637375801802,0.3031245172023773,0.02805025316774845,0.01971818506717682,0.07887274026870728,0.031317926943302155,0.031317926943302155,0.07887274026870728,0.01971818506717682,,,,,,,,,,,,,,,,,,,0.30179452896118164,0.15431228280067444,0.06464719005489226,0.6618783401981142,19444,281327,29377,300771,0.5,0.182285461415393,0.4723423086087756,0.6161623038431426,0.5,0.2253123191612486,0.5035231643802975,0.6022058072641863,0.5,0.22081900806753582,0.5102290907853082,0.6171154304387786,0.22081900806753582,0.5102290907853082,0.6171154304387786,29377,17395,17395,1739500,100.0,100.0,0.617544412612915,0.6885844469070435,0.46454185247421265,0.8207462430000305,0.8701364994049072,0.7205637097358704,0.39006707072257996,0.05868536953775616,0.9185563070345746,17395,2683,17395,0,17.290658235125036,112.79578013531864,mean,geometric_mean,odvg_phrase_grounding,3.5,2.0,4.0,iou,0.25,0.25,2.0,True,False,False,True,True,0.1,0.25,0.05,0.25,128,5,True,True,0.05,10,0.3,10,0.0,0.5,1.0,10,True,5,12,0.0,0.1,3,odvg_appended_phrase,4.0,0.25,20,0.5,0.5,1.0,2.0,True,False
epoch,1785541595.5162537,215,746.0226075621322,2.2222603677834668e-05,2.2222603677834668e-05,2.2222603677834668e-05,2.222260367783467e-06,2.2222603677834668e-05,1.3298484086990356,12286,0.7939370274543762,1.071823000907898,0.535911500453949,0.006138392258435488,0.303003191947937,0.027465306222438812,0.019738683477044106,0.07895473390817642,0.030946914106607437,0.030946914106607437,0.07895473390817642,0.019738683477044106,1.3574572801589966,0.016077881678938866,0.500230073928833,0.0553208626806736,0.04328153654932976,0.04328153654932976,,,0.10622917860746384,0.02655729465186596,0.0,0.0,0,0.45,True,True,1.0,2.0,1.0,2.0,0.30389320850372314,0.15496155619621277,0.06486954206602769,0.6635122715049188,19492,280988,29377,300480,0.5,0.18068557034414678,0.4711509003642305,0.6161623038431426,0.5,0.22626544575688465,0.5065187051094393,0.6040439799843415,0.5,0.22000204241413351,0.5094461653674643,0.6174558327943629,0.22000204241413351,0.5094461653674643,0.6174558327943629,29377,17395,17395,1739500,100.0,100.0,0.6162352561950684,0.6868007779121399,0.4611757695674896,0.8205898404121399,0.8689791560173035,0.7202913761138916,0.3868332505226135,0.05677910460897284,0.9211720333022633,17395,2683,17395,0,17.27392929002587,134.8974072211422,mean,geometric_mean,odvg_phrase_grounding,3.5,2.0,4.0,iou,0.25,0.25,2.0,True,False,False,True,True,0.1,0.25,0.05,0.25,128,5,True,True,0.05,10,0.3,10,0.0,0.5,1.0,10,True,5,12,0.0,0.1,3,odvg_appended_phrase,4.0,0.25,20,0.5,0.5,1.0,2.0,True,False
epoch,1785542332.1104727,216,723.6124202739447,2.184100090392377e-05,2.184100090392377e-05,2.184100090392377e-05,2.184100090392378e-06,2.184100090392377e-05,1.3282592296600342,12286,0.7951894402503967,1.0661369562149048,0.5330684781074524,0.006148256361484528,0.3034694492816925,0.027551790699362755,0.019684825092554092,0.07873930037021637,0.030998732894659042,0.030998732894659042,0.07873930037021637,0.019684825092554092,,,,,,,,,,,,,,,,,,,0.3034976124763489,0.15432900190353394,0.06502237666157551,0.6637165129182694,19498,280368,29377,299866,0.5,0.1817067774108997,0.4720359464887497,0.6173196718521292,0.5,0.22626544575688465,0.5054294175715696,0.6057119515267045,0.5,0.22115941042312012,0.5116928209143208,0.6190897641011676,0.22115941042312012,0.5116928209143208,0.6190897641011676,29377,17395,17395,1739500,100.0,100.0,0.6157859563827515,0.685061514377594,0.4605298936367035,0.8202201128005981,0.8679239153862,0.7200530767440796,0.3848589062690735,0.056336563825810204,0.9217605400971944,17395,2683,17395,0,17.238631790744467,109.2578399097547,mean,geometric_mean,odvg_phrase_grounding,3.5,2.0,4.0,iou,0.25,0.25,2.0,True,False,False,True,True,0.1,0.25,0.05,0.25,128,5,True,True,0.05,10,0.3,10,0.0,0.5,1.0,10,True,5,12,0.0,0.1,3,odvg_appended_phrase,4.0,0.25,20,0.5,0.5,1.0,2.0,True,False
epoch,1785543062.7106085,217,724.0963799529709,2.1462760234759265e-05,2.1462760234759265e-05,2.1462760234759265e-05,2.1462760234759275e-06,2.1462760234759265e-05,1.3245179653167725,12286,0.7906546592712402,1.0677300691604614,0.5338650345802307,0.006089810747653246,0.30123451352119446,0.027564801275730133,0.019590551033616066,0.07836220413446426,0.031022241339087486,0.031022241339087486,0.07836220413446426,0.019590551033616066,,,,,,,,,,,,,,,,,,,0.30487117171287537,0.15651921927928925,0.06492194243882202,0.660516730775777,19404,279478,29377,298882,0.5,0.18153657623310754,0.47125302107090583,0.6151410967763897,0.5,0.22534635939680703,0.5071314293494911,0.6056779112911461,0.5,0.22030840453415937,0.5112502978520611,0.6168771487898697,0.22030840453415937,0.5112502978520611,0.6168771487898697,29377,17395,17395,1739500,100.0,100.0,0.6155086159706116,0.6860969662666321,0.4604620635509491,0.8203917741775513,0.8681621551513672,0.7194404006004333,0.38676515221595764,0.058923669824656355,0.9180979136347088,17395,2683,17395,0,17.18206381144007,112.61559686018154,mean,geometric_mean,odvg_phrase_grounding,3.5,2.0,4.0,iou,0.25,0.25,2.0,True,False,False,True,True,0.1,0.25,0.05,0.25,128,5,True,True,0.05,10,0.3,10,0.0,0.5,1.0,10,True,5,12,0.0,0.1,3,odvg_appended_phrase,4.0,0.25,20,0.5,0.5,1.0,2.0,True,False
epoch,1785543802.9606552,218,728.3216198487207,2.108792314869293e-05,2.108792314869293e-05,2.108792314869293e-05,2.108792314869293e-06,2.108792314869293e-05,1.3222167491912842,12286,0.7882787585258484,1.0678762197494507,0.5339381098747253,0.005984617862850428,0.2985292673110962,0.028274698182940483,0.019564826041460037,0.07825930416584015,0.03135007247328758,0.03135007247328758,0.07825930416584015,0.019564826041460037,,,,,,,,,,,,,,,,,,,0.30329591035842896,0.15496036410331726,0.06415325721293273,0.6588827994689723,19356,282359,29377,301715,0.5,0.18157061646866596,0.4678489975150628,0.6131327228784423,0.5,0.2240868706811451,0.5034210436736222,0.6025121693842121,0.5,0.21983184123634136,0.5065187051094393,0.6153453381897402,0.21983184123634136,0.5065187051094393,0.6153453381897402,29377,17395,17395,1739500,100.0,100.0,0.6153451800346375,0.6855011582374573,0.4621063470840454,0.818445086479187,0.8696939945220947,0.7188616991043091,0.38489294052124023,0.05997889963533676,0.9165640627257376,17395,2683,17395,0,17.344926703075597,111.79934111097828,mean,geometric_mean,odvg_phrase_grounding,3.5,2.0,4.0,iou,0.25,0.25,2.0,True,False,False,True,True,0.1,0.25,0.05,0.25,128,5,True,True,0.05,10,0.3,10,0.0,0.5,1.0,10,True,5,12,0.0,0.1,3,odvg_appended_phrase,4.0,0.25,20,0.5,0.5,1.0,2.0,True,False
epoch,1785544533.8568985,219,725.9824739806354,2.071653075083526e-05,2.071653075083526e-05,2.071653075083526e-05,2.0716530750835252e-06,2.071653075083526e-05,1.3172242641448975,12286,0.7861255407333374,1.0621986389160156,0.5310993194580078,0.0059748440980911255,0.29835352301597595,0.027891037985682487,0.019679024815559387,0.07871609926223755,0.031150855123996735,0.031150855123996735,0.07871609926223755,0.019679024815559387,,,,,,,,,,,,,,,,,,,0.3035498261451721,0.15419816970825195,0.0646601079615825,0.6593253225312319,19369,280182,29377,299551,0.5,0.18197909929536712,0.47016373353303603,0.6144262518296627,0.5,0.22480171562787216,0.5042380093270246,0.6024440889130953,0.5,0.22075092759641896,0.5076420328828676,0.6159240221942336,0.22075092759641896,0.5076420328828676,0.6159240221942336,29377,17395,17395,1739500,100.0,100.0,0.6153503060340881,0.6844222545623779,0.4614325761795044,0.8193310499191284,0.8683323860168457,0.718010663986206,0.38506314158439636,0.05868534145497417,0.9182667550796967,17395,2683,17395,0,17.220523138833,107.86654393700883,mean,geometric_mean,odvg_phrase_grounding,3.5,2.0,4.0,iou,0.25,0.25,2.0,True,False,False,True,True,0.1,0.25,0.05,0.25,128,5,True,True,0.05,10,0.3,10,0.0,0.5,1.0,10,True,5,12,0.0,0.1,3,odvg_appended_phrase,4.0,0.25,20,0.5,0.5,1.0,2.0,True,False
epoch,1785545267.2974985,220,728.4578935708851,2.0348623768547884e-05,2.0348623768547884e-05,2.0348623768547884e-05,2.0348623768547897e-06,2.0348623768547884e-05,1.3171453475952148,12286,0.7864855527877808,1.0613200664520264,0.5306600332260132,0.005978351924568415,0.298500120639801,0.027944741770625114,0.019730303436517715,0.07892121374607086,0.031068984419107437,0.031068984419107437,0.07892121374607086,0.019730303436517715,1.3606675863265991,0.016199402511119843,0.5012696385383606,0.0553637258708477,0.04351511597633362,0.04351511597633362,,,0.10669615864753723,0.026674039661884308,0.0,0.0,0,0.45,True,True,1.0,2.0,1.0,2.0,0.30449599027633667,0.15511557459831238,0.06480185081473185,0.661708139020322,19439,280537,29377,299976,0.5,0.18211526023760086,0.47193382578207443,0.616672907376519,0.5,0.2254484801034823,0.5057698199271539,0.6042141811621337,0.5,0.2208870885386527,0.5120332232699051,0.6183408789188821,0.2208870885386527,0.5120332232699051,0.6183408789188821,29377,17395,17395,1739500,100.0,100.0,0.6165859699249268,0.6867817640304565,0.457467257976532,0.8213710188865662,0.8695918321609497,0.7185893654823303,0.38482487201690674,0.05688122646200833,0.9208432114440929,17395,2683,17395,0,17.24495544696752,122.50660096760839,mean,geometric_mean,odvg_phrase_grounding,3.5,2.0,4.0,iou,0.25,0.25,2.0,True,False,False,True,True,0.1,0.25,0.05,0.25,128,5,True,True,0.05,10,0.3,10,0.0,0.5,1.0,10,True,5,12,0.0,0.1,3,odvg_appended_phrase,4.0,0.25,20,0.5,0.5,1.0,2.0,True,False
epoch,1785545983.2903156,221,709.8238228918053,1.9984242546977393e-05,1.9984242546977393e-05,1.9984242546977393e-05,1.9984242546977403e-06,1.9984242546977393e-05,1.3150289058685303,12286,0.7842482924461365,1.061558723449707,0.5307793617248535,0.006033903453499079,0.29954707622528076,0.027032706886529922,0.019403571262955666,0.07761428505182266,0.030771788209676743,0.030771788209676743,0.07761428505182266,0.019403571262955666,,,,,,,,,,,,,,,,,,,0.3052101731300354,0.15512357652187347,0.06514461096242767,0.6603805698335432,19400,278399,29377,297799,0.5,0.18109405317084795,0.47152534295537324,0.6158559417231168,0.5,0.2245293937434047,0.506178302753855,0.6044865030466011,0.5,0.21945739864519861,0.5103992919631004,0.6178983558566226,0.21945739864519861,0.5103992919631004,0.6178983558566226,29377,17395,17395,1739500,100.0,100.0,0.6157152652740479,0.685651957988739,0.45609164237976074,0.8193829655647278,0.8702386021614075,0.7177043557167053,0.3857099115848541,0.057323785883162115,0.9201289703391613,17395,2683,17395,0,17.119804541534926,103.60492231696844,mean,geometric_mean,odvg_phrase_grounding,3.5,2.0,4.0,iou,0.25,0.25,2.0,True,False,False,True,True,0.1,0.25,0.05,0.25,128,5,True,True,0.05,10,0.3,10,0.0,0.5,1.0,10,True,5,12,0.0,0.1,3,odvg_appended_phrase,4.0,0.25,20,0.5,0.5,1.0,2.0,True,False
epoch,1785546710.3648717,222,715.6297124116682,1.9623427044630884e-05,1.9623427044630884e-05,1.9623427044630884e-05,1.9623427044630887e-06,1.9623427044630884e-05,1.3136438131332397,12286,0.7823399305343628,1.0626097917556763,0.5313048958778381,0.005996387917548418,0.2980089783668518,0.027240585535764694,0.01945296674966812,0.07781186699867249,0.031007137149572372,0.031007137149572372,0.07781186699867249,0.01945296674966812,,,,,,,,,,,,,,,,,,,0.3053891062736511,0.15553700923919678,0.06488493689013221,0.663205909384893,19483,280787,29377,300270,0.5,0.1813663750553154,0.4710147394219968,0.6143922115941042,0.5,0.2242911120944957,0.5049188140381932,0.6042141811621337,0.5,0.22030840453415937,0.5105014126697757,0.6165707866698438,0.22030840453415937,0.5105014126697757,0.6165707866698438,29377,17395,17395,1739500,100.0,100.0,0.615083634853363,0.6848413348197937,0.4593287706375122,0.8196704983711243,0.8688429594039917,0.7177724242210388,0.38482487201690674,0.05456651483614583,0.9239779726904889,17395,2683,17395,0,17.261856855418223,105.12159088719636,mean,geometric_mean,odvg_phrase_grounding,3.5,2.0,4.0,iou,0.25,0.25,2.0,True,False,False,True,True,0.1,0.25,0.05,0.25,128,5,True,True,0.05,10,0.3,10,0.0,0.5,1.0,10,True,5,12,0.0,0.1,3,odvg_appended_phrase,4.0,0.25,20,0.5,0.5,1.0,2.0,True,False
epoch,1785547427.1623,223,705.3147220341489,1.9266216828994255e-05,1.9266216828994255e-05,1.9266216828994255e-05,1.926621682899426e-06,1.9266216828994255e-05,1.3084330558776855,12286,0.7782171368598938,1.0604329109191895,0.5302164554595947,0.0059095690958201885,0.2959716320037842,0.02737410180270672,0.019406240433454514,0.07762496173381805,0.030909890308976173,0.030909890308976173,0.07762496173381805,0.019406240433454514,,,,,,,,,,,,,,,,,,,0.30324113368988037,0.1540205329656601,0.06559503342239216,0.6610613745447118,19420,276639,29377,296059,0.5,0.17928992068625116,0.46822344010620554,0.6120434353405726,0.5,0.22401879021002824,0.5038976069714403,0.6037035776287571,0.5,0.21972972052966608,0.5070973891139327,0.6138816080607278,0.21972972052966608,0.5070973891139327,0.6138816080607278,29377,17395,17395,1739500,100.0,100.0,0.614958643913269,0.6845908761024475,0.4573551118373871,0.8207817673683167,0.869796097278595,0.7187595963478088,0.3858460783958435,0.05769822180309703,0.9197252849265934,17395,2683,17395,0,17.019775797643,104.73645586101338,mean,geometric_mean,odvg_phrase_grounding,3.5,2.0,4.0,iou,0.25,0.25,2.0,True,False,False,True,True,0.1,0.25,0.05,0.25,128,5,True,True,0.05,10,0.3,10,0.0,0.5,1.0,10,True,5,12,0.0,0.1,3,odvg_appended_phrase,4.0,0.25,20,0.5,0.5,1.0,2.0,True,False
epoch,1785548141.5045376,224,707.8404705319554,1.8912651072193037e-05,1.8912651072193037e-05,1.8912651072193037e-05,1.891265107219305e-06,1.8912651072193037e-05,1.3100850582122803,12286,0.7795454263687134,1.0610761642456055,0.5305380821228027,0.005966546479612589,0.29643693566322327,0.027428263798356056,0.01947656273841858,0.07790625095367432,0.03087112493813038,0.03087112493813038,0.07790625095367432,0.01947656273841858,,,,,,,,,,,,,,,,,,,0.3034541606903076,0.15458865463733673,0.06609431524107293,0.6598699663001668,19385,273908,29377,293293,0.5,0.18102597269973109,0.46801919869285497,0.6148347346563638,0.5,0.2225891003165742,0.501821152602376,0.6027504510331212,0.5,0.2201041631208088,0.5078462742962181,0.61643462572761,0.2201041631208088,0.5078462742962181,0.61643462572761,29377,17395,17395,1739500,100.0,100.0,0.6157016754150391,0.6860795021057129,0.457224041223526,0.8193486928939819,0.869557797908783,0.7190999984741211,0.38519930839538574,0.05923003217395428,0.9176331076350491,17395,2683,17395,0,16.86076458752515,109.44152685813606,mean,geometric_mean,odvg_phrase_grounding,3.5,2.0,4.0,iou,0.25,0.25,2.0,True,False,False,True,True,0.1,0.25,0.05,0.25,128,5,True,True,0.05,10,0.3,10,0.0,0.5,1.0,10,True,5,12,0.0,0.1,3,odvg_appended_phrase,4.0,0.25,20,0.5,0.5,1.0,2.0,True,False
epoch,1785548871.868927,225,723.9835103247315,1.8562768546696745e-05,1.8562768546696745e-05,1.8562768546696745e-05,1.8562768546696749e-06,1.8562768546696745e-05,1.3104363679885864,12286,0.7768447399139404,1.0675225257873535,0.533589780330658,0.005887217819690704,0.2942902445793152,0.027873678132891655,0.01939539983868599,0.07758159935474396,0.031011978164315224,0.031011978164315224,0.07758159935474396,0.01939539983868599,1.385928750038147,0.016251420602202415,0.5057546496391296,0.05936320126056671,0.04363702982664108,0.04363702982664108,,,0.10823175311088562,0.027057938277721405,0.0,0.0,0,0.45,True,True,1.0,2.0,1.0,2.0,0.30358925461769104,0.15492863953113556,0.06592379972379431,0.6629676277359839,19476,275956,29377,295432,0.5,0.1823875821220683,0.46968717023521805,0.615481499131974,0.5,0.22398474997446982,0.5040337679136739,0.6049630663444191,0.5,0.22105728971644484,0.5083568778295946,0.616672907376519,0.22105728971644484,0.5083568778295946,0.616672907376519,29377,17395,17395,1739500,100.0,100.0,0.6157388091087341,0.6861079931259155,0.45904138684272766,0.8215192556381226,0.8671069145202637,0.7191340327262878,0.38475677371025085,0.0561664049903039,0.921897167378697,17395,2683,17395,0,16.983730957171602,122.03326739976183,mean,geometric_mean,odvg_phrase_grounding,3.5,2.0,4.0,iou,0.25,0.25,2.0,True,False,False,True,True,0.1,0.25,0.05,0.25,128,5,True,True,0.05,10,0.3,10,0.0,0.5,1.0,10,True,5,12,0.0,0.1,3,odvg_appended_phrase,4.0,0.25,20,0.5,0.5,1.0,2.0,True,False
epoch,1785549578.2824707,226,701.4646003167145,1.8216607621067153e-05,1.8216607621067153e-05,1.8216607621067153e-05,1.8216607621067156e-06,1.8216607621067153e-05,1.3019957542419434,12286,0.7711033821105957,1.0631461143493652,0.5308922529220581,0.005777822341769934,0.29248782992362976,0.027491925284266472,0.019175948575139046,0.07670379430055618,0.03094927780330181,0.03094927780330181,0.07670379430055618,0.019175948575139046,,,,,,,,,,,,,,,,,,,0.304177463054657,0.15461167693138123,0.06539809444065553,0.6593593627667903,19370,276816,29377,296186,0.5,0.1817067774108997,0.47094665895087995,0.614766654185247,0.5,0.22449535350784627,0.50498689450931,0.6054396296422371,0.5,0.22034244476971782,0.5093780848963475,0.6165027061987269,0.22034244476971782,0.5093780848963475,0.6165027061987269,29377,17395,17395,1739500,100.0,100.0,0.6162380576133728,0.6858563423156738,0.46202588081359863,0.8195899724960327,0.8679239153862,0.7193382382392883,0.3877863585948944,0.05997887547249803,0.9166193700208302,17395,2683,17395,0,17.027076746191433,103.528802966699,mean,geometric_mean,odvg_phrase_grounding,3.5,2.0,4.0,iou,0.25,0.25,2.0,True,False,False,True,True,0.1,0.25,0.05,0.25,128,5,True,True,0.05,10,0.3,10,0.0,0.5,1.0,10,True,5,12,0.0,0.1,3,odvg_appended_phrase,4.0,0.25,20,0.5,0.5,1.0,2.0,True,False
epoch,1785550286.1622963,227,701.4845601571724,1.7874206255750623e-05,1.7874206255750623e-05,1.7874206255750623e-05,1.787420625575064e-06,1.7874206255750623e-05,1.3003551959991455,12286,0.7695482969284058,1.0646804571151733,0.5308077335357666,0.005784948822110891,0.2916792631149292,0.02746049501001835,0.019169360399246216,0.07667744159698486,0.030989671126008034,0.030989671126008034,0.07667744159698486,0.019169360399246216,,,,,,,,,,,,,,,,,,,0.304039865732193,0.15514019131660461,0.0658498505035937,0.6589849201756476,19359,274628,29377,293987,0.5,0.182047179766484,0.4705722163597372,0.6131667631140008,0.5,0.22558464104571604,0.5034891241447391,0.6004357150151479,0.5,0.22109132995200326,0.5091738434829969,0.6144943323007795,0.22109132995200326,0.5091738434829969,0.6144943323007795,29377,17395,17395,1739500,100.0,100.0,0.6172869801521301,0.6878064870834351,0.46292904019355774,0.820171594619751,0.869557797908783,0.7214487791061401,0.3894203007221222,0.062463858930492555,0.9134188583590315,17395,2683,17395,0,16.90066110951423,104.25445353798568,mean,geometric_mean,odvg_phrase_grounding,3.5,2.0,4.0,iou,0.25,0.25,2.0,True,False,False,True,True,0.1,0.25,0.05,0.25,128,5,True,True,0.05,10,0.3,10,0.0,0.5,1.0,10,True,5,12,0.0,0.1,3,odvg_appended_phrase,4.0,0.25,20,0.5,0.5,1.0,2.0,True,False
epoch,1785550996.5646353,228,703.946129693184,1.7535601998915385e-05,1.7535601998915385e-05,1.7535601998915385e-05,1.7535601998915392e-06,1.7535601998915385e-05,1.2945806980133057,12286,0.7673576474189758,1.0598679780960083,0.5272231101989746,0.005717611405998468,0.28893694281578064,0.028191158547997475,0.01921176351606846,0.07684705406427383,0.03129960969090462,0.03129960969090462,0.07684705406427383,0.01921176351606846,,,,,,,,,,,,,,,,,,,0.3027690052986145,0.1537557691335678,0.06494421372550335,0.659018960411206,19360,278742,29377,298102,0.5,0.18157061646866596,0.4684617217551145,0.6120093951050142,0.5,0.22483575586343058,0.5052592163937775,0.6012186404329918,0.5,0.2202403240630425,0.5086291997140621,0.6146645334785716,0.2202403240630425,0.5086291997140621,0.6146645334785716,29377,17395,17395,1739500,100.0,100.0,0.6164355278015137,0.6865236163139343,0.46049773693084717,0.8187454342842102,0.8685706257820129,0.7217210531234741,0.3858460783958435,0.06270209271226812,0.9131214304461466,17395,2683,17395,0,17.13722334004024,105.50882687605917,mean,geometric_mean,odvg_phrase_grounding,3.5,2.0,4.0,iou,0.25,0.25,2.0,True,False,False,True,True,0.1,0.25,0.05,0.25,128,5,True,True,0.05,10,0.3,10,0.0,0.5,1.0,10,True,5,12,0.0,0.1,3,odvg_appended_phrase,4.0,0.25,20,0.5,0.5,1.0,2.0,True,False
epoch,1785551719.8772628,229,717.0359206162393,1.7200831982333936e-05,1.7200831982333936e-05,1.7200831982333936e-05,1.7200831982333932e-06,1.7200831982333936e-05,1.2917128801345825,12286,0.7669125199317932,1.0580475330352783,0.5248014330863953,0.005760028026998043,0.28919297456741333,0.028041183948516846,0.01923564448952675,0.076942577958107,0.030987076461315155,0.030987076461315155,0.076942577958107,0.01923564448952675,,,,,,,,,,,,,,,,,,,0.30358874797821045,0.15364514291286469,0.06556849623576347,0.6590530006467645,19361,275918,29377,295279,0.5,0.18085577152193894,0.4680872791639718,0.6135071654695851,0.5,0.2242911120944957,0.5048507335670763,0.601865404908602,0.5,0.21989992170745823,0.5072335500561664,0.6155155393675324,0.21989992170745823,0.5072335500561664,0.6155155393675324,29377,17395,17395,1739500,100.0,100.0,0.6161948442459106,0.6858492493629456,0.4615529775619507,0.8203049302101135,0.8677877187728882,0.7212445139884949,0.3844163715839386,0.06219151334173034,0.9137719426137327,17395,2683,17395,0,16.974935326243173,109.8911854447797,mean,geometric_mean,odvg_phrase_grounding,3.5,2.0,4.0,iou,0.25,0.25,2.0,True,False,False,True,True,0.1,0.25,0.05,0.25,128,5,True,True,0.05,10,0.3,10,0.0,0.5,1.0,10,True,5,12,0.0,0.1,3,odvg_appended_phrase,4.0,0.25,20,0.5,0.5,1.0,2.0,True,False
epoch,1785552466.129919,230,739.6106636859477,1.6869932917311074e-05,1.6869932917311074e-05,1.6869932917311074e-05,1.6869932917311068e-06,1.6869932917311074e-05,1.2899293899536133,12286,0.7671850323677063,1.057623267173767,0.5227442979812622,0.005747223738580942,0.2893807291984558,0.0280050840228796,0.01919347047805786,0.07677388191223145,0.031049583107233047,0.031049583107233047,0.07677388191223145,0.01919347047805786,1.382203221321106,0.016168395057320595,0.5052372217178345,0.05886521190404892,0.04357257857918739,0.04357257857918739,,,0.10502518713474274,0.026256296783685684,0.0,0.0,0,0.45,True,True,1.0,2.0,1.0,2.0,0.30545154213905334,0.15491117537021637,0.06505292464122876,0.6585764373489464,19347,278057,29377,297404,0.5,0.18075365081526365,0.46822344010620554,0.6143922115941042,0.5,0.22517615821901488,0.5039656874425571,0.6023760084419785,0.5,0.22081900806753582,0.508152636416244,0.6156517003097661,0.22081900806753582,0.508152636416244,0.6156517003097661,29377,17395,17395,1739500,100.0,100.0,0.6165599226951599,0.6869766116142273,0.4642232060432434,0.8204559683799744,0.871157705783844,0.7196446061134338,0.3842802047729492,0.061068168764487396,0.915141212418312,17395,2683,17395,0,17.09709686691578,128.42573244823143,mean,geometric_mean,odvg_phrase_grounding,3.5,2.0,4.0,iou,0.25,0.25,2.0,True,False,False,True,True,0.1,0.25,0.05,0.25,128,5,True,True,0.05,10,0.3,10,0.0,0.5,1.0,10,True,5,12,0.0,0.1,3,odvg_appended_phrase,4.0,0.25,20,0.5,0.5,1.0,2.0,True,False
epoch,1785553198.8516042,231,718.683059334755,1.6542941090658193e-05,1.6542941090658193e-05,1.6542941090658193e-05,1.6542941090658196e-06,1.6542941090658193e-05,1.2828882932662964,12286,0.7639749646186829,1.054263710975647,0.5189143419265747,0.00574601162225008,0.28914788365364075,0.027479078620672226,0.018914666026830673,0.07565866410732269,0.030851256102323532,0.030851256102323532,0.07565866410732269,0.018914666026830673,,,,,,,,,,,,,,,,,,,0.3040996491909027,0.15472231805324554,0.0657196564113546,0.6581339142866869,19334,274855,29377,294189,0.5,0.18102597269973109,0.4707764577730878,0.6133369642917929,0.5,0.2254144398679239,0.5051911359226606,0.6027844912686796,0.5,0.22167001395649658,0.5110120162031522,0.6144943323007795,0.22167001395649658,0.5110120162031522,0.6144943323007795,29377,17395,17395,1739500,100.0,100.0,0.6161788702011108,0.6864410042762756,0.4603201150894165,0.8200443387031555,0.8712257742881775,0.7193722724914551,0.3843483030796051,0.061238358204768195,0.9148725068417263,17395,2683,17395,0,16.912273641851108,109.07431989302859,mean,geometric_mean,odvg_phrase_grounding,3.5,2.0,4.0,iou,0.25,0.25,2.0,True,False,False,True,True,0.1,0.25,0.05,0.25,128,5,True,True,0.05,10,0.3,10,0.0,0.5,1.0,10,True,5,12,0.0,0.1,3,odvg_appended_phrase,4.0,0.25,20,0.5,0.5,1.0,2.0,True,False
epoch,1785553929.3058567,232,723.9508370589465,1.621989236071393e-05,1.621989236071393e-05,1.621989236071393e-05,1.6219892360713932e-06,1.621989236071393e-05,1.2787779569625854,12286,0.7632724046707153,1.0523934364318848,0.5155046582221985,0.005743979476392269,0.28898605704307556,0.02744104526937008,0.019128762185573578,0.07651504874229431,0.030768031254410744,0.030768031254410744,0.07651504874229431,0.019128762185573578,,,,,,,,,,,,,,,,,,,0.3038959205150604,0.1536361277103424,0.06571228289867698,0.657350988868843,19311,274561,29377,293872,0.5,0.18095789222861422,0.46835960104843927,0.6118732341627804,0.5,0.2250740375123396,0.504272049562583,0.6015250025530177,0.5,0.22289546243660005,0.508152636416244,0.6131667631140008,0.22289546243660005,0.508152636416244,0.6131667631140008,29377,17395,17395,1739500,100.0,100.0,0.6145508885383606,0.6853004097938538,0.46031734347343445,0.8186780214309692,0.869285523891449,0.717261791229248,0.3841440677642822,0.059910802360405024,0.9164728930315255,17395,2683,17395,0,16.894050014371945,108.6093890988268,mean,geometric_mean,odvg_phrase_grounding,3.5,2.0,4.0,iou,0.25,0.25,2.0,True,False,False,True,True,0.1,0.25,0.05,0.25,128,5,True,True,0.05,10,0.3,10,0.0,0.5,1.0,10,True,5,12,0.0,0.1,3,odvg_appended_phrase,4.0,0.25,20,0.5,0.5,1.0,2.0,True,False
epoch,1785554659.0555146,233,724.737020268105,1.5900822153411994e-05,1.5900822153411994e-05,1.5900822153411994e-05,1.590082215341199e-06,1.5900822153411994e-05,1.272590160369873,12286,0.7601791620254517,1.0518020391464233,0.5124093890190125,0.005684479605406523,0.2878161370754242,0.02733749710023403,0.019170310348272324,0.0766812413930893,0.030608704313635826,0.030608704313635826,0.0766812413930893,0.019170310348272324,,,,,,,,,,,,,,,,,,,0.3043324947357178,0.15365582704544067,0.066161171232008,0.6570105865132587,19301,272426,29377,291727,0.5,0.1820812200020424,0.4703339347108282,0.6133029240562344,0.5,0.22517615821901488,0.5035231643802975,0.6019334853797188,0.5,0.22344010620553495,0.5092419239541137,0.6149368553630391,0.22344010620553495,0.5092419239541137,0.6149368553630391,29377,17395,17395,1739500,100.0,100.0,0.6147091388702393,0.6845450401306152,0.4585306644439697,0.8177332878112793,0.8700684309005737,0.7176702618598938,0.3844844698905945,0.06065967534663508,0.9154769556851482,17395,2683,17395,0,16.77073871802242,112.85449310811237,mean,geometric_mean,odvg_phrase_grounding,3.5,2.0,4.0,iou,0.25,0.25,2.0,True,False,False,True,True,0.1,0.25,0.05,0.25,128,5,True,True,0.05,10,0.3,10,0.0,0.5,1.0,10,True,5,12,0.0,0.1,3,odvg_appended_phrase,4.0,0.25,20,0.5,0.5,1.0,2.0,True,False
epoch,1785555389.7893023,234,724.2649120758288,1.5585765458396166e-05,1.5585765458396166e-05,1.5585765458396166e-05,1.5585765458396169e-06,1.5585765458396166e-05,1.26517915725708,12286,0.7590213418006897,1.045334815979004,0.5061591267585754,0.005682591814547777,0.2883182168006897,0.0268756914883852,0.018926221877336502,0.07570488750934601,0.030576754361391068,0.030576754361391068,0.07570488750934601,0.018926221877336502,,,,,,,,,,,,,,,,,,,0.3033619523048401,0.1539027839899063,0.06591544667581731,0.6555128161486877,19257,272890,29377,292147,0.5,0.18279606494876943,0.468495761990673,0.612792320522858,0.5,0.2262314055213262,0.5047826530959594,0.6008441978418491,0.5,0.22347414644109337,0.5083228375940362,0.6137114068829357,0.22347414644109337,0.5083228375940362,0.6137114068829357,29377,17395,17395,1739500,100.0,100.0,0.6146177649497986,0.6842241287231445,0.460171103477478,0.8183419704437256,0.8719406127929688,0.7179425954818726,0.37931033968925476,0.06242977933318483,0.9130434943879003,17395,2683,17395,0,16.794883587237713,112.08000993076712,mean,geometric_mean,odvg_phrase_grounding,3.5,2.0,4.0,iou,0.25,0.25,2.0,True,False,False,True,True,0.1,0.25,0.05,0.25,128,5,True,True,0.05,10,0.3,10,0.0,0.5,1.0,10,True,5,12,0.0,0.1,3,odvg_appended_phrase,4.0,0.25,20,0.5,0.5,1.0,2.0,True,False
epoch,1785556131.1951,235,735.1277562123723,1.5274756825183446e-05,1.5274756825183446e-05,1.5274756825183446e-05,1.5274756825183442e-06,1.5274756825183446e-05,1.2607431411743164,12286,0.7571843266487122,1.0470094680786133,0.5035577416419983,0.005654908716678619,0.28599458932876587,0.027588380500674248,0.01880088821053505,0.0752035528421402,0.030683642253279686,0.030683642253279686,0.0752035528421402,0.01880088821053505,1.3907345533370972,0.016179408878087997,0.5083659887313843,0.059463437646627426,0.04341929033398628,0.04341929033398628,,,0.10671909898519516,0.02667977474629879,0.0,0.0,0,0.45,True,True,1.0,2.0,1.0,2.0,0.30323952436447144,0.15396805107593536,0.06569950448284446,0.6557851380331552,19265,273964,29377,293229,0.5,0.18187697858869184,0.46961908976410116,0.6123497974605985,0.5,0.22606120434353405,0.5031827620247132,0.6002314736017973,0.5,0.22167001395649658,0.510297171256425,0.6133710045273514,0.22167001395649658,0.510297171256425,0.6133710045273514,29377,17395,17395,1739500,100.0,100.0,0.6148235201835632,0.6851785778999329,0.46183016896247864,0.8170076608657837,0.8702726364135742,0.7190999984741211,0.38063791394233704,0.0633148604409659,0.9119526344384432,17395,2683,17395,0,16.857085369359012,122.80171100515872,mean,geometric_mean,odvg_phrase_grounding,3.5,2.0,4.0,iou,0.25,0.25,2.0,True,False,False,True,True,0.1,0.25,0.05,0.25,128,5,True,True,0.05,10,0.3,10,0.0,0.5,1.0,10,True,5,12,0.0,0.1,3,odvg_appended_phrase,4.0,0.25,20,0.5,0.5,1.0,2.0,True,False
epoch,1785556871.6280172,236,733.9578705872409,1.4967830359375207e-05,1.4967830359375207e-05,1.4967830359375207e-05,1.4967830359375217e-06,1.4967830359375207e-05,1.252845048904419,12286,0.7533592581748962,1.046262264251709,0.49948734045028687,0.005606490187346935,0.284776896238327,0.027296382933855057,0.018814567476511,0.075258269906044,0.030611801892518997,0.030611801892518997,0.075258269906044,0.018814567476511,,,,,,,,,,,,,,,,,,,0.3045980930328369,0.1538451611995697,0.06597062636767118,0.6547298907308439,19234,272320,29377,291554,0.5,0.1809238519930558,0.46958504952854274,0.611124348980495,0.5,0.22469959492119684,0.5039997276781155,0.5998570310106546,0.5,0.22143173230758756,0.5089696020696464,0.6119072743983388,0.22143173230758756,0.5089696020696464,0.6119072743983388,29377,17395,17395,1739500,100.0,100.0,0.6152364611625671,0.6827658414840698,0.459842711687088,0.8172910213470459,0.871021568775177,0.7190659642219543,0.38288456201553345,0.06433607349111048,0.9105282732152069,17395,2683,17395,0,16.760793331417073,111.10134712792933,mean,geometric_mean,odvg_phrase_grounding,3.5,2.0,4.0,iou,0.25,0.25,2.0,True,False,False,True,True,0.1,0.25,0.05,0.25,128,5,True,True,0.05,10,0.3,10,0.0,0.5,1.0,10,True,5,12,0.0,0.1,3,odvg_appended_phrase,4.0,0.25,20,0.5,0.5,1.0,2.0,True,False
epoch,1785557594.4790783,237,716.3426913912408,1.4665019718917182e-05,1.4665019718917182e-05,1.4665019718917182e-05,1.4665019718917172e-06,1.4665019718917182e-05,1.2489430904388428,12286,0.7540833950042725,1.0449484586715698,0.49485906958580017,0.005630133673548698,0.28572577238082886,0.027083290740847588,0.018748097121715546,0.07499238848686218,0.030449725687503815,0.030449725687503815,0.07499238848686218,0.018748097121715546,,,,,,,,,,,,,,,,,,,0.30587100982666016,0.15420421957969666,0.06602757247950532,0.6571807876910508,19306,273087,29377,292393,0.5,0.1808217312863805,0.4682915205773224,0.6137454471184941,0.5,0.2240868706811451,0.5046124519181673,0.5993804677128366,0.5,0.22095516900976955,0.5078462742962181,0.6149368553630391,0.22095516900976955,0.5078462742962181,0.6149368553630391,29377,17395,17395,1739500,100.0,100.0,0.6148949861526489,0.6841892600059509,0.46031734347343445,0.8198220729827881,0.8702045679092407,0.7186233997344971,0.3814208507537842,0.061442612043446254,0.9144995667186083,17395,2683,17395,0,16.80902558206381,106.80561049422249,mean,geometric_mean,odvg_phrase_grounding,3.5,2.0,4.0,iou,0.25,0.25,2.0,True,False,False,True,True,0.1,0.25,0.05,0.25,128,5,True,True,0.05,10,0.3,10,0.0,0.5,1.0,10,True,5,12,0.0,0.1,3,odvg_appended_phrase,4.0,0.25,20,0.5,0.5,1.0,2.0,True,False
epoch,1785558326.87986,238,720.8779016747139,1.4366358110408424e-05,1.4366358110408424e-05,1.4366358110408424e-05,1.4366358110408434e-06,1.4366358110408424e-05,1.2456271648406982,12286,0.7550768256187439,1.0449062585830688,0.4905508756637573,0.0056478590704500675,0.2863007187843323,0.02698536217212677,0.018822472542524338,0.07528989017009735,0.030504215508699417,0.030504215508699417,0.07528989017009735,0.018822472542524338,,,,,,,,,,,,,,,,,,,0.30650660395622253,0.15500971674919128,0.06584508123190062,0.657112707219934,19304,273869,29377,293173,0.5,0.18065153010858837,0.46859788269734826,0.6124519181672737,0.5,0.22548252033904076,0.5053953773360111,0.6016611634952513,0.5,0.22211253701875616,0.5096163665452564,0.6140177690029615,0.22211253701875616,0.5096163665452564,0.6140177690029615,29377,17395,17395,1739500,100.0,100.0,0.6150197386741638,0.6848952770233154,0.45972850918769836,0.8176776766777039,0.870647132396698,0.7195425033569336,0.38288456201553345,0.062429796136999616,0.9132368194432693,17395,2683,17395,0,16.85386605346364,105.50683751888573,mean,geometric_mean,odvg_phrase_grounding,3.5,2.0,4.0,iou,0.25,0.25,2.0,True,False,False,True,True,0.1,0.25,0.05,0.25,128,5,True,True,0.05,10,0.3,10,0.0,0.5,1.0,10,True,5,12,0.0,0.1,3,odvg_appended_phrase,4.0,0.25,20,0.5,0.5,1.0,2.0,True,False
epoch,1785559057.0085359,239,718.673527634237,1.4071878285459966e-05,1.4071878285459966e-05,1.4071878285459966e-05,1.407187828545996e-06,1.4071878285459966e-05,1.2341104745864868,12286,0.7504802346229553,1.0398496389389038,0.4836306869983673,0.005595581140369177,0.2843998372554779,0.026816796511411667,0.018681613728404045,0.07472645491361618,0.030619703233242035,0.030619703233242035,0.07472645491361618,0.018681613728404045,,,,,,,,,,,,,,,,,,,0.30687636137008667,0.1547091007232666,0.06585114232619152,0.6561936208598563,19277,273459,29377,292736,0.5,0.18129829458419852,0.47026585423971135,0.6125880791095074,0.5,0.22612928481465092,0.5073697109984001,0.6018994451441604,0.5,0.22221465772543145,0.5109779759675936,0.6145624127718964,0.22221465772543145,0.5109779759675936,0.6145624127718964,29377,17395,17395,1739500,100.0,100.0,0.6145799160003662,0.6841400265693665,0.4553726017475128,0.8184386491775513,0.8708853721618652,0.7150832414627075,0.3807740807533264,0.05888962060285119,0.9176464819922334,17395,2683,17395,0,16.828743891922965,103.41585081629455,mean,geometric_mean,odvg_phrase_grounding,3.5,2.0,4.0,iou,0.25,0.25,2.0,True,False,False,True,True,0.1,0.25,0.05,0.25,128,5,True,True,0.05,10,0.3,10,0.0,0.5,1.0,10,True,5,12,0.0,0.1,3,odvg_appended_phrase,4.0,0.25,20,0.5,0.5,1.0,2.0,True,False
epoch,1785559797.830259,240,728.2935416125692,1.3781612537103067e-05,1.3781612537103067e-05,1.3781612537103067e-05,1.3781612537103063e-06,1.3781612537103067e-05,1.231270670890808,12286,0.7506781220436096,1.0437110662460327,0.4805915355682373,0.005625742021948099,0.28524643182754517,0.026530761271715164,0.01882908307015896,0.07531633228063583,0.030318748205900192,0.030318748205900192,0.07531633228063583,0.01882908307015896,1.4099782705307007,0.016497477889060974,0.5114859342575073,0.06257020682096481,0.04336928203701973,0.04336928203701973,,,0.10596746951341629,0.026491867378354073,0.0,0.0,0,0.45,True,True,1.0,2.0,1.0,2.0,0.30855804681777954,0.15598545968532562,0.06689583239483961,0.6571467474554924,19305,269278,29377,288583,0.5,0.18187697858869184,0.4704700956530619,0.6131327228784423,0.5,0.22629948599244307,0.5073356707628417,0.6029206522109133,0.5,0.2221465772543146,0.5114545392654117,0.6151070565408313,0.2221465772543146,0.5114545392654117,0.6151070565408313,29377,17395,17395,1739500,100.0,100.0,0.6143362522125244,0.6833803653717041,0.45595768094062805,0.81878262758255,0.8697620630264282,0.7162405848503113,0.3815229535102844,0.05909383739481888,0.9174944304403401,17395,2683,17395,0,16.589997125610807,121.32094853091985,mean,geometric_mean,odvg_phrase_grounding,3.5,2.0,4.0,iou,0.25,0.25,2.0,True,False,False,True,True,0.1,0.25,0.05,0.25,128,5,True,True,0.05,10,0.3,10,0.0,0.5,1.0,10,True,5,12,0.0,0.1,3,odvg_appended_phrase,4.0,0.25,20,0.5,0.5,1.0,2.0,True,False
epoch,1785560524.1041534,241,714.8788387207314,1.3495592696248057e-05,1.3495592696248057e-05,1.3495592696248057e-05,1.3495592696248047e-06,1.3495592696248057e-05,1.2215067148208618,12286,0.7463511824607849,1.042973279953003,0.47515639662742615,0.005537322256714106,0.28147947788238525,0.02718554623425007,0.01877860724925995,0.0751144289970398,0.030738094821572304,0.030738094821572304,0.0751144289970398,0.01877860724925995,,,,,,,,,,,,,,,,,,,0.308662474155426,0.15591800212860107,0.06648554333564603,0.6589168397045307,19357,271789,29377,291146,0.5,0.18133233481975694,0.4718317050753991,0.6116009122783129,0.5,0.2253123191612486,0.507437791469517,0.6006399564284984,0.5,0.2216019334853797,0.5118970623276713,0.61231575722504,0.2216019334853797,0.5118970623276713,0.61231575722504,29377,17395,17395,1739500,100.0,100.0,0.6143881678581238,0.6819301843643188,0.45685094594955444,0.8183419704437256,0.8727235794067383,0.7170916199684143,0.3810804486274719,0.05817478026388356,0.9188739923268857,17395,2683,17395,0,16.737338315607932,103.18461886467412,mean,geometric_mean,odvg_phrase_grounding,3.5,2.0,4.0,iou,0.25,0.25,2.0,True,False,False,True,True,0.1,0.25,0.05,0.25,128,5,True,True,0.05,10,0.3,10,0.0,0.5,1.0,10,True,5,12,0.0,0.1,3,odvg_appended_phrase,4.0,0.25,20,0.5,0.5,1.0,2.0,True,False
epoch,1785561256.8620114,242,720.610954365693,1.3213850128193614e-05,1.3213850128193614e-05,1.3213850128193614e-05,1.321385012819362e-06,1.3213850128193614e-05,1.2138428688049316,12286,0.7449063658714294,1.0410407781600952,0.46893516182899475,0.005562706384807825,0.2822919189929962,0.02662803791463375,0.01856232061982155,0.0742492824792862,0.03040449135005474,0.03040449135005474,0.0742492824792862,0.01856232061982155,,,,,,,,,,,,,,,,,,,0.3070840835571289,0.15522293746471405,0.06702897291737611,0.6566361439221159,19290,268496,29377,287786,0.5,0.18197909929536712,0.47019777376859445,0.6126221193450658,0.5,0.22469959492119684,0.5048847738026347,0.5995506688906287,0.5,0.22163597372093816,0.5106375736120093,0.614528372536338,0.22163597372093816,0.5106375736120093,0.614528372536338,29377,17395,17395,1739500,100.0,100.0,0.6139824390411377,0.6828964352607727,0.4566480815410614,0.8174989223480225,0.8698641657829285,0.7164448499679565,0.3812165856361389,0.059808706045840654,0.916520153577047,17395,2683,17395,0,16.5441793618856,104.26920930109918,mean,geometric_mean,odvg_phrase_grounding,3.5,2.0,4.0,iou,0.25,0.25,2.0,True,False,False,True,True,0.1,0.25,0.05,0.25,128,5,True,True,0.05,10,0.3,10,0.0,0.5,1.0,10,True,5,12,0.0,0.1,3,odvg_appended_phrase,4.0,0.25,20,0.5,0.5,1.0,2.0,True,False
epoch,1785561975.2977397,243,712.1887678341009,1.2936415729187294e-05,1.2936415729187294e-05,1.2936415729187294e-05,1.2936415729187294e-06,1.2936415729187294e-05,1.2091361284255981,12286,0.746872067451477,1.0386000871658325,0.46226319670677185,0.005579059012234211,0.2829846441745758,0.026787882670760155,0.018465036526322365,0.07386014610528946,0.030404336750507355,0.030404336750507355,0.07386014610528946,0.018465036526322365,,,,,,,,,,,,,,,,,,,0.3058237135410309,0.15554770827293396,0.0668825589848655,0.6545256493174932,19228,268261,29377,287489,0.5,0.1807196105797052,0.46835960104843927,0.6113966708649624,0.5,0.224869796098989,0.5046805323892841,0.5993804677128366,0.5,0.2197637607652245,0.5084249583007114,0.6126221193450658,0.2197637607652245,0.5084249583007114,0.6126221193450658,29377,17395,17395,1739500,100.0,100.0,0.6130626201629639,0.6826848387718201,0.45469072461128235,0.8184083104133606,0.8685365915298462,0.714164137840271,0.37931033968925476,0.059638488522777755,0.916491902403371,17395,2683,17395,0,16.527105490083358,103.07532495586202,mean,geometric_mean,odvg_phrase_grounding,3.5,2.0,4.0,iou,0.25,0.25,2.0,True,False,False,True,True,0.1,0.25,0.05,0.25,128,5,True,True,0.05,10,0.3,10,0.0,0.5,1.0,10,True,5,12,0.0,0.1,3,odvg_appended_phrase,4.0,0.25,20,0.5,0.5,1.0,2.0,True,False
epoch,1785562702.069043,244,720.4873455208726,1.2663319923037318e-05,1.2663319923037318e-05,1.2663319923037318e-05,1.2663319923037325e-06,1.2663319923037318e-05,1.1980316638946533,12286,0.7422077059745789,1.0371651649475098,0.4558238685131073,0.00553142698481679,0.28192129731178284,0.02622772566974163,0.018390128389000893,0.07356051355600357,0.03041239269077778,0.03041239269077778,0.07356051355600357,0.018390128389000893,,,,,,,,,,,,,,,,,,,0.30499425530433655,0.15457488596439362,0.06630008935322015,0.6567042243932328,19292,271688,29377,290980,0.5,0.1800388058685366,0.46958504952854274,0.6146985737141301,0.5,0.22357626714776865,0.5062804234605304,0.6041120604554584,0.5,0.22054668618306839,0.51084181502536,0.6159921026653504,0.22054668618306839,0.51084181502536,0.6159921026653504,29377,17395,17395,1739500,100.0,100.0,0.6139044761657715,0.683613657951355,0.45677539706230164,0.8180558085441589,0.8695237636566162,0.7159682512283325,0.3828505277633667,0.05926402683509968,0.9172253424178728,17395,2683,17395,0,16.727795343489507,103.66300853295252,mean,geometric_mean,odvg_phrase_grounding,3.5,2.0,4.0,iou,0.25,0.25,2.0,True,False,False,True,True,0.1,0.25,0.05,0.25,128,5,True,True,0.05,10,0.3,10,0.0,0.5,1.0,10,True,5,12,0.0,0.1,3,odvg_appended_phrase,4.0,0.25,20,0.5,0.5,1.0,2.0,True,False
epoch,1785563437.500568,245,730.1678967028856,1.2394592657776374e-05,1.2394592657776374e-05,1.2394592657776374e-05,1.2394592657776378e-06,1.2394592657776374e-05,1.1913011074066162,12286,0.7419495582580566,1.0361350774765015,0.44935211539268494,0.005510819144546986,0.28049835562705994,0.026872863993048668,0.01835019141435623,0.07340076565742493,0.030453095212578773,0.030453095212578773,0.07340076565742493,0.01835019141435623,1.409102201461792,0.016492469236254692,0.5106001496315002,0.06259051710367203,0.043740931898355484,0.043740931898355484,,,0.10727732628583908,0.02681933157145977,0.0,0.0,0,0.45,True,True,1.0,2.0,1.0,2.0,0.3053942620754242,0.15534523129463196,0.06653132690412017,0.6570786669843756,19303,270831,29377,290134,0.5,0.1785750757395241,0.4692106069374,0.6113285903938456,0.5,0.2240868706811451,0.5055655785138033,0.602818531504238,0.5,0.21925315723184804,0.5095142458385812,0.6138475678251694,0.21925315723184804,0.5095142458385812,0.6138475678251694,29377,17395,17395,1739500,100.0,100.0,0.6141096949577332,0.6846960186958313,0.4575113356113434,0.8181082010269165,0.8668005466461182,0.7185553312301636,0.38400790095329285,0.061476664245788015,0.9144440774789879,17395,2683,17395,0,16.67916067835585,121.6089540887624,mean,geometric_mean,odvg_phrase_grounding,3.5,2.0,4.0,iou,0.25,0.25,2.0,True,False,False,True,True,0.1,0.25,0.05,0.25,128,5,True,True,0.05,10,0.3,10,0.0,0.5,1.0,10,True,5,12,0.0,0.1,3,odvg_appended_phrase,4.0,0.25,20,0.5,0.5,1.0,2.0,True,False
epoch,1785564161.2017553,246,717.4212699397467,1.2130263402377377e-05,1.2130263402377377e-05,1.2130263402377377e-05,1.2130263402377388e-06,1.2130263402377377e-05,1.18234384059906,12286,0.7403192520141602,1.033577561378479,0.44202539324760437,0.005459400359541178,0.28006044030189514,0.0267383623868227,0.018338704481720924,0.0733548179268837,0.030460260808467865,0.030460260808467865,0.0733548179268837,0.018338704481720924,,,,,,,,,,,,,,,,,,,0.3057856857776642,0.15537996590137482,0.06557071181656891,0.6579637131088947,19329,275452,29377,294781,0.5,0.18027708751744562,0.46835960104843927,0.6123838376961569,0.5,0.22500595704122273,0.5052932566293359,0.6014228818463424,0.5,0.22129557136535385,0.5105014126697757,0.61405180923852,0.22129557136535385,0.5105014126697757,0.61405180923852,29377,17395,17395,1739500,100.0,100.0,0.6144536733627319,0.6828922629356384,0.45853638648986816,0.8181217312812805,0.8689451217651367,0.7181128263473511,0.3846206068992615,0.0601491132384564,0.9162400238073978,17395,2683,17395,0,16.9463064098879,103.47484253719449,mean,geometric_mean,odvg_phrase_grounding,3.5,2.0,4.0,iou,0.25,0.25,2.0,True,False,False,True,True,0.1,0.25,0.05,0.25,128,5,True,True,0.05,10,0.3,10,0.0,0.5,1.0,10,True,5,12,0.0,0.1,3,odvg_appended_phrase,4.0,0.25,20,0.5,0.5,1.0,2.0,True,False
epoch,1785564880.5440962,247,712.9401703560725,1.1870361143521887e-05,1.1870361143521887e-05,1.1870361143521887e-05,1.187036114352188e-06,1.1870361143521887e-05,1.1737537384033203,12286,0.7396957874298096,1.0299071073532104,0.43405666947364807,0.005492431111633778,0.2800435721874237,0.0265538077801466,0.01847967691719532,0.07391870766878128,0.030333464965224266,0.030333464965224266,0.07391870766878128,0.01847967691719532,,,,,,,,,,,,,,,,,,,0.30485183000564575,0.15451012551784515,0.06532075394692986,0.6537767641352078,19206,274820,29377,294026,0.5,0.1803792082241209,0.468734043639582,0.6098989005003914,0.5,0.22323586479218435,0.5052932566293359,0.5997208700684209,0.5,0.2208870885386527,0.5100588896075161,0.6114307111005208,0.2208870885386527,0.5100588896075161,0.6114307111005208,29377,17395,17395,1739500,100.0,100.0,0.614016056060791,0.6828078627586365,0.4538748860359192,0.8179280161857605,0.8707492351531982,0.7160704135894775,0.38182932138442993,0.06229364945426974,0.9130062515193057,17395,2683,17395,0,16.90290313308422,104.26743463007733,mean,geometric_mean,odvg_phrase_grounding,3.5,2.0,4.0,iou,0.25,0.25,2.0,True,False,False,True,True,0.1,0.25,0.05,0.25,128,5,True,True,0.05,10,0.3,10,0.0,0.5,1.0,10,True,5,12,0.0,0.1,3,odvg_appended_phrase,4.0,0.25,20,0.5,0.5,1.0,2.0,True,False
epoch,1785565599.2138095,248,712.1621210747398,1.1614914382421411e-05,1.1614914382421411e-05,1.1614914382421411e-05,1.1614914382421425e-06,1.1614914382421411e-05,1.169037103652954,12286,0.7392812371253967,1.0354232788085938,0.42975518107414246,0.005474630743265152,0.2796046733856201,0.026739852502942085,0.01835845597088337,0.07343382388353348,0.03035704977810383,0.03035704977810383,0.07343382388353348,0.01835845597088337,,,,,,,,,,,,,,,,,,,0.30560094118118286,0.15451669692993164,0.06624251497005988,0.6567382646287913,19293,271955,29377,291248,0.5,0.18095789222861422,0.4681893998706471,0.6146645334785716,0.5,0.2239507097389114,0.5037614460292065,0.6027844912686796,0.5,0.22109132995200326,0.510297171256425,0.6161623038431426,0.22109132995200326,0.510297171256425,0.6161623038431426,29377,17395,17395,1739500,100.0,100.0,0.6136136651039124,0.6843432188034058,0.457068532705307,0.8178951740264893,0.8688769936561584,0.7178404927253723,0.3826122581958771,0.06110222809658106,0.9148804940431841,17395,2683,17395,0,16.74320206956022,103.46844967128709,mean,geometric_mean,odvg_phrase_grounding,3.5,2.0,4.0,iou,0.25,0.25,2.0,True,False,False,True,True,0.1,0.25,0.05,0.25,128,5,True,True,0.05,10,0.3,10,0.0,0.5,1.0,10,True,5,12,0.0,0.1,3,odvg_appended_phrase,4.0,0.25,20,0.5,0.5,1.0,2.0,True,False
epoch,1785566312.006225,249,706.5868046088144,1.1363951131691954e-05,1.1363951131691954e-05,1.1363951131691954e-05,1.136395113169195e-06,1.1363951131691954e-05,1.1602433919906616,12286,0.7377278208732605,1.0343643426895142,0.4225151240825653,0.0054554808884859085,0.2787182629108429,0.026763087138533592,0.018561074510216713,0.07424429804086685,0.03034818172454834,0.03034818172454834,0.07424429804086685,0.018561074510216713,,,,,,,,,,,,,,,,,,,0.3073939383029938,0.15506264567375183,0.06668762784012383,0.6570105865132587,19301,270123,29377,289424,0.5,0.1813663750553154,0.4707424175375294,0.6134050447629098,0.5,0.2258910031657419,0.5056336589849202,0.6042822616332505,0.5,0.22333798549885966,0.5121693842121388,0.6148687748919223,0.22333798549885966,0.5121693842121388,0.6148687748919223,29377,17395,17395,1739500,100.0,100.0,0.6145243644714355,0.6829001903533936,0.45957449078559875,0.8175784349441528,0.871770441532135,0.7189297676086426,0.38376960158348083,0.06191918109538386,0.9138731154486146,17395,2683,17395,0,16.638344351825236,102.9342133179307,mean,geometric_mean,odvg_phrase_grounding,3.5,2.0,4.0,iou,0.25,0.25,2.0,True,False,False,True,True,0.1,0.25,0.05,0.25,128,5,True,True,0.05,10,0.3,10,0.0,0.5,1.0,10,True,5,12,0.0,0.1,3,odvg_appended_phrase,4.0,0.25,20,0.5,0.5,1.0,2.0,True,False
epoch,1785567072.2487123,250,754.0424222690053,1.1117498912282034e-05,1.1117498912282034e-05,1.1117498912282034e-05,1.111749891228203e-06,1.1117498912282034e-05,1.150247573852539,12286,0.7365570068359375,1.0297489166259766,0.413690984249115,0.005470398813486099,0.279219388961792,0.026328522711992264,0.018262134864926338,0.07304853945970535,0.030229441821575165,0.030229441821575165,0.07304853945970535,0.018262134864926338,1.4236907958984375,0.01690647564828396,0.5140001773834229,0.06443510204553604,0.04356636479496956,0.04356636479496956,,,0.10521131008863449,0.026302827522158623,0.0,0.0,0,0.45,True,True,1.0,2.0,1.0,2.0,0.30708855390548706,0.15496942400932312,0.06705434031215371,0.6570786669843756,19303,268568,29377,287871,0.5,0.1811621336419648,0.46938080811519217,0.6151751370119481,0.5,0.22514211798345646,0.5086291997140621,0.6058821527044967,0.5,0.2215678932498213,0.5117268611498792,0.6163665452564931,0.2215678932498213,0.5117268611498792,0.6163665452564931,29377,17395,17395,1739500,100.0,100.0,0.6135034561157227,0.6824539303779602,0.45955488085746765,0.8159821033477783,0.869183361530304,0.7169554233551025,0.38274839520454407,0.05987675637072698,0.9164846873038152,17395,2683,17395,0,16.549065823512503,132.42464425833896,mean,geometric_mean,odvg_phrase_grounding,3.5,2.0,4.0,iou,0.25,0.25,2.0,True,False,False,True,True,0.1,0.25,0.05,0.25,128,5,True,True,0.05,10,0.3,10,0.0,0.5,1.0,10,True,5,12,0.0,0.1,3,odvg_appended_phrase,4.0,0.25,20,0.5,0.5,1.0,2.0,True,False
epoch,1785567815.1334414,251,735.1713160090148,1.0875584750454783e-05,1.0875584750454783e-05,1.0875584750454783e-05,1.0875584750454787e-06,1.0875584750454783e-05,1.1433254480361938,12286,0.7363060116767883,1.0308195352554321,0.40701863169670105,0.005462470464408398,0.2795642614364624,0.026097288355231285,0.018434245139360428,0.07373698055744171,0.030130762606859207,0.030130762606859207,0.07373698055744171,0.018434245139360428,,,,,,,,,,,,,,,,,,,0.306987464427948,0.1548260748386383,0.06737604740682834,0.6571807876910508,19306,267235,29377,286541,0.5,0.18123021411308166,0.47002757259080236,0.6138475678251694,0.5,0.224393232801171,0.5068591074650236,0.6056779112911461,0.5,0.22211253701875616,0.5123736256254894,0.6149708955985975,0.22211253701875616,0.5123736256254894,0.6149708955985975,29377,17395,17395,1739500,100.0,100.0,0.6137229204177856,0.6839966773986816,0.46071457862854004,0.8170832395553589,0.8677536845207214,0.7183170318603516,0.3826122581958771,0.061136244169300746,0.9148896079897124,17395,2683,17395,0,16.472607070997412,110.83626029919833,mean,geometric_mean,odvg_phrase_grounding,3.5,2.0,4.0,iou,0.25,0.25,2.0,True,False,False,True,True,0.1,0.25,0.05,0.25,128,5,True,True,0.05,10,0.3,10,0.0,0.5,1.0,10,True,5,12,0.0,0.1,3,odvg_appended_phrase,4.0,0.25,20,0.5,0.5,1.0,2.0,True,False
epoch,1785568542.937829,252,721.3296577162109,1.0638235174824183e-05,1.0638235174824183e-05,1.0638235174824183e-05,1.0638235174824187e-06,1.0638235174824183e-05,1.1336181163787842,12286,0.7356215715408325,1.0262473821640015,0.39799731969833374,0.005451711360365152,0.27958548069000244,0.02597549743950367,0.01821928098797798,0.07287712395191193,0.03018014132976532,0.03018014132976532,0.07287712395191193,0.01821928098797798,,,,,,,,,,,,,,,,,,,0.3068832755088806,0.1548260897397995,0.0671511516930947,0.6586445178200633,19349,268792,29377,288141,0.5,0.18048132893079621,0.469448888586309,0.613268883820676,0.5,0.22347414644109337,0.5068250672294652,0.6042482213976921,0.5,0.221465772543146,0.5114545392654117,0.6153793784252987,0.221465772543146,0.5114545392654117,0.6153793784252987,29377,17395,17395,1739500,100.0,100.0,0.6145497560501099,0.6837310194969177,0.45935267210006714,0.8162714838981628,0.8701364994049072,0.718010663986206,0.3814889192581177,0.059366146166142775,0.9173185731858666,17395,2683,17395,0,16.564587525150905,108.3130911369808,mean,geometric_mean,odvg_phrase_grounding,3.5,2.0,4.0,iou,0.25,0.25,2.0,True,False,False,True,True,0.1,0.25,0.05,0.25,128,5,True,True,0.05,10,0.3,10,0.0,0.5,1.0,10,True,5,12,0.0,0.1,3,odvg_appended_phrase,4.0,0.25,20,0.5,0.5,1.0,2.0,True,False
epoch,1785569269.1415365,253,719.7692781467922,1.0405476213445867e-05,1.0405476213445867e-05,1.0405476213445867e-05,1.0405476213445877e-06,1.0405476213445867e-05,1.1226791143417358,12286,0.7322096824645996,1.0257740020751953,0.3904687762260437,0.0054009039886295795,0.276561975479126,0.026589080691337585,0.018232855945825577,0.07293142378330231,0.030354224145412445,0.030354224145412445,0.07293142378330231,0.018232855945825577,,,,,,,,,,,,,,,,,,,0.3083491027355194,0.15431880950927734,0.06636110825007725,0.6579637131088947,19329,271941,29377,291270,0.5,0.18075365081526365,0.4704360554175035,0.6135752459407019,0.5,0.2242911120944957,0.505225176158219,0.6039078190421078,0.5,0.22265718078769106,0.5116928209143208,0.6149708955985975,0.22265718078769106,0.5116928209143208,0.6149708955985975,29377,17395,17395,1739500,100.0,100.0,0.6148128509521484,0.682623565196991,0.459590882062912,0.8174346089363098,0.8714640736579895,0.7183510661125183,0.3817271888256073,0.060387353003623634,0.9159361545456871,17395,2683,17395,0,16.74446680080483,106.17961764428765,mean,geometric_mean,odvg_phrase_grounding,3.5,2.0,4.0,iou,0.25,0.25,2.0,True,False,False,True,True,0.1,0.25,0.05,0.25,128,5,True,True,0.05,10,0.3,10,0.0,0.5,1.0,10,True,5,12,0.0,0.1,3,odvg_appended_phrase,4.0,0.25,20,0.5,0.5,1.0,2.0,True,False
epoch,1785570002.5661368,254,728.0712491869926,1.0177333390962916e-05,1.0177333390962916e-05,1.0177333390962916e-05,1.017733339096292e-06,1.0177333390962916e-05,1.1150548458099365,12286,0.732932448387146,1.0234103202819824,0.3821224868297577,0.005449600983411074,0.277589350938797,0.026309186592698097,0.01819343864917755,0.0727737545967102,0.030171040445566177,0.030171040445566177,0.0727737545967102,0.01819343864917755,,,,,,,,,,,,,,,,,,,0.30681297183036804,0.15332120656967163,0.06642352357730297,0.6565340232154406,19287,271077,29377,290364,0.5,0.18075365081526365,0.4692106069374,0.6128263607584165,0.5,0.22469959492119684,0.5055996187493618,0.6036014569220819,0.5,0.2222827381965483,0.5107396943186847,0.6138475678251694,0.2222827381965483,0.5107396943186847,0.6138475678251694,29377,17395,17395,1739500,100.0,100.0,0.6139110326766968,0.6824595332145691,0.4574189782142639,0.8171110153198242,0.8701024651527405,0.7169554233551025,0.3816591203212738,0.06042140013966191,0.9157250253343356,17395,2683,17395,0,16.692382868640415,109.1636532661505,mean,geometric_mean,odvg_phrase_grounding,3.5,2.0,4.0,iou,0.25,0.25,2.0,True,False,False,True,True,0.1,0.25,0.05,0.25,128,5,True,True,0.05,10,0.3,10,0.0,0.5,1.0,10,True,5,12,0.0,0.1,3,odvg_appended_phrase,4.0,0.25,20,0.5,0.5,1.0,2.0,True,False
epoch,1785570753.8473434,255,744.8758862609975,9.953831725806748e-06,9.953831725806748e-06,9.953831725806748e-06,9.953831725806752e-07,9.953831725806748e-06,1.106644868850708,12286,0.7322021126747131,1.0230679512023926,0.37444281578063965,0.005444561131298542,0.27737924456596375,0.026303226128220558,0.018284332007169724,0.0731373280286789,0.030064383521676064,0.030064383521676064,0.0731373280286789,0.018284332007169724,1.4223088026046753,0.016711531206965446,0.5157503485679626,0.06336741149425507,0.04328044876456261,0.04328044876456261,,,0.10736121237277985,0.02684030309319496,0.0,0.0,0,0.45,True,True,1.0,2.0,1.0,2.0,0.3075210452079773,0.15437917411327362,0.06668851554144961,0.6580317935800116,19331,270539,29377,289870,0.5,0.17983456445518603,0.4678149572795044,0.6141879701807537,0.5,0.22432515233005412,0.5073016305272833,0.6040439799843415,0.5,0.22085304830309427,0.509582326309698,0.615243217483065,0.22085304830309427,0.509582326309698,0.615243217483065,29377,17395,17395,1739500,100.0,100.0,0.6141664385795593,0.6839830279350281,0.4560854732990265,0.8190934658050537,0.8681281208992004,0.7185893654823303,0.3815229535102844,0.060557571902318696,0.9157271526532106,17395,2683,17395,0,16.663983903420522,131.70453198207542,mean,geometric_mean,odvg_phrase_grounding,3.5,2.0,4.0,iou,0.25,0.25,2.0,True,False,False,True,True,0.1,0.25,0.05,0.25,128,5,True,True,0.05,10,0.3,10,0.0,0.5,1.0,10,True,5,12,0.0,0.1,3,odvg_appended_phrase,4.0,0.25,20,0.5,0.5,1.0,2.0,True,False
epoch,1785571477.910224,256,718.7729571592063,9.734995727453586e-06,9.734995727453586e-06,9.734995727453586e-06,9.734995727453583e-07,9.734995727453586e-06,1.0976485013961792,12286,0.7293504476547241,1.0272465944290161,0.3682970404624939,0.0054222471080720425,0.2769331634044647,0.02584267035126686,0.01807653158903122,0.07230612635612488,0.030148152261972427,0.030148152261972427,0.07230612635612488,0.01807653158903122,,,,,,,,,,,,,,,,,,,0.30750715732574463,0.15425816178321838,0.0669802595801134,0.6582360349933621,19337,269360,29377,288697,0.5,0.1799026449263029,0.47050413588862033,0.6146304932430132,0.5,0.2254484801034823,0.5071314293494911,0.6048949858733023,0.5,0.221465772543146,0.5102290907853082,0.6160601831364673,0.221465772543146,0.5102290907853082,0.6160601831364673,29377,17395,17395,1739500,100.0,100.0,0.6143884658813477,0.6846001148223877,0.45536577701568604,0.8192778825759888,0.8683323860168457,0.7171937227249146,0.38431426882743835,0.05895768773155241,0.9177939155580617,17395,2683,17395,0,16.596550732969245,104.46017300570384,mean,geometric_mean,odvg_phrase_grounding,3.5,2.0,4.0,iou,0.25,0.25,2.0,True,False,False,True,True,0.1,0.25,0.05,0.25,128,5,True,True,0.05,10,0.3,10,0.0,0.5,1.0,10,True,5,12,0.0,0.1,3,odvg_appended_phrase,4.0,0.25,20,0.5,0.5,1.0,2.0,True,False
epoch,1785572203.7463608,257,719.3413004139438,9.520849393736692e-06,9.520849393736692e-06,9.520849393736692e-06,9.520849393736689e-07,9.520849393736692e-06,1.0890140533447266,12286,0.7291231751441956,1.025395154953003,0.35989049077033997,0.005366430152207613,0.27571535110473633,0.02642633393406868,0.018132636323571205,0.07253054529428482,0.03013118915259838,0.03013118915259838,0.07253054529428482,0.018132636323571205,,,,,,,,,,,,,,,,,,,0.3090188801288605,0.15550468862056732,0.06729489172178738,0.6573169486332845,19310,267636,29377,286946,0.5,0.18034516798856248,0.4700616128263608,0.6122136365183647,0.5,0.22585696293018348,0.5082887973584778,0.6050311468155359,0.5,0.22173809442761344,0.5115907002076454,0.6150049358341559,0.22173809442761344,0.5115907002076454,0.6150049358341559,29377,17395,17395,1739500,100.0,100.0,0.6147144436836243,0.6853984594345093,0.45665523409843445,0.818773627281189,0.8687748908996582,0.7182829976081848,0.3843483030796051,0.06096604897490032,0.9151225224905621,17395,2683,17395,0,16.495889623455017,104.46199510199949,mean,geometric_mean,odvg_phrase_grounding,3.5,2.0,4.0,iou,0.25,0.25,2.0,True,False,False,True,True,0.1,0.25,0.05,0.25,128,5,True,True,0.05,10,0.3,10,0.0,0.5,1.0,10,True,5,12,0.0,0.1,3,odvg_appended_phrase,4.0,0.25,20,0.5,0.5,1.0,2.0,True,False
epoch,1785572931.2136405,258,715.9196402411908,9.311416208214804e-06,9.311416208214804e-06,9.311416208214804e-06,9.311416208214814e-07,9.311416208214804e-06,1.081085205078125,12286,0.7275397181510925,1.0296591520309448,0.35354503989219666,0.005337418522685766,0.27567988634109497,0.026124712079763412,0.018043816089630127,0.07217526435852051,0.030025461688637733,0.030025461688637733,0.07217526435852051,0.018043816089630127,,,,,,,,,,,,,,,,,,,0.3079161047935486,0.15581950545310974,0.06783668177045529,0.655376655206454,19253,264561,29377,283814,0.5,0.17963032304183546,0.4695169690574259,0.6120434353405726,0.5,0.22493787657010586,0.5071995098206079,0.6042482213976921,0.5,0.2205807264186268,0.5129523096299826,0.6135071654695851,0.2205807264186268,0.5129523096299826,0.6135071654695851,29377,17395,17395,1739500,100.0,100.0,0.6145333051681519,0.6858887076377869,0.456756055355072,0.8190425038337708,0.8691493272781372,0.716376781463623,0.38370153307914734,0.061000126257168996,0.9148491019871692,17395,2683,17395,0,16.315837884449554,103.0946839870885,mean,geometric_mean,odvg_phrase_grounding,3.5,2.0,4.0,iou,0.25,0.25,2.0,True,False,False,True,True,0.1,0.25,0.05,0.25,128,5,True,True,0.05,10,0.3,10,0.0,0.5,1.0,10,True,5,12,0.0,0.1,3,odvg_appended_phrase,4.0,0.25,20,0.5,0.5,1.0,2.0,True,False
epoch,1785573647.0496635,259,709.5383504163474,9.10671913759678e-06,9.10671913759678e-06,9.10671913759678e-06,9.106719137596773e-07,9.10671913759678e-06,1.0715502500534058,12286,0.7267084121704102,1.0272611379623413,0.34484395384788513,0.005347583442926407,0.2751927673816681,0.026156168431043625,0.018102603033185005,0.07241041213274002,0.030021125450730324,0.030021125450730324,0.07241041213274002,0.018102603033185005,,,,,,,,,,,,,,,,,,,0.3064366579055786,0.15510055422782898,0.06703883325773699,0.6540490860196753,19214,267396,29377,286610,0.5,0.1794601218640433,0.46791707798617965,0.6100350614426252,0.5,0.22490383633454744,0.5070633488783742,0.6026142900908874,0.5,0.22054668618306839,0.5099567689008407,0.6126221193450658,0.22054668618306839,0.5099567689008407,0.6126221193450658,29377,17395,17395,1739500,100.0,100.0,0.61403888463974,0.6849024295806885,0.45414113998413086,0.8184986710548401,0.869796097278595,0.7140960693359375,0.38506314158439636,0.06004698331626224,0.9159118977197256,17395,2683,17395,0,16.476573728082784,104.10353722795844,mean,geometric_mean,odvg_phrase_grounding,3.5,2.0,4.0,iou,0.25,0.25,2.0,True,False,False,True,True,0.1,0.25,0.05,0.25,128,5,True,True,0.05,10,0.3,10,0.0,0.5,1.0,10,True,5,12,0.0,0.1,3,odvg_appended_phrase,4.0,0.25,20,0.5,0.5,1.0,2.0,True,False
epoch,1785574374.1114504,260,719.7648703018203,8.90678062922314e-06,8.90678062922314e-06,8.90678062922314e-06,8.906780629223147e-07,8.90678062922314e-06,1.0611929893493652,12286,0.7243679165840149,1.0269548892974854,0.33682405948638916,0.005359139293432236,0.2756705582141876,0.02541821263730526,0.018070373684167862,0.07228149473667145,0.029811063781380653,0.029811063781380653,0.07228149473667145,0.018070373684167862,1.4353649616241455,0.016911378130316734,0.5174782872200012,0.06560482084751129,0.0433349609375,0.0433349609375,,,0.10770557820796967,0.026926394551992416,0.0,0.0,0,0.45,True,True,1.0,2.0,1.0,2.0,0.30754005908966064,0.15583139657974243,0.06778385216964163,0.6529257582462471,19181,263792,29377,282973,0.5,0.18048132893079621,0.4684276815195561,0.6126561595806242,0.5,0.2258910031657419,0.5075058719406338,0.6026142900908874,0.5,0.22252101984545733,0.5104673724342172,0.6142220104163121,0.22252101984545733,0.5104673724342172,0.6142220104163121,29377,17395,17395,1739500,100.0,100.0,0.6146140694618225,0.685835599899292,0.45395368337631226,0.818571150302887,0.871396005153656,0.714300274848938,0.3852333426475525,0.06137451660269089,0.914077428269686,17395,2683,17395,0,16.267490658235126,121.40946559794247,mean,geometric_mean,odvg_phrase_grounding,3.5,2.0,4.0,iou,0.25,0.25,2.0,True,False,False,True,True,0.1,0.25,0.05,0.25,128,5,True,True,0.05,10,0.3,10,0.0,0.5,1.0,10,True,5,12,0.0,0.1,3,odvg_appended_phrase,4.0,0.25,20,0.5,0.5,1.0,2.0,True,False
epoch,1785575080.9529357,261,700.5196162662469,8.711622608604435e-06,8.711622608604435e-06,8.711622608604435e-06,8.711622608604441e-07,8.711622608604435e-06,1.052614450454712,12286,0.7234215140342712,1.0279327630996704,0.3291934132575989,0.005367027595639229,0.27553680539131165,0.02534169889986515,0.017845703288912773,0.07138281315565109,0.02972508780658245,0.02972508780658245,0.07138281315565109,0.017845703288912773,,,,,,,,,,,,,,,,,,,0.3082779347896576,0.15595516562461853,0.0682378694944527,0.6536406031929741,19202,262196,29377,281398,0.5,0.17973244374851075,0.4695169690574259,0.6125880791095074,0.5,0.2254144398679239,0.5076420328828676,0.6057800319978214,0.5,0.22098920924532797,0.5123395853899309,0.6135752459407019,0.22098920924532797,0.5123395853899309,0.6135752459407019,29377,17395,17395,1739500,100.0,100.0,0.6146355867385864,0.6854519248008728,0.45664897561073303,0.8177773952484131,0.8698982000350952,0.717125654220581,0.3835313320159912,0.06348505102760693,0.9114729048473288,17395,2683,17395,0,16.176947398677783,102.7329620923847,mean,geometric_mean,odvg_phrase_grounding,3.5,2.0,4.0,iou,0.25,0.25,2.0,True,False,False,True,True,0.1,0.25,0.05,0.25,128,5,True,True,0.05,10,0.3,10,0.0,0.5,1.0,10,True,5,12,0.0,0.1,3,odvg_appended_phrase,4.0,0.25,20,0.5,0.5,1.0,2.0,True,False
epoch,1785575789.6576722,262,702.2317780982703,8.521266477016853e-06,8.521266477016853e-06,8.521266477016853e-06,8.52126647701686e-07,8.521266477016853e-06,1.0427556037902832,12286,0.7217122316360474,1.027336597442627,0.32104212045669556,0.00535262655466795,0.2743212878704071,0.025515638291835785,0.017808187752962112,0.07123275101184845,0.029777951538562775,0.029777951538562775,0.07123275101184845,0.017808187752962112,,,,,,,,,,,,,,,,,,,0.30954116582870483,0.15676537156105042,0.06890648559016399,0.6549341321441945,19240,259979,29377,279219,0.5,0.1795622425707186,0.46890424481737414,0.6144943323007795,0.5,0.22446131327228785,0.508152636416244,0.6058821527044967,0.5,0.22051264594750997,0.5104673724342172,0.6161282636075842,0.22051264594750997,0.5104673724342172,0.6161282636075842,29377,17395,17395,1739500,100.0,100.0,0.6152138113975525,0.6863400936126709,0.45669108629226685,0.8194472193717957,0.8712257742881775,0.716138482093811,0.3847227394580841,0.06120434994961654,0.9145355940506503,17395,2683,17395,0,16.051681517677494,103.6892863297835,mean,geometric_mean,odvg_phrase_grounding,3.5,2.0,4.0,iou,0.25,0.25,2.0,True,False,False,True,True,0.1,0.25,0.05,0.25,128,5,True,True,0.05,10,0.3,10,0.0,0.5,1.0,10,True,5,12,0.0,0.1,3,odvg_appended_phrase,4.0,0.25,20,0.5,0.5,1.0,2.0,True,False
epoch,1785576518.8969812,263,716.0454989569262,8.335733109155353e-06,8.335733109155353e-06,8.335733109155353e-06,8.335733109155366e-07,8.335733109155353e-06,1.0332882404327393,12286,0.7213265299797058,1.0236575603485107,0.3119615316390991,0.005315354559570551,0.2731383442878723,0.025934681296348572,0.018018312752246857,0.07207325100898743,0.029959702864289284,0.029959702864289284,0.07207325100898743,0.018018312752246857,,,,,,,,,,,,,,,,,,,0.3079775273799896,0.15565620362758636,0.06779177108777718,0.6546958504952854,19233,264474,29377,283707,0.5,0.17963032304183546,0.4696531299996596,0.6131327228784423,0.5,0.2236103073833271,0.5052592163937775,0.6024440889130953,0.5,0.22085304830309427,0.5120332232699051,0.6151410967763897,0.22085304830309427,0.5120332232699051,0.6151410967763897,29377,17395,17395,1739500,100.0,100.0,0.6141076683998108,0.6842241883277893,0.45277661085128784,0.8181724548339844,0.8709875345230103,0.7121557593345642,0.38288456201553345,0.05745990883927876,0.9193155316289668,17395,2683,17395,0,16.30968669157804,107.0053027253598,mean,geometric_mean,odvg_phrase_grounding,3.5,2.0,4.0,iou,0.25,0.25,2.0,True,False,False,True,True,0.1,0.25,0.05,0.25,128,5,True,True,0.05,10,0.3,10,0.0,0.5,1.0,10,True,5,12,0.0,0.1,3,odvg_appended_phrase,4.0,0.25,20,0.5,0.5,1.0,2.0,True,False
epoch,1785577248.407952,264,723.1441424437799,8.155042850844488e-06,8.155042850844488e-06,8.155042850844488e-06,8.155042850844494e-07,8.155042850844488e-06,1.0253520011901855,12286,0.7216323614120483,1.0225692987442017,0.3037196695804596,0.005336405709385872,0.27376994490623474,0.025738433003425598,0.01788015104830265,0.0715206041932106,0.029881393536925316,0.029881393536925316,0.0715206041932106,0.01788015104830265,,,,,,,,,,,,,,,,,,,0.30812492966651917,0.15529225766658783,0.06740158035840271,0.6504067808149232,19107,264373,29377,283480,0.5,0.18031112775300406,0.4651257786703884,0.6108520270960275,0.5,0.2249719168056643,0.5039316472069987,0.5997549103039793,0.5,0.22255506008101575,0.5068931477005821,0.6132348435851176,0.22255506008101575,0.5068931477005821,0.6132348435851176,29377,17395,17395,1739500,100.0,100.0,0.613163411617279,0.6824455261230469,0.4524153769016266,0.8179035782814026,0.8692173957824707,0.7114068865776062,0.38424617052078247,0.061000105762683,0.9142542658588271,17395,2683,17395,0,16.296636964645014,111.29360636603087,mean,geometric_mean,odvg_phrase_grounding,3.5,2.0,4.0,iou,0.25,0.25,2.0,True,False,False,True,True,0.1,0.25,0.05,0.25,128,5,True,True,0.05,10,0.3,10,0.0,0.5,1.0,10,True,5,12,0.0,0.1,3,odvg_appended_phrase,4.0,0.25,20,0.5,0.5,1.0,2.0,True,False
epoch,1785577983.114676,265,729.4560001567006,7.97921551680728e-06,7.97921551680728e-06,7.97921551680728e-06,7.979215516807294e-07,7.97921551680728e-06,1.0163527727127075,12286,0.720637321472168,1.0221456289291382,0.29571428894996643,0.005343394819647074,0.27354395389556885,0.02564794011414051,0.0177715253084898,0.0710861012339592,0.0297966580837965,0.0297966580837965,0.0710861012339592,0.0177715253084898,1.436570167541504,0.01686428301036358,0.5181582570075989,0.06560863554477692,0.04344802349805832,0.04344802349805832,,,0.10739674419164658,0.026849186047911644,0.0,0.0,0,0.45,True,True,1.0,2.0,1.0,2.0,0.30875614285469055,0.1552540808916092,0.06779343254438498,0.6523811144773122,19165,263532,29377,282697,0.5,0.18044728869523777,0.46754263539503693,0.6105116247404432,0.5,0.22650372740579364,0.505225176158219,0.6014228818463424,0.5,0.22241889913878204,0.5092419239541137,0.6127582802872996,0.22241889913878204,0.5092419239541137,0.6127582802872996,29377,17395,17395,1739500,100.0,100.0,0.6133571267127991,0.6838034391403198,0.4539003074169159,0.8168938159942627,0.869796097278595,0.7131088972091675,0.38288456201553345,0.060727782731855307,0.9148408006553832,17395,2683,17395,0,16.251624029893648,125.44588577514514,mean,geometric_mean,odvg_phrase_grounding,3.5,2.0,4.0,iou,0.25,0.25,2.0,True,False,False,True,True,0.1,0.25,0.05,0.25,128,5,True,True,0.05,10,0.3,10,0.0,0.5,1.0,10,True,5,12,0.0,0.1,3,odvg_appended_phrase,4.0,0.25,20,0.5,0.5,1.0,2.0,True,False
epoch,1785578713.866407,266,724.402800553944,7.808270388492294e-06,7.808270388492294e-06,7.808270388492294e-06,7.808270388492304e-07,7.808270388492294e-06,1.0087769031524658,12286,0.7206755876541138,1.0229454040527344,0.288100928068161,0.005348957609385252,0.2740255892276764,0.025424335151910782,0.017863236367702484,0.07145294547080994,0.029768580570816994,0.029768580570816994,0.07145294547080994,0.017863236367702484,,,,,,,,,,,,,,,,,,,0.30819281935691833,0.15510040521621704,0.06773244029258835,0.6540490860196753,19214,264461,29377,283675,0.5,0.17952820233516015,0.4674064744528032,0.6127242400517412,0.5,0.2247336351567553,0.5063485039316472,0.6038056983354325,0.5,0.2211253701875617,0.5094802056030228,0.6146985737141301,0.2211253701875617,0.5094802056030228,0.6146985737141301,29377,17395,17395,1739500,100.0,100.0,0.613318145275116,0.6849029064178467,0.45335623621940613,0.817646324634552,0.870544970035553,0.7147088050842285,0.3847908079624176,0.06065971906455325,0.9151266660868904,17395,2683,17395,0,16.30784708249497,106.94126103306189,mean,geometric_mean,odvg_phrase_grounding,3.5,2.0,4.0,iou,0.25,0.25,2.0,True,False,False,True,True,0.1,0.25,0.05,0.25,128,5,True,True,0.05,10,0.3,10,0.0,0.5,1.0,10,True,5,12,0.0,0.1,3,odvg_appended_phrase,4.0,0.25,20,0.5,0.5,1.0,2.0,True,False
epoch,1785579450.1888955,267,729.8394006039016,7.642226211959232e-06,7.642226211959232e-06,7.642226211959232e-06,7.642226211959221e-07,7.642226211959232e-06,0.9992339611053467,12286,0.7186858654022217,1.0238184928894043,0.28054898977279663,0.005290025845170021,0.2722216248512268,0.025838231667876244,0.01779440976679325,0.071177639067173,0.02987941913306713,0.02987941913306713,0.071177639067173,0.01779440976679325,,,,,,,,,,,,,,,,,,,0.3084871768951416,0.1552797555923462,0.06799078139028511,0.6547639309664023,19235,263671,29377,282906,0.5,0.17949416209960173,0.46791707798617965,0.6117030329849883,0.5,0.2254144398679239,0.5055996187493618,0.6028525717397965,0.5,0.22163597372093816,0.5083568778295946,0.6137454471184941,0.22163597372093816,0.5083568778295946,0.6137454471184941,29377,17395,17395,1739500,100.0,100.0,0.6134299039840698,0.684619128704071,0.4530196487903595,0.8179765343666077,0.8686387538909912,0.7135854363441467,0.38363346457481384,0.05882150537774444,0.9175690780923167,17395,2683,17395,0,16.26363897671745,112.26716870395467,mean,geometric_mean,odvg_phrase_grounding,3.5,2.0,4.0,iou,0.25,0.25,2.0,True,False,False,True,True,0.1,0.25,0.05,0.25,128,5,True,True,0.05,10,0.3,10,0.0,0.5,1.0,10,True,5,12,0.0,0.1,3,odvg_appended_phrase,4.0,0.25,20,0.5,0.5,1.0,2.0,True,False
epoch,1785580176.72556,268,720.0038206228055,7.481101195823156e-06,7.481101195823156e-06,7.481101195823156e-06,7.48110119582317e-07,7.481101195823156e-06,0.993116557598114,12286,0.7194349765777588,1.0270581245422363,0.27368175983428955,0.005301100667566061,0.273666650056839,0.025349171832203865,0.01774962805211544,0.07099851220846176,0.02982512302696705,0.02982512302696705,0.07099851220846176,0.01774962805211544,,,,,,,,,,,,,,,,,,,0.30879098176956177,0.1556558758020401,0.06730163617786611,0.6547298907308439,19234,266554,29377,285788,0.5,0.18085577152193894,0.4680532389284134,0.6122136365183647,0.5,0.22469959492119684,0.5073016305272833,0.6036695373931987,0.5,0.2232699050277428,0.5101610103141914,0.6138135275896109,0.2232699050277428,0.5101610103141914,0.6138135275896109,29377,17395,17395,1739500,100.0,100.0,0.6128154993057251,0.6831563711166382,0.451877236366272,0.8180635571479797,0.8677196502685547,0.7140960693359375,0.3821016550064087,0.059366178605093634,0.9168652774404706,17395,2683,17395,0,16.429318769761426,105.42197243589908,mean,geometric_mean,odvg_phrase_grounding,3.5,2.0,4.0,iou,0.25,0.25,2.0,True,False,False,True,True,0.1,0.25,0.05,0.25,128,5,True,True,0.05,10,0.3,10,0.0,0.5,1.0,10,True,5,12,0.0,0.1,3,odvg_appended_phrase,4.0,0.25,20,0.5,0.5,1.0,2.0,True,False
epoch,1785580913.5246475,269,731.8140724981204,7.3249130092578775e-06,7.3249130092578775e-06,7.3249130092578775e-06,7.324913009257888e-07,7.3249130092578775e-06,0.9811282157897949,12286,0.7159721255302429,1.0237677097320557,0.265155166387558,0.005254373420029879,0.2729395031929016,0.02493230625987053,0.017665773630142212,0.07066309452056885,0.029729967936873436,0.029729967936873436,0.07066309452056885,0.017665773630142212,,,,,,,,,,,,,,,,,,,0.3080909848213196,0.1556420624256134,0.06766171962366255,0.6528917180106887,19180,264289,29377,283469,0.5,0.17942608162848486,0.4677468768083875,0.6116349525138713,0.5,0.22378050856111925,0.5053613371004527,0.604009939748783,0.5,0.22095516900976955,0.5091738434829969,0.6127582802872996,0.22095516900976955,0.5091738434829969,0.6127582802872996,29377,17395,17395,1739500,100.0,100.0,0.6130714416503906,0.6832745671272278,0.4521399736404419,0.8187670111656189,0.8684685230255127,0.713040828704834,0.38312286138534546,0.0601491106941453,0.9156442264275385,17395,2683,17395,0,16.29600459902271,110.58703557681292,mean,geometric_mean,odvg_phrase_grounding,3.5,2.0,4.0,iou,0.25,0.25,2.0,True,False,False,True,True,0.1,0.25,0.05,0.25,128,5,True,True,0.05,10,0.3,10,0.0,0.5,1.0,10,True,5,12,0.0,0.1,3,odvg_appended_phrase,4.0,0.25,20,0.5,0.5,1.0,2.0,True,False
epoch,1785581664.5148737,270,744.482014213223,7.173678780058074e-06,7.173678780058074e-06,7.173678780058074e-06,7.173678780058071e-07,7.173678780058074e-06,0.9705492258071899,12286,0.7132508754730225,1.0225727558135986,0.2572990655899048,0.005200649611651897,0.2704685628414154,0.025515494868159294,0.0176860298961401,0.0707441195845604,0.029707932844758034,0.029707932844758034,0.0707441195845604,0.0176860298961401,1.4513046741485596,0.017063617706298828,0.5208963751792908,0.06753223389387131,0.04405790939927101,0.04405790939927101,,,0.10854868590831757,0.02713717147707939,0.0,0.0,0,0.45,True,True,1.0,2.0,1.0,2.0,0.30703070759773254,0.1546892374753952,0.06788740694458743,0.6509514245838581,19123,262564,29377,281687,0.5,0.17939204139292644,0.46699799162610206,0.6084011301358205,0.5,0.22309970384995065,0.5054974980426865,0.6017292439663683,0.5,0.22119345065867857,0.5093440446607891,0.6102393028559757,0.22119345065867857,0.5093440446607891,0.6102393028559757,29377,17395,17395,1739500,100.0,100.0,0.6123567223548889,0.6809573173522949,0.45296329259872437,0.817573606967926,0.8682643175125122,0.7118493914604187,0.37931033968925476,0.06089796687656057,0.9144510515747954,17395,2683,17395,0,16.193561368209256,132.64248366421089,mean,geometric_mean,odvg_phrase_grounding,3.5,2.0,4.0,iou,0.25,0.25,2.0,True,False,False,True,True,0.1,0.25,0.05,0.25,128,5,True,True,0.05,10,0.3,10,0.0,0.5,1.0,10,True,5,12,0.0,0.1,3,odvg_appended_phrase,4.0,0.25,20,0.5,0.5,1.0,2.0,True,False
epoch,1785582400.3815947,271,729.2732424358837,7.0274150927612556e-06,7.0274150927612556e-06,7.0274150927612556e-06,7.027415092761249e-07,7.0274150927612556e-06,0.9655773043632507,12286,0.7151378393173218,1.0249544382095337,0.25043976306915283,0.005216340068727732,0.2701205909252167,0.026001593098044395,0.017908142879605293,0.07163257151842117,0.02992035448551178,0.02992035448551178,0.07163257151842117,0.017908142879605293,,,,,,,,,,,,,,,,,,,0.30734556913375854,0.15489432215690613,0.06748455452937986,0.6521768730639615,19159,264743,29377,283902,0.5,0.1794601218640433,0.4674405146883616,0.6096606188514825,0.5,0.2238485890322361,0.504748612860401,0.6014228818463424,0.5,0.22143173230758756,0.5096163665452564,0.6115668720427545,0.22143173230758756,0.5096163665452564,0.6115668720427545,29377,17395,17395,1739500,100.0,100.0,0.6126184463500977,0.6840551495552063,0.4501970112323761,0.8179823160171509,0.8671409487724304,0.71355140209198,0.3825441598892212,0.06137452902801843,0.9139872350498066,17395,2683,17395,0,16.320896809427996,110.96328914305195,mean,geometric_mean,odvg_phrase_grounding,3.5,2.0,4.0,iou,0.25,0.25,2.0,True,False,False,True,True,0.1,0.25,0.05,0.25,128,5,True,True,0.05,10,0.3,10,0.0,0.5,1.0,10,True,5,12,0.0,0.1,3,odvg_appended_phrase,4.0,0.25,20,0.5,0.5,1.0,2.0,True,False
epoch,1785583127.6415029,272,722.3566852002405,6.886137986828969e-06,6.886137986828969e-06,6.886137986828969e-06,6.886137986828982e-07,6.886137986828969e-06,0.9579548239707947,12286,0.7152431011199951,1.0233078002929688,0.24271050095558167,0.005234312266111374,0.27122753858566284,0.025576220825314522,0.017699096351861954,0.07079638540744781,0.02980831451714039,0.02980831451714039,0.07079638540744781,0.017699096351861954,,,,,,,,,,,,,,,,,,,0.30802643299102783,0.15454375743865967,0.06782419199637743,0.6526193961262212,19172,263500,29377,282672,0.5,0.18034516798856248,0.4663512271504919,0.6110562685093781,0.5,0.2241889913878204,0.5044422507403751,0.6004697552507063,0.5,0.2215678932498213,0.5095142458385812,0.6117711134561051,0.2215678932498213,0.5095142458385812,0.6117711134561051,29377,17395,17395,1739500,100.0,100.0,0.6132105588912964,0.6833427548408508,0.4533880650997162,0.8171635270118713,0.868808925151825,0.7151172757148743,0.3830207288265228,0.06249787958865305,0.9126047129456124,17395,2683,17395,0,16.250186835297498,106.54371810425073,mean,geometric_mean,odvg_phrase_grounding,3.5,2.0,4.0,iou,0.25,0.25,2.0,True,False,False,True,True,0.1,0.25,0.05,0.25,128,5,True,True,0.05,10,0.3,10,0.0,0.5,1.0,10,True,5,12,0.0,0.1,3,odvg_appended_phrase,4.0,0.25,20,0.5,0.5,1.0,2.0,True,False
epoch,1785583861.0966845,273,726.953159860801,6.74986295488794e-06,6.74986295488794e-06,6.74986295488794e-06,6.749862954887933e-07,6.74986295488794e-06,0.9512935876846313,12286,0.7160052061080933,1.0223212242126465,0.23528829216957092,0.005256274715065956,0.2719062864780426,0.02548651397228241,0.017702922224998474,0.0708116888999939,0.029660645872354507,0.029660645872354507,0.0708116888999939,0.017702922224998474,,,,,,,,,,,,,,,,,,,0.30789855122566223,0.15485985577106476,0.06784758533394918,0.6550362528508697,19243,264378,29377,283621,0.5,0.17973244374851075,0.4683936412839977,0.61231575722504,0.5,0.22347414644109337,0.5077781938251013,0.6050992272866528,0.5,0.22136365183647072,0.5108077747898015,0.6141198897096368,0.22136365183647072,0.5108077747898015,0.6141198897096368,29377,17395,17395,1739500,100.0,100.0,0.613749086856842,0.6842823028564453,0.4553726017475128,0.8180980682373047,0.870034396648407,0.7183510661125183,0.3846546709537506,0.06331481326164856,0.9118609044400983,17395,2683,17395,0,16.30474274216729,109.35924261622131,mean,geometric_mean,odvg_phrase_grounding,3.5,2.0,4.0,iou,0.25,0.25,2.0,True,False,False,True,True,0.1,0.25,0.05,0.25,128,5,True,True,0.05,10,0.3,10,0.0,0.5,1.0,10,True,5,12,0.0,0.1,3,odvg_appended_phrase,4.0,0.25,20,0.5,0.5,1.0,2.0,True,False
epoch,1785584589.617973,274,722.0448185168207,6.618604941031089e-06,6.618604941031089e-06,6.618604941031089e-06,6.618604941031089e-07,6.618604941031089e-06,0.9403316378593445,12286,0.7120981812477112,1.0222811698913574,0.2282341718673706,0.005217335652559996,0.2694195806980133,0.025671597570180893,0.017868241295218468,0.07147296518087387,0.029797742143273354,0.029797742143273354,0.07147296518087387,0.017868241295218468,,,,,,,,,,,,,,,,,,,0.30916425585746765,0.15578235685825348,0.06773807849205232,0.6556830173264799,19262,265098,29377,284360,0.5,0.18112809340640637,0.4704360554175035,0.6120093951050142,0.5,0.22524423869013174,0.5098546481941655,0.6046567042243932,0.5,0.22184021513428873,0.513054430336658,0.6142560506518705,0.22184021513428873,0.513054430336658,0.6142560506518705,29377,17395,17395,1739500,100.0,100.0,0.6145307421684265,0.6853984594345093,0.45684814453125,0.8183419704437256,0.8700684309005737,0.7184191942214966,0.38349729776382446,0.06273617689501665,0.9126746927147461,17395,2683,17395,0,16.347226214429433,109.2886669547297,mean,geometric_mean,odvg_phrase_grounding,3.5,2.0,4.0,iou,0.25,0.25,2.0,True,False,False,True,True,0.1,0.25,0.05,0.25,128,5,True,True,0.05,10,0.3,10,0.0,0.5,1.0,10,True,5,12,0.0,0.1,3,odvg_appended_phrase,4.0,0.25,20,0.5,0.5,1.0,2.0,True,False
epoch,1785585339.8777218,275,744.9147491338663,6.492378339178784e-06,6.492378339178784e-06,6.492378339178784e-06,6.492378339178788e-07,6.492378339178784e-06,0.9351440072059631,12286,0.7137845754623413,1.0223380327224731,0.22135818004608154,0.00523395836353302,0.2715797424316406,0.025086065754294395,0.017688801512122154,0.07075520604848862,0.029708396643400192,0.029708396643400192,0.07075520604848862,0.017688801512122154,1.4555227756500244,0.01719876565039158,0.5206586718559265,0.06886795163154602,0.04360845312476158,0.04360845312476158,,,0.1060997024178505,0.026524925604462624,0.0,0.0,0,0.45,True,True,1.0,2.0,1.0,2.0,0.3077099025249481,0.15461213886737823,0.06780612100849827,0.6540150457841168,19213,264139,29377,283352,0.5,0.18088981175749735,0.4683936412839977,0.6119072743983388,0.5,0.22524423869013174,0.5079483950028935,0.605984273411172,0.5,0.22197637607652246,0.5106716138475679,0.6135412057051435,0.22197637607652246,0.5106716138475679,0.6135412057051435,29377,17395,17395,1739500,100.0,100.0,0.6139422655105591,0.6843422651290894,0.4572957754135132,0.8181398510932922,0.8695918321609497,0.7174660563468933,0.3823399245738983,0.06345101056277647,0.9115623519726513,17395,2683,17395,0,16.289278528312735,126.33607275877148,mean,geometric_mean,odvg_phrase_grounding,3.5,2.0,4.0,iou,0.25,0.25,2.0,True,False,False,True,True,0.1,0.25,0.05,0.25,128,5,True,True,0.05,10,0.3,10,0.0,0.5,1.0,10,True,5,12,0.0,0.1,3,odvg_appended_phrase,4.0,0.25,20,0.5,0.5,1.0,2.0,True,False
epoch,1785586082.6702583,276,736.3154520899989,6.371196991500352e-06,6.371196991500352e-06,6.371196991500352e-06,6.371196991500356e-07,6.371196991500352e-06,0.9285785555839539,12286,0.7141124606132507,1.0215308666229248,0.21446733176708221,0.005267411936074495,0.2718614339828491,0.025093045085668564,0.017681574448943138,0.07072629779577255,0.029543492943048477,0.029543492943048477,0.07072629779577255,0.017681574448943138,,,,,,,,,,,,,,,,,,,0.3073330521583557,0.15485423803329468,0.0679319584567635,0.6541512067263505,19217,263669,29377,282886,0.5,0.17949416209960173,0.4695510092929843,0.6129284814650917,0.5,0.2242911120944957,0.50910576301188,0.6049290261088607,0.5,0.22139769207202914,0.5118970623276713,0.6145624127718964,0.22139769207202914,0.5118970623276713,0.6145624127718964,29377,17395,17395,1739500,100.0,100.0,0.6124989986419678,0.6828821897506714,0.4530196487903595,0.8164234757423401,0.8679579496383667,0.7134833335876465,0.3799230754375458,0.059332126861295964,0.9168416078299222,17395,2683,17395,0,16.26248922104053,113.37331472616643,mean,geometric_mean,odvg_phrase_grounding,3.5,2.0,4.0,iou,0.25,0.25,2.0,True,False,False,True,True,0.1,0.25,0.05,0.25,128,5,True,True,0.05,10,0.3,10,0.0,0.5,1.0,10,True,5,12,0.0,0.1,3,odvg_appended_phrase,4.0,0.25,20,0.5,0.5,1.0,2.0,True,False
epoch,1785586822.1918619,277,732.972478996031,6.2550741868961556e-06,6.2550741868961556e-06,6.2550741868961556e-06,6.255074186896159e-07,6.2550741868961556e-06,0.9182674288749695,12286,0.7109471559524536,1.0185297727584839,0.2073197364807129,0.005246405955404043,0.2700304090976715,0.025228122249245644,0.017565403133630753,0.07026161253452301,0.029612120240926743,0.029612120240926743,0.07026161253452301,0.017565403133630753,,,,,,,,,,,,,,,,,,,0.3078625202178955,0.155572310090065,0.068262012078571,0.6552404942642203,19249,262738,29377,281987,0.5,0.18068557034414678,0.4710147394219968,0.6140858494740784,0.5,0.22463151445008,0.5086291997140621,0.6064267964734316,0.5,0.2215678932498213,0.5138033155189434,0.6164005854920516,0.2215678932498213,0.5138033155189434,0.6164005854920516,29377,17395,17395,1739500,100.0,100.0,0.6139256358146667,0.6863309741020203,0.4555450677871704,0.8176477551460266,0.868808925151825,0.715389609336853,0.38424617052078247,0.060149115072632764,0.9159211787708388,17395,2683,17395,0,16.210807703363034,111.3672471116297,mean,geometric_mean,odvg_phrase_grounding,3.5,2.0,4.0,iou,0.25,0.25,2.0,True,False,False,True,True,0.1,0.25,0.05,0.25,128,5,True,True,0.05,10,0.3,10,0.0,0.5,1.0,10,True,5,12,0.0,0.1,3,odvg_appended_phrase,4.0,0.25,20,0.5,0.5,1.0,2.0,True,False
epoch,1785587547.8826976,278,720.6740240370855,6.144022659540328e-06,6.144022659540328e-06,6.144022659540328e-06,6.144022659540332e-07,6.144022659540328e-06,0.9108937382698059,12286,0.7099411487579346,1.0183314085006714,0.20095232129096985,0.005247742403298616,0.2700122594833374,0.025025853887200356,0.017504332587122917,0.07001733034849167,0.02959596924483776,0.02959596924483776,0.07001733034849167,0.017504332587122917,,,,,,,,,,,,,,,,,,,0.307757705450058,0.1547161489725113,0.06839549429651011,0.6525172754195459,19169,261098,29377,280267,0.5,0.18051536916635463,0.4691765667018416,0.6116009122783129,0.5,0.22636756646355993,0.5061442625182966,0.6034993362154066,0.5,0.22378050856111925,0.5114885795009702,0.613268883820676,0.22378050856111925,0.5114885795009702,0.613268883820676,29377,17395,17395,1739500,100.0,100.0,0.6132084727287292,0.6853984594345093,0.4562961161136627,0.8178287744522095,0.8687748908996582,0.7167171835899353,0.38407596945762634,0.06419990817038945,0.910425046810206,17395,2683,17395,0,16.111928715148032,105.81827163277194,mean,geometric_mean,odvg_phrase_grounding,3.5,2.0,4.0,iou,0.25,0.25,2.0,True,False,False,True,True,0.1,0.25,0.05,0.25,128,5,True,True,0.05,10,0.3,10,0.0,0.5,1.0,10,True,5,12,0.0,0.1,3,odvg_appended_phrase,4.0,0.25,20,0.5,0.5,1.0,2.0,True,False
epoch,1785588276.8255792,279,722.5633357567713,6.038054587484258e-06,6.038054587484258e-06,6.038054587484258e-06,6.038054587484258e-07,6.038054587484258e-06,0.9055558443069458,12286,0.7105198502540588,1.0194305181503296,0.19503642618656158,0.005176568403840065,0.26900744438171387,0.025573328137397766,0.01774986833333969,0.07099947333335876,0.029786549508571625,0.029786549508571625,0.07099947333335876,0.01774986833333969,,,,,,,,,,,,,,,,,,,0.3078432083129883,0.1542225182056427,0.06811988132672459,0.6526193961262212,19172,262273,29377,281445,0.5,0.17976648398406916,0.46961908976410116,0.6134390849984682,0.5,0.2253123191612486,0.5068250672294652,0.6031248936242639,0.5,0.22197637607652246,0.5128842291588658,0.6143922115941042,0.22197637607652246,0.5128842291588658,0.6143922115941042,29377,17395,17395,1739500,100.0,100.0,0.6132094264030457,0.6840957999229431,0.4542809724807739,0.817430853843689,0.8689451217651367,0.7158321142196655,0.3822718560695648,0.06321271809344431,0.9116933749719331,17395,2683,17395,0,16.17964932451854,110.24320675199851,mean,geometric_mean,odvg_phrase_grounding,3.5,2.0,4.0,iou,0.25,0.25,2.0,True,False,False,True,True,0.1,0.25,0.05,0.25,128,5,True,True,0.05,10,0.3,10,0.0,0.5,1.0,10,True,5,12,0.0,0.1,3,odvg_appended_phrase,4.0,0.25,20,0.5,0.5,1.0,2.0,True,False
epoch,1785589023.6097531,280,740.0772950598039,5.937181591321211e-06,5.937181591321211e-06,5.937181591321211e-06,5.937181591321221e-07,5.937181591321211e-06,0.8967742919921875,12286,0.7080861330032349,1.0171399116516113,0.18868915736675262,0.005198596511036158,0.2689415216445923,0.025121383368968964,0.017529547214508057,0.07011818885803223,0.029618045315146446,0.029618045315146446,0.07011818885803223,0.017529547214508057,1.4647222757339478,0.01741773821413517,0.522590696811676,0.06974177807569504,0.04380740225315094,0.04380740225315094,,,0.10999180376529694,0.027497950941324234,0.0,0.0,0,0.45,True,True,1.0,2.0,1.0,2.0,0.3072022795677185,0.15364478528499603,0.06863990893829353,0.6527555570684549,19176,260195,29377,279371,0.5,0.18000476563297818,0.46890424481737414,0.612554038873949,0.5,0.22527827892569016,0.5062804234605304,0.603533376450965,0.5,0.2221465772543146,0.5118630220921129,0.6142560506518705,0.2221465772543146,0.5118630220921129,0.6142560506518705,29377,17395,17395,1739500,100.0,100.0,0.6136212348937988,0.6846430897712708,0.4553113579750061,0.8183746933937073,0.8689451217651367,0.716138482093811,0.3850971758365631,0.06338292502535614,0.9114934798084859,17395,2683,17395,0,16.060419660822074,125.23913546605036,mean,geometric_mean,odvg_phrase_grounding,3.5,2.0,4.0,iou,0.25,0.25,2.0,True,False,False,True,True,0.1,0.25,0.05,0.25,128,5,True,True,0.05,10,0.3,10,0.0,0.5,1.0,10,True,5,12,0.0,0.1,3,odvg_appended_phrase,4.0,0.25,20,0.5,0.5,1.0,2.0,True,False
epoch,1785589759.6900713,281,729.8041578480043,5.841414732911954e-06,5.841414732911954e-06,5.841414732911954e-06,5.841414732911947e-07,5.841414732911954e-06,0.8945525288581848,12286,0.711140513420105,1.0194231271743774,0.18341206014156342,0.005227851215749979,0.2699626088142395,0.025356875732541084,0.017686761915683746,0.07074704766273499,0.029576025903224945,0.029576025903224945,0.07074704766273499,0.017686761915683746,,,,,,,,,,,,,,,,,,,0.30762234330177307,0.15454331040382385,0.06856616202390564,0.6533682813085067,19194,260740,29377,279934,0.5,0.1796984035129523,0.4684617217551145,0.6120093951050142,0.5,0.22493787657010586,0.5073697109984001,0.604792865166627,0.5,0.22235081866766518,0.5121013037410219,0.6142560506518705,0.22235081866766518,0.5121013037410219,0.6142560506518705,29377,17395,17395,1739500,100.0,100.0,0.613537609577179,0.6845323443412781,0.45319095253944397,0.8178637623786926,0.8685025572776794,0.7144705057144165,0.38482487201690674,0.061102224405909844,0.914479010795817,17395,2683,17395,0,16.092785283127334,108.37271922687069,mean,geometric_mean,odvg_phrase_grounding,3.5,2.0,4.0,iou,0.25,0.25,2.0,True,False,False,True,True,0.1,0.25,0.05,0.25,128,5,True,True,0.05,10,0.3,10,0.0,0.5,1.0,10,True,5,12,0.0,0.1,3,odvg_appended_phrase,4.0,0.25,20,0.5,0.5,1.0,2.0,True,False
epoch,1785590488.6717026,282,722.4212740231305,5.750764514171687e-06,5.750764514171687e-06,5.750764514171687e-06,5.75076451417168e-07,5.750764514171687e-06,0.8866149187088013,12286,0.7090490460395813,1.0172713994979858,0.17756672203540802,0.005227256566286087,0.2702760398387909,0.02479024976491928,0.017462627962231636,0.06985051184892654,0.02937750518321991,0.02937750518321991,0.06985051184892654,0.017462627962231636,,,,,,,,,,,,,,,,,,,0.30791303515434265,0.1546587198972702,0.06909631618647524,0.6517003097661436,19145,257932,29377,277077,0.5,0.17966436327739388,0.46904040575960787,0.6113285903938456,0.5,0.22354222691221023,0.5081185961806856,0.6052013479933281,0.5,0.2211253701875617,0.5124417060966062,0.6126901998161828,0.2211253701875617,0.5124417060966062,0.6126901998161828,29377,17395,17395,1739500,100.0,100.0,0.6134154796600342,0.6850007176399231,0.45183855295181274,0.8174346089363098,0.8692514300346375,0.7136194705963135,0.38332709670066833,0.061919160830169906,0.91323224297898,17395,2683,17395,0,15.928542684679506,105.46652644965798,mean,geometric_mean,odvg_phrase_grounding,3.5,2.0,4.0,iou,0.25,0.25,2.0,True,False,False,True,True,0.1,0.25,0.05,0.25,128,5,True,True,0.05,10,0.3,10,0.0,0.5,1.0,10,True,5,12,0.0,0.1,3,odvg_appended_phrase,4.0,0.25,20,0.5,0.5,1.0,2.0,True,False
epoch,1785591208.3420775,283,713.5289995931089,5.665240875918435e-06,5.665240875918435e-06,5.665240875918435e-06,5.665240875918442e-07,5.665240875918435e-06,0.8778694868087769,12286,0.7055414319038391,1.0171550512313843,0.17232799530029297,0.005187179893255234,0.267416775226593,0.025299299508333206,0.01755916327238083,0.07023665308952332,0.029515648260712624,0.029515648260712624,0.07023665308952332,0.01755916327238083,,,,,,,,,,,,,,,,,,,0.3090401887893677,0.1554052233695984,0.06930832661530842,0.6526193961262212,19172,257447,29377,276619,0.5,0.1790175988017837,0.46924464717295844,0.6110222282738197,0.5,0.2244272730367294,0.5079483950028935,0.6039758995132246,0.5,0.22252101984545733,0.5120332232699051,0.6130306021717671,0.22252101984545733,0.5120332232699051,0.6130306021717671,29377,17395,17395,1739500,100.0,100.0,0.6136860847473145,0.6848143339157104,0.4535641372203827,0.8178758025169373,0.8690131902694702,0.7160363793373108,0.38281649351119995,0.06341698321108957,0.9114332943952069,17395,2683,17395,0,15.902213279678069,103.50371361710131,mean,geometric_mean,odvg_phrase_grounding,3.5,2.0,4.0,iou,0.25,0.25,2.0,True,False,False,True,True,0.1,0.25,0.05,0.25,128,5,True,True,0.05,10,0.3,10,0.0,0.5,1.0,10,True,5,12,0.0,0.1,3,odvg_appended_phrase,4.0,0.25,20,0.5,0.5,1.0,2.0,True,False
epoch,1785591940.3991623,284,725.8091474031098,5.584853196782911e-06,5.584853196782911e-06,5.584853196782911e-06,5.584853196782917e-07,5.584853196782911e-06,0.8753145933151245,12286,0.7083064913749695,1.0150221586227417,0.1670081615447998,0.0052039711736142635,0.2682574391365051,0.025508388876914978,0.01749875582754612,0.06999502331018448,0.029587410390377045,0.029587410390377045,0.06999502331018448,0.01749875582754612,,,,,,,,,,,,,,,,,,,0.30820605158805847,0.15545161068439484,0.06911094581615189,0.6515301085883515,19140,257806,29377,276946,0.5,0.17963032304183546,0.47094665895087995,0.6119072743983388,0.5,0.22381454879667767,0.5064846648738809,0.6029546924464717,0.5,0.22132961160091227,0.5131565510433332,0.6130646424073255,0.22132961160091227,0.5131565510433332,0.6130646424073255,29377,17395,17395,1739500,100.0,100.0,0.6130141615867615,0.6842586398124695,0.4546622335910797,0.8193129301071167,0.8677196502685547,0.7138577699661255,0.3824760913848877,0.06232766137777401,0.9126889641045279,17395,2683,17395,0,15.921011784995688,112.80767260771245,mean,geometric_mean,odvg_phrase_grounding,3.5,2.0,4.0,iou,0.25,0.25,2.0,True,False,False,True,True,0.1,0.25,0.05,0.25,128,5,True,True,0.05,10,0.3,10,0.0,0.5,1.0,10,True,5,12,0.0,0.1,3,odvg_appended_phrase,4.0,0.25,20,0.5,0.5,1.0,2.0,True,False
epoch,1785592688.6062782,285,741.7499804697,5.50961029218001e-06,5.50961029218001e-06,5.50961029218001e-06,5.50961029218002e-07,5.50961029218001e-06,0.8681230545043945,12286,0.7057392597198486,1.0155118703842163,0.16238364577293396,0.005146137438714504,0.26682722568511963,0.025615094229578972,0.01746310107409954,0.06985240429639816,0.029668623581528664,0.029668623581528664,0.06985240429639816,0.01746310107409954,1.4712929725646973,0.017318466678261757,0.5227675437927246,0.07141992449760437,0.04382852092385292,0.04382852092385292,,,0.1089465320110321,0.027236633002758026,0.0,0.0,0,0.45,True,True,1.0,2.0,1.0,2.0,0.30812326073646545,0.15500450134277344,0.06892533448424687,0.6523470742417538,19164,258876,29377,278040,0.5,0.17993668516186132,0.4696531299996596,0.6105116247404432,0.5,0.2254144398679239,0.5066548660516731,0.6034652959798482,0.5,0.22143173230758756,0.5122034244476972,0.6124178779317153,0.22143173230758756,0.5122034244476972,0.6124178779317153,29377,17395,17395,1739500,100.0,100.0,0.6140607595443726,0.6864056587219238,0.4559359550476074,0.8174884915351868,0.869557797908783,0.7165469527244568,0.38557374477386475,0.06419987848270303,0.9104038078194289,17395,2683,17395,0,15.98390342052314,126.46597025170922,mean,geometric_mean,odvg_phrase_grounding,3.5,2.0,4.0,iou,0.25,0.25,2.0,True,False,False,True,True,0.1,0.25,0.05,0.25,128,5,True,True,0.05,10,0.3,10,0.0,0.5,1.0,10,True,5,12,0.0,0.1,3,odvg_appended_phrase,4.0,0.25,20,0.5,0.5,1.0,2.0,True,False
epoch,1785593416.6676333,286,720.5805203029886,5.43952041334214e-06,5.43952041334214e-06,5.43952041334214e-06,5.43952041334214e-07,5.43952041334214e-06,0.8625158071517944,12286,0.7046307921409607,1.015134572982788,0.15788505971431732,0.00510408403351903,0.26657167077064514,0.025428839027881622,0.01758848875761032,0.07035395503044128,0.029734769836068153,0.029734769836068153,0.07035395503044128,0.01758848875761032,,,,,,,,,,,,,,,,,,,0.30681517720222473,0.15376250445842743,0.06828337816260703,0.6507131429349491,19116,260835,29377,279951,0.5,0.1799026449263029,0.4691084862307247,0.6093202164958982,0.5,0.22500595704122273,0.5053953773360111,0.6018313646730435,0.5,0.221942335840964,0.5121693842121388,0.6113966708649624,0.221942335840964,0.5121693842121388,0.6113966708649624,29377,17395,17395,1739500,100.0,100.0,0.6131536364555359,0.6847721934318542,0.4535403549671173,0.8174346089363098,0.8692514300346375,0.7139939665794373,0.3827143609523773,0.06328082364448817,0.9113706465228965,17395,2683,17395,0,16.093762575452715,110.07379236910492,mean,geometric_mean,odvg_phrase_grounding,3.5,2.0,4.0,iou,0.25,0.25,2.0,True,False,False,True,True,0.1,0.25,0.05,0.25,128,5,True,True,0.05,10,0.3,10,0.0,0.5,1.0,10,True,5,12,0.0,0.1,3,odvg_appended_phrase,4.0,0.25,20,0.5,0.5,1.0,2.0,True,False
epoch,1785594140.2844882,287,717.2885365691036,5.374591246414342e-06,5.374591246414342e-06,5.374591246414342e-06,5.374591246414342e-07,5.374591246414342e-06,0.8582715392112732,12286,0.7045997977256775,1.0148190259933472,0.15367141366004944,0.005195165053009987,0.26829805970191956,0.024684252217411995,0.017462465912103653,0.06984986364841461,0.029418325051665306,0.029418325051665306,0.06984986364841461,0.017462465912103653,,,,,,,,,,,,,,,,,,,0.3079892694950104,0.1549629271030426,0.06842482185698429,0.6504748612860402,19109,260161,29377,279270,0.5,0.1795622425707186,0.47029989447526976,0.6089457739047555,0.5,0.22493787657010586,0.5075739524117507,0.603295094802056,0.5,0.22129557136535385,0.5123395853899309,0.6104435442693263,0.22129557136535385,0.5123395853899309,0.6104435442693263,29377,17395,17395,1739500,100.0,100.0,0.6134766936302185,0.6851974725723267,0.4543215334415436,0.817430853843689,0.8669026494026184,0.7144364714622498,0.38332709670066833,0.0639616101762096,0.9104726414018335,17395,2683,17395,0,16.054613394653636,109.22666912805289,mean,geometric_mean,odvg_phrase_grounding,3.5,2.0,4.0,iou,0.25,0.25,2.0,True,False,False,True,True,0.1,0.25,0.05,0.25,128,5,True,True,0.05,10,0.3,10,0.0,0.5,1.0,10,True,5,12,0.0,0.1,3,odvg_appended_phrase,4.0,0.25,20,0.5,0.5,1.0,2.0,True,False
epoch,1785594879.7182577,288,732.8103291830048,5.314829911611462e-06,5.314829911611462e-06,5.314829911611462e-06,5.314829911611452e-07,5.314829911611462e-06,0.8560732007026672,12286,0.7061258554458618,1.0159157514572144,0.149947851896286,0.005177102517336607,0.26867419481277466,0.024802563712000847,0.017742576077580452,0.07097030431032181,0.029469523578882217,0.029469523578882217,0.07097030431032181,0.017742576077580452,,,,,,,,,,,,,,,,,,,0.3083156943321228,0.15433160960674286,0.06855042581801883,0.6507471831705075,19117,259758,29377,278875,0.5,0.17966436327739388,0.4674745549239201,0.6079245668380026,0.5,0.2238485890322361,0.5066548660516731,0.6026142900908874,0.5,0.22221465772543145,0.5097184872519318,0.6101371821493005,0.22221465772543145,0.5097184872519318,0.6101371821493005,29377,17395,17395,1739500,100.0,100.0,0.6136493682861328,0.6856478452682495,0.45501548051834106,0.8176050782203674,0.8679239153862,0.7151853442192078,0.38268032670021057,0.06443816104870026,0.9099000537838907,17395,2683,17395,0,16.031905720034494,113.44026456587017,mean,geometric_mean,odvg_phrase_grounding,3.5,2.0,4.0,iou,0.25,0.25,2.0,True,False,False,True,True,0.1,0.25,0.05,0.25,128,5,True,True,0.05,10,0.3,10,0.0,0.5,1.0,10,True,5,12,0.0,0.1,3,odvg_appended_phrase,4.0,0.25,20,0.5,0.5,1.0,2.0,True,False
epoch,1785595615.490304,289,727.6808907450177,5.2602429624373196e-06,5.2602429624373196e-06,5.2602429624373196e-06,5.260242962437326e-07,5.2602429624373196e-06,0.8511015176773071,12286,0.7050923705101013,1.013587474822998,0.14600901305675507,0.005160709843039513,0.26827993988990784,0.02480831742286682,0.017439870163798332,0.06975948065519333,0.02951154299080372,0.02951154299080372,0.06975948065519333,0.017439870163798332,,,,,,,,,,,,,,,,,,,0.30879491567611694,0.1549365520477295,0.06854634657555388,0.6501344589304558,19099,259530,29377,278629,0.5,0.17997072539741976,0.4697212104707765,0.6093542567314566,0.5,0.2245293937434047,0.5084249583007114,0.6032610545664976,0.5,0.221465772543146,0.512986349865541,0.6112605099227286,0.221465772543146,0.512986349865541,0.6112605099227286,29377,17395,17395,1739500,100.0,100.0,0.6135364174842834,0.6857247948646545,0.45213133096694946,0.8177160620689392,0.8693195581436157,0.7121217250823975,0.3831568956375122,0.06198726615194161,0.912954114488265,17395,2683,17395,0,16.017763725208393,108.68752975016832,mean,geometric_mean,odvg_phrase_grounding,3.5,2.0,4.0,iou,0.25,0.25,2.0,True,False,False,True,True,0.1,0.25,0.05,0.25,128,5,True,True,0.05,10,0.3,10,0.0,0.5,1.0,10,True,5,12,0.0,0.1,3,odvg_appended_phrase,4.0,0.25,20,0.5,0.5,1.0,2.0,True,False
epoch,1785596370.0715063,290,748.1927599287592,5.210836384966018e-06,5.210836384966018e-06,5.210836384966018e-06,5.210836384966011e-07,5.210836384966018e-06,0.8468068242073059,12286,0.703807532787323,1.0156859159469604,0.1430010050535202,0.005161278415471315,0.2672713100910187,0.02495930716395378,0.017585549503564835,0.07034219801425934,0.02950836718082428,0.02950836718082428,0.07034219801425934,0.017585549503564835,1.459133505821228,0.01735226996243,0.5241407155990601,0.0678938701748848,0.04352676495909691,0.04352676495909691,,,0.10741053521633148,0.02685263380408287,0.0,0.0,0,0.45,True,True,1.0,2.0,1.0,2.0,0.30851009488105774,0.1547631323337555,0.06801751058763136,0.6494876944548457,19080,261436,29377,280516,0.5,0.1794601218640433,0.4671341525683358,0.610103141913742,0.5,0.22303162337883378,0.5045784116826089,0.6011846001974334,0.5,0.22262314055213261,0.5102290907853082,0.6110222282738197,0.22262314055213261,0.5102290907853082,0.6110222282738197,29377,17395,17395,1739500,100.0,100.0,0.6133140325546265,0.6846877932548523,0.4540799856185913,0.8177579641342163,0.8694897294044495,0.7138237357139587,0.3822377920150757,0.06433604125911307,0.9098712496653465,17395,2683,17395,0,16.12624317332567,129.11955915717408,mean,geometric_mean,odvg_phrase_grounding,3.5,2.0,4.0,iou,0.25,0.25,2.0,True,False,False,True,True,0.1,0.25,0.05,0.25,128,5,True,True,0.05,10,0.3,10,0.0,0.5,1.0,10,True,5,12,0.0,0.1,3,odvg_appended_phrase,4.0,0.25,20,0.5,0.5,1.0,2.0,True,False
epoch,1785597096.6336596,291,719.4323381041177,5.166615597185529e-06,5.166615597185529e-06,5.166615597185529e-06,5.166615597185529e-07,5.166615597185529e-06,0.8469580411911011,12286,0.7070085406303406,1.0154006481170654,0.13994917273521423,0.005202483385801315,0.26895204186439514,0.024926897138357162,0.01757904514670372,0.07031618058681488,0.029453063383698463,0.029453063383698463,0.07031618058681488,0.01757904514670372,,,,,,,,,,,,,,,,,,,0.30763086676597595,0.15453138947486877,0.06816450467269665,0.6487728495081186,19059,260544,29377,279603,0.5,0.18041324845967935,0.465806583381557,0.6089457739047555,0.5,0.22425707185893726,0.50498689450931,0.6006399564284984,0.5,0.22231677843210676,0.5091738434829969,0.6107158661537938,0.22231677843210676,0.5091738434829969,0.6107158661537938,29377,17395,17395,1739500,100.0,100.0,0.6128244400024414,0.6841206550598145,0.4535290002822876,0.8174540996551514,0.8702726364135742,0.7122238278388977,0.38125064969062805,0.06345097833077906,0.9109114637131581,17395,2683,17395,0,16.07375682667433,107.2480354369618,mean,geometric_mean,odvg_phrase_grounding,3.5,2.0,4.0,iou,0.25,0.25,2.0,True,False,False,True,True,0.1,0.25,0.05,0.25,128,5,True,True,0.05,10,0.3,10,0.0,0.5,1.0,10,True,5,12,0.0,0.1,3,odvg_appended_phrase,4.0,0.25,20,0.5,0.5,1.0,2.0,True,False
epoch,1785597826.684274,292,725.096182747744,5.12758544840359e-06,5.12758544840359e-06,5.12758544840359e-06,5.1275854484036e-07,5.12758544840359e-06,0.8413069248199463,12286,0.7041049599647522,1.0151139497756958,0.1372019499540329,0.005145075730979443,0.2683550715446472,0.02453913353383541,0.017508525401353836,0.07003410160541534,0.029457129538059235,0.029457129538059235,0.07003410160541534,0.017508525401353836,,,,,,,,,,,,,,,,,,,0.30811041593551636,0.15451297163963318,0.06824709564024521,0.650304660108248,19104,260820,29377,279924,0.5,0.179358001157368,0.4647513360792457,0.6097967797937162,0.5,0.2234060659699765,0.5038976069714403,0.6008101576062906,0.5,0.22132961160091227,0.5077781938251013,0.6117711134561051,0.22132961160091227,0.5077781938251013,0.6117711134561051,29377,17395,17395,1739500,100.0,100.0,0.6135382652282715,0.6835939884185791,0.45506107807159424,0.8171635270118713,0.8707152009010315,0.7142322063446045,0.3839057683944702,0.06392754623635655,0.9104947303293228,17395,2683,17395,0,16.092210405288878,111.94471098901704,mean,geometric_mean,odvg_phrase_grounding,3.5,2.0,4.0,iou,0.25,0.25,2.0,True,False,False,True,True,0.1,0.25,0.05,0.25,128,5,True,True,0.05,10,0.3,10,0.0,0.5,1.0,10,True,5,12,0.0,0.1,3,odvg_appended_phrase,4.0,0.25,20,0.5,0.5,1.0,2.0,True,False
epoch,1785598553.259557,293,720.1453661769629,5.093750218715791e-06,5.093750218715791e-06,5.093750218715791e-06,5.093750218715805e-07,5.093750218715791e-06,0.8367406129837036,12286,0.70212322473526,1.0137178897857666,0.13461655378341675,0.00515448022633791,0.2674773037433624,0.024524450302124023,0.01746048592031002,0.06984194368124008,0.029367050155997276,0.029367050155997276,0.06984194368124008,0.01746048592031002,,,,,,,,,,,,,,,,,,,0.30782318115234375,0.15441356599330902,0.06857476551808143,0.6515641488239099,19141,259985,29377,279126,0.5,0.1785410355039657,0.4681213193995302,0.6110562685093781,0.5,0.22415495115226197,0.5047826530959594,0.6026823705620042,0.5,0.22075092759641896,0.5101610103141914,0.6125199986383906,0.22075092759641896,0.5101610103141914,0.6125199986383906,29377,17395,17395,1739500,100.0,100.0,0.6141092777252197,0.6843913197517395,0.454378217458725,0.8183413147926331,0.870783269405365,0.7158321142196655,0.3843483030796051,0.06426796539575563,0.9102192202346011,17395,2683,17395,0,16.046335153779822,108.73611861187965,mean,geometric_mean,odvg_phrase_grounding,3.5,2.0,4.0,iou,0.25,0.25,2.0,True,False,False,True,True,0.1,0.25,0.05,0.25,128,5,True,True,0.05,10,0.3,10,0.0,0.5,1.0,10,True,5,12,0.0,0.1,3,odvg_appended_phrase,4.0,0.25,20,0.5,0.5,1.0,2.0,True,False
epoch,1785599281.7028792,294,721.0534215131775,5.06511361853642e-06,5.06511361853642e-06,5.06511361853642e-06,5.065113618536417e-07,5.06511361853642e-06,0.8356743454933167,12286,0.7031866908073425,1.01338529586792,0.13248750567436218,0.005153720732778311,0.2678022086620331,0.024638582020998,0.017454495653510094,0.06981798261404037,0.029402097687125206,0.029402097687125206,0.06981798261404037,0.017454495653510094,,,,,,,,,,,,,,,,,,,0.3092333674430847,0.15499018132686615,0.06845440064004114,0.6524151547128706,19166,260816,29377,279982,0.5,0.179119719508459,0.46631718691493346,0.611294550158287,0.5,0.22323586479218435,0.5043060897981414,0.6039078190421078,0.5,0.2209211287742111,0.5079824352384519,0.6140177690029615,0.2209211287742111,0.5079824352384519,0.6140177690029615,29377,17395,17395,1739500,100.0,100.0,0.6144576072692871,0.685724675655365,0.45787012577056885,0.8178243041038513,0.8710896372795105,0.716649055480957,0.3816591203212738,0.06423390076808644,0.9103690986866957,17395,2683,17395,0,16.09554469675194,108.3751278957352,mean,geometric_mean,odvg_phrase_grounding,3.5,2.0,4.0,iou,0.25,0.25,2.0,True,False,False,True,True,0.1,0.25,0.05,0.25,128,5,True,True,0.05,10,0.3,10,0.0,0.5,1.0,10,True,5,12,0.0,0.1,3,odvg_appended_phrase,4.0,0.25,20,0.5,0.5,1.0,2.0,True,False
epoch,1785600027.9442084,295,741.1935278228484,5.04167878819134e-06,5.04167878819134e-06,5.04167878819134e-06,5.04167878819135e-07,5.04167878819134e-06,0.8333141207695007,12286,0.7026177048683167,1.0132215023040771,0.13069598376750946,0.005176029168069363,0.26810017228126526,0.02438558079302311,0.017320284619927406,0.06928113847970963,0.02929369919002056,0.02929369919002056,0.06928113847970963,0.017320284619927406,1.4711194038391113,0.017421891912817955,0.5248751640319824,0.07039070129394531,0.04372601956129074,0.04372601956129074,,,0.10876579582691193,0.02719144895672798,0.0,0.0,0,0.45,True,True,1.0,2.0,1.0,2.0,0.3105456531047821,0.15570998191833496,0.06893385343422037,0.6490792116281444,19068,257545,29377,276613,0.5,0.18010688633965347,0.46727031351056947,0.6097967797937162,0.5,0.22357626714776865,0.5064846648738809,0.6032270143309392,0.5,0.22265718078769106,0.5095142458385812,0.6107499063893522,0.22265718078769106,0.5095142458385812,0.6107499063893522,29377,17395,17395,1739500,100.0,100.0,0.6136508584022522,0.6847270727157593,0.4541471004486084,0.8176291584968567,0.869557797908783,0.7146406769752502,0.3844163715839386,0.06556146534710583,0.9082595387312715,17395,2683,17395,0,15.901868352974994,120.32147371396422,mean,geometric_mean,odvg_phrase_grounding,3.5,2.0,4.0,iou,0.25,0.25,2.0,True,False,False,True,True,0.1,0.25,0.05,0.25,128,5,True,True,0.05,10,0.3,10,0.0,0.5,1.0,10,True,5,12,0.0,0.1,3,odvg_appended_phrase,4.0,0.25,20,0.5,0.5,1.0,2.0,True,False
epoch,1785600750.4734833,296,710.727240270935,5.023448297573823e-06,5.023448297573823e-06,5.023448297573823e-06,5.02344829757384e-07,5.023448297573823e-06,0.8294752836227417,12286,0.7004048824310303,1.0118632316589355,0.12907050549983978,0.005122330505400896,0.26703816652297974,0.024403566494584084,0.017196714878082275,0.0687868595123291,0.02938319928944111,0.02938319928944111,0.0687868595123291,0.017196714878082275,,,,,,,,,,,,,,,,,,,0.3091842532157898,0.15471547842025757,0.06896825482745306,0.6505769819927154,19112,258001,29377,277113,0.5,0.18000476563297818,0.4670320318616605,0.6078564863668856,0.5,0.22333798549885966,0.5067569867583483,0.6024781291486537,0.5,0.2221465772543146,0.5100929298430745,0.6103073833270927,0.2221465772543146,0.5100929298430745,0.6103073833270927,29377,17395,17395,1739500,100.0,100.0,0.6139286756515503,0.6844848394393921,0.4566590189933777,0.8176670670509338,0.8694556951522827,0.7163426876068115,0.38550567626953125,0.06576570561409611,0.9081923962484925,17395,2683,17395,0,15.93061224489796,103.56922797532752,mean,geometric_mean,odvg_phrase_grounding,3.5,2.0,4.0,iou,0.25,0.25,2.0,True,False,False,True,True,0.1,0.25,0.05,0.25,128,5,True,True,0.05,10,0.3,10,0.0,0.5,1.0,10,True,5,12,0.0,0.1,3,odvg_appended_phrase,4.0,0.25,20,0.5,0.5,1.0,2.0,True,False
epoch,1785601483.7014756,297,725.8011864679866,5.010424145862578e-06,5.010424145862578e-06,5.010424145862578e-06,5.010424145862585e-07,5.010424145862578e-06,0.8285980224609375,12286,0.7004922032356262,1.0131698846817017,0.12810496985912323,0.005111068487167358,0.2665751576423645,0.024623265489935875,0.01732604205608368,0.06930416822433472,0.029448416084051132,0.029448416084051132,0.06930416822433472,0.01732604205608368,,,,,,,,,,,,,,,,,,,0.3090451657772064,0.15440432727336884,0.06851694352636357,0.6499302175171052,19093,259568,29377,278661,0.5,0.17952820233516015,0.46699799162610206,0.6075501242468598,0.5,0.22350818667665182,0.5064846648738809,0.6012526806685502,0.5,0.22221465772543145,0.5105694931408925,0.609388296967015,0.22221465772543145,0.5105694931408925,0.609388296967015,29377,17395,17395,1739500,100.0,100.0,0.6137021780014038,0.6837310194969177,0.4531603455543518,0.8180667757987976,0.8692514300346375,0.7152193784713745,0.38431426882743835,0.06528916095426929,0.9087144966712023,17395,2683,17395,0,16.019603334291464,107.05105870217085,mean,geometric_mean,odvg_phrase_grounding,3.5,2.0,4.0,iou,0.25,0.25,2.0,True,False,False,True,True,0.1,0.25,0.05,0.25,128,5,True,True,0.05,10,0.3,10,0.0,0.5,1.0,10,True,5,12,0.0,0.1,3,odvg_appended_phrase,4.0,0.25,20,0.5,0.5,1.0,2.0,True,False
epoch,1785602212.116676,298,721.1040304033086,5.002607761302619e-06,5.002607761302619e-06,5.002607761302619e-06,5.002607761302619e-07,5.002607761302619e-06,0.8271303176879883,12286,0.6998871564865112,1.012749195098877,0.12724222242832184,0.00513859698548913,0.2672003209590912,0.024195021018385887,0.01730772852897644,0.06923091411590576,0.029318291693925858,0.029318291693925858,0.06923091411590576,0.01730772852897644,,,,,,,,,,,,,,,,,,,0.30955642461776733,0.15458440780639648,0.06917209557774093,0.6516662695305852,19144,257615,29377,276759,0.5,0.1799026449263029,0.46699799162610206,0.6096946590870409,0.5,0.2239507097389114,0.5066208258161147,0.6031929740953808,0.5,0.22241889913878204,0.5100248493719577,0.6113285903938456,0.22241889913878204,0.5100248493719577,0.6113285903938456,29377,17395,17395,1739500,100.0,100.0,0.6140031814575195,0.6839966773986816,0.4551115334033966,0.817646324634552,0.869932234287262,0.715764045715332,0.3834632635116577,0.06409777618474688,0.910448454950419,17395,2683,17395,0,15.910261569416498,106.88323399284855,mean,geometric_mean,odvg_phrase_grounding,3.5,2.0,4.0,iou,0.25,0.25,2.0,True,False,False,True,True,0.1,0.25,0.05,0.25,128,5,True,True,0.05,10,0.3,10,0.0,0.5,1.0,10,True,5,12,0.0,0.1,3,odvg_appended_phrase,4.0,0.25,20,0.5,0.5,1.0,2.0,True,False
epoch,1785602940.088534,299,721.5340805579908,5.000000001048599e-06,5.000000001048599e-06,5.000000001048599e-06,5.000000001048596e-07,5.000000001048599e-06,0.8259401917457581,12286,0.6989521980285645,1.0146000385284424,0.12698742747306824,0.005105708260089159,0.2663107216358185,0.024401195347309113,0.01726807840168476,0.06907231360673904,0.02937665395438671,0.02937665395438671,0.06907231360673904,0.01726807840168476,,,,,,,,,,,,,,,,,,,0.30822691321372986,0.15408436954021454,0.06892259063207005,0.6502025394015727,19101,258036,29377,277137,0.5,0.17983456445518603,0.4670320318616605,0.6085372910780542,0.5,0.2236103073833271,0.5069271879361406,0.6023760084419785,0.5,0.22201041631208088,0.5098886884297239,0.6096265786159241,0.22201041631208088,0.5098886884297239,0.6096265786159241,29377,17395,17395,1739500,100.0,100.0,0.6134545803070068,0.6843034625053406,0.45261386036872864,0.8178108334541321,0.8696259260177612,0.713653564453125,0.38499507308006287,0.06345102505155231,0.9110898786021268,17395,2683,17395,0,15.93199195171026,106.2293431549333,mean,geometric_mean,odvg_phrase_grounding,3.5,2.0,4.0,iou,0.25,0.25,2.0,True,False,False,True,True,0.1,0.25,0.05,0.25,128,5,True,True,0.05,10,0.3,10,0.0,0.5,1.0,10,True,5,12,0.0,0.1,3,odvg_appended_phrase,4.0,0.25,20,0.5,0.5,1.0,2.0,True,False
epoch,1785603680.5857482,300,735.624994232785,5e-06,5e-06,5e-06,5e-07,5e-06,0.823020339012146,12286,0.696513295173645,1.0120481252670288,0.1265060156583786,0.005096619017422199,0.2657776474952698,0.02409612573683262,0.01719205640256405,0.0687682256102562,0.029349351301789284,0.029349351301789284,0.0687682256102562,0.01719205640256405,1.4673527479171753,0.017455480992794037,0.5247752070426941,0.06965071707963943,0.043557047843933105,0.043557047843933105,,,0.10671176016330719,0.026677940040826797,0.0,0.0,0,0.45,True,True,1.0,2.0,1.0,2.0,0.3097361922264099,0.15496580302715302,0.06923355156074801,0.6515641488239099,19141,257329,29377,276470,0.5,0.1792218402151343,0.4691765667018416,0.6102393028559757,0.5,0.22279334172992477,0.5070293086428158,0.6032270143309392,0.5,0.22136365183647072,0.5116587806787622,0.6113966708649624,0.22136365183647072,0.5116587806787622,0.6113966708649624,29377,17395,17395,1739500,100.0,100.0,0.6139394044876099,0.6839966773986816,0.45196831226348877,0.8184370994567871,0.8695237636566162,0.7154236435890198,0.38693535327911377,0.06385949476510988,0.9107389092639572,17395,2683,17395,0,15.893647599885025,125.74020648282021,mean,geometric_mean,odvg_phrase_grounding,3.5,2.0,4.0,iou,0.25,0.25,2.0,True,False,False,True,True,0.1,0.25,0.05,0.25,128,5,True,True,0.05,10,0.3,10,0.0,0.5,1.0,10,True,5,12,0.0,0.1,3,odvg_appended_phrase,4.0,0.25,20,0.5,0.5,1.0,2.0,True,False
