type,time,epoch,epoch_time,lr,lr_head,lr_vision,lr_text,lr_transformer,train_loss,train_loss_main,train_loss_aux,train_loss_aux_contrib,train_loss_bbox,train_loss_giou,train_loss_score,train_loss_rank_raw,train_loss_rank,train_loss_text_negative,train_loss_text_negative_contrib,train_text_negative_queries,score_negative_iou_ignore_thr,duplicate_suppression_enabled,duplicate_loss_weight,duplicate_margin,duplicate_background_weight,duplicate_classification_weight,duplicate_max_pairs,duplicate_start_epoch,hard_negative_mining_enabled,hard_negative_loss_weight,hard_negative_topk,hard_negative_max_iou,hard_negative_start_epoch,matcher_score_alpha,matcher_cost_score_effective,train_negative_text_regression_matches,val_loss,val_loss_bbox,val_loss_giou,val_loss_score,val_loss_rank_raw,val_loss_rank,val_loss_text_negative,val_loss_text_negative_contrib,val_text_negative_queries,val_score_negative_iou_ignore_thr,val_duplicate_suppression_enabled,val_hard_negative_mining_enabled,val_matcher_score_alpha,val_matcher_cost_score_effective,map50,map50_95,precision,recall,tp,fp,num_gt,num_pred,raw_oracle_num_gt,raw_oracle_num_samples,raw_oracle_positive_samples,raw_oracle_num_pred,raw_oracle_avg_pred_per_sample,raw_oracle_avg_pred_per_positive_sample,raw_best_iou_mean,raw_best_iou_median,raw_best_iou_p25,raw_best_iou_p75,raw_oracle_recall25,raw_oracle_recall50,raw_oracle_recall75,raw_oracle_gap50,raw_oracle_retention50,valid_samples,skipped_empty_gt,avg_selected_per_sample,eval_loop_time,eval_metric_time,raw_oracle_metric_time,lambda_bbox,lambda_giou,lambda_score,classification_type,ia_bce_alpha,classification_focal_alpha,classification_focal_gamma,normalize_classification_by_num_gt,dense_score_assignment_enabled,pairwise_ranking_enabled,duplicate_suppression_active,hard_negative_mining_active,lambda_rank_max,lambda_aux,pos_weight,quality_warmup_epoch,aux_score_enabled,matcher_score_start_epoch,matcher_score_warmup_epoch,matcher_score_alpha_min,negative_sample_ratio,max_query_loss_weight,lambda_text_negative,text_negative_topk,text_negative_hard_mix,negative_text_as_empty_target,use_negative_queries_in_val
epoch,1783933355.7336023,1,1185.0113569949754,9.998958473793014e-05,9.998958473793014e-05,7.998232493220077e-05,9.998089980500698e-06,9.998936546925498e-05,2.829786539077759,2.7164723873138428,3.113032579421997,0.11331436038017273,0.18159981071949005,0.8287290930747986,0.15094155073165894,0.0,0.0,0.27546414732933044,0.0,22856,0.5,True,0.1,0.2,0.05,0.25,128,20,True,0.05,10,0.2,50,0.0,0.0,0,,,,,,,,,,,,,,,0.004434540867805481,0.0013797648716717958,0.00377565261159029,0.23798399307808782,16503,4354397,69345,4370900,69345,43709,38008,4370900,100.0,100.0,0.32992517948150635,0.3152632415294647,0.12160198390483856,0.4906544089317322,0.5918235182762146,0.23820030689239502,0.049823347479104996,0.00021631381430720076,0.9990918827220281,43709,5701,100.0,329.7678274549544,2.9243442800361663,0.10945590096525848,5.0,2.0,1.0,iou,0.25,0.25,2.0,True,False,True,False,False,0.05,0.35,1.0,30,True,30,70,0.0,0.15,4.0,0.0,20,0.5,True,True
epoch,1783934461.2805693,2,1101.8269198570633,9.997656502643515e-05,9.997656502643515e-05,7.996023191291174e-05,9.995702492598646e-06,9.997607165857062e-05,2.497222900390625,2.1857385635375977,2.528271436691284,0.3114834129810333,0.12414229661226273,0.7132619619369507,0.13818605244159698,0.0,0.0,0.2632276117801666,0.0,22856,0.5,True,0.1,0.2,0.05,0.25,128,20,True,0.05,10,0.2,50,0.0,0.0,0,,,,,,,,,,,,,,,0.018992219120264053,0.007619576063007116,0.004908371273650736,0.3093806330665513,21454,4349446,69345,4370900,69345,43709,38008,4370900,100.0,100.0,0.37359994649887085,0.3743324875831604,0.1588897407054901,0.5451884865760803,0.6458721160888672,0.3096978962421417,0.07546326518058777,0.00031726317559044315,0.9989755720673595,43709,5701,100.0,318.7562462609494,2.4270770420553163,0.08744942804332823,5.0,2.0,1.0,iou,0.25,0.25,2.0,True,False,True,False,False,0.05,0.35,1.0,30,True,30,70,0.0,0.15,4.0,0.0,20,0.5,True,True
epoch,1783935560.2477808,3,1084.6066822370049,9.995833897457276e-05,9.995833897457276e-05,7.992930783658821e-05,9.992360577795361e-06,9.995746190035323e-05,2.5746912956237793,2.0408246517181396,2.3539035320281982,0.5338650345802307,0.11215981841087341,0.6746584177017212,0.13016876578330994,0.0,0.0,0.2818121314048767,0.0,22856,0.5,True,0.1,0.2,0.05,0.25,128,20,True,0.05,10,0.2,50,0.0,0.0,0,,,,,,,,,,,,,,,0.021007562056183815,0.009846230037510395,0.00546157541925004,0.34424976566443144,23872,4347028,69345,4370900,69345,43709,38008,4370900,100.0,100.0,0.3921218812465668,0.3902548551559448,0.18377108871936798,0.5659453868865967,0.6769630312919617,0.34443724155426025,0.0846492201089859,0.00018747588982881425,0.9994557037764475,43709,5701,100.0,317.58899884903803,2.394456280977465,0.08578828501049429,5.0,2.0,1.0,iou,0.25,0.25,2.0,True,False,True,False,False,0.05,0.35,1.0,30,True,30,70,0.0,0.15,4.0,0.0,20,0.5,True,True
epoch,1783936664.619256,4,1088.7456939750118,9.993490858103492e-05,9.993490858103492e-05,7.988955962392651e-05,9.98806488760375e-06,9.99335382353725e-05,2.652535915374756,1.9466749429702759,2.250826835632324,0.7058591246604919,0.10387824475765228,0.6516638994216919,0.12320359796285629,0.0,0.0,0.2739143967628479,0.0,22856,0.5,True,0.1,0.2,0.05,0.25,128,20,True,0.05,10,0.2,50,0.0,0.0,0,,,,,,,,,,,,,,,0.02769779972732067,0.012445913627743721,0.00600242512983596,0.3783401831422597,26236,4344664,69345,4370900,69345,43709,38008,4370900,100.0,100.0,0.40582260489463806,0.4093342125415802,0.19103066623210907,0.5910361409187317,0.6890042424201965,0.37841227650642395,0.0877496600151062,7.209336416424961e-05,0.999809484605442,43709,5701,100.0,318.886172782979,2.3607255269307643,0.08973930310457945,5.0,2.0,1.0,iou,0.25,0.25,2.0,True,False,True,False,False,0.05,0.35,1.0,30,True,30,70,0.0,0.15,4.0,0.0,20,0.5,True,True
epoch,1783937831.0940652,5,1149.7615723289782,9.990627641522835e-05,9.990627641522835e-05,7.984099617043272e-05,9.982816259477131e-06,9.99043032871279e-05,2.638726234436035,1.8797063827514648,2.1686320304870605,0.7590208649635315,0.09774783998727798,0.6369891166687012,0.11604905128479004,0.0,0.0,0.26426786184310913,0.0,22856,0.5,True,0.1,0.2,0.05,0.25,128,20,True,0.05,10,0.2,50,0.0,0.0,0,1.7833431959152222,0.0894806832075119,0.6093305349349976,0.1164756640791893,0.0,0.0,0.2755906283855438,0.0,5701,0.5,True,True,0.0,0.0,0.02637660875916481,0.010396098718047142,0.006275137843464733,0.39552959838488716,27428,4343472,69345,4370900,69345,43709,38008,4370900,100.0,100.0,0.41542738676071167,0.4257739782333374,0.2005094736814499,0.6010621190071106,0.7001946568489075,0.395587295293808,0.0939505398273468,5.7696908920823464e-05,0.9998541487312479,43709,5701,100.0,383.21135557000525,2.8009590950096026,0.08915931708179414,5.0,2.0,1.0,iou,0.25,0.25,2.0,True,False,True,False,False,0.05,0.35,1.0,30,True,30,70,0.0,0.15,4.0,0.0,20,0.5,True,True
epoch,1783938951.147224,6,1113.1131592049496,9.987244561699267e-05,9.987244561699267e-05,7.97836283444319e-05,9.976615716645957e-06,9.986976026156094e-05,2.5504982471466064,1.8185330629348755,2.091327428817749,0.7319645285606384,0.0931510254740715,0.6206884384155273,0.11029179394245148,0.0,0.0,0.24885787069797516,0.0,22856,0.5,True,0.1,0.2,0.05,0.25,128,20,True,0.05,10,0.2,50,0.0,0.0,0,,,,,,,,,,,,,,,0.03474237024784088,0.016292300075292587,0.006825596559061063,0.43022568317831134,29834,4341066,69345,4370900,69345,43709,38008,4370900,100.0,100.0,0.4348716735839844,0.45028290152549744,0.22087162733078003,0.6243199706077576,0.7231523394584656,0.4302977919578552,0.11216381937265396,7.210877954388906e-05,0.9998324212187663,43709,5701,100.0,329.1028735960135,2.9377594779944047,0.11471788701601326,5.0,2.0,1.0,iou,0.25,0.25,2.0,True,False,True,False,False,0.05,0.35,1.0,30,True,30,70,0.0,0.15,4.0,0.0,20,0.5,True,True
epoch,1783940059.2123075,7,1094.1721730770078,9.983341989625616e-05,9.983341989625616e-05,7.971746898463582e-05,9.969464467918335e-06,9.982991294670365e-05,2.4850358963012695,1.773914098739624,2.0317635536193848,0.7111170887947083,0.08923498541116714,0.6105203628540039,0.10545457899570465,0.0,0.0,0.2361050248146057,0.0,22856,0.5,True,0.1,0.2,0.05,0.25,128,20,True,0.05,10,0.2,50,0.0,0.0,0,,,,,,,,,,,,,,,0.03371160849928856,0.016090866178274155,0.007120730284380791,0.4488283221573293,31124,4339776,69345,4370900,69345,43709,38008,4370900,100.0,100.0,0.44483092427253723,0.46017205715179443,0.221504345536232,0.646237313747406,0.7241618037223816,0.4489869475364685,0.13579925894737244,0.00015862537913918784,0.9996467038072943,43709,5701,100.0,326.0392000050051,2.4332504459889606,0.08731366496067494,5.0,2.0,1.0,iou,0.25,0.25,2.0,True,False,True,False,False,0.05,0.35,1.0,30,True,30,70,0.0,0.15,4.0,0.0,20,0.5,True,True
epoch,1783941174.4722443,8,1107.5100755899912,9.978920353262885e-05,9.978920353262885e-05,7.964253289726965e-05,9.961363907444379e-06,9.978476571226313e-05,2.4299046993255615,1.7354153394699097,1.9842554330825806,0.6944890022277832,0.08571651577949524,0.6023972034454346,0.10068129003047943,0.0,0.0,0.23233984410762787,0.0,22856,0.5,True,0.1,0.2,0.05,0.25,128,20,True,0.05,10,0.2,50,0.0,0.0,0,,,,,,,,,,,,,,,0.0339379608631134,0.01508757472038269,0.007194856894461095,0.45350061287764076,31448,4339452,69345,4370900,69345,43709,38008,4370900,100.0,100.0,0.44844406843185425,0.4649885296821594,0.23141813278198242,0.6477277874946594,0.7323094606399536,0.4537457525730133,0.13266998529434204,0.00024513969537254265,0.9994597421706265,43709,5701,100.0,329.0629178589443,2.431580730015412,0.09613592503592372,5.0,2.0,1.0,iou,0.25,0.25,2.0,True,False,True,False,False,0.05,0.35,1.0,30,True,30,70,0.0,0.15,4.0,0.0,20,0.5,True,True
epoch,1783942271.0552545,9,1087.326836038963,9.973980137493329e-05,9.973980137493329e-05,7.955883685275846e-05,9.952315614444399e-06,9.973432350914243e-05,2.363495349884033,1.6894726753234863,1.9257912635803223,0.6740262508392334,0.08182209730148315,0.5916783213615417,0.09552104771137238,0.0,0.0,0.22769972681999207,0.0,22856,0.5,True,0.1,0.2,0.05,0.25,128,20,True,0.05,10,0.2,50,0.0,0.0,0,,,,,,,,,,,,,,,0.03182493895292282,0.014133526012301445,0.007505090484797181,0.4730550147811666,32804,4338096,69345,4370900,69345,43709,38008,4370900,100.0,100.0,0.46074074506759644,0.4787476062774658,0.24044044315814972,0.6655919551849365,0.7412070035934448,0.47332900762557983,0.15308962762355804,0.0002739928444132067,0.9994211365878722,43709,5701,100.0,319.9029360039858,2.437592356931418,0.08918508293572813,5.0,2.0,1.0,iou,0.25,0.25,2.0,True,False,True,False,False,0.05,0.35,1.0,30,True,30,70,0.0,0.15,4.0,0.0,20,0.5,True,True
epoch,1783943418.5907288,10,1138.945869205054,9.968521884067282e-05,9.968521884067282e-05,7.946639958197396e-05,9.942321352901047e-06,9.96785918688975e-05,2.3018202781677246,1.6448184251785278,1.8771519660949707,0.6570027470588684,0.07876362651586533,0.5791451334953308,0.09115315228700638,0.0,0.0,0.21853585541248322,0.0,22856,0.5,True,0.1,0.2,0.05,0.25,128,20,True,0.05,10,0.2,50,0.0,0.0,0,1.5655808448791504,0.07288412749767303,0.5537260174751282,0.09261733293533325,0.0,0.0,0.22355549037456512,0.0,5701,0.5,True,True,0.0,0.0,0.036553408950567245,0.016586683690547943,0.007714887094191127,0.48627875117167785,33721,4337179,69345,4370900,69345,43709,38008,4370900,100.0,100.0,0.46693775057792664,0.488535076379776,0.24487261474132538,0.6732460856437683,0.7458792924880981,0.486408531665802,0.15753118693828583,0.00012978049412415427,0.9997331862299378,43709,5701,100.0,371.9809124439489,2.4903483730740845,0.09324161394033581,5.0,2.0,1.0,iou,0.25,0.25,2.0,True,False,True,False,False,0.05,0.35,1.0,30,True,30,70,0.0,0.15,4.0,0.0,20,0.5,True,True
epoch,1783944524.2915404,11,1088.9039258840494,9.962546191543736e-05,9.962546191543736e-05,7.936524177204269e-05,9.931383071215411e-06,9.961757690313078e-05,2.2385151386260986,1.5967786312103271,1.8335381746292114,0.6417368054389954,0.07469234615564346,0.567477822303772,0.08670353889465332,0.0,0.0,0.22013866901397705,0.0,22856,0.5,True,0.1,0.2,0.05,0.25,128,20,True,0.05,10,0.2,50,0.0,0.0,0,,,,,,,,,,,,,,,0.03595159575343132,0.015946121886372566,0.007875952321032281,0.4964308890330954,34425,4336475,69345,4370900,69345,43709,38008,4370900,100.0,100.0,0.4744005799293518,0.4974382817745209,0.25650933384895325,0.6800702810287476,0.7557718753814697,0.4966183602809906,0.16942821443080902,0.00018747124789519898,0.9996225043959528,43709,5701,100.0,319.1332099500578,2.4202641940210015,0.08918816200457513,5.0,2.0,1.0,iou,0.25,0.25,2.0,True,False,True,False,False,0.05,0.35,1.0,30,True,30,70,0.0,0.15,4.0,0.0,20,0.5,True,True
epoch,1783945619.1247525,12,1087.0148071099538,9.956053715224719e-05,9.956053715224719e-05,7.925538606171627e-05,9.919502901827181e-06,9.955128530282082e-05,2.2046561241149902,1.5734050273895264,1.8035715818405151,0.6312505602836609,0.07278341799974442,0.5624698996543884,0.08274880796670914,0.0,0.0,0.21759167313575745,0.0,22856,0.5,True,0.1,0.2,0.05,0.25,128,20,True,0.05,10,0.2,50,0.0,0.0,0,,,,,,,,,,,,,,,0.035892046988010406,0.01549801416695118,0.00792971699192386,0.4998197418703584,34660,4336240,69345,4370900,69345,43709,38008,4370900,100.0,100.0,0.4771578013896942,0.49990227818489075,0.26131755113601685,0.6825816035270691,0.7597663998603821,0.49986299872398376,0.17172110080718994,4.325685362538412e-05,0.9999134625812757,43709,5701,100.0,320.2343436460942,2.451315041980706,0.08870537602342665,5.0,2.0,1.0,iou,0.25,0.25,2.0,True,False,True,False,False,0.05,0.35,1.0,30,True,30,70,0.0,0.15,4.0,0.0,20,0.5,True,True
epoch,1783946716.1015668,13,1085.945545561961,9.949045167083424e-05,9.949045167083424e-05,7.913685703630492e-05,9.906683160798918e-06,9.947972433758863e-05,2.1637022495269775,1.5441228151321411,1.7702291011810303,0.6195792555809021,0.07080857455730438,0.5544663071632385,0.07928507775068283,0.0,0.0,0.21624818444252014,0.0,22856,0.5,True,0.1,0.2,0.05,0.25,128,20,True,0.05,10,0.2,50,0.0,0.0,0,,,,,,,,,,,,,,,0.03910278528928757,0.018318038433790207,0.008217758356402571,0.517975340687865,35919,4334981,69345,4370900,69345,43709,38008,4370900,100.0,100.0,0.4861236810684204,0.513856053352356,0.27136561274528503,0.6946403384208679,0.7663854360580444,0.518105149269104,0.18358929455280304,0.0001298085812390104,0.9997494551416404,43709,5701,100.0,319.4184431050671,2.4151344089768827,0.08750760997645557,5.0,2.0,1.0,iou,0.25,0.25,2.0,True,False,True,False,False,0.05,0.35,1.0,30,True,30,70,0.0,0.15,4.0,0.0,20,0.5,True,True
epoch,1783947819.2074482,14,1085.8772914039437,9.941521315686131e-05,9.941521315686131e-05,7.900968122217539e-05,9.892926347364535e-06,9.94029018549005e-05,2.1228625774383545,1.5140060186386108,1.7395983934402466,0.6088582277297974,0.06852744519710541,0.5469343662261963,0.0755629912018776,0.0,0.0,0.2162635326385498,0.0,22856,0.5,True,0.1,0.2,0.05,0.25,128,20,True,0.05,10,0.2,50,0.0,0.0,0,,,,,,,,,,,,,,,0.0385892353951931,0.017800284549593925,0.0083779084399094,0.5280697959477972,36619,4334281,69345,4370900,69345,43709,38008,4370900,100.0,100.0,0.4935882091522217,0.5212484002113342,0.2802358567714691,0.7060860991477966,0.7704376578330994,0.5283005237579346,0.1941307932138443,0.00023072781013733223,0.9995632640897342,43709,5701,100.0,320.91593888693023,2.379217460984364,0.0859727100469172,5.0,2.0,1.0,iou,0.25,0.25,2.0,True,False,True,False,False,0.05,0.35,1.0,30,True,30,70,0.0,0.15,4.0,0.0,20,0.5,True,True
epoch,1783948952.7160208,15,1122.9798686349532,9.933482986107933e-05,9.933482986107933e-05,7.887388708081445e-05,9.878235143442069e-06,9.932082627920732e-05,2.085577964782715,1.4885776042938232,1.705725073814392,0.5970050096511841,0.06648153811693192,0.5406785011291504,0.07264869660139084,0.0,0.0,0.013850834220647812,5.643181793857366e-05,22856,0.5,True,0.1,0.2,0.05,0.25,128,20,True,0.05,10,0.2,50,0.0,0.0,0,1.4403380155563354,0.06331323087215424,0.5239375233650208,0.0744929313659668,0.0,0.0,0.016348637640476227,6.660629151156172e-05,5701,0.5,True,True,0.0,0.0,0.035515591502189636,0.015518279746174812,0.008421835319956989,0.530838560819093,36811,4334089,69345,4370900,69345,43709,38008,4370900,100.0,100.0,0.49459192156791687,0.5251282453536987,0.2741871476173401,0.708290696144104,0.7681159377098083,0.5308962464332581,0.19809646904468536,5.768561416508167e-05,0.9998913429609785,43709,5701,100.0,358.47750575793907,2.4445780999958515,0.09074218792375177,5.0,2.0,1.0,iou,0.25,0.25,2.0,True,False,True,False,False,0.05,0.35,1.0,30,True,30,70,0.0,0.15,4.0,0.0,20,0.5,True,True
epoch,1783950060.4170675,16,1100.97286932508,9.924931059842254e-05,9.924931059842254e-05,7.872950500245928e-05,9.862612413110834e-06,9.92335066110209e-05,2.0702645778656006,1.4782395362854004,1.6914972066879272,0.5920248627662659,0.06587665528059006,0.5388094782829285,0.0686136931180954,0.0,0.0,0.008046666160225868,0.0001281836739508435,22856,0.5,True,0.1,0.2,0.05,0.25,128,20,True,0.05,10,0.2,50,0.0,0.0,0,,,,,,,,,,,,,,,0.03502645716071129,0.015422391705214977,0.008452721407490447,0.5327853486192228,36946,4333954,69345,4370900,69345,43709,38008,4370900,100.0,100.0,0.49683916568756104,0.5263973474502563,0.278639554977417,0.7109118103981018,0.772817075252533,0.5329006910324097,0.19619295001029968,0.00011534241318689187,0.9997835573961005,43709,5701,100.0,336.36901491193566,2.4806107820477337,0.09333484398666769,5.0,2.0,1.0,iou,0.25,0.25,2.0,True,False,True,False,False,0.05,0.35,1.0,30,True,30,70,0.0,0.15,4.0,0.0,20,0.5,True,True
epoch,1783951153.5692995,17,1086.5372758229496,9.915866474704176e-05,9.915866474704176e-05,7.857656729929627e-05,9.846061202053064e-06,9.914095242592685e-05,2.0385243892669678,1.4552263021469116,1.666556715965271,0.5832946300506592,0.06410211324691772,0.5327514410018921,0.06610305607318878,0.0,0.0,0.003433800535276532,0.00012017637345707044,22856,0.5,True,0.1,0.2,0.05,0.25,128,20,True,0.05,10,0.2,50,0.0,0.0,0,,,,,,,,,,,,,,,0.03491411358118057,0.016313593834638596,0.008638266718524789,0.5444804960703727,37757,4333143,69345,4370900,69345,43709,38008,4370900,100.0,100.0,0.5032801628112793,0.5347326397895813,0.2874659597873688,0.7154318690299988,0.7779075503349304,0.5446246862411499,0.20464344322681427,0.00014419017077715868,0.9997352485584663,43709,5701,100.0,320.4143222440034,2.4337042790139094,0.08626736409496516,5.0,2.0,1.0,iou,0.25,0.25,2.0,True,False,True,False,False,0.05,0.35,1.0,30,True,30,70,0.0,0.15,4.0,0.0,20,0.5,True,True
epoch,1783952246.9601264,18,1083.2185733449878,9.906290224727613e-05,9.906290224727613e-05,7.841510819822966e-05,9.828584736960147e-06,9.904317387353457e-05,2.02292537689209,1.4441194534301758,1.6537314653396606,0.5788055658340454,0.06356462836265564,0.5295378565788269,0.06349025666713715,0.0,0.0,0.0015948897926136851,9.687365673016757e-05,22856,0.5,True,0.1,0.2,0.05,0.25,128,20,True,0.05,10,0.2,50,0.0,0.0,0,,,,,,,,,,,,,,,0.03783849999308586,0.018082136288285255,0.008579468759294424,0.5407743889249406,37500,4333400,69345,4370900,69345,43709,38008,4370900,100.0,100.0,0.5034821629524231,0.5318009257316589,0.2880669832229614,0.7159801721572876,0.7809503078460693,0.5408753156661987,0.20624414086341858,0.00010092674125816714,0.9998134010957149,43709,5701,100.0,318.46698677900713,2.4510066480142996,0.08835611992981285,5.0,2.0,1.0,iou,0.25,0.25,2.0,True,False,True,False,False,0.05,0.35,1.0,30,True,30,70,0.0,0.15,4.0,0.0,20,0.5,True,True
epoch,1783953353.3714914,19,1099.4331263350323,9.896203360056285e-05,9.896203360056285e-05,7.824516383322172e-05,9.810186424903581e-06,9.894018167636418e-05,2.0001304149627686,1.427561640739441,1.6359184980392456,0.572571337223053,0.06238477677106857,0.5250504612922668,0.061010025441646576,0.0,0.0,0.0008470010361634195,7.84320363891311e-05,22856,0.5,True,0.1,0.2,0.05,0.25,128,20,True,0.05,10,0.2,50,0.0,0.0,0,,,,,,,,,,,,,,,0.03575082868337631,0.016863396391272545,0.008711935756937931,0.5491239454899416,38079,4332821,69345,4370900,69345,43709,38008,4370900,100.0,100.0,0.5082783699035645,0.5371301770210266,0.2876048684120178,0.7237526178359985,0.7816569209098816,0.5492393374443054,0.21678563952445984,0.00011539195436383043,0.9997899058816494,43709,5701,100.0,333.2885728109395,2.8913969789864495,0.08840815792791545,5.0,2.0,1.0,iou,0.25,0.25,2.0,True,False,True,False,False,0.05,0.35,1.0,30,True,30,70,0.0,0.15,4.0,0.0,20,0.5,True,True
epoch,1783954526.8062608,20,1165.3575721950037,9.885606986828575e-05,9.885606986828575e-05,7.806677223720605e-05,9.790869852670758e-06,9.88319871286707e-05,1.9847651720046997,1.4155925512313843,1.6262037754058838,0.5691701173782349,0.06168092042207718,0.5215919613838196,0.058587491512298584,0.0,0.0,0.0003840116842184216,4.99222005601041e-05,22856,0.5,True,0.1,0.2,0.05,0.25,128,20,True,0.05,10,0.2,50,0.0,0.0,0,1.3764400482177734,0.059399548918008804,0.5070204138755798,0.06077804043889046,0.0,0.0,0.00010071588621940464,1.3092502740619238e-05,5701,0.5,True,True,0.0,0.0,0.03866695240139961,0.018576033413410187,0.008736836517949558,0.5506813757300454,38187,4332617,69345,4370804,69345,43709,38008,4370900,100.0,100.0,0.5093567371368408,0.5416215658187866,0.29576215147972107,0.724624752998352,0.7859975695610046,0.5507534742355347,0.21481001377105713,7.209850548928198e-05,0.9998690911471972,43709,5701,99.99780365599761,389.26481439801864,2.9534630480920896,0.10782598797231913,5.0,2.0,1.0,iou,0.25,0.25,2.0,True,False,True,True,False,0.05,0.35,1.0,30,True,30,70,0.0,0.15,4.0,0.0,20,0.5,True,True
epoch,1783955636.5938618,21,1101.0145189099712,9.874502267056217e-05,9.874502267056217e-05,7.787997333357593e-05,9.770638786065706e-06,9.871860209520557e-05,1.9703781604766846,1.4064016342163086,1.6113624572753906,0.5639771819114685,0.061020419001579285,0.5195005536079407,0.05579030141234398,0.0,0.0,0.00020397502521518618,3.516615470289253e-05,22856,0.5,True,0.1,0.2,0.05,0.25,128,20,True,0.05,10,0.2,50,0.0,0.0,0,,,,,,,,,,,,,,,0.04152974486351013,0.0205830167979002,0.008786340149103749,0.5537818155598817,38402,4332246,69345,4370648,69345,43709,38008,4370900,100.0,100.0,0.5106242895126343,0.5433813333511353,0.301282674074173,0.7251896262168884,0.7892710566520691,0.5538539290428162,0.21499747037887573,7.211348293445496e-05,0.9998697969281195,43709,5701,99.99423459699375,326.96387173293624,2.9992313700495288,0.0866695640143007,5.0,2.0,1.0,iou,0.25,0.25,2.0,True,False,True,True,False,0.05,0.35,1.0,30,True,30,70,0.0,0.15,4.0,0.0,20,0.5,True,True
epoch,1783956748.5208695,22,1094.0569344999967,9.862890418496871e-05,9.862890418496871e-05,7.768480892724971e-05,9.749497169174947e-06,9.860003900991541e-05,1.9573299884796143,1.3980729579925537,1.597888469696045,0.5592597723007202,0.0608859658241272,0.5157498717308044,0.05411214753985405,0.0,0.0,0.00017349411791656166,3.804653897532262e-05,22856,0.5,True,0.1,0.2,0.05,0.25,128,20,True,0.05,10,0.2,50,0.0,0.0,0,,,,,,,,,,,,,,,0.043150708079338074,0.022347042337059975,0.0089168182357971,0.5619727449707982,38970,4331423,69345,4370393,69345,43709,38008,4370900,100.0,100.0,0.5132480263710022,0.5510627031326294,0.29903098940849304,0.7285175323486328,0.7883913516998291,0.5621746182441711,0.22054941952228546,0.00020187327337295446,0.9996409064606946,43709,5701,99.98840055823743,318.04985141404904,2.535494872019626,0.08465015899855644,5.0,2.0,1.0,iou,0.25,0.25,2.0,True,False,True,True,False,0.05,0.35,1.0,30,True,30,70,0.0,0.15,4.0,0.0,20,0.5,True,True
epoch,1783957866.6178036,23,1102.3480315880151,9.850772714520587e-05,9.850772714520587e-05,7.748132269531491e-05,9.727449123598582e-06,9.847631087457863e-05,1.9519048929214478,1.3933886289596558,1.5957646369934082,0.5585172772407532,0.05969500541687012,0.5158369541168213,0.05324416607618332,0.0,0.0,0.00012721562234219164,3.434840982663445e-05,22856,0.5,True,0.1,0.2,0.05,0.25,128,20,True,0.05,10,0.2,50,0.0,0.0,0,,,,,,,,,,,,,,,0.03666941821575165,0.018500613048672676,0.008888844134438504,0.5600980604225251,38840,4330682,69345,4369522,69345,43709,38008,4370900,100.0,100.0,0.5134731531143188,0.5521571040153503,0.29772934317588806,0.7310740947723389,0.7840651869773865,0.5602422952651978,0.22269810736179352,0.00014423484267267472,0.9997425491722213,43709,5701,99.96847331213252,327.79663802706636,2.563641318003647,0.08699631900526583,5.0,2.0,1.0,iou,0.25,0.25,2.0,True,False,True,True,False,0.05,0.35,1.0,30,True,30,70,0.0,0.15,4.0,0.0,20,0.5,True,True
epoch,1783958971.2240126,24,1094.0173440130893,9.838150483970161e-05,9.838150483970161e-05,7.726956017725351e-05,9.704498947646783e-06,9.834743125737954e-05,1.9385864734649658,1.3857789039611816,1.5794565677642822,0.5528097748756409,0.05906733497977257,0.5134516954421997,0.051635827869176865,0.0,0.0,9.274082549382001e-05,3.005664621014148e-05,22856,0.5,True,0.1,0.2,0.05,0.25,128,20,True,0.05,10,0.2,50,0.0,0.0,0,,,,,,,,,,,,,,,0.03603033721446991,0.01778991147875786,0.008866413737287918,0.5586271540846492,38738,4330334,69345,4369072,69345,43709,38008,4370900,100.0,100.0,0.5152477025985718,0.549872875213623,0.30139195919036865,0.733629584312439,0.7900930047035217,0.5587136745452881,0.22615906596183777,8.652046063883922e-05,0.9998451434704739,43709,5701,99.95817794962136,318.4689715100685,2.511468077893369,0.08536980103235692,5.0,2.0,1.0,iou,0.25,0.25,2.0,True,False,True,True,False,0.05,0.35,1.0,30,True,30,70,0.0,0.15,4.0,0.0,20,0.5,True,True
epoch,1783960109.7895405,25,1131.4526811409742,9.82502511101541e-05,9.82502511101541e-05,7.704956876475036e-05,9.680651115501824e-06,9.82134142914205e-05,1.923678994178772,1.374001383781433,1.57049560546875,0.5496712327003479,0.05833873525261879,0.5094417333602905,0.049703121185302734,0.0,0.0,6.721566751366481e-05,2.560095163062215e-05,22856,0.5,True,0.1,0.2,0.05,0.25,128,20,True,0.05,10,0.2,50,0.0,0.0,0,1.3432642221450806,0.05668863281607628,0.4974244236946106,0.051827725023031235,0.0,0.0,1.1076378996222047e-06,4.219306504182896e-07,5701,0.5,True,True,0.0,0.0,0.03642333298921585,0.01810113526880741,0.008956839430231508,0.5644242555339246,39140,4330705,69345,4369845,69345,43709,38008,4370900,100.0,100.0,0.5183466672897339,0.5513705015182495,0.30447447299957275,0.7362948656082153,0.7947941422462463,0.5644242763519287,0.23198500275611877,2.0818004098366316e-08,0.9999999631163914,43709,5701,99.97586309455718,358.19264088291675,2.529089713934809,0.08941123599652201,5.0,2.0,1.0,iou,0.25,0.25,2.0,True,False,True,True,False,0.05,0.35,1.0,30,True,30,70,0.0,0.15,4.0,0.0,20,0.5,True,True
epoch,1783961229.7914515,26,1112.7703372170217,9.81139803500139e-05,9.81139803500139e-05,7.682139769108708e-05,9.655910276345835e-06,9.807427467317208e-05,1.9060863256454468,1.362717866897583,1.5524697303771973,0.543366551399231,0.057367585599422455,0.5055195093154907,0.04878847301006317,0.0,0.0,6.131060945335776e-05,2.6974923457601108e-05,22856,0.5,True,0.1,0.2,0.05,0.25,128,20,True,0.05,10,0.2,50,0.0,0.0,0,,,,,,,,,,,,,,,0.038140952587127686,0.01935628056526184,0.00896595983879857,0.5649145576465499,39174,4330018,69345,4369192,69345,43709,38008,4370900,100.0,100.0,0.5208908915519714,0.5530311465263367,0.31312254071235657,0.7401862144470215,0.7991780042648315,0.5650154948234558,0.23661403357982635,0.00010093717690595749,0.999821355028613,43709,5701,99.96092337962433,339.3605167759815,2.986651993007399,0.08556360704824328,5.0,2.0,1.0,iou,0.25,0.25,2.0,True,False,True,True,False,0.05,0.35,1.0,30,True,30,70,0.0,0.15,4.0,0.0,20,0.5,True,True
epoch,1783962359.11466,27,1117.8387997199316,9.797270750290547e-05,9.797270750290547e-05,7.658509802012385e-05,9.630281253454431e-06,9.793002766086137e-05,1.8944658041000366,1.3554927110671997,1.539933443069458,0.5389766693115234,0.057136666029691696,0.5021028518676758,0.047465868294239044,0.0,0.0,4.327779242885299e-05,2.1638896214426495e-05,22856,0.5,True,0.1,0.2,0.05,0.25,128,20,True,0.05,10,0.2,50,0.0,0.0,0,,,,,,,,,,,,,,,0.03856061398983002,0.02006661519408226,0.00901895927161603,0.5681736246304708,39400,4329175,69345,4368575,69345,43709,38008,4370900,100.0,100.0,0.5228073000907898,0.5558789372444153,0.31246834993362427,0.7432421445846558,0.798644483089447,0.568260133266449,0.2391664832830429,8.650863597814418e-05,0.999847765783813,43709,5701,99.94680729369237,318.7997904329095,2.562449589953758,0.0852397340349853,5.0,2.0,1.0,iou,0.25,0.25,2.0,True,False,True,True,False,0.05,0.35,1.0,30,True,30,70,0.0,0.15,4.0,0.0,20,0.5,True,True
epoch,1783963458.241636,28,1092.4395416890038,9.782644806098852e-05,9.782644806098852e-05,7.634072263487152e-05,9.603769043256404e-06,9.778068907279881e-05,1.8921324014663696,1.3529495000839233,1.5405142307281494,0.5391802191734314,0.05643368139863014,0.5012856125831604,0.04715330898761749,0.0,0.0,5.5854383390396833e-05,3.143088542856276e-05,22856,0.5,True,0.1,0.2,0.05,0.25,128,20,True,0.05,10,0.2,50,0.0,0.0,0,,,,,,,,,,,,,,,0.03380689024925232,0.01689370535314083,0.009018937365248081,0.5682457278823275,39405,4329735,69345,4369140,69345,43709,38008,4370900,100.0,100.0,0.5221048593521118,0.5554123520851135,0.30282163619995117,0.744245171546936,0.7930924892425537,0.5682745575904846,0.24171894788742065,2.8829708157096512e-05,0.9999492679941905,43709,5701,99.9597336932897,316.87250338098966,2.4990831199102104,0.08436405402608216,5.0,2.0,1.0,iou,0.25,0.25,2.0,True,False,True,True,False,0.05,0.35,1.0,30,True,30,70,0.0,0.15,4.0,0.0,20,0.5,True,True
epoch,1783964555.5423706,29,1090.017979466007,9.767521806325903e-05,9.767521806325903e-05,7.60883262256565e-05,9.576378814359665e-06,9.762627528564345e-05,1.8778342008590698,1.3438972234725952,1.5255340337753296,0.5339356064796448,0.05577690899372101,0.49781179428100586,0.046011071652173996,0.0,0.0,9.006185428006575e-05,5.6300064898096025e-05,22856,0.5,True,0.1,0.2,0.05,0.25,128,20,True,0.05,10,0.2,50,0.0,0.0,0,,,,,,,,,,,,,,,0.0341717004776001,0.017431410029530525,0.009075476341741216,0.5716490013699618,39641,4328284,69345,4367925,69345,43709,38008,4370900,100.0,100.0,0.5247412919998169,0.5594097375869751,0.3082246482372284,0.7464379668235779,0.794808566570282,0.5717931985855103,0.2448337972164154,0.00014419721554848053,0.9997478157909098,43709,5701,99.93193621450959,316.83006768708583,2.461609518970363,0.09120740997605026,5.0,2.0,1.0,iou,0.25,0.25,2.0,True,False,True,True,False,0.05,0.35,1.0,30,True,30,70,0.0,0.15,4.0,0.0,20,0.5,True,True
epoch,1783965703.765336,30,1136.564663895988,9.751903409379048e-05,9.751903409379048e-05,7.58279652778814e-05,9.548115906543605e-06,9.746680323260713e-05,1.8814971446990967,1.34850013256073,1.5228506326675415,0.5329962372779846,0.055412985384464264,0.49844083189964294,0.047320518642663956,0.0,0.0,9.157432214124128e-05,6.291132012847811e-05,22856,0.5,True,0.1,0.2,0.05,0.25,128,20,True,0.05,10,0.2,50,0.0,0.0,0,1.3389381170272827,0.055417031049728394,0.49330613017082214,0.0489543192088604,0.0,0.0,2.9476115059878794e-07,2.028226617767359e-07,5701,0.5,True,True,0.0,0.0,0.029126795008778572,0.014445668086409569,0.009005488413857558,0.5669334486985363,39314,4326246,69345,4365560,69345,43709,38008,4370900,100.0,100.0,0.5218765735626221,0.5533016324043274,0.30488577485084534,0.7450557947158813,0.7948806881904602,0.5671209096908569,0.24396856129169464,0.00018746099232058722,0.999669451453619,43709,5701,99.87782836486765,359.8822201229632,2.4240463339956477,0.08938520809169859,4.999729473257903,1.999918841977371,1.0002705267420964,iou,0.25,0.25,2.0,True,False,True,True,False,0.05,0.35,1.0,30,True,30,70,0.0,0.15,4.0,0.0,20,0.5,True,True
epoch,1783966824.4010694,31,1113.6936304669362,9.735791327991514e-05,9.735791327991514e-05,7.555969805938364e-05,9.518985829718107e-06,9.730229040159756e-05,1.871179223060608,1.3404486179351807,1.5163615942001343,0.5307262539863586,0.05495409667491913,0.49534955620765686,0.04599212110042572,0.0,0.0,2.2571060981135815e-05,1.691138095338829e-05,22856,0.5,True,0.1,0.2,0.05,0.25,128,20,True,0.05,10,0.2,50,0.0006064139941690962,0.0004548104956268222,0,,,,,,,,,,,,,,,0.03371015563607216,0.017337758094072342,0.009037064161393311,0.5694282212127767,39487,4329963,69345,4369450,69345,43709,38008,4370900,100.0,100.0,0.525913655757904,0.560225248336792,0.31370827555656433,0.7478906512260437,0.7991347312927246,0.5694570541381836,0.24688152968883514,2.8832925406896415e-05,0.9999493676912116,43709,5701,99.96682605413073,338.40655830700416,2.731730386032723,0.09031981392763555,4.998918010127164,1.9996754030381492,1.0010819898728363,iou,0.25,0.25,2.0,True,False,True,True,False,0.05,0.35,1.0,30,True,30,70,0.0,0.15,4.0,0.0,20,0.5,True,True
epoch,1783967973.7920933,32,1142.2906317509478,9.719187329034592e-05,9.719187329034592e-05,7.528358460739547e-05,9.488994262849364e-06,9.713275483330056e-05,1.8590259552001953,1.3317490816116333,1.5065046548843384,0.5272760391235352,0.0543278306722641,0.49187609553337097,0.04546342045068741,0.0,0.0,2.5797406124183908e-05,2.089079498546198e-05,22856,0.5,True,0.1,0.2,0.05,0.25,128,20,True,0.05,10,0.2,50,0.002402332361516035,0.0018017492711370263,0,,,,,,,,,,,,,,,0.03547736257314682,0.018501581624150276,0.0091917459855471,0.5792919460667676,40171,4330163,69345,4370334,69345,43709,38008,4370900,100.0,100.0,0.5296236276626587,0.5668522715568542,0.31574109196662903,0.7512749433517456,0.7993510961532593,0.5792919397354126,0.2519143521785736,-6.331354995836591e-09,1.000000010929472,43709,5701,99.9870507218193,344.9595679009799,2.560042557073757,0.08655591902788728,4.997565961843744,1.9992697885531232,1.0024340381562562,iou,0.25,0.25,2.0,True,False,True,True,False,0.05,0.35,1.0,30,True,30,70,0.0,0.15,4.0,0.0,20,0.5,True,True
epoch,1783969115.8585544,33,1131.0915601140587,9.702093233323877e-05,9.702093233323877e-05,7.499968671510777e-05,9.458147052852762e-06,9.69582151192017e-05,1.8525241613388062,1.3273307085037231,1.5005515813827515,0.5251917243003845,0.053852301090955734,0.48938465118408203,0.04567282646894455,0.0,0.0,1.7430280422559008e-05,1.5147853446251247e-05,22856,0.5,True,0.1,0.2,0.05,0.25,128,20,True,0.05,10,0.2,50,0.005352769679300292,0.004014577259475219,0,,,,,,,,,,,,,,,0.03376808017492294,0.017623666673898697,0.009151644479024239,0.5767106496502993,39992,4329933,69345,4369925,69345,43709,38008,4370900,100.0,100.0,0.5312362909317017,0.5660516619682312,0.32030045986175537,0.7540522813796997,0.8028553128242493,0.5767250657081604,0.25559160113334656,1.4416057861121878e-05,0.9999750035871192,43709,5701,99.97769338122583,354.8024086620426,2.8063038169639185,0.08856279298197478,4.995673913631991,1.9987021740895974,1.004326086368009,iou,0.25,0.25,2.0,True,False,True,True,False,0.05,0.35,1.0,30,True,30,70,0.0,0.15,4.0,0.0,20,0.5,True,True
epoch,1783970256.7739751,34,1133.2509398929542,9.684510915419598e-05,9.684510915419598e-05,7.470806791784096e-05,9.426450213453011e-06,9.677869039954747e-05,1.8386539220809937,1.3193155527114868,1.4838271141052246,0.5193393230438232,0.05355720967054367,0.4854264259338379,0.04530470073223114,0.0,0.0,3.280198507127352e-05,3.0380206226254813e-05,22856,0.5,True,0.1,0.2,0.05,0.25,128,20,True,0.05,10,0.2,50,0.00942274052478134,0.007067055393586005,0,,,,,,,,,,,,,,,0.036658115684986115,0.01929507590830326,0.009210822647949011,0.5803446535438749,40244,4328964,69345,4369208,69345,43709,38008,4370900,100.0,100.0,0.5324270725250244,0.5698820352554321,0.3229421377182007,0.7546868324279785,0.8045280575752258,0.5804023146629333,0.256860613822937,5.766111905847193e-05,0.9999006531890006,43709,5701,99.96128943695807,355.6949541490758,2.5827393420040607,0.09551581600680947,4.993242684451328,1.9979728053353982,1.0067573155486722,iou,0.25,0.25,2.0,True,False,True,True,False,0.05,0.35,1.0,30,True,30,70,0.0,0.15,4.0,0.0,20,0.5,True,True
epoch,1783971402.2860088,35,1134.322902374086,9.666442303421048e-05,9.666442303421048e-05,7.440879347882604e-05,9.393909924011755e-06,9.659420036124649e-05,1.8364776372909546,1.3162951469421387,1.486237645149231,0.5201823115348816,0.052267950028181076,0.48473235964775085,0.046613872051239014,0.0,0.0,2.0715046048280783e-05,2.0300603864598088e-05,22856,0.5,True,0.1,0.2,0.05,0.25,128,20,True,0.05,10,0.2,50,0.014577259475218658,0.010932944606413994,0,1.3264472484588623,0.05349239706993103,0.4852583706378937,0.0494886115193367,0.0,0.0,1.3935058973402192e-07,1.3655393615863431e-07,5701,0.5,True,True,0.014577259475218658,0.010932944606413994,0.027982575818896294,0.013922525569796562,0.009150188856839854,0.5764510779436153,39974,4328679,69345,4368653,69345,43709,38008,4370900,100.0,100.0,0.5295949578285217,0.5664100050926208,0.31116607785224915,0.7539640069007874,0.7988607883453369,0.5765087604522705,0.25468310713768005,5.768250865523239e-05,0.9998999451307383,43709,5701,99.9485918231943,359.09235335094854,2.446444898028858,0.08882932201959193,4.990273326641769,1.9970819979925307,1.009726673358231,iou,0.25,0.25,2.0,True,False,True,True,False,0.05,0.35,1.0,30,True,30,70,0.0,0.15,4.0,0.0,20,0.5,True,True
epoch,1783972510.9821143,36,1097.7884956509806,9.647889378755145e-05,9.647889378755145e-05,7.410193037459895e-05,9.360532528322895e-06,9.640476523571043e-05,1.8259769678115845,1.3125096559524536,1.467053771018982,0.5134682655334473,0.05185524374246597,0.48220518231391907,0.04731016233563423,0.0,0.0,4.203278513159603e-05,4.3285843275953084e-05,22856,0.5,True,0.1,0.2,0.05,0.25,128,20,True,0.05,10,0.2,50,0.020781341107871724,0.015586005830903794,0,,,,,,,,,,,,,,,0.027989361435174942,0.014219257049262524,0.00920833801795184,0.5799120340327348,40214,4326915,69345,4367129,69345,43709,38008,4370900,100.0,100.0,0.5319335460662842,0.5685746073722839,0.31310343742370605,0.7602347135543823,0.7956449389457703,0.5799841284751892,0.26425841450691223,7.209444245437346e-05,0.9998756958356018,43709,5701,99.91372486215654,319.197202980984,2.4999240540200844,0.08413447707425803,4.986767125468425,1.9960301376405276,1.0132328745315746,iou,0.25,0.25,2.0,True,False,True,True,False,0.05,0.35,1.0,30,True,30,70,0.0,0.15,4.0,0.0,20,0.5,True,True
epoch,1783973640.7430277,37,1122.6518333429703,9.628854175959154e-05,9.628854175959154e-05,7.378754728001138e-05,9.326324533375856e-06,9.621040579663558e-05,1.8165241479873657,1.3047436475753784,1.4622348546981812,0.5117828845977783,0.0512906089425087,0.47972434759140015,0.046461351215839386,0.0,0.0,2.5305940653197467e-05,2.7279354981146753e-05,22856,0.5,True,0.1,0.2,0.05,0.25,128,20,True,0.05,10,0.2,50,0.028000000000000004,0.021000000000000005,0,,,,,,,,,,,,,,,0.029672902077436447,0.015145513229072094,0.009267335618116176,0.5837479270315091,40480,4327550,69345,4368030,69345,43709,38008,4370900,100.0,100.0,0.534234881401062,0.5746855139732361,0.31656548380851746,0.7600902318954468,0.7992068529129028,0.583747923374176,0.26301825046539307,-3.6573331030353984e-09,1.000000006265261,43709,5701,99.9343384657622,328.03054198401514,2.936226413003169,0.08569178392644972,4.982725598565186,1.9948176795695558,1.0172744014348138,iou,0.25,0.25,2.0,True,False,True,True,False,0.05,0.35,1.0,30,True,30,70,0.0,0.15,4.0,0.0,20,0.5,True,True
epoch,1783974787.0871162,38,1133.6729196140077,9.609338782457568e-05,9.609338782457568e-05,7.346571455286167e-05,9.291292608087032e-06,9.601114335772464e-05,1.794891595840454,1.2895336151123047,1.4438912868499756,0.5053620934486389,0.05049256607890129,0.47501131892204285,0.044729407876729965,0.0,0.0,1.5097425603016745e-05,1.6903259165701456e-05,22856,0.5,True,0.1,0.2,0.05,0.25,128,20,True,0.05,10,0.2,50,0.03619825072886297,0.02714868804664723,0,,,,,,,,,,,,,,,0.0345010831952095,0.01809457503259182,0.009309967893347688,0.5865887951546614,40677,4328511,69345,4369188,69345,43709,38008,4370900,100.0,100.0,0.537665605545044,0.5783739686012268,0.3251119554042816,0.7612435817718506,0.8089696168899536,0.5866609215736389,0.26388347148895264,7.212641897746952e-05,0.9998770560364171,43709,5701,99.9608318652909,336.47691867803223,2.5495466799475253,0.08460194803774357,4.978150495277822,1.9934451485833464,1.0218495047221787,iou,0.25,0.25,2.0,True,False,True,True,False,0.05,0.35,1.0,30,True,30,70,0.0,0.15,4.0,0.0,20,0.5,True,True
epoch,1783975894.4503613,39,1097.4825472650118,9.589345338333202e-05,9.589345338333202e-05,7.313650421814894e-05,9.255443581999669e-06,9.580699977034954e-05,1.788248062133789,1.2851407527923584,1.4374425411224365,0.503104031085968,0.05005713552236557,0.47264108061790466,0.04539751261472702,0.0,0.0,1.7118643881985918e-05,1.98117304535117e-05,22856,0.5,True,0.1,0.2,0.05,0.25,128,20,True,0.05,10,0.2,50,0.04534110787172011,0.034005830903790085,0,,,,,,,,,,,,,,,0.03158626705408096,0.016186092048883438,0.009356787779008995,0.5896027110822698,40886,4328776,69345,4369662,69345,43709,38008,4370900,100.0,100.0,0.5371587872505188,0.5775502920150757,0.32450979948043823,0.7615174055099487,0.805652916431427,0.5897036790847778,0.26717138290405273,0.0001009680025080284,0.9998287817999292,43709,5701,99.97167631380265,319.378095604945,2.4323346889577806,0.08396237494889647,4.97304379590679,1.991913138772037,1.02695620409321,iou,0.25,0.25,2.0,True,False,True,True,False,0.05,0.35,1.0,30,True,30,70,0.0,0.15,4.0,0.0,20,0.5,True,True
epoch,1783977055.234934,40,1152.873107551015,9.56887603609251e-05,9.56887603609251e-05,7.279998995195417e-05,9.218784443952433e-06,9.559799742115511e-05,1.7834941148757935,1.2840349674224854,1.4270269870758057,0.4994611144065857,0.05010922625660896,0.4710763990879059,0.04564446955919266,0.0,0.0,2.079306432278827e-05,2.4721121008042246e-05,22856,0.5,True,0.1,0.2,0.05,0.25,128,20,True,0.05,10,0.2,50,0.0553935860058309,0.04154518950437318,0,1.3092814683914185,0.05254701152443886,0.47595199942588806,0.04836739972233772,0.0,0.0,1.2941566751578648e-07,1.538908520615223e-07,5701,0.5,True,True,0.0553935860058309,0.04154518950437318,0.03133717179298401,0.016387833282351494,0.009352243501641827,0.5892566154733578,40862,4328357,69345,4369219,69345,43709,38008,4370900,100.0,100.0,0.5382868051528931,0.5823167562484741,0.31944236159324646,0.7663288116455078,0.8017016649246216,0.5893287062644958,0.2752469480037689,7.209079113801309e-05,0.9998776730365045,43709,5701,99.961541101375,363.1647043299163,2.9824758030008525,0.0934942839667201,4.9674077108500825,1.9902223132550247,1.0325922891499177,iou,0.25,0.25,2.0,True,False,True,True,False,0.05,0.35,1.0,30,True,30,70,0.0,0.15,4.0,0.0,20,0.5,True,True
epoch,1783978175.040579,41,1109.896091404953,9.547933120425152e-05,9.547933120425152e-05,7.245624706495178e-05,9.181322340716926e-06,9.538415922960419e-05,1.775330901145935,1.2773089408874512,1.4229217767715454,0.4980224370956421,0.049403220415115356,0.4695855677127838,0.04505499452352524,0.0,0.0,1.2972473086847458e-05,1.5755442291265354e-05,22856,0.5,True,0.1,0.2,0.05,0.25,128,20,True,0.05,10,0.2,50,0.0663206997084548,0.049740524781341104,0,,,,,,,,,,,,,,,0.03216039389371872,0.016480008140206337,0.0093896337564531,0.5916648640853702,41029,4328577,69345,4369606,69345,43709,38008,4370900,100.0,100.0,0.5385376811027527,0.5790188908576965,0.32731232047080994,0.7612795829772949,0.8092436194419861,0.5917513966560364,0.2660898268222809,8.65325706661535e-05,0.9998537687090303,43709,5701,99.9703951131346,328.384085586993,3.1524391398997977,0.08473145810421556,4.961244679646464,1.9883734038939391,1.0387553203535362,iou,0.25,0.25,2.0,True,False,True,True,False,0.05,0.35,1.0,30,True,30,70,0.0,0.15,4.0,0.0,20,0.5,True,True
epoch,1783979303.6728923,42,1118.7575725390343,9.526518887957835e-05,9.526518887957835e-05,7.210535248555535e-05,9.143064575604398e-06,9.516550864546421e-05,1.7570515871047974,1.2642799615859985,1.4079365730285645,0.49277859926223755,0.04870886355638504,0.46578237414360046,0.044065650552511215,0.0,0.0,1.7943573766388e-05,2.2121901565697044e-05,22856,0.5,True,0.1,0.2,0.05,0.25,128,20,True,0.05,10,0.2,50,0.07808746355685131,0.05856559766763848,0,,,,,,,,,,,,,,,0.03529965132474899,0.01850399561226368,0.009361079119059023,0.5899199653904391,40908,4329101,69345,4370009,69345,43709,38008,4370900,100.0,100.0,0.5395910739898682,0.5775501728057861,0.33204054832458496,0.7637112140655518,0.8098637461662292,0.5900064706802368,0.2686711251735687,8.650528979770034e-05,0.9998533824727415,43709,5701,99.97961518222792,319.7242691440042,2.978230905951932,0.08498147502541542,4.954557369919539,1.9863672109758619,1.0454426300804607,iou,0.25,0.25,2.0,True,False,True,True,False,0.05,0.35,1.0,30,True,30,70,0.0,0.15,4.0,0.0,20,0.5,True,True
epoch,1783980440.5233226,43,1129.8800049170386,9.504635687002466e-05,9.504635687002466e-05,7.174738474270131e-05,9.104018607041961e-06,9.49420696462357e-05,1.754456639289856,1.26460862159729,1.3995707035064697,0.4898509383201599,0.04889046028256416,0.46419039368629456,0.045010536909103394,0.0,0.0,1.049330603564158e-05,1.3075949937046971e-05,22856,0.5,True,0.1,0.2,0.05,0.25,128,20,True,0.05,10,0.2,50,0.09065889212827989,0.06799416909620992,0,,,,,,,,,,,,,,,0.03255400434136391,0.016911333426833153,0.009397254962370923,0.5920398009950248,41055,4327774,69345,4368829,69345,43709,38008,4370900,100.0,100.0,0.5390369296073914,0.5784241557121277,0.3252672851085663,0.7663214802742004,0.8061864376068115,0.59227055311203,0.2718580961227417,0.00023075211700518405,0.999610394074477,43709,5701,99.95261845386534,341.2385685070185,3.077290312969126,0.08726189995650202,4.947348676223091,1.9842046028669273,1.052651323776909,iou,0.25,0.25,2.0,True,False,True,True,False,0.05,0.35,1.0,30,True,30,70,0.0,0.15,4.0,0.0,20,0.5,True,True
epoch,1783981563.2090406,44,1112.0151916409377,9.48228591729863e-05,9.48228591729863e-05,7.138242394827446e-05,9.064192047118552e-06,9.471386673452286e-05,1.739547610282898,1.2536221742630005,1.38835608959198,0.48592397570610046,0.047878094017505646,0.46187010407447815,0.04453198239207268,0.0,0.0,7.3910719038394745e-06,9.235955985786859e-06,22856,0.5,True,0.1,0.2,0.05,0.25,128,20,True,0.05,10,0.2,50,0.10400000000000002,0.07800000000000001,0,,,,,,,,,,,,,,,0.03247283771634102,0.016729015856981277,0.009477679197888274,0.597043766673877,41402,4326967,69345,4368369,69345,43709,38008,4370900,100.0,100.0,0.543749213218689,0.5844782590866089,0.3327634036540985,0.7685429453849792,0.8101521134376526,0.5970437526702881,0.2762419879436493,-1.4003588955091573e-08,1.000000023454879,43709,5701,99.9420943055206,320.87789855804294,3.0082095339894295,0.08895742509048432,4.9396217187881915,1.9818865156364573,1.0603782812118085,iou,0.25,0.25,2.0,True,False,True,True,False,0.05,0.35,1.0,30,True,30,70,0.0,0.15,4.0,0.0,20,0.5,True,True
epoch,1783982762.881934,45,1188.857331844978,9.459472029750436e-05,9.459472029750436e-05,7.101055177917927e-05,9.02359266010094e-06,9.448092493534657e-05,1.72137451171875,1.239675521850586,1.3762719631195068,0.48169636726379395,0.04719234257936478,0.4572659134864807,0.044105470180511475,0.0,0.0,9.386263627675362e-06,1.1729693142115138e-05,22856,0.5,True,0.1,0.2,0.05,0.25,128,20,True,0.05,10,0.2,50,0.11807580174927114,0.08855685131195336,0,1.2770800590515137,0.050985369831323624,0.46466735005378723,0.04705299809575081,0.0,0.0,1.5501697703257378e-07,1.9368789594409463e-07,5701,0.5,True,True,0.11807580174927114,0.08855685131195336,0.0345844067633152,0.01805892586708069,0.009654509602630729,0.6078448338020045,42151,4323788,69345,4365939,69345,43709,38008,4370900,100.0,100.0,0.5487369894981384,0.5911516547203064,0.3393295109272003,0.7727534174919128,0.8154156804084778,0.6079025268554688,0.28280338644981384,5.769305346425835e-05,0.9999050948944682,43709,5701,99.88649934796038,401.8383424159838,3.074019800988026,0.0940919480053708,4.9313798421726345,1.9794139526517904,1.0686201578273655,iou,0.25,0.25,2.0,True,False,True,True,False,0.05,0.35,1.0,30,True,30,70,0.0,0.15,4.0,0.0,20,0.5,True,True
epoch,1783983884.6910934,46,1114.7023197030649,9.436196526157741e-05,9.436196526157741e-05,7.063185145906076e-05,8.98222836092007e-06,9.42432697934001e-05,1.7036885023117065,1.2268871068954468,1.3622987270355225,0.4768039286136627,0.04644103720784187,0.4525972008705139,0.044516269117593765,0.0,0.0,6.59788929624483e-06,8.24842481961241e-06,22856,0.5,True,0.1,0.2,0.05,0.25,128,20,True,0.05,10,0.2,50,0.13285131195335276,0.09963848396501457,0,,,,,,,,,,,,,,,0.03598052263259888,0.01921810582280159,0.009593765014590345,0.6041098853558295,41892,4324694,69345,4366586,69345,43709,38008,4370900,100.0,100.0,0.5491219162940979,0.5919150710105896,0.3436344563961029,0.7726945281028748,0.8171461820602417,0.6041820049285889,0.28449058532714844,7.211957275932157e-05,0.9998806327031077,43709,5701,99.90130179139308,328.6667078729952,2.575554921058938,0.08573741198051721,4.922626613813268,1.9767879841439804,1.0773733861867323,iou,0.25,0.25,2.0,True,False,True,True,False,0.05,0.35,1.0,30,True,30,70,0.0,0.15,4.0,0.0,20,0.5,True,True
epoch,1783985006.5520706,47,1112.0838756669546,9.412461958941807e-05,9.412461958941807e-05,7.024640773967951e-05,8.940107213628023e-06,9.400092737024792e-05,1.6966265439987183,1.2215734720230103,1.3572938442230225,0.4750521183013916,0.045869965106248856,0.4520423114299774,0.0442025251686573,0.0,0.0,8.914043064578436e-06,1.1141713002871256e-05,22856,0.5,True,0.1,0.2,0.05,0.25,128,20,True,0.05,10,0.2,50,0.14829154518950438,0.11121865889212829,0,,,,,,,,,,,,,,,0.035480059683322906,0.01877073012292385,0.00973540107750285,0.6130795298867979,42514,4324435,69345,4366949,69345,43709,38008,4370900,100.0,100.0,0.5494859218597412,0.5937504768371582,0.3438619375228882,0.7732062339782715,0.8151993751525879,0.6131660342216492,0.28296199440956116,8.650433485124509e-05,0.9998589218416818,43709,5701,99.90960671715207,320.4431961410446,3.0411988660926,0.08773355092853308,4.913365822481852,1.9740097467445556,1.0866341775181476,iou,0.25,0.25,2.0,True,False,True,True,False,0.05,0.35,1.0,30,True,30,70,0.0,0.15,4.0,0.0,20,0.5,True,True
epoch,1783986166.7719102,48,1148.7502776669571,9.38827093086539e-05,9.38827093086539e-05,6.985430688194438e-05,8.897237429825923e-06,9.375392424146768e-05,1.70263671875,1.2267277240753174,1.3597344160079956,0.47590765357017517,0.04609857499599457,0.4538843333721161,0.04472940042614937,0.0,0.0,6.245379609026713e-06,7.807020665495656e-06,22856,0.5,True,0.1,0.2,0.05,0.25,128,20,True,0.05,10,0.2,50,0.1643615160349854,0.12327113702623904,0,,,,,,,,,,,,,,,0.03277720510959625,0.016962239518761635,0.00951493080310746,0.5987309827673228,41519,4322044,69345,4363563,69345,43709,38008,4370900,100.0,100.0,0.5445570349693298,0.5854232311248779,0.33788955211639404,0.7681378722190857,0.8118104934692383,0.5989328622817993,0.2769630253314972,0.00020187951447647734,0.9996629346506262,43709,5701,99.83213983390148,352.7546384050511,3.087283509899862,0.0977321449900046,4.903601476645122,1.9710804429935365,1.0963985233548785,iou,0.25,0.25,2.0,True,False,True,True,False,0.05,0.35,1.0,30,True,30,70,0.0,0.15,4.0,0.0,20,0.5,True,True
epoch,1783987272.5544138,49,1098.1635523049626,9.363626094747332e-05,9.363626094747332e-05,6.94556366366077e-05,8.853627367063064e-06,9.35022874937359e-05,1.689918875694275,1.2174150943756104,1.350013017654419,0.4725048542022705,0.045631907880306244,0.45192065834999084,0.043913405388593674,0.0,0.0,1.9442048142082058e-05,2.431844586681109e-05,22856,0.5,True,0.1,0.2,0.05,0.25,128,20,True,0.05,10,0.2,50,0.1810262390670554,0.13576967930029155,0,,,,,,,,,,,,,,,0.034277431666851044,0.017978060990571976,0.009635108838075855,0.6067632850241546,42076,4324870,69345,4366946,69345,43709,38008,4370900,100.0,100.0,0.5491273999214172,0.5921295285224915,0.3446751534938812,0.7716805338859558,0.8169154524803162,0.6068209409713745,0.2823130786418915,5.7655947219958925e-05,0.9999049868860365,43709,5701,99.909538081402,317.66916715400293,2.524502916028723,0.08387878397479653,4.893337802729744,1.9680013408189232,1.1066621972702562,iou,0.25,0.25,2.0,True,False,True,True,False,0.05,0.35,1.0,30,True,30,70,0.0,0.15,4.0,0.0,20,0.5,True,True
epoch,1783988428.8779523,50,1146.6222829490434,9.33853015317163e-05,9.33853015317163e-05,6.905048622462699e-05,8.809285527207592e-06,9.32460447218577e-05,1.6754486560821533,1.2072173357009888,1.3378006219863892,0.46823039650917053,0.04518419876694679,0.4485761523246765,0.04392499849200249,0.0,0.0,9.131269507633988e-06,1.1410950719437096e-05,22856,0.5,True,0.1,0.2,0.05,0.25,128,20,True,0.05,10,0.2,50,0.19825072886297376,0.14868804664723032,0,1.2608113288879395,0.04998156428337097,0.4623752236366272,0.046204786747694016,0.0,0.0,6.350131087629052e-08,7.936377954820273e-08,5701,0.5,True,True,0.19825072886297376,0.14868804664723032,0.03594062849879265,0.018895842134952545,0.009669399246565326,0.6082918739635158,42182,4320240,69345,4362422,69345,43709,38008,4370900,100.0,100.0,0.5500180721282959,0.5936417579650879,0.34801623225212097,0.7734208106994629,0.8192515969276428,0.6084072589874268,0.28036627173423767,0.00011538502391095218,0.9998103490347847,43709,5701,99.80603537028988,361.0506464820355,2.596019797027111,0.09193694998975843,4.882579243292945,1.9647737729878836,1.1174207567070549,iou,0.25,0.25,2.0,True,False,True,True,True,0.05,0.35,1.0,30,True,30,70,0.0,0.15,4.0,0.0,20,0.5,True,True
epoch,1783989545.6198747,51,1105.1157664629864,9.312985858191086e-05,9.312985858191086e-05,6.863894631719758e-05,8.764220554789041e-06,9.298522402574056e-05,1.675225019454956,1.2071211338043213,1.3374401330947876,0.4681050479412079,0.04551920294761658,0.44871699810028076,0.043512698262929916,0.0,0.0,1.0229070539935492e-05,1.2782837984559592e-05,22856,0.5,True,0.1,0.2,0.05,0.25,128,20,True,0.05,10,0.2,50,0.216,0.162,0,,,,,,,,,,,,,,,0.037424590438604355,0.020131085067987442,0.009601610920907494,0.6044127190136275,41913,4323292,69345,4365205,69345,43709,38008,4370900,100.0,100.0,0.5496956706047058,0.5916016697883606,0.3454849421977997,0.7737854719161987,0.815660834312439,0.6044127345085144,0.28558656573295593,1.5494886929090512e-08,0.9999999743637319,43709,5701,99.86970646777552,320.015074283001,2.557782771065831,0.08800915803294629,4.87133045509958,1.961399136529874,1.1286695449004198,iou,0.25,0.25,2.0,True,False,True,True,True,0.05,0.35,1.0,30,True,30,70,0.0,0.15,4.0,0.0,20,0.5,True,True
epoch,1783990656.217177,52,1102.126431321958,9.286996011025502e-05,9.286996011025502e-05,6.822110901546076e-05,8.718441235313081e-06,9.271985400731302e-05,1.6695572137832642,1.2029387950897217,1.3332000970840454,0.4666195511817932,0.045809462666511536,0.44746580719947815,0.04288558289408684,0.0,0.0,7.872299647715408e-06,9.84016696747858e-06,22856,0.5,True,0.1,0.2,0.05,0.25,128,20,True,0.05,10,0.2,50,0.23423906705539357,0.1756793002915452,0,,,,,,,,,,,,,,,0.03924867883324623,0.021235724911093712,0.009699969896645148,0.6105703367221862,42340,4322622,69345,4364962,69345,43709,38008,4370900,100.0,100.0,0.550642192363739,0.5922237038612366,0.3468489944934845,0.7718361616134644,0.8214002251625061,0.6107289791107178,0.28436079621315,0.0001586423885315824,0.9997402409350828,43709,5701,99.8641469720195,317.5803072960116,2.5165134540293366,0.10374214698094875,4.859596307106485,1.9578788921319454,1.1404036928935153,iou,0.25,0.25,2.0,True,False,True,True,True,0.05,0.35,1.0,30,True,30,70,0.0,0.15,4.0,0.0,20,0.5,True,True
epoch,1783991767.2299225,53,1104.407250117045,9.2605634617545e-05,9.2605634617545e-05,6.779706782989185e-05,8.671956493548747e-06,9.244996376738805e-05,1.6534522771835327,1.1914621591567993,1.3199723958969116,0.46199002861976624,0.04427649825811386,0.4442196488380432,0.044382527470588684,0.0,0.0,1.664755109231919e-05,2.07950306503335e-05,22856,0.5,True,0.1,0.2,0.05,0.25,128,20,True,0.05,10,0.2,50,0.252932944606414,0.18969970845481052,0,,,,,,,,,,,,,,,0.03245518356561661,0.01702491007745266,0.009662028397993613,0.6079457783546038,42158,4321108,69345,4363266,69345,43709,38008,4370900,100.0,100.0,0.549806535243988,0.5908891558647156,0.34223416447639465,0.7754765748977661,0.8168433308601379,0.6079602241516113,0.2862643301486969,1.4445797007489602e-05,0.9999762389109786,43709,5701,99.82534489464412,319.7815600699978,2.443706447025761,0.08397985808551311,4.847381878354984,1.9542145635064951,1.1526181216450164,iou,0.25,0.25,2.0,True,False,True,True,True,0.05,0.35,1.0,30,True,30,70,0.0,0.15,4.0,0.0,20,0.5,True,True
epoch,1783992899.2405438,54,1122.0512674970087,9.233691109004974e-05,9.233691109004974e-05,6.73669176593729e-05,8.62477539178855e-06,9.217558290247183e-05,1.6520154476165771,1.192739725112915,1.3122166395187378,0.4592757821083069,0.04402373731136322,0.4454292058944702,0.044936053454875946,0.0,0.0,9.460282853979152e-06,1.1820702638942748e-05,22856,0.5,True,0.1,0.2,0.05,0.25,128,20,True,0.05,10,0.2,50,0.2720466472303207,0.2040349854227405,0,,,,,,,,,,,,,,,0.02971278503537178,0.01532262284308672,0.009612393583124847,0.6051481721825654,41964,4323650,69345,4365614,69345,43709,38008,4370900,100.0,100.0,0.5495011210441589,0.5911542177200317,0.34023937582969666,0.775589644908905,0.8150984048843384,0.6052923798561096,0.2882399559020996,0.0001442076735441722,0.9997617553461049,43709,5701,99.87906380836898,336.3194989330368,2.480352915939875,0.08742676000110805,4.834692455772463,1.950407736731739,1.1653075442275367,iou,0.25,0.25,2.0,True,False,True,True,True,0.05,0.35,1.0,30,True,30,70,0.0,0.15,4.0,0.0,20,0.5,True,True
epoch,1783994076.3701935,55,1168.6744553800672,9.206381899633226e-05,9.206381899633226e-05,6.693075476995475e-05,8.576907128081765e-06,9.18967415015182e-05,1.6339973211288452,1.1779875755310059,1.3028807640075684,0.45600828528404236,0.04326995089650154,0.44123515486717224,0.04436514154076576,0.0,0.0,7.2329139584326185e-06,9.03830641618697e-06,22856,0.5,True,0.1,0.2,0.05,0.25,128,20,True,0.05,10,0.2,50,0.2915451895043732,0.21865889212827988,0,1.2501230239868164,0.04912101849913597,0.46070438623428345,0.04764431342482567,0.0,0.0,6.002852614983567e-08,7.501051157987604e-08,5701,0.5,True,True,0.2915451895043732,0.21865889212827988,0.03137781471014023,0.01645360141992569,0.009641369640819806,0.6068786502271253,42084,4322856,69345,4364940,69345,43709,38008,4370900,100.0,100.0,0.5522270202636719,0.5931017994880676,0.34699341654777527,0.7764080166816711,0.8207368850708008,0.606921911239624,0.2878073453903198,4.3261012498740925e-05,0.9999287206283088,43709,5701,99.86364364318561,382.9292112669209,2.4677050419850275,0.09182312001939863,4.821533531883965,1.9464600595651893,1.1784664681160355,iou,0.25,0.25,2.0,True,False,True,True,True,0.05,0.35,1.0,30,True,30,70,0.0,0.15,4.0,0.0,20,0.5,True,True
epoch,1783995213.6205957,56,1130.6525574410334,9.178638828401812e-05,9.178638828401812e-05,6.648867677331286e-05,8.528361034441245e-06,9.161347014262903e-05,1.6260775327682495,1.1706585884094238,1.3012040853500366,0.4554208815097809,0.042713191360235214,0.43914079666137695,0.04475788027048111,0.0,0.0,7.884450496931095e-06,9.856718861556146e-06,22856,0.5,True,0.1,0.2,0.05,0.25,128,20,True,0.05,10,0.2,50,0.31139358600583095,0.2335451895043732,0,,,,,,,,,,,,,,,0.029415374621748924,0.014975590631365776,0.009710893305398547,0.6105847573725575,42341,4317814,69345,4360155,69345,43709,38008,4370900,100.0,100.0,0.552199125289917,0.5925711393356323,0.34492596983909607,0.7771205902099609,0.8167567849159241,0.6106857061386108,0.2914845943450928,0.00010094876605337699,0.9998346960391595,43709,5701,99.75416962181701,337.6895219089929,2.4934132570633665,0.08784672908950597,4.807910802434781,1.9423732407304346,1.1920891975652181,iou,0.25,0.25,2.0,True,False,True,True,True,0.05,0.35,1.0,30,True,30,70,0.0,0.15,4.0,0.0,20,0.5,True,True
epoch,1783996328.6455696,57,1106.456191780977,9.150464937651129e-05,9.150464937651129e-05,6.604078260490231e-05,8.479146575024136e-06,9.1325799889701e-05,1.6222978830337524,1.169679880142212,1.2931928634643555,0.4526170790195465,0.043003201484680176,0.43894851207733154,0.04437829181551933,0.0,0.0,9.37078038987238e-06,1.170536779682152e-05,22856,0.5,True,0.1,0.2,0.05,0.25,128,20,True,0.05,10,0.2,50,0.3315568513119534,0.24866763848396506,0,,,,,,,,,,,,,,,0.02984948456287384,0.014949316158890724,0.009726337615228774,0.6112481072896387,42387,4315574,69345,4357961,69345,43709,38008,4370900,100.0,100.0,0.550516664981842,0.5949479341506958,0.34637680649757385,0.774368405342102,0.8150263428688049,0.6112625002861023,0.28274568915367126,1.4392996463552521e-05,0.9999764536570511,43709,5701,99.70397400992931,319.80608702194877,2.4247363479807973,0.08329433004837483,4.793830163925101,1.9381490491775304,1.206169836074899,iou,0.25,0.25,2.0,True,False,True,True,True,0.05,0.35,1.0,30,True,30,70,0.0,0.15,4.0,0.0,20,0.5,True,True
epoch,1783997441.828104,58,1104.6072373240022,9.121863316965786e-05,9.121863316965786e-05,6.55871725018164e-05,8.429273344286811e-06,9.103376228901909e-05,1.6114741563796997,1.1641114950180054,1.2781853675842285,0.44736459851264954,0.042713772505521774,0.43812525272369385,0.04390178248286247,0.0,0.0,8.631032869743649e-06,1.0786121492856182e-05,22856,0.5,True,0.1,0.2,0.05,0.25,128,20,True,0.05,10,0.2,50,0.3520000000000001,0.26400000000000007,0,,,,,,,,,,,,,,,0.031947311013936996,0.016394661739468575,0.009840158797208887,0.6184440118249334,42886,4315377,69345,4358263,69345,43709,38008,4370900,100.0,100.0,0.5565525889396667,0.6000378727912903,0.35313668847084045,0.7820851802825928,0.8198860883712769,0.6185305118560791,0.2945706248283386,8.650003114574201e-05,0.9998601523619487,43709,5701,99.71088334210346,318.61871074000373,2.4817319149151444,0.08380972396116704,4.779297711057743,1.9337893133173227,1.2207022889422572,iou,0.25,0.25,2.0,True,False,True,True,True,0.05,0.35,1.0,30,True,30,70,0.0,0.15,4.0,0.0,20,0.5,True,True
epoch,1783998555.7030478,59,1106.3115124540636,9.092837102835807e-05,9.092837102835807e-05,6.512794798035386e-05,8.378751065114426e-06,9.073738936579718e-05,1.5934563875198364,1.148537516593933,1.2711944580078125,0.44491761922836304,0.041829902678728104,0.43214744329452515,0.04467449337244034,0.0,0.0,9.06522836885415e-06,1.1342599464114755e-05,22856,0.5,True,0.1,0.2,0.05,0.25,128,20,True,0.05,10,0.2,50,0.3726880466472304,0.27951603498542277,0,,,,,,,,,,,,,,,0.031739506870508194,0.016255144029855728,0.009818884655466018,0.6171317326411421,42795,4315643,69345,4358438,69345,43709,38008,4370900,100.0,100.0,0.557466983795166,0.6018067598342896,0.3533448874950409,0.784419596195221,0.8239670991897583,0.6171749830245972,0.2981902062892914,4.325038345509569e-05,0.99992992200811,43709,5701,99.71488709419113,321.1830497538904,2.5034128619590774,0.09026209998410195,4.764319734100113,1.929295920230034,1.2356802658998869,iou,0.25,0.25,2.0,True,False,True,True,True,0.05,0.35,1.0,30,True,30,70,0.0,0.15,4.0,0.0,20,0.5,True,True
epoch,1783999710.9795234,60,1146.92879673501,9.063389478312662e-05,9.063389478312662e-05,6.466321181329995e-05,8.327589586925405e-06,9.043671362066613e-05,1.5996012687683105,1.1540427207946777,1.2730211019515991,0.445557564496994,0.042608026415109634,0.434783011674881,0.04391876980662346,0.0,0.0,1.1169871868332848e-05,1.3960053365735803e-05,22856,0.5,True,0.1,0.2,0.05,0.25,128,20,True,0.05,10,0.2,50,0.39358600583090375,0.2951895043731778,0,1.234824299812317,0.04884226620197296,0.45604050159454346,0.04888393357396126,0.0,0.0,7.989439865241366e-08,9.98770346427591e-08,5701,0.5,True,True,0.39358600583090375,0.2951895043731778,0.03113373927772045,0.01608811877667904,0.00976921500420333,0.6138438243564784,42567,4314692,69345,4357259,69345,43709,38008,4370900,100.0,100.0,0.5566232800483704,0.6014939546585083,0.3498884439468384,0.7866010069847107,0.8187035918235779,0.6138582229614258,0.30247312784194946,1.439860494734102e-05,0.9999765440872033,43709,5701,99.6879132444119,360.81005206902046,2.482722443062812,0.08728177193552256,4.748902716161507,1.9246708148484521,1.2510972838384928,iou,0.25,0.25,2.0,True,False,True,True,True,0.05,0.35,1.0,30,True,30,70,0.0,0.15,4.0,0.0,20,0.5,True,True
epoch,1784000826.1660533,61,1106.7898904120084,9.033523672660226e-05,9.033523672660226e-05,6.419306800692626e-05,8.275798883751296e-06,9.013176802610968e-05,1.5919835567474365,1.1489014625549316,1.265946388244629,0.44308117032051086,0.04207085445523262,0.43466347455978394,0.04345899447798729,0.0,0.0,4.312522833060939e-06,5.389968919189414e-06,22856,0.5,True,0.1,0.2,0.05,0.25,128,20,True,0.05,10,0.2,50,0.4146588921282799,0.3109941690962099,0,,,,,,,,,,,,,,,0.03319590166211128,0.017360869795084,0.009746472917431538,0.6129064820823419,42502,4318255,69345,4360757,69345,43709,38008,4370900,100.0,100.0,0.5572025775909424,0.6006127595901489,0.3555552065372467,0.7872055768966675,0.8198139667510986,0.612920880317688,0.3020837903022766,1.4398235346102517e-05,0.9999765088189871,43709,5701,99.7679425289986,320.45233946095686,2.4884841949678957,0.08393439301289618,4.733053330386943,1.9199159991160826,1.2669466696130578,iou,0.25,0.25,2.0,True,False,True,True,True,0.05,0.35,1.0,30,True,30,70,0.0,0.15,4.0,0.0,20,0.5,True,True
epoch,1784001948.0723739,62,1114.5773547439603,9.003242961000647e-05,9.003242961000647e-05,6.37176217777145e-05,8.223389052292297e-06,8.982258602284872e-05,1.5652053356170654,1.1277976036071777,1.24973464012146,0.4374066889286041,0.04109463840723038,0.4272918403148651,0.04312759265303612,0.0,0.0,6.301097528194077e-06,7.874763468862511e-06,22856,0.5,True,0.1,0.2,0.05,0.25,128,20,True,0.05,10,0.2,50,0.43587172011661807,0.32690379008746356,0,,,,,,,,,,,,,,,0.03496747463941574,0.017975907772779465,0.009886676176261931,0.6215877136058836,43104,4316703,69345,4359807,69345,43709,38008,4370900,100.0,100.0,0.5603609085083008,0.604827344417572,0.36208805441856384,0.7822504043579102,0.8275578618049622,0.6216309666633606,0.2973538041114807,4.325305747698849e-05,0.9999304200405119,43709,5701,99.74620787480839,328.86579941702075,2.475839782971889,0.08383117604535073,4.716778437068735,1.9150335311206206,1.283221562931265,iou,0.25,0.25,2.0,True,False,True,True,True,0.05,0.35,1.0,30,True,30,70,0.0,0.15,4.0,0.0,20,0.5,True,True
epoch,1784003064.6262536,63,1106.0180508729536,8.972550663955191e-05,8.972550663955191e-05,6.323697952880936e-05,8.170370309948898e-06,8.950920151617405e-05,1.5553655624389648,1.1211925745010376,1.2404818534851074,0.4341684877872467,0.04096488282084465,0.42477211356163025,0.0434856116771698,0.0,0.0,4.144716513110325e-06,5.180127573112259e-06,22856,0.5,True,0.1,0.2,0.05,0.25,128,20,True,0.05,10,0.2,50,0.4571895043731778,0.34289212827988336,0,,,,,,,,,,,,,,,0.03529839962720871,0.01866062358021736,0.009940965556208844,0.6251496142476025,43351,4317493,69345,4360844,69345,43709,38008,4370900,100.0,100.0,0.5600876808166504,0.6064391732215881,0.3612397015094757,0.7834234833717346,0.824313223361969,0.6252073049545288,0.2975701093673706,5.769070692629441e-05,0.9999077254752637,43709,5701,99.76993296575075,320.15063388296403,2.442570901941508,0.08437262801453471,4.700085080677073,1.9100255242031219,1.2999149193229271,iou,0.25,0.25,2.0,True,False,True,True,True,0.05,0.35,1.0,30,True,30,70,0.0,0.15,4.0,0.0,20,0.5,True,True
epoch,1784004191.9149468,64,1117.6032820759574,8.941450147280098e-05,8.941450147280098e-05,6.275124882620597e-05,8.116752992829967e-06,8.919164887222838e-05,1.551349401473999,1.1193466186523438,1.2342969179153442,0.43200403451919556,0.040736399590969086,0.4249569773674011,0.0435338020324707,0.0,0.0,6.562977887369925e-06,8.208943654608447e-06,22856,0.5,True,0.1,0.2,0.05,0.25,128,20,True,0.05,10,0.2,50,0.4785772594752186,0.35893294460641395,0,,,,,,,,,,,,,,,0.03474702686071396,0.018152274191379547,0.009919842460761438,0.6235633427067561,43241,4315800,69345,4359041,69345,43709,38008,4370900,100.0,100.0,0.5589966177940369,0.6071290373802185,0.3554859459400177,0.7808413505554199,0.8240680694580078,0.623635470867157,0.293561190366745,7.21281604009194e-05,0.9998843424343702,43709,5701,99.72868287995607,332.78376777505036,2.594015254988335,0.08438506501261145,4.682980486810867,1.9048941460432602,1.317019513189133,iou,0.25,0.25,2.0,True,False,True,True,True,0.05,0.35,1.0,30,True,30,70,0.0,0.15,4.0,0.0,20,0.5,True,True
epoch,1784005408.8813841,65,1210.1893342490075,8.909944821497495e-05,8.909944821497495e-05,6.226053837467697e-05,8.062547553737716e-06,8.886996291423758e-05,1.534345269203186,1.1077115535736084,1.218960165977478,0.42663583159446716,0.04008995369076729,0.42086082696914673,0.0438581146299839,0.0,0.0,4.912377335131168e-06,6.142147412901977e-06,22856,0.5,True,0.1,0.2,0.05,0.25,128,20,True,0.05,10,0.2,50,0.5,0.375,0,1.2117983102798462,0.04789971560239792,0.4500511884689331,0.04924200102686882,0.0,0.0,3.777489965273162e-08,4.7214857801236576e-08,5701,0.5,True,True,0.5,0.375,0.03330361843109131,0.017126549035310745,0.010026770023539357,0.630168000576826,43699,4314534,69345,4358233,69345,43709,38008,4370900,100.0,100.0,0.5618727207183838,0.6067384481430054,0.3608274757862091,0.784934401512146,0.8251063227653503,0.6302545070648193,0.30175212025642395,8.650648799335414e-05,0.9998627435630786,43709,5701,99.71019698460272,422.1798301889794,3.0358374030329287,0.10924223298206925,4.665472059070203,1.8996416177210609,1.3345279409297968,iou,0.25,0.25,2.0,True,False,True,True,True,0.05,0.35,1.0,30,True,30,70,0.0,0.15,4.0,0.0,20,0.5,True,True
epoch,1784006563.451559,66,1145.14786545292,8.878038141521384e-05,8.878038141521384e-05,6.176495799344476e-05,8.007764560129898e-06,8.854417891869203e-05,1.5309407711029053,1.1056753396987915,1.2150434255599976,0.42526495456695557,0.03954361006617546,0.419888436794281,0.04552362859249115,0.0,0.0,8.41055498312926e-06,1.0511997061257716e-05,22856,0.5,True,0.1,0.2,0.05,0.25,128,20,True,0.05,10,0.2,50,0.5214227405247813,0.391067055393586,0,,,,,,,,,,,,,,,0.02932664379477501,0.014957400970160961,0.009898376878442758,0.6214002451510563,43091,4310249,69345,4353340,69345,43709,38008,4370900,100.0,100.0,0.5598914623260498,0.6050087809562683,0.35124292969703674,0.7900123596191406,0.8214002251625061,0.6214002370834351,0.304708331823349,-8.067621237728417e-09,1.000000012982971,43709,5701,99.59825207623145,340.73165457497817,2.960347365005873,0.08346003806218505,4.647567375851747,1.894270212755524,1.3524326241482536,iou,0.25,0.25,2.0,True,False,True,True,True,0.05,0.35,1.0,30,True,30,70,0.0,0.15,4.0,0.0,20,0.5,True,True
epoch,1784007719.9317446,67,1145.4975270030554,8.845733606278782e-05,8.845733606278782e-05,6.126461859160437e-05,7.95241469205966e-06,8.821433261147809e-05,1.5220229625701904,1.0984617471694946,1.2101727724075317,0.4235607385635376,0.0392291359603405,0.41853928565979004,0.044850852340459824,0.0,0.0,5.875156148249516e-06,7.344759069383144e-06,22856,0.5,True,0.1,0.2,0.05,0.25,128,20,True,0.05,10,0.2,50,0.5428104956268222,0.40710787172011664,0,,,,,,,,,,,,,,,0.02985543943941593,0.015277842059731483,0.009919512615783721,0.6228711514889321,43193,4311154,69345,4354347,69345,43709,38008,4370900,100.0,100.0,0.5615108609199524,0.6030694246292114,0.3570476472377777,0.7899767756462097,0.8254235982894897,0.6228855848312378,0.3068714439868927,1.4433342305664176e-05,0.9999768282608281,43709,5701,99.62129080967307,338.18668529507704,3.0503415919374675,0.08905930805485696,4.6292741870684875,1.8887822561205463,1.3707258129315123,iou,0.25,0.25,2.0,True,False,True,True,True,0.05,0.35,1.0,30,True,30,70,0.0,0.15,4.0,0.0,20,0.5,True,True
epoch,1784008846.295059,68,1119.3671858649468,8.813034758326017e-05,8.813034758326017e-05,6.075963214330249e-05,7.896508740093457e-06,8.78804601639604e-05,1.5112913846969604,1.0906895399093628,1.2017228603363037,0.4206026494503021,0.0392230860888958,0.41730180382728577,0.04341119900345802,0.0,0.0,7.380619535979349e-06,9.225211215380114e-06,22856,0.5,True,0.1,0.2,0.05,0.25,128,20,True,0.05,10,0.2,50,0.5641282798833819,0.4230962099125364,0,,,,,,,,,,,,,,,0.0336957648396492,0.017303988337516785,0.010043907339612287,0.6303266277309106,43710,4308182,69345,4351892,69345,43709,38008,4370900,100.0,100.0,0.563339114189148,0.6055365204811096,0.36569392681121826,0.7877999544143677,0.8313505053520203,0.6303266286849976,0.30290576815605164,9.540869205793001e-10,0.9999999984863611,43709,5701,99.56512388752888,320.2079635980772,2.527986609027721,0.08986282499972731,4.61060041079525,1.883180123238575,1.38939958920475,iou,0.25,0.25,2.0,True,False,True,True,True,0.05,0.35,1.0,30,True,30,70,0.0,0.15,4.0,0.0,20,0.5,True,True
epoch,1784009970.2847228,69,1112.0985290119424,8.779945183460249e-05,8.779945183460249e-05,6.025011166267788e-05,7.840057603207392e-06,8.754259818901518e-05,1.500576376914978,1.0808807611465454,1.1991347074508667,0.4196956753730774,0.0387105830013752,0.4142053723335266,0.04348238930106163,0.0,0.0,6.017322448315099e-06,7.523779459006619e-06,22856,0.5,True,0.1,0.2,0.05,0.25,128,20,True,0.05,10,0.2,50,0.5853411078717201,0.4390058309037901,0,,,,,,,,,,,,,,,0.03507351130247116,0.018435601145029068,0.010151602754574577,0.6367870790972673,44158,4305697,69345,4349855,69345,43709,38008,4370900,100.0,100.0,0.5695238709449768,0.6170502305030823,0.3720964193344116,0.7934892773628235,0.833816409111023,0.636974573135376,0.312408983707428,0.00018749403810869314,0.9997056491012102,43709,5701,99.5185202132284,322.44839544489514,2.4909661499550566,0.09336150507442653,4.5915541298414055,1.8774662389524215,1.4084458701585947,iou,0.25,0.25,2.0,True,False,True,True,True,0.05,0.35,1.0,30,True,30,70,0.0,0.15,4.0,0.0,20,0.5,True,True
epoch,1784011532.0288417,70,1442.482764257933,8.74646851032625e-05,8.74646851032625e-05,5.973617117856935e-05,7.783072286662455e-06,8.720078373701538e-05,1.4893099069595337,1.0737121105194092,1.187416672706604,0.4155961871147156,0.03826649487018585,0.41341662406921387,0.04275206848978996,0.434006005525589,4.0006307244766504e-05,5.762384262197884e-06,7.205709607660538e-06,22856,0.5,True,0.1,0.2,0.05,0.25,128,20,True,0.05,10,0.2,50,0.6064139941690961,0.4548104956268221,0,1.1900554895401,0.0466996468603611,0.4447380602359772,0.05054112896323204,0.4982435405254364,4.59299553767778e-05,7.295957260566865e-08,9.119265342860672e-08,5701,0.5,True,True,0.6064139941690961,0.4548104956268221,0.03379007428884506,0.01734110154211521,0.01008233863900845,0.6323166774821545,43848,4305143,69345,4348991,69345,43709,38008,4370900,100.0,100.0,0.5667693018913269,0.6105502843856812,0.3705657124519348,0.791036069393158,0.8333549499511719,0.6324031949043274,0.30838561058044434,8.651742217291591e-05,0.999863192623203,43709,5701,99.49875311720699,474.9413160820259,2.9285614100517705,0.09130884089972824,4.572143588252291,1.8716430764756873,1.427856411747709,iou,0.25,0.25,2.0,True,False,True,True,True,0.05,0.35,1.0,30,True,30,70,0.0,0.15,4.0,0.0,20,0.5,True,True
epoch,1784012775.7133052,71,1235.6269748179475,8.712608410018472e-05,8.712608410018472e-05,5.921792570899653e-05,7.725563899859017e-06,8.685505429176755e-05,1.474471926689148,1.0642229318618774,1.1721391677856445,0.4102493226528168,0.03790631890296936,0.4094557464122772,0.04323631152510643,0.43449780344963074,0.00015749601880088449,5.117889031680534e-06,6.398604455171153e-06,22856,0.5,True,0.1,0.2,0.05,0.25,128,20,True,0.05,10,0.2,50,0.6273119533527698,0.47048396501457734,0,,,,,,,,,,,,,,,0.03555705398321152,0.018546903505921364,0.010015120548075017,0.6279183791188983,43543,4304183,69345,4347726,69345,43709,38008,4370900,100.0,100.0,0.566368818283081,0.6110885143280029,0.368638277053833,0.7896114587783813,0.833008885383606,0.6279183626174927,0.3085009753704071,-1.6501405575297667e-08,1.0000000262795397,43709,5701,99.46981170925896,350.03021070198156,2.623091166955419,0.08414559997618198,4.5523771877408326,1.8657131563222498,1.447622812259168,iou,0.25,0.25,2.0,True,False,True,True,True,0.05,0.35,1.0,30,True,30,70,0.0,0.15,4.0,0.0,20,0.5,True,True
epoch,1784014007.010134,72,1221.7524374990026,8.678368595678486e-05,8.678368595678486e-05,5.8695491235419156e-05,7.667543654171031e-06,8.650544776640139e-05,1.478183388710022,1.0668449401855469,1.175248146057129,0.41133639216423035,0.03829989582300186,0.41309040784835815,0.0417136624455452,0.40076038241386414,0.0003212574520148337,5.0103267312806565e-06,6.263858267629985e-06,22856,0.5,True,0.1,0.2,0.05,0.25,128,20,True,0.05,10,0.2,50,0.648,0.486,0,,,,,,,,,,,,,,,0.03828134387731552,0.019962113350629807,0.010006504515643751,0.6269377748936477,43475,4301199,69345,4344674,69345,43709,38008,4370900,100.0,100.0,0.5628010630607605,0.6065073609352112,0.3639935851097107,0.7851948142051697,0.8305861949920654,0.6270098686218262,0.30108875036239624,7.209372817851278e-05,0.9998850197871096,43709,5701,99.39998627284999,353.1326581669273,2.5740746059454978,0.08361382805742323,4.532263484050922,1.8596790452152767,1.467736515949078,iou,0.25,0.25,2.0,True,False,True,True,True,0.05,0.35,1.0,30,True,30,70,0.0,0.15,4.0,0.0,20,0.5,True,True
epoch,1784015282.2714167,73,1265.6658824690385,8.643752822087782e-05,8.643752822087782e-05,5.8168984676780925e-05,7.609022860760356e-06,8.615200249921208e-05,1.4670696258544922,1.058995008468628,1.165930986404419,0.4080757200717926,0.037792425602674484,0.40944942831993103,0.04290745407342911,0.38874924182891846,0.0005442717811092734,4.8358592721342575e-06,6.044611836841796e-06,22856,0.5,True,0.1,0.2,0.05,0.25,128,20,True,0.05,10,0.2,50,0.6684431486880467,0.501332361516035,0,,,,,,,,,,,,,,,0.03552459180355072,0.01830737479031086,0.01004638279573061,0.6293171822049174,43640,4300212,69345,4343852,69345,43709,38008,4370900,100.0,100.0,0.5652693510055542,0.6106010675430298,0.36939945816993713,0.7876222133636475,0.8313649296760559,0.6293315887451172,0.30570337176322937,1.4406540199796147e-05,0.9999771081883423,43709,5701,99.38118007732962,385.01623016700614,3.156564535922371,0.11021773400716484,4.51181118325413,1.853543354976239,1.4881888167458697,iou,0.25,0.25,2.0,True,False,True,True,True,0.05,0.35,1.0,30,True,30,70,0.0,0.15,4.0,0.0,20,0.5,True,True
epoch,1784016513.7911096,74,1224.4559317260282,8.608764885256017e-05,8.608764885256017e-05,5.763852386334342e-05,7.550012928371619e-06,8.579475724945617e-05,1.451743483543396,1.0497052669525146,1.148687720298767,0.40204060077667236,0.03731576353311539,0.40628790855407715,0.04307668283581734,0.37363430857658386,0.000802679278422147,6.992862381594023e-06,8.736899872019421e-06,22856,0.5,True,0.1,0.2,0.05,0.25,128,20,True,0.05,10,0.2,50,0.688606413994169,0.5164548104956268,0,,,,,,,,,,,,,,,0.03238348290324211,0.016431370750069618,0.010070072225882106,0.6297786430168001,43672,4293139,69345,4336811,69345,43709,38008,4370900,100.0,100.0,0.5649349689483643,0.6126238107681274,0.36234790086746216,0.7895301580429077,0.8291873931884766,0.6298218965530396,0.3082413971424103,4.32535362394626e-05,0.9999313241783492,43709,5701,99.2200919719051,353.9609295029659,2.6308327059959993,0.08324189099948853,4.491029137981341,1.8473087413944023,1.508970862018659,iou,0.25,0.25,2.0,True,False,True,True,True,0.05,0.35,1.0,30,True,30,70,0.0,0.15,4.0,0.0,20,0.5,True,True
epoch,1784017807.0771363,75,1283.4399997290457,8.573408622004745e-05,8.573408622004745e-05,5.710422751031612e-05,7.490525361108059e-06,8.543375119310108e-05,1.4511665105819702,1.047450304031372,1.153461217880249,0.4037106931209564,0.03716302290558815,0.4063674509525299,0.043115340173244476,0.36722445487976074,0.0011156474938616157,5.295592927723192e-06,6.618651696044253e-06,22856,0.5,True,0.1,0.2,0.05,0.25,128,20,True,0.05,10,0.2,50,0.7084548104956269,0.5313411078717202,0,1.1928044557571411,0.04767291620373726,0.4469287693500519,0.052147187292575836,0.43842655420303345,0.0013319537974894047,6.730830648393749e-08,8.4028556557314e-08,5701,0.5,True,True,0.7084548104956269,0.5313411078717202,0.0326877124607563,0.016859356313943863,0.010063423992465334,0.6298940082197707,43680,4296791,69345,4340471,69345,43709,38008,4370900,100.0,100.0,0.5658897757530212,0.6181437969207764,0.3610047399997711,0.790805995464325,0.8298363089561462,0.6299084424972534,0.3099142014980316,1.4434277482711089e-05,0.9999770851182348,43709,5701,99.30382758699581,414.72919737093616,2.641714920056984,0.08841872389893979,4.4699263435909575,1.8409779030772873,1.5300736564090425,iou,0.25,0.25,2.0,True,False,True,True,True,0.05,0.35,1.0,30,True,30,70,0.0,0.15,4.0,0.0,20,0.5,True,True
epoch,1784019038.8466961,76,1221.8219695579028,8.537687909546658e-05,8.537687909546658e-05,5.65662151912884e-05,7.430571756188786e-06,8.506902391852903e-05,1.4384956359863281,1.041449785232544,1.1344115734100342,0.39704397320747375,0.03754543513059616,0.4043022096157074,0.042483337223529816,0.3458489775657654,0.0014031545724719763,6.117311386333313e-06,7.64466130931396e-06,22856,0.5,True,0.1,0.2,0.05,0.25,128,20,True,0.05,10,0.2,50,0.7279533527696793,0.5459650145772594,0,,,,,,,,,,,,,,,0.0348934605717659,0.0179161224514246,0.010080328589748607,0.6313793352080179,43783,4299627,69345,4343410,69345,43709,38008,4370900,100.0,100.0,0.565290629863739,0.6151121854782104,0.36361315846443176,0.7873644828796387,0.8287692070007324,0.6315379738807678,0.3032374382019043,0.00015863867274990007,0.9997488058053341,43709,5701,99.37106774348533,353.0828222850105,2.618448583059944,0.08406582195311785,4.4485119342753245,1.8345535802825972,1.551488065724676,iou,0.25,0.25,2.0,True,False,True,True,True,0.05,0.35,1.0,30,True,30,70,0.0,0.15,4.0,0.0,20,0.5,True,True
epoch,1784020266.506611,77,1219.7650281630922,8.501606665060414e-05,8.501606665060414e-05,5.602460731146935e-05,7.370163801687867e-06,8.470061542219581e-05,1.4223135709762573,1.027723789215088,1.1273994445800781,0.3945898413658142,0.036564167588949203,0.40019920468330383,0.0425003319978714,0.3347673714160919,0.0017402544617652893,4.910258667223388e-06,6.137993295851629e-06,22856,0.5,True,0.1,0.2,0.05,0.25,128,20,True,0.05,10,0.2,50,0.7470670553935859,0.5603002915451893,0,,,,,,,,,,,,,,,0.03457384556531906,0.017724832519888878,0.010180541671124031,0.6367726584468959,44157,4293235,69345,4337392,69345,43709,38008,4370900,100.0,100.0,0.5688638091087341,0.6158648133277893,0.37333232164382935,0.7902645468711853,0.8339606523513794,0.6369601488113403,0.3093518018722534,0.00018749036444443146,0.9997056482029617,43709,5701,99.23338442883616,351.49700312898494,2.5801815879531205,0.08957388601265848,4.426795179107059,1.8280385537321178,1.5732048208929408,iou,0.25,0.25,2.0,True,False,True,True,True,0.05,0.35,1.0,30,True,30,70,0.0,0.15,4.0,0.0,20,0.5,True,True
epoch,1784021495.8485131,78,1220.793817623984,8.46516884526107e-05,8.46516884526107e-05,5.547952508074156e-05,7.309313274255727e-06,8.432856610424461e-05,1.4072363376617432,1.0186080932617188,1.1103657484054565,0.38862907886505127,0.03618674725294113,0.3964870274066925,0.042971473187208176,0.3231409788131714,0.002085759537294507,5.761381544289179e-05,7.202108827186748e-05,22856,0.5,True,0.1,0.2,0.05,0.25,128,20,True,0.05,10,0.2,50,0.7657609329446065,0.5743206997084549,0,,,,,,,,,,,,,,,0.03509197384119034,0.01814304105937481,0.010179538693190292,0.6358353161727593,44092,4287342,69345,4331434,69345,43709,38008,4370900,100.0,100.0,0.5694555044174194,0.6147471070289612,0.37081006169319153,0.7936250567436218,0.8338452577590942,0.6358497142791748,0.3144134283065796,1.4398106415458578e-05,0.9999773561171892,43709,5701,99.0970738291885,352.6846574720694,2.558993643033318,0.08501567400526255,4.4047854780270015,1.8214356434081005,1.5952145219729983,iou,0.25,0.25,2.0,True,False,True,True,True,0.05,0.35,1.0,30,True,30,70,0.0,0.15,4.0,0.0,20,0.5,True,True
epoch,1784022726.0029035,79,1221.2685863280203,8.428378445966183e-05,8.428378445966183e-05,5.4931090486534775e-05,7.2480320368232555e-06,8.395291676407577e-05,1.4029499292373657,1.0157263278961182,1.1063534021377563,0.3872239887714386,0.035880688577890396,0.39741426706314087,0.04252728074789047,0.32147476077079773,0.0025115215685218573,8.242814146797173e-06,1.0307239790563472e-05,22856,0.5,True,0.1,0.2,0.05,0.25,128,20,True,0.05,10,0.2,50,0.7839999999999999,0.588,0,,,,,,,,,,,,,,,0.03407853841781616,0.01745615154504776,0.0101870237222527,0.6354459586127335,44065,4281536,69345,4325601,69345,43709,38008,4370900,100.0,100.0,0.568964421749115,0.6190928816795349,0.3704392910003662,0.7927781343460083,0.8345085978507996,0.6356334090232849,0.31249549984931946,0.0001874504105514596,0.999705096667528,43709,5701,98.96362305246059,352.53002589195967,2.568993127089925,0.08396504796110094,4.382492357775516,1.8147477073326548,1.6175076422244843,iou,0.25,0.25,2.0,True,False,True,True,True,0.05,0.35,1.0,30,True,30,70,0.0,0.15,4.0,0.0,20,0.5,True,True
epoch,1784024016.1834686,80,1280.3863732099999,8.391239501657626e-05,8.391239501657626e-05,5.437942626652554e-05,7.1863320362891125e-06,8.35737085958726e-05,1.3883237838745117,1.0040518045425415,1.0979225635528564,0.3842722475528717,0.035396941006183624,0.3943668603897095,0.04181068018078804,0.3113712966442108,0.002884623594582081,9.820790182857309e-06,1.2272615094843786e-05,22856,0.5,True,0.1,0.2,0.05,0.25,128,20,True,0.05,10,0.2,50,0.8017492711370262,0.6013119533527697,0,1.1731306314468384,0.04719929024577141,0.4424324333667755,0.05342511832714081,0.4034059941768646,0.003737460356205702,1.1111512776551535e-07,1.3889845718040306e-07,5701,0.5,True,True,0.8017492711370262,0.6013119533527697,0.035949964076280594,0.018507476896047592,0.0101471758080919,0.6342490446319129,43982,4290426,69345,4334408,69345,43709,38008,4370900,100.0,100.0,0.5694718956947327,0.6205654144287109,0.37320947647094727,0.7897121906280518,0.8366861343383789,0.6342490315437317,0.30936622619628906,-1.308818120548949e-08,1.0000000206357134,43709,5701,99.16511473609555,412.6378855140647,2.5972502510994673,0.08936194400303066,4.35992546776891,1.807977640330673,1.6400745322310897,iou,0.25,0.25,2.0,True,False,True,True,True,0.05,0.35,1.0,30,True,30,70,0.0,0.15,4.0,0.0,20,0.5,True,True
epoch,1784025242.4595304,81,1217.8727176239481,8.353756085039161e-05,8.353756085039161e-05,5.382465588116897e-05,7.124225301190655e-06,8.319098318408407e-05,1.3845616579055786,1.0016618967056274,1.0940041542053223,0.3829022943973541,0.0354478545486927,0.393509179353714,0.042211271822452545,0.30979564785957336,0.003345672506839037,8.850724043441005e-06,1.10649916678085e-05,22856,0.5,True,0.1,0.2,0.05,0.25,128,20,True,0.05,10,0.2,50,0.8189737609329445,0.6142303206997084,0,,,,,,,,,,,,,,,0.03436730057001114,0.017689887434244156,0.010203571099324703,0.6352440695075348,44051,4273163,69345,4317214,69345,43709,38008,4370900,100.0,100.0,0.5701377987861633,0.6175068020820618,0.3723911941051483,0.7943872213363647,0.8382291197776794,0.6353161931037903,0.3158266544342041,7.212359625552445e-05,0.9998864760617808,43709,5701,98.77174037383605,351.252610625932,2.6041211610427126,0.08258594898506999,4.337094575922757,1.8011283727768272,1.6629054240772425,iou,0.25,0.25,2.0,True,False,True,True,True,0.05,0.35,1.0,30,True,30,70,0.0,0.15,4.0,0.0,20,0.5,True,True
epoch,1784026473.1263037,82,1218.876075483975,8.31593230658982e-05,8.31593230658982e-05,5.326690348606873e-05,7.061723939358947e-06,8.280478249886448e-05,1.386831283569336,1.0036295652389526,1.0948619842529297,0.3832019865512848,0.03569972142577171,0.39449554681777954,0.04253130406141281,0.30193856358528137,0.0037473365664482117,8.160994184436277e-06,1.0197364645136986e-05,22856,0.5,True,0.1,0.2,0.05,0.25,128,20,True,0.05,10,0.2,50,0.8356384839650146,0.626728862973761,0,,,,,,,,,,,,,,,0.033758729696273804,0.017591172829270363,0.01021213070045096,0.6358785781238734,44095,4273809,69345,4317904,69345,43709,38008,4370900,100.0,100.0,0.5701295137405396,0.6196457743644714,0.36996734142303467,0.7935997247695923,0.8336145281791687,0.6358785629272461,0.316864937543869,-1.5196627289881803e-08,1.0000000238986313,43709,5701,98.78752659635316,352.6714379420737,2.565831281011924,0.0828151929890737,4.314009564423921,1.7942028693271765,1.6859904355760782,iou,0.25,0.25,2.0,True,False,True,True,True,0.05,0.35,1.0,30,True,30,70,0.0,0.15,4.0,0.0,20,0.5,True,True
epoch,1784027702.5187814,83,1219.7494874029653,8.277772314113145e-05,8.277772314113145e-05,5.2706293904191484e-05,6.998840135558318e-06,8.241514889147105e-05,1.3657780885696411,0.9884633421897888,1.078046202659607,0.377315491437912,0.034884627908468246,0.390526682138443,0.041739724576473236,0.29565688967704773,0.0041651357896625996,5.3855810620007105e-06,6.732286237820517e-06,22856,0.5,True,0.1,0.2,0.05,0.25,128,20,True,0.05,10,0.2,50,0.8517084548104956,0.6387813411078718,0,,,,,,,,,,,,,,,0.034151121973991394,0.017626751214265823,0.01025163482045591,0.6393106929122503,44333,4280148,69345,4324481,69345,43709,38008,4370900,100.0,100.0,0.5721985101699829,0.6222649216651917,0.37577858567237854,0.794734001159668,0.8368880152702332,0.6393827795982361,0.31762924790382385,7.208668598579493e-05,0.9998872558218864,43709,5701,98.9379990390995,353.06813776202034,2.5695829160977155,0.0827026809565723,4.290680425453126,1.7872041276359378,1.7093195745468737,iou,0.25,0.25,2.0,True,False,True,True,True,0.05,0.35,1.0,30,True,30,70,0.0,0.15,4.0,0.0,20,0.5,True,True
epoch,1784028944.6195621,84,1231.3475170569727,8.239280292282333e-05,8.239280292282333e-05,5.2142952597931936e-05,6.935586149110915e-06,8.20221250896196e-05,1.3541299104690552,0.9808399677276611,1.0665439367294312,0.37329092621803284,0.03451589494943619,0.3871293067932129,0.04253367334604263,0.29226040840148926,0.004625583533197641,3.96140740122064e-06,4.952383278578054e-06,22856,0.5,True,0.1,0.2,0.05,0.25,128,20,True,0.05,10,0.2,50,0.8671486880466472,0.6503615160349854,0,,,,,,,,,,,,,,,0.03340877592563629,0.017094535753130913,0.010313426719647485,0.6438531977792198,44648,4284466,69345,4329114,69345,43709,38008,4370900,100.0,100.0,0.5747294425964355,0.6245251297950745,0.3806607723236084,0.7971404790878296,0.840781569480896,0.643939733505249,0.3196481466293335,8.653572602923543e-05,0.999865615178678,43709,5701,99.04399551579766,363.41643373295665,3.105721893021837,0.09276061702985317,4.26711725685991,1.7801351770579732,1.7328827431400897,iou,0.25,0.25,2.0,True,False,True,True,True,0.05,0.35,1.0,30,True,30,70,0.0,0.15,4.0,0.0,20,0.5,True,True
epoch,1784030234.3317974,85,1279.936264410033,8.200460462181345e-05,8.200460462181345e-05,5.157700564103484e-05,6.871974311506729e-06,8.1625754192799e-05,1.3365449905395508,0.9685041904449463,1.0515440702438354,0.3680413067340851,0.03371443599462509,0.38446518778800964,0.04186925292015076,0.28173425793647766,0.0049581159837543964,5.504168257175479e-06,6.878514795971569e-06,22856,0.5,True,0.1,0.2,0.05,0.25,128,20,True,0.05,10,0.2,50,0.8819241982507289,0.6614431486880467,0,1.1525499820709229,0.046422213315963745,0.43326741456985474,0.05708131566643715,0.3900928795337677,0.006864950992166996,5.451973450476544e-08,6.808674868352682e-08,5701,0.5,True,True,0.8819241982507289,0.6614431486880467,0.03322482854127884,0.01701977290213108,0.010416213308047111,0.6488427428077006,44994,4274618,69345,4319612,69345,43709,38008,4370900,100.0,100.0,0.5778942704200745,0.6300230622291565,0.38356173038482666,0.7994164824485779,0.8430023789405823,0.6489725112915039,0.3237868547439575,0.0001297684838033053,0.9998000400917675,43709,5701,98.82660321672881,412.845343434019,2.5951106060529128,0.09001540602184832,4.243330257791845,1.7729990773375537,1.7566697422081545,iou,0.25,0.25,2.0,True,False,True,True,True,0.05,0.35,1.0,30,True,30,70,0.0,0.15,4.0,0.0,20,0.5,True,True
epoch,1784031463.1936316,86,1219.7375930489507,8.161317080842013e-05,8.161317080842013e-05,5.1008579690380086e-05,6.80801702399954e-06,8.122607966754476e-05,1.323546290397644,0.9592093825340271,1.0409601926803589,0.3643355369567871,0.03351268544793129,0.38117924332618713,0.041640959680080414,0.281647264957428,0.005468676332384348,3.656153467090917e-06,4.5675546971324366e-06,22856,0.5,True,0.1,0.2,0.05,0.25,128,20,True,0.05,10,0.2,50,0.8960000000000001,0.6720000000000002,0,,,,,,,,,,,,,,,0.0340091846883297,0.017275573685765266,0.010386128308791528,0.6469824789097989,44865,4274839,69345,4319704,69345,43709,38008,4370900,100.0,100.0,0.5771459341049194,0.6281937956809998,0.38326460123062134,0.7974045276641846,0.8423101902008057,0.6469969153404236,0.32160934805870056,1.4436430624709118e-05,0.9999776870178475,43709,5701,98.82870804639776,353.24558154901024,2.5708289679605514,0.08581602503545582,4.219329724279913,1.7657989172839739,1.7806702757200874,iou,0.25,0.25,2.0,True,False,True,True,True,0.05,0.35,1.0,30,True,30,70,0.0,0.15,4.0,0.0,20,0.5,True,True
epoch,1784032700.0827575,87,1225.4502286909847,8.121854440777204e-05,8.121854440777204e-05,5.043780195763742e-05,6.7437267551892704e-06,8.082314534267252e-05,1.3293401002883911,0.9652805924415588,1.0401679277420044,0.36405953764915466,0.034016042947769165,0.3850283622741699,0.041509002447128296,0.2748720347881317,0.005844554398208857,6.860459961899323e-06,8.576576874474995e-06,22856,0.5,True,0.1,0.2,0.05,0.25,128,20,True,0.05,10,0.2,50,0.9093411078717201,0.6820058309037901,0,,,,,,,,,,,,,,,0.03410595655441284,0.01709737814962864,0.010290142267703696,0.6399452015285889,44377,4268197,69345,4312574,69345,43709,38008,4370900,100.0,100.0,0.5711030960083008,0.6229447722434998,0.37772607803344727,0.7898982167243958,0.836296796798706,0.6399596333503723,0.31142836809158325,1.4431821783400522e-05,0.9999774488560976,43709,5701,98.66558374705438,359.47644845896866,2.559635004028678,0.08411031204741448,4.195126044781934,1.7585378134345802,1.8048739552180664,iou,0.25,0.25,2.0,True,False,True,True,True,0.05,0.35,1.0,30,True,30,70,0.0,0.15,4.0,0.0,20,0.5,True,True
epoch,1784033947.9869397,88,1238.6585220110137,8.082076869510106e-05,8.082076869510106e-05,4.986480018079693e-05,6.679116038591211e-06,8.041699540447161e-05,1.3206640481948853,0.9585579037666321,1.0345840454101562,0.36210405826568604,0.03397238627076149,0.3824584186077118,0.04160404950380325,0.2709856629371643,0.0062669203616678715,6.478366231021937e-06,8.095468729152344e-06,22856,0.5,True,0.1,0.2,0.05,0.25,128,20,True,0.05,10,0.2,50,0.9219125364431487,0.6914344023323615,0,,,,,,,,,,,,,,,0.03677539899945259,0.01879558153450489,0.01042878827820891,0.648640853702502,44980,4268081,69345,4313061,69345,43709,38008,4370900,100.0,100.0,0.574744701385498,0.6259189248085022,0.38135185837745667,0.7945983409881592,0.8400173187255859,0.6486552953720093,0.31749945878982544,1.4441669507259114e-05,0.9999777359876497,43709,5701,98.67672561714978,373.7897159649292,2.5906775929033756,0.09083459503017366,4.170729695686008,1.7512189087058023,1.829270304313992,iou,0.25,0.25,2.0,True,False,True,True,True,0.05,0.35,1.0,30,True,30,70,0.0,0.15,4.0,0.0,20,0.5,True,True
epoch,1784035186.6155646,89,1228.4462457720656,8.041988729099662e-05,8.041988729099662e-05,4.9289702595581665e-05,6.61419747019258e-06,8.00076743918597e-05,1.3026853799819946,0.9439031481742859,1.0250848531723022,0.3587794899940491,0.03313719853758812,0.37820056080818176,0.04097597673535347,0.26759791374206543,0.0066900067031383514,7.748158168396913e-06,9.683838470664341e-06,22856,0.5,True,0.1,0.2,0.05,0.25,128,20,True,0.05,10,0.2,50,0.9336793002915451,0.7002594752186588,0,,,,,,,,,,,,,,,0.0355682410299778,0.018276989459991455,0.010483497185286631,0.6490878938640132,45011,4248499,69345,4293510,69345,43709,38008,4370900,100.0,100.0,0.5767220258712769,0.6305172443389893,0.38596391677856445,0.7960973978042603,0.8401615023612976,0.649131178855896,0.3225899636745453,4.3284991882774904e-05,0.9999333185752084,43709,5701,98.22942643391521,362.3068193960935,3.0605597329558805,0.08582425001077354,4.146151236775879,1.7438453710327635,1.8538487632241214,iou,0.25,0.25,2.0,True,False,True,True,True,0.05,0.35,1.0,30,True,30,70,0.0,0.15,4.0,0.0,20,0.5,True,True
epoch,1784036476.4519072,90,1280.7739247520221,8.001594415662217e-05,8.001594415662217e-05,4.8712637906749034e-05,6.54898370599692e-06,7.959522719149843e-05,1.2987525463104248,0.9414106011390686,1.0210367441177368,0.35734423995018005,0.03278208523988724,0.3785516321659088,0.041037920862436295,0.26072531938552856,0.0070069823414087296,7.578880740766181e-06,9.472962119616568e-06,22856,0.5,True,0.1,0.2,0.05,0.25,128,20,True,0.05,10,0.2,50,0.9446064139941691,0.7084548104956269,0,1.1497085094451904,0.046180807054042816,0.43611904978752136,0.05824489891529083,0.38658031821250916,0.01038941740989685,1.115657042305429e-07,1.395419246819074e-07,5701,0.5,True,True,0.9446064139941691,0.7084548104956269,0.034539371728897095,0.017725622281432152,0.010397698820296033,0.6437666738769918,44642,4248808,69345,4293450,69345,43709,38008,4370900,100.0,100.0,0.5749253034591675,0.6262297034263611,0.380829781293869,0.7947982549667358,0.8393107056617737,0.6437810659408569,0.32016727328300476,1.4392063865109606e-05,0.9999776444747656,43709,5701,98.22805371891373,414.4270346129779,2.5789298000745475,0.08685372001491487,4.121401306660209,1.7364203919980628,1.8785986933397907,iou,0.25,0.25,2.0,True,False,True,True,True,0.05,0.35,1.0,30,True,30,70,0.0,0.15,4.0,0.0,20,0.5,True,True
epoch,1784037706.7072673,91,1221.1714242720045,7.960898358889446e-05,7.960898358889446e-05,4.8133735259287124e-05,6.483487459556768e-06,7.917969903287119e-05,1.2808921337127686,0.928650975227356,1.0066239833831787,0.3522438704967499,0.03247221186757088,0.37387973070144653,0.04074035584926605,0.2567726671695709,0.0073794214986264706,7.353455657721497e-06,9.192216566589195e-06,22856,0.5,True,0.1,0.2,0.05,0.25,128,20,True,0.05,10,0.2,50,0.9546588921282798,0.7159941690962098,0,,,,,,,,,,,,,,,0.03500276058912277,0.017813220620155334,0.010403452318033838,0.6446463335496431,44703,4252236,69345,4296939,69345,43709,38008,4370900,100.0,100.0,0.5747435688972473,0.6260336637496948,0.3805718421936035,0.7934250831604004,0.8393539786338806,0.6446896195411682,0.3202105462551117,4.3285991525143785e-05,0.9999328576260372,43709,5701,98.3078770962502,355.1200093990192,2.614172806032002,0.08599411405157298,4.0964906181677385,1.7289471854503216,1.9035093818322617,iou,0.25,0.25,2.0,True,False,True,True,True,0.05,0.35,1.0,30,True,30,70,0.0,0.15,4.0,0.0,20,0.5,True,True
epoch,1784038946.6156743,92,1228.9969058060087,7.919905021562574e-05,7.919905021562574e-05,4.7553124209512484e-05,6.417721499495148e-06,7.876113548332311e-05,1.2842717170715332,0.9314484596252441,1.0085424184799194,0.35282260179519653,0.033117663115262985,0.37664616107940674,0.03993690386414528,0.25441673398017883,0.007781220134347677,6.633386419707676e-06,8.28896645543864e-06,22856,0.5,True,0.1,0.2,0.05,0.25,128,20,True,0.05,10,0.2,50,0.963801749271137,0.7228513119533528,0,,,,,,,,,,,,,,,0.038489118218421936,0.019921712577342987,0.010372433013066944,0.64277164900137,44573,4252683,69345,4297256,69345,43709,38008,4370900,100.0,100.0,0.5742611289024353,0.6265426278114319,0.3781420886516571,0.7951761484146118,0.8398586511611938,0.6427716612815857,0.3214939832687378,1.2280215733184718e-08,0.9999999808949017,43709,5701,98.31512960717473,361.1880915450165,2.59855187300127,0.08497363200876862,4.071429953710307,1.7214289861130923,1.9285700462896926,iou,0.25,0.25,2.0,True,False,True,True,True,0.05,0.35,1.0,30,True,30,70,0.0,0.15,4.0,0.0,20,0.5,True,True
epoch,1784040175.2968647,93,1219.6051280560205,7.878618899062992e-05,7.878618899062992e-05,4.697093469607591e-05,6.351698647016278e-06,7.833958244306423e-05,1.2835335731506348,0.9311531782150269,1.007643222808838,0.35237786173820496,0.03360476344823837,0.3790922164916992,0.038751665502786636,0.2500554621219635,0.00810302421450615,5.354974291549297e-06,6.694265266560251e-06,22856,0.5,True,0.1,0.2,0.05,0.25,128,20,True,0.05,10,0.2,50,0.972,0.729,0,,,,,,,,,,,,,,,0.04138299077749252,0.02157505229115486,0.01046289519169487,0.6444011824933304,44686,4226216,69345,4270902,69345,43709,38008,4370900,100.0,100.0,0.5736639499664307,0.6221505403518677,0.3815571367740631,0.7944073677062988,0.8395847082138062,0.6444588899612427,0.32003748416900635,5.770746791222692e-05,0.9999104559362728,43709,5701,97.71218742135487,352.6035698389169,2.5529825770063326,0.0849405099870637,4.046230160615774,1.713869048184732,1.9537698393842264,iou,0.25,0.25,2.0,True,False,True,True,True,0.05,0.35,1.0,30,True,30,70,0.0,0.15,4.0,0.0,20,0.5,True,True
epoch,1784041404.2504308,94,1220.580836737994,7.837044518879286e-05,7.837044518879286e-05,4.638729701088269e-05,6.285431773406067e-06,7.791508614013587e-05,1.2661558389663696,0.9191819429397583,0.9926636219024658,0.3469746708869934,0.03266404569149017,0.375511109828949,0.03869697451591492,0.2452092468738556,0.008380967192351818,5.130947556608589e-06,6.414979452529224e-06,22856,0.5,True,0.1,0.2,0.05,0.25,128,20,True,0.05,10,0.2,50,0.9792186588921282,0.7344139941690961,0,,,,,,,,,,,,,,,0.039661113172769547,0.020251993089914322,0.010448691283143331,0.6472853125675968,44886,4250963,69345,4295849,69345,43709,38008,4370900,100.0,100.0,0.5755247473716736,0.6253212094306946,0.3833976089954376,0.7933594584465027,0.840608537197113,0.6474151015281677,0.3213064968585968,0.00012978896057092015,0.9997995274434215,43709,5701,98.28293944038985,352.77322218508925,2.582220083102584,0.08505693706683815,4.020902146432821,1.7062706439298463,1.9790978535671793,iou,0.25,0.25,2.0,True,False,True,True,True,0.05,0.35,1.0,30,True,30,70,0.0,0.15,4.0,0.0,20,0.5,True,True
epoch,1784042697.0591135,95,1282.5176037920173,7.795186440110743e-05,7.795186440110743e-05,4.580234176993364e-05,6.2189337975228255e-06,7.748769312534127e-05,1.2516666650772095,0.9087020754814148,0.9817624688148499,0.3429657220840454,0.03215881064534187,0.3719445466995239,0.03870011121034622,0.24155454337596893,0.008674802258610725,5.857626547367545e-06,7.318931693589548e-06,22856,0.5,True,0.1,0.2,0.05,0.25,128,20,True,0.05,10,0.2,50,0.9854227405247813,0.739067055393586,0,1.138327717781067,0.046463437378406525,0.4340748190879822,0.05978325381875038,0.38541656732559204,0.013841724023222923,6.724027201698846e-08,8.399543816040023e-08,5701,0.5,True,True,0.9854227405247813,0.739067055393586,0.039606984704732895,0.020131057128310204,0.010517400282324393,0.6500252361381498,45076,4240774,69345,4285850,69345,43709,38008,4370900,100.0,100.0,0.5770131349563599,0.6290174722671509,0.38683122396469116,0.7936984300613403,0.8401326537132263,0.6500685214996338,0.32310909032821655,4.328536148401341e-05,0.9999334141555045,43709,5701,98.05417648539202,415.79097785102203,2.5586533759487793,0.08676815801300108,3.9954568742097054,1.6986370622629117,2.0045431257902946,iou,0.25,0.25,2.0,True,False,True,True,True,0.05,0.35,1.0,30,True,30,70,0.0,0.15,4.0,0.0,20,0.5,True,True
epoch,1784043923.195216,96,1217.8048139059683,7.753049252967397e-05,7.753049252967397e-05,4.5216199884093884e-05,6.152217683278711e-06,7.70574502671408e-05,1.2445344924926758,0.9040460586547852,0.9753423929214478,0.3404911458492279,0.031994305551052094,0.3714560568332672,0.03841373324394226,0.23749074339866638,0.00892775971442461,5.6911549108917825e-06,7.116675078577828e-06,22856,0.5,True,0.1,0.2,0.05,0.25,128,20,True,0.05,10,0.2,50,0.9905772594752187,0.742932944606414,0,,,,,,,,,,,,,,,0.03986351191997528,0.02053069695830345,0.010595861789889683,0.6524911673516476,45247,4225005,69345,4270252,69345,43709,38008,4370900,100.0,100.0,0.5793288946151733,0.633536696434021,0.38800257444381714,0.7969297766685486,0.8413728475570679,0.6525488495826721,0.32677194476127625,5.768223102453618e-05,0.9999116047311072,43709,5701,97.69731634217209,352.25664503104053,2.5612809520680457,0.08296094497200102,3.9699053577489822,1.6909716073246945,2.0300946422510178,iou,0.25,0.25,2.0,True,False,True,True,True,0.05,0.35,1.0,30,True,30,70,0.0,0.15,4.0,0.0,20,0.5,True,True
epoch,1784045157.4772208,97,1224.4404587280005,7.710637578266662e-05,7.710637578266662e-05,4.462900252979528e-05,6.0852964371123865e-06,7.662440474651223e-05,1.2348374128341675,0.896547257900238,0.9698070287704468,0.33828970789909363,0.03136809542775154,0.3675007224082947,0.03948112204670906,0.23762063682079315,0.00931529887020588,7.088198344717966e-06,8.86080670170486e-06,22856,0.5,True,0.1,0.2,0.05,0.25,128,20,True,0.05,10,0.2,50,0.9946472303206998,0.7459854227405248,0,,,,,,,,,,,,,,,0.035811394453048706,0.018111808225512505,0.010576615994430223,0.6499819741870358,45073,4216498,69345,4261571,69345,43709,38008,4370900,100.0,100.0,0.5773500204086304,0.6306768655776978,0.3855103552341461,0.7946838140487671,0.8380272388458252,0.6500540971755981,0.32599321007728577,7.212298856229538e-05,0.999889050789964,43709,5701,97.49870736004027,358.9254420900252,2.6370624740375206,0.09429019002709538,3.9442586568402564,1.683277597052077,2.0557413431597436,iou,0.25,0.25,2.0,True,False,True,True,True,0.05,0.35,1.0,30,True,30,70,0.0,0.15,4.0,0.0,20,0.5,True,True
epoch,1784046388.6278267,98,1222.651982457959,7.667956066926605e-05,7.667956066926605e-05,4.4040881119679754e-05,6.018183105453388e-06,7.618860405177691e-05,1.2269519567489624,0.8912610411643982,0.9632205963134766,0.33569100499153137,0.03116004541516304,0.36708688735961914,0.03905731812119484,0.2323804348707199,0.009465676732361317,3.601956677812268e-06,4.5026886255072895e-06,22856,0.5,True,0.1,0.2,0.05,0.25,128,20,True,0.05,10,0.2,50,0.997597667638484,0.748198250728863,0,,,,,,,,,,,,,,,0.03579473868012428,0.01812661439180374,0.010607292977260737,0.6520152858893936,45214,4217325,69345,4262539,69345,43709,38008,4370900,100.0,100.0,0.5779958963394165,0.630992591381073,0.3858892619609833,0.7967450022697449,0.8404066562652588,0.6520152688026428,0.32626721262931824,-1.708675079203914e-08,1.0000000262060593,43709,5701,97.52085382873092,355.76163392700255,2.571312914020382,0.08199206192512065,3.918527872473036,1.6755583617419108,2.081472127526964,iou,0.25,0.25,2.0,True,False,True,True,True,0.05,0.35,1.0,30,True,30,70,0.0,0.15,4.0,0.0,20,0.5,True,True
epoch,1784047619.4836,99,1220.4888168240432,7.625009399455922e-05,7.625009399455922e-05,4.345196727318957e-05,5.950890772178702e-06,7.575009597339205e-05,1.213321328163147,0.8820658922195435,0.951445996761322,0.33125609159469604,0.03078693524003029,0.3633628785610199,0.039309024810791016,0.23042501509189606,0.009720352478325367,5.21404217579402e-06,6.520585884572938e-06,22856,0.5,True,0.1,0.2,0.05,0.25,128,20,True,0.05,10,0.2,50,0.999393586005831,0.7495451895043732,0,,,,,,,,,,,,,,,0.034703776240348816,0.017515836283564568,0.010737205420812223,0.6554185593770279,45450,4187495,69345,4232945,69345,43709,38008,4370900,100.0,100.0,0.5798240303993225,0.6365872025489807,0.3866499662399292,0.8001767992973328,0.8410988450050354,0.6554474234580994,0.33196336030960083,2.886408107150018e-05,0.9999559627820044,43709,5701,96.84378503283077,354.739083457971,2.5446017360081896,0.08324768696911633,3.8927241420317484,1.6678172426095244,2.1072758579682516,iou,0.25,0.25,2.0,True,False,True,True,True,0.05,0.35,1.0,30,True,30,70,0.0,0.15,4.0,0.0,20,0.5,True,True
epoch,1784048921.415406,100,1292.0102410370018,7.581802285440664e-05,7.581802285440664e-05,4.286239278711138e-05,5.883432556062033e-06,7.530892859870995e-05,1.2034765481948853,0.8754593133926392,0.9431822299957275,0.32801544666290283,0.030469028279185295,0.36062091588974,0.039645563811063766,0.23024500906467438,0.010026493109762669,4.31712987847277e-06,5.394475010689348e-06,22856,0.5,True,0.1,0.2,0.05,0.25,128,20,True,0.05,10,0.2,50,1.0,0.75,0,1.14694344997406,0.04609239473938942,0.4315457344055176,0.06707839667797089,0.41223591566085815,0.01795109733939171,1.2162875862031797e-07,1.5205837655685173e-07,5701,0.5,True,True,1.0,0.75,0.03346700221300125,0.01702830009162426,0.010690632511243109,0.6550580431177446,45425,4203622,69345,4249047,69345,43709,38008,4370900,100.0,100.0,0.5809468030929565,0.6351026296615601,0.3876231610774994,0.8021196126937866,0.8409546613693237,0.6551012992858887,0.3347465693950653,4.325616814404576e-05,0.9999339702604907,43709,5701,97.21217598206319,426.43520346307196,2.5413441420532763,0.09040677105076611,3.8668586344750002,1.6600575903425001,2.1331413655249998,iou,0.25,0.25,2.0,True,False,True,True,True,0.05,0.35,1.0,30,True,30,70,0.0,0.15,4.0,0.0,20,0.5,True,True
epoch,1784050150.030016,101,1218.4578785758931,7.538339463027784e-05,7.538339463027784e-05,4.22722896060806e-05,5.81582160821627e-06,7.486515030670475e-05,1.2081165313720703,0.8804337978363037,0.9433672428131104,0.3276820480823517,0.03127250075340271,0.36374327540397644,0.039396364241838455,0.22978970408439636,0.010294543579220772,5.185894679016201e-06,6.484987807198195e-06,22856,0.5,True,0.1,0.2,0.05,0.25,128,20,True,0.05,10,0.2,50,1.0,0.75,0,,,,,,,,,,,,,,,0.03458165377378464,0.017495032399892807,0.01068243514797867,0.6558223375874251,45478,4211791,69345,4257269,69345,43709,38008,4370900,100.0,100.0,0.5794785022735596,0.6343830823898315,0.3853781819343567,0.8009808659553528,0.8397000432014465,0.6558223366737366,0.32968491315841675,-9.136885692484498e-10,1.0000000013931953,43709,5701,97.40028369443364,352.6257272849325,2.489251820021309,0.08355577802285552,3.84094254550118,1.652282763650354,2.15905745449882,iou,0.25,0.25,2.0,True,False,True,True,True,0.05,0.35,1.0,30,True,30,70,0.0,0.15,4.0,0.0,20,0.5,True,True
epoch,1784051379.2296116,102,1218.411429560976,7.494625698405542e-05,7.494625698405542e-05,4.168178979305263e-05,5.748071109529666e-06,7.441880976266712e-05,1.1934782266616821,0.8696985840797424,0.933365523815155,0.32378020882606506,0.030551645904779434,0.3603324592113495,0.03940631076693535,0.22488470375537872,0.010332819074392319,7.552023362222826e-06,9.445089744986035e-06,22856,0.5,True,0.1,0.2,0.05,0.25,128,20,True,0.05,10,0.2,50,1.0,0.75,0,,,,,,,,,,,,,,,0.03432033210992813,0.01720866933465004,0.010693747855681382,0.6548849953132886,45413,4201274,69345,4246687,69345,43709,38008,4370900,100.0,100.0,0.5806216597557068,0.635617733001709,0.38925299048423767,0.8003637790679932,0.8434349894523621,0.6548994183540344,0.33155959844589233,1.442304074583678e-05,0.9999779767085729,43709,5701,97.15818252533803,351.7559608030133,3.000305575085804,0.0907785469898954,3.8149870927024754,1.6444961278107426,2.1850129072975246,iou,0.25,0.25,2.0,True,False,True,True,True,0.05,0.35,1.0,30,True,30,70,0.0,0.15,4.0,0.0,20,0.5,True,True
epoch,1784052609.9421954,103,1223.815577647998,7.450665785280838e-05,7.450665785280838e-05,4.109102549974769e-05,5.680194268096173e-06,7.396995591286751e-05,1.181762456893921,0.860538125038147,0.9273180961608887,0.32122379541397095,0.03022683598101139,0.35837459564208984,0.038711290806531906,0.21978852152824402,0.010320468805730343,5.5318037084362e-06,6.911652235430665e-06,22856,0.5,True,0.1,0.2,0.05,0.25,128,20,True,0.05,10,0.2,50,1.0,0.75,0,,,,,,,,,,,,,,,0.034990936517715454,0.017757253721356392,0.010694212744752076,0.6542216453962074,45367,4196834,69345,4242201,69345,43709,38008,4370900,100.0,100.0,0.5808501243591309,0.6360663175582886,0.39113301038742065,0.8007231950759888,0.8420794606208801,0.6542216539382935,0.3325546085834503,8.542086038509922e-09,0.9999999869431316,43709,5701,97.05554920039351,357.30432291701436,2.514138887054287,0.08445745497010648,3.789003510709424,1.6367010532128272,2.210996489290576,iou,0.25,0.25,2.0,True,False,True,True,True,0.05,0.35,1.0,30,True,30,70,0.0,0.15,4.0,0.0,20,0.5,True,True
epoch,1784053842.523713,104,1222.4386504810536,7.406464544353528e-05,7.406464544353528e-05,4.050012893707575e-05,5.612204316640526e-06,7.351863797918865e-05,1.1753568649291992,0.8552981019020081,0.9253759980201721,0.3200608491897583,0.03001849353313446,0.3570377826690674,0.03873934596776962,0.21804054081439972,0.010434080846607685,3.836313680949388e-06,4.792247636942193e-06,22856,0.5,True,0.1,0.2,0.05,0.25,128,20,True,0.05,10,0.2,50,1.0,0.75,0,,,,,,,,,,,,,,,0.03397396579384804,0.016963854432106018,0.010787911150595535,0.658418054654265,45658,4186672,69345,4232330,69345,43709,38008,4370900,100.0,100.0,0.5810255408287048,0.6351916193962097,0.3937499523162842,0.7986869215965271,0.8432908058166504,0.6584324836730957,0.32724782824516296,1.442901883075276e-05,0.9999780858034977,43709,5701,96.82971470406552,355.43578680290375,2.9773530249949545,0.08376149996183813,3.7630030463280804,1.628900913898424,2.2369969536719196,iou,0.25,0.25,2.0,True,False,True,True,True,0.05,0.35,1.0,30,True,30,70,0.0,0.15,4.0,0.0,20,0.5,True,True
epoch,1784055135.903473,105,1283.2482291170163,7.362026822787782e-05,7.362026822787782e-05,3.990923234554816e-05,5.54411450993847e-06,7.306490545372788e-05,1.170843243598938,0.8537688851356506,0.9182512164115906,0.3170771598815918,0.03031354397535324,0.3578466475009918,0.038331836462020874,0.21747873723506927,0.010570798069238663,6.034553280187538e-06,7.547132554464042e-06,22856,0.5,True,0.1,0.2,0.05,0.25,128,20,True,0.05,10,0.2,50,1.0,0.75,0,1.157347321510315,0.04627491906285286,0.43187153339385986,0.0741153284907341,0.4200790822505951,0.020421335473656654,9.172036641302839e-08,1.1465513694020046e-07,5701,0.5,True,True,1.0,0.75,0.03361354395747185,0.016643982380628586,0.010796581727353373,0.6558655995385392,45481,4167056,69345,4212537,69345,43709,38008,4370900,100.0,100.0,0.5801562666893005,0.6344448924064636,0.3890477120876312,0.7979981899261475,0.8432042598724365,0.6559377312660217,0.3291946053504944,7.213172748254948e-05,0.9998900326600464,43709,5701,96.37687890365828,414.00714176904876,2.5142510570585728,0.08757967397104949,3.73699695367192,1.621099086101576,2.26300304632808,iou,0.25,0.25,2.0,True,False,True,True,True,0.05,0.35,1.0,30,True,30,70,0.0,0.15,4.0,0.0,20,0.5,True,True
epoch,1784056365.0149143,106,1221.1424360640813,7.31735749368054e-05,7.31735749368054e-05,3.931846796568274e-05,5.475938122232738e-06,7.260880809336972e-05,1.1639374494552612,0.8497301340103149,0.9115336537361145,0.31420719623565674,0.02984592132270336,0.3575555682182312,0.03844999149441719,0.21530739963054657,0.01059180311858654,7.832989467715379e-06,9.788383067643736e-06,22856,0.5,True,0.1,0.2,0.05,0.25,128,20,True,0.05,10,0.2,50,1.0,0.75,0,,,,,,,,,,,,,,,0.03131360188126564,0.015385706909000874,0.010692546441960953,0.6513519359723123,45168,4179083,69345,4224251,69345,43709,38008,4370900,100.0,100.0,0.5783520340919495,0.6315581798553467,0.3869847059249878,0.799048125743866,0.8395270109176636,0.6514240503311157,0.326382577419281,7.21143588033879e-05,0.9998892973651085,43709,5701,96.64487862911528,356.57462549197953,2.488980580936186,0.08589986397419125,3.710996489290576,1.6132989467871728,2.289003510709424,iou,0.25,0.25,2.0,True,False,True,True,True,0.05,0.35,1.0,30,True,30,70,0.0,0.15,4.0,0.0,20,0.5,True,True
epoch,1784057593.8726985,107,1219.1006761529716,7.272461455527112e-05,7.272461455527112e-05,3.87279680084088e-05,5.407688444645195e-06,7.215039591432947e-05,1.1584135293960571,0.8453003764152527,0.9100399017333984,0.313113272190094,0.029609495773911476,0.3563103675842285,0.038616228848695755,0.21492713689804077,0.010668108239769936,5.791971943835961e-06,7.239564183691982e-06,22856,0.5,True,0.1,0.2,0.05,0.25,128,20,True,0.05,10,0.2,50,1.0,0.75,0,,,,,,,,,,,,,,,0.03076377883553505,0.014966694638133049,0.010812200259428069,0.6551013050688586,45428,4156122,69345,4201550,69345,43709,38008,4370900,100.0,100.0,0.5794152021408081,0.6353406310081482,0.38480016589164734,0.7992389798164368,0.8383877873420715,0.6553031802177429,0.3281707465648651,0.0002018751488843673,0.999691936259462,43709,5701,96.12551190830264,352.8081153780222,2.492755705025047,0.0829071479383856,3.6850129072975246,1.6055038721892574,2.3149870927024754,iou,0.25,0.25,2.0,True,False,True,True,True,0.05,0.35,1.0,30,True,30,70,0.0,0.15,4.0,0.0,20,0.5,True,True
epoch,1784058821.1438158,108,1217.5904270570027,7.227343631684019e-05,7.227343631684019e-05,3.813786462547886e-05,5.339378782585719e-06,7.16897191866684e-05,1.1476703882217407,0.8380703330039978,0.9015905857086182,0.3095993101596832,0.029602093622088432,0.3547075092792511,0.03804922103881836,0.21110473573207855,0.01053657941520214,4.9868235691974405e-06,6.237095021788264e-06,22856,0.5,True,0.1,0.2,0.05,0.25,128,20,True,0.05,10,0.2,50,1.0,0.75,0,,,,,,,,,,,,,,,0.031703196465969086,0.015610819682478905,0.010805635965064262,0.6520441271901363,45216,4139267,69345,4184483,69345,43709,38008,4370900,100.0,100.0,0.5777032375335693,0.635574996471405,0.38410747051239014,0.7982510924339294,0.840103805065155,0.6520441174507141,0.32385897636413574,-9.739422157650779e-09,1.0000000149367534,43709,5701,95.73504312612963,351.3203760110773,2.4407508249860257,0.0820949919288978,3.65905745449882,1.5977172363496461,2.34094254550118,iou,0.25,0.25,2.0,True,False,True,True,True,0.05,0.35,1.0,30,True,30,70,0.0,0.15,4.0,0.0,20,0.5,True,True
epoch,1784060048.3311048,109,1220.6222919089487,7.182008969829073e-05,7.182008969829073e-05,3.7548289879893513e-05,5.271022453158274e-06,7.122682842878107e-05,1.1430695056915283,0.8364095687866211,0.894875705242157,0.30665913224220276,0.029727749526500702,0.35604822635650635,0.03750133514404297,0.2099618762731552,0.0104982266202569,7.444892162311589e-06,9.291280548495706e-06,22856,0.5,True,0.1,0.2,0.05,0.25,128,20,True,0.05,10,0.2,50,1.0,0.75,0,,,,,,,,,,,,,,,0.03145412355661392,0.015349472872912884,0.010770078580620037,0.6484966471987886,44970,4130487,69345,4175457,69345,43709,38008,4370900,100.0,100.0,0.5752005577087402,0.6300797462463379,0.3815504312515259,0.7944556474685669,0.8356910943984985,0.6486120223999023,0.31928762793540955,0.00011537520111370991,0.9998221198541976,43709,5701,95.52854103273926,354.2468727629166,2.958616871968843,0.08515739999711514,3.6331413655249998,1.5899424096574999,2.3668586344750002,iou,0.25,0.25,2.0,True,False,True,True,True,0.05,0.35,1.0,30,True,30,70,0.0,0.15,4.0,0.0,20,0.5,True,True
epoch,1784061371.9242043,110,1313.6618185730185,7.136462441418823e-05,7.136462441418823e-05,3.695937571634624e-05,5.2026327825647225e-06,7.076177440185535e-05,1.1371736526489258,0.8314661979675293,0.8940368890762329,0.30570685863494873,0.029417134821414948,0.35483407974243164,0.03773574158549309,0.20829999446868896,0.010415486060082912,4.38435245087021e-06,5.4815127441543154e-06,22856,0.5,True,0.1,0.2,0.05,0.25,128,20,True,0.05,10,0.2,50,1.0,0.75,0,1.1723666191101074,0.0469072200357914,0.4368770718574524,0.07861004769802094,0.43321701884269714,0.021661782637238503,3.3176243050547782e-06,4.137226369493874e-06,5701,0.5,True,True,1.0,0.75,0.030370082706212997,0.014996710233390331,0.010803512920681355,0.6502415458937199,45091,4128644,69345,4173735,69345,43709,38008,4370900,100.0,100.0,0.5770457983016968,0.6344643235206604,0.3794909417629242,0.7993201017379761,0.8344076871871948,0.6502415537834167,0.3299733102321625,7.88969689580199e-09,0.9999999878665138,43709,5701,95.48914411219657,445.92690805799793,2.46797020197846,0.08860512601677328,3.607275857968252,1.5821827573904756,2.392724142031748,iou,0.25,0.25,2.0,True,False,True,True,True,0.05,0.35,1.0,30,True,30,70,0.0,0.15,4.0,0.0,20,0.5,True,True
epoch,1784062609.9600554,111,1228.366518425988,7.090709041143373e-05,7.090709041143373e-05,3.637125393169464e-05,5.134223103506856e-06,7.029460810430602e-05,1.1347218751907349,0.8288210034370422,0.8966456651687622,0.30590003728866577,0.02922760881483555,0.3553636372089386,0.037629153579473495,0.2063167691230774,0.010315963998436928,6.522435342048993e-06,8.148515917127952e-06,22856,0.5,True,0.1,0.2,0.05,0.25,128,20,True,0.05,10,0.2,50,1.0,0.75,0,,,,,,,,,,,,,,,0.02994762733578682,0.014565503224730492,0.010844197645261311,0.651770134833081,45197,4122654,69345,4167851,69345,43709,38008,4370900,100.0,100.0,0.5761957764625549,0.6334330439567566,0.37915652990341187,0.7985228300094604,0.8348547220230103,0.6517701148986816,0.32727664709091187,-1.9934399353438437e-08,1.0000000305850159,43709,5701,95.3545265277174,356.6495556330774,2.9148033729288727,0.08489030203782022,3.581472127526964,1.5744416382580892,2.418527872473036,iou,0.25,0.25,2.0,True,False,True,True,True,0.05,0.35,1.0,30,True,30,70,0.0,0.15,4.0,0.0,20,0.5,True,True
epoch,1784063847.8661177,112,1230.9466986759799,7.044753786378656e-05,7.044753786378656e-05,3.578405614546482e-05,5.065806752587149e-06,6.982538076618207e-05,1.1231557130813599,0.8218924403190613,0.885166347026825,0.30126383900642395,0.029066981747746468,0.3524886965751648,0.0377705879509449,0.20642197132110596,0.010321330279111862,5.405061074270634e-06,6.757930350431707e-06,22856,0.5,True,0.1,0.2,0.05,0.25,128,20,True,0.05,10,0.2,50,1.0,0.75,0,,,,,,,,,,,,,,,0.02822907269001007,0.013663478195667267,0.01088186172901738,0.6500108154877785,45075,4097139,69345,4142214,69345,43709,38008,4370900,100.0,100.0,0.576548159122467,0.6306328177452087,0.37937238812446594,0.7987453937530518,0.8367871046066284,0.6500685214996338,0.3268584609031677,5.770601185528523e-05,0.9999112308780586,43709,5701,94.76798828616532,355.2204390420811,2.934366630972363,0.08828810194972903,3.555741343159744,1.5667224029479232,2.444258656840256,iou,0.25,0.25,2.0,True,False,True,True,True,0.05,0.35,1.0,30,True,30,70,0.0,0.15,4.0,0.0,20,0.5,True,True
epoch,1784065093.9016697,113,1234.5972947509727,6.998601716636225e-05,6.998601716636225e-05,3.519791377039536e-05,4.997397067708777e-06,6.935414384354882e-05,1.1254377365112305,0.8263086080551147,0.8810960054397583,0.2991305887699127,0.029491614550352097,0.35691890120506287,0.03741242364048958,0.20341910421848297,0.010170625522732735,5.119748493598308e-06,6.398460755008273e-06,22856,0.5,True,0.1,0.2,0.05,0.25,128,20,True,0.05,10,0.2,50,1.0,0.75,0,,,,,,,,,,,,,,,0.027314743027091026,0.01325911469757557,0.010723091298188504,0.6412863220131227,44470,4102655,69345,4147125,69345,43709,38008,4370900,100.0,100.0,0.5708759427070618,0.6269964575767517,0.36735105514526367,0.7963861227035522,0.8288701176643372,0.6413007378578186,0.3232821524143219,1.441584469585866e-05,0.9999775209291915,43709,5701,94.88034500903704,365.3593059799168,2.856117496965453,0.08628658100496978,3.5300946422510187,1.5590283926753057,2.4699053577489813,iou,0.25,0.25,2.0,True,False,True,True,True,0.05,0.35,1.0,30,True,30,70,0.0,0.15,4.0,0.0,20,0.5,True,True
epoch,1784066330.4387004,114,1226.1392271380173,6.952257893010615e-05,6.952257893010615e-05,3.461295798302763e-05,4.929007385475351e-06,6.888094901284523e-05,1.129326581954956,0.8296040892601013,0.8851414918899536,0.2997225522994995,0.02990769036114216,0.3586979806423187,0.03782522305846214,0.20299112796783447,0.010149629786610603,6.5087419898191e-06,8.139943929563742e-06,22856,0.5,True,0.1,0.2,0.05,0.25,128,20,True,0.05,10,0.2,50,1.0,0.75,0,,,,,,,,,,,,,,,0.026348618790507317,0.012722598388791084,0.01060462920928149,0.6363256182853847,44126,4116887,69345,4161013,69345,43709,38008,4370900,100.0,100.0,0.5666609406471252,0.623360276222229,0.35985079407691956,0.7923201322555542,0.8228999972343445,0.636469841003418,0.32097482681274414,0.00014422271803327114,0.9997734021178349,43709,5701,95.19808277471459,353.38179064099677,2.456002074992284,0.08313743607141078,3.5045431257902946,1.5513629377370886,2.4954568742097054,iou,0.25,0.25,2.0,True,False,True,True,True,0.05,0.35,1.0,30,True,30,70,0.0,0.15,4.0,0.0,20,0.5,True,True
epoch,1784067622.5532897,115,1284.0828779030126,6.905727397624333e-05,6.905727397624333e-05,3.402931969434898e-05,4.860651038590929e-06,6.840584816521689e-05,1.1169257164001465,0.8198760747909546,0.8796240091323853,0.29704737663269043,0.029796229675412178,0.3552432656288147,0.03747730702161789,0.20531031489372253,0.010264999233186245,6.779615432606079e-06,8.472205081488937e-06,22856,0.5,True,0.1,0.2,0.05,0.25,128,20,True,0.05,10,0.2,50,1.0,0.75,0,1.1978918313980103,0.048917505890131,0.44634556770324707,0.08254124969244003,0.4526326656341553,0.022634128108620644,2.0837015313190932e-07,2.603275959245366e-07,5701,0.5,True,True,1.0,0.75,0.028705662116408348,0.01379637885838747,0.01082855713328657,0.6444877063955584,44692,4082543,69345,4127235,69345,43709,38008,4370900,100.0,100.0,0.5695981979370117,0.623970091342926,0.3684331178665161,0.7930701971054077,0.8268512487411499,0.6444876790046692,0.3154517412185669,-2.7390889223433135e-08,1.0000000425002527,43709,5701,94.42528998604406,416.1697083149338,2.488100408925675,0.08845948404632509,3.479097853567179,1.5437293560701537,2.520902146432821,iou,0.25,0.25,2.0,True,False,True,True,True,0.05,0.35,1.0,30,True,30,70,0.0,0.15,4.0,0.0,20,0.5,True,True
epoch,1784068852.6292753,116,1220.008667054004,6.859015333070549e-05,6.859015333070549e-05,3.344712952049534e-05,4.792341353260781e-06,6.792889340082563e-05,1.1111958026885986,0.817261278629303,0.8728665113449097,0.29393506050109863,0.029983660206198692,0.3560059070587158,0.037037093192338943,0.20313312113285065,0.010156932286918163,7.149566044972744e-06,8.938741302699782e-06,22856,0.5,True,0.1,0.2,0.05,0.25,128,20,True,0.05,10,0.2,50,1.0,0.75,0,,,,,,,,,,,,,,,0.027552058920264244,0.013314631767570972,0.010669592013821635,0.6355036412142188,44069,4086267,69345,4130336,69345,43709,38008,4370900,100.0,100.0,0.566028356552124,0.6217575669288635,0.35857507586479187,0.7926270365715027,0.8230153322219849,0.6355324983596802,0.3166774809360504,2.8857145461413936e-05,0.9999545937532134,43709,5701,94.49623647303758,354.5366348939715,2.4708003900013864,0.08234374003950506,3.4537698393842264,1.536130951815268,2.5462301606157736,iou,0.25,0.25,2.0,True,False,True,True,True,0.05,0.35,1.0,30,True,30,70,0.0,0.15,4.0,0.0,20,0.5,True,True
epoch,1784070097.4475794,117,1232.789454896003,6.81212682185354e-05,6.81212682185354e-05,3.2866517753519766e-05,4.724091646593404e-06,6.745013702313615e-05,1.118873119354248,0.8231973648071289,0.8806153535842896,0.2956761121749878,0.030497228726744652,0.3592701256275177,0.03742340952157974,0.2006046175956726,0.010030551813542843,8.126052307488862e-06,1.0159639714402147e-05,22856,0.5,True,0.1,0.2,0.05,0.25,128,20,True,0.05,10,0.2,50,1.0,0.75,0,,,,,,,,,,,,,,,0.025671377778053284,0.012403223663568497,0.010616144200093623,0.6298795875693994,43679,4070715,69345,4114394,69345,43709,38008,4370900,100.0,100.0,0.563586950302124,0.6196272373199463,0.3539242744445801,0.7936959266662598,0.8167279362678528,0.6299228668212891,0.318234920501709,4.3279251889627446e-05,0.9999312943628987,43709,5701,94.13150609714246,365.60153509897646,2.4663733849301934,0.08659751794766635,3.4285700462896926,1.528571013886908,2.5714299537103074,iou,0.25,0.25,2.0,True,False,True,True,True,0.05,0.35,1.0,30,True,30,70,0.0,0.15,4.0,0.0,20,0.5,True,True
epoch,1784071356.5805051,118,1252.4686974369688,6.765067005826947e-05,6.765067005826947e-05,3.2287614332233546e-05,4.655915224004346e-06,6.696963153318041e-05,1.115807294845581,0.8198431730270386,0.8841538429260254,0.29596346616744995,0.030485378578305244,0.3609454929828644,0.03659733384847641,0.19654488563537598,0.00982726737856865,7.0123610385053325e-06,8.767762665229384e-06,22856,0.5,True,0.1,0.2,0.05,0.25,128,20,True,0.05,10,0.2,50,1.0,0.75,0,,,,,,,,,,,,,,,0.02516787312924862,0.012223238125443459,0.010556869893678666,0.6250198283942606,43342,4062231,69345,4105573,69345,43709,38008,4370900,100.0,100.0,0.562138557434082,0.6200895309448242,0.34692952036857605,0.7945423722267151,0.8165116310119629,0.6250919103622437,0.3168937861919403,7.208196798302868e-05,0.9998846858089376,43709,5701,93.9296941133405,384.6972731789574,2.9060458389576524,0.0847019839566201,3.403509381832262,1.5210528145496787,2.596490618167738,iou,0.25,0.25,2.0,True,False,True,True,True,0.05,0.35,1.0,30,True,30,70,0.0,0.15,4.0,0.0,20,0.5,True,True
epoch,1784072590.223204,119,1223.340660671005,6.717841045629909e-05,6.717841045629909e-05,3.171054881312648e-05,4.587825376622275e-06,6.648742962380013e-05,1.1105319261550903,0.8183541893959045,0.8755921721458435,0.29217591881752014,0.030305150896310806,0.3602350354194641,0.037355247884988785,0.193314328789711,0.0096654137596488,5.2227969717932865e-06,6.531070994242327e-06,22856,0.5,True,0.1,0.2,0.05,0.25,128,20,True,0.05,10,0.2,50,1.0,0.75,0,,,,,,,,,,,,,,,0.02421368658542633,0.01172609068453312,0.010579643175958059,0.6250054077438892,43341,4053300,69345,4096641,69345,43709,38008,4370900,100.0,100.0,0.5607443451881409,0.6164253354072571,0.3487386107444763,0.7914361953735352,0.8135986924171448,0.6250486969947815,0.3149470090866089,4.328925089225333e-05,0.9999307425947764,43709,5701,93.72534260678579,354.0073672910221,2.423332945909351,0.08380367106292397,3.3785986933397907,1.5135796080019372,2.6214013066602093,iou,0.25,0.25,2.0,True,False,True,True,True,0.05,0.35,1.0,30,True,30,70,0.0,0.15,4.0,0.0,20,0.5,True,True
epoch,1784073911.2419403,120,1311.9568665010156,6.670454120121154e-05,6.670454120121154e-05,3.11354503413724e-05,4.519835378697851e-06,6.600358417386862e-05,1.0938979387283325,0.8053605556488037,0.8675180673599243,0.2885400950908661,0.02962404116988182,0.35665953159332275,0.03649786487221718,0.19420921802520752,0.009710656479001045,7.489084509870736e-06,9.363462595501915e-06,22856,0.5,True,0.1,0.2,0.05,0.25,128,20,True,0.05,10,0.2,50,1.0,0.75,0,1.2359623908996582,0.05018461495637894,0.4546283483505249,0.0914124920964241,0.45994240045547485,0.022997114807367325,1.1983590297859337e-07,1.4959756811094849e-07,5701,0.5,True,True,1.0,0.75,0.025232776999473572,0.012320220470428467,0.010624724974136319,0.629865166919028,43678,4067299,69345,4110977,69345,43709,38008,4370900,100.0,100.0,0.564468264579773,0.6233079433441162,0.35182178020477295,0.7970191836357117,0.8168433308601379,0.6299228668212891,0.31856659054756165,5.7699902261010294e-05,0.9999084016388353,43709,5701,94.05332997780778,444.6161740690004,2.590306443045847,0.09464284393470734,3.3538487632241214,1.5061546289672365,2.6461512367758786,iou,0.25,0.25,2.0,True,False,True,True,True,0.05,0.35,1.0,30,True,30,70,0.0,0.15,4.0,0.0,20,0.5,True,True
epoch,1784075144.4174323,121,1226.1056169189978,6.622911425811064e-05,6.622911425811064e-05,3.0562447621927144e-05,4.451958485015881e-06,6.551814824249192e-05,1.101702094078064,0.8121994137763977,0.8733501434326172,0.28950291872024536,0.030316686257719994,0.3620413541793823,0.03629951924085617,0.1873752474784851,0.009369036182761192,6.6065103965229355e-06,8.260974937002175e-06,22856,0.5,True,0.1,0.2,0.05,0.25,128,20,True,0.05,10,0.2,50,1.0,0.75,0,,,,,,,,,,,,,,,0.023521218448877335,0.011401740834116936,0.010446523155885819,0.621299300598457,43084,4081159,69345,4124243,69345,43709,38008,4370900,100.0,100.0,0.5592928528785706,0.6164563298225403,0.3440001904964447,0.7934508323669434,0.8101233243942261,0.6212993264198303,0.31693705916404724,2.5821373372814094e-08,0.999999958439721,43709,5701,94.35683726463657,354.38346926902886,2.45117981499061,0.08450350794009864,3.3292703043139924,1.4987810912941977,2.6707296956860076,iou,0.25,0.25,2.0,True,False,True,True,True,0.05,0.35,1.0,30,True,30,70,0.0,0.15,4.0,0.0,20,0.5,True,True
