type,time,epoch,epoch_time,lr,lr_head,lr_vision,lr_text,lr_transformer,train_loss,train_odvg_negative_phrases,train_loss_main,train_loss_aux,train_loss_aux_contrib,train_loss_bbox,train_loss_giou,train_loss_score,train_loss_rank,train_loss_rank_raw,train_loss_text_alignment,train_loss_text_alignment_contrib,train_loss_text_alignment_rank,train_loss_text_alignment_rank_contrib,val_loss,val_loss_bbox,val_loss_giou,val_loss_score,val_loss_text_alignment,val_loss_text_alignment_contrib,val_loss_text_alignment_rank,val_loss_text_alignment_rank_contrib,val_loss_rank_raw,val_loss_rank,val_loss_text_negative,val_loss_text_negative_contrib,val_text_negative_queries,val_score_negative_iou_ignore_thr,val_duplicate_suppression_enabled,val_hard_negative_mining_enabled,val_matcher_score_alpha,val_matcher_cost_score_effective,map50,map50_95,precision,recall,tp,fp,num_gt,num_pred,quality_recall_iou,quality_recall50_at_1,quality_recall50_at_5,quality_recall50_at_10,text_recall_iou,text_recall50_at_1,text_recall50_at_5,text_recall50_at_10,final_recall_iou,final_recall50_at_1,final_recall50_at_5,final_recall50_at_10,recall50_at_1,recall50_at_5,recall50_at_10,raw_oracle_num_gt,raw_oracle_num_samples,raw_oracle_positive_samples,raw_oracle_num_pred,raw_oracle_avg_pred_per_sample,raw_oracle_avg_pred_per_positive_sample,raw_best_iou_mean,raw_best_iou_median,raw_best_iou_p25,raw_best_iou_p75,raw_oracle_recall25,raw_oracle_recall50,raw_oracle_recall75,raw_oracle_gap50,raw_oracle_retention50,valid_samples,valid_images,odvg_phrase_rows,skipped_empty_gt,avg_selected_per_sample,eval_loop_time,phrase_token_reduction,phrase_score_fusion,evaluation_mode,lambda_bbox,lambda_giou,lambda_score,classification_type,ia_bce_alpha,classification_focal_alpha,classification_focal_gamma,normalize_classification_by_num_gt,dense_score_assignment_enabled,pairwise_ranking_enabled,duplicate_suppression_enabled,duplicate_suppression_active,duplicate_loss_weight,duplicate_margin,duplicate_background_weight,duplicate_classification_weight,duplicate_max_pairs,duplicate_start_epoch,hard_negative_mining_enabled,hard_negative_mining_active,hard_negative_loss_weight,hard_negative_topk,hard_negative_max_iou,hard_negative_start_epoch,lambda_rank_max,lambda_aux,pos_weight,quality_warmup_epoch,aux_score_enabled,matcher_score_start_epoch,matcher_score_warmup_epoch,matcher_score_alpha_min,negative_sample_ratio,negative_phrase_max_per_image,negative_sampling_mode,max_query_loss_weight,lambda_text_negative,text_negative_topk,text_negative_hard_mix,score_negative_iou_ignore_thr,matcher_score_alpha,matcher_cost_score_effective,negative_text_as_empty_target,use_negative_queries_in_val
epoch,1784854363.0985408,1,805.3163405980449,7.994727055410238e-05,7.994727055410238e-05,2.998014085803856e-05,2.998014085803856e-06,4.996712969606382e-05,1.0554291009902954,12286,0.920381486415863,1.0417909622192383,0.1350470781326294,0.0035014457534998655,0.21305756270885468,0.17657829821109772,0.0071939462795853615,0.1849861741065979,0.05081397294998169,0.009880220517516136,0.1849861741065979,0.0071939462795853615,,,,,,,,,,,,,,,,,,,0.2731316387653351,0.13818034529685974,0.05733015009991171,0.671920209687851,19739,324565,29377,344304,0.5,0.17769002961500494,0.46090478946114305,0.6139156482962862,0.5,0.21721074309834223,0.4886475814412636,0.5913810123566056,0.5,0.2252101984545733,0.5046464921537257,0.6192259250434013,0.2252101984545733,0.5046464921537257,0.6192259250434013,29377,17395,17395,1739500,100.0,100.0,0.626497745513916,0.6939122676849365,0.48399922251701355,0.8208886384963989,0.8833781480789185,0.7365966439247131,0.39956429600715637,0.06467643423686209,0.9121955893088856,17395,2683,17395,0,19.793273929290027,176.51274065487087,mean,geometric_mean,odvg_phrase_grounding,5.0,2.5,2.0,iou,0.25,0.25,2.0,True,False,False,True,False,0.1,0.25,0.05,0.25,128,5,True,False,0.05,10,0.3,10,0.0,0.5,1.0,10,True,5,12,0.0,0.1,3,odvg_appended_phrase,4.0,0.25,20,0.5,0.5,0.0,0.0,True,False
epoch,1784855072.9109857,2,693.0504238628782,7.988136752178734e-05,7.988136752178734e-05,2.9955320235478347e-05,2.995532023547835e-06,4.992604728630899e-05,1.277673363685608,12286,0.8839796781539917,1.0629746913909912,0.3936941921710968,0.0036476890090852976,0.22532880306243896,0.12760403752326965,0.017243437469005585,0.15517939627170563,0.04974992573261261,0.027637772262096405,0.15517939627170563,0.017243437469005585,,,,,,,,,,,,,,,,,,,0.22297365963459015,0.11469709873199463,0.05598219062246536,0.6625591449092828,19464,328218,29377,347682,0.5,0.17336691969908433,0.4439527521530449,0.5993804677128366,0.5,0.2096878510399292,0.44003812506382545,0.5542431153623583,0.5,0.21268339176907103,0.4716955441331654,0.599891071246213,0.21268339176907103,0.4716955441331654,0.599891071246213,29377,17395,17395,1739500,100.0,100.0,0.6275503635406494,0.692671000957489,0.48830777406692505,0.8190988302230835,0.8885522484779358,0.7401368618011475,0.39701128005981445,0.07757771689186466,0.8951846328757674,17395,2683,17395,0,19.98746766312159,109.3523647589609,mean,geometric_mean,odvg_phrase_grounding,5.006819348298639,2.5102290224479584,2.0,iou,0.25,0.25,2.0,True,False,False,True,False,0.1,0.25,0.05,0.25,128,5,True,False,0.05,10,0.3,10,0.0,0.5,1.0,10,True,5,12,0.0,0.1,3,odvg_appended_phrase,4.0,0.25,20,0.5,0.5,0.0,0.0,True,False
epoch,1784855683.1236084,3,602.1849374601152,7.978915981736495e-05,7.978915981736495e-05,2.9920592658488097e-05,2.9920592658488097e-06,4.9868567158876854e-05,1.403892159461975,12286,0.8789812326431274,1.0498217344284058,0.5249108672142029,0.0036311226431280375,0.22504478693008423,0.11607122421264648,0.02172801084816456,0.14485175907611847,0.04680188000202179,0.03509962931275368,0.14485175907611847,0.02172801084816456,,,,,,,,,,,,,,,,,,,0.21470168232917786,0.11011222749948502,0.05566175223563973,0.6591551213534398,19364,328523,29377,347887,0.5,0.17534125336147327,0.4335704803077237,0.5859686149028152,0.5,0.2075433161997481,0.4272049562582973,0.5395377336011166,0.5,0.21486196684481057,0.46199407699901285,0.5879769888007625,0.21486196684481057,0.46199407699901285,0.5879769888007625,29377,17395,17395,1739500,100.0,100.0,0.6271631717681885,0.6902945637702942,0.4890444576740265,0.8193875551223755,0.8877012729644775,0.739081621170044,0.392790287733078,0.07992649981660416,0.8918570053330888,17395,2683,17395,0,19.999252658810004,102.64914350421168,mean,geometric_mean,odvg_phrase_grounding,5.027091379149683,2.540637068724524,2.0,iou,0.25,0.25,2.0,True,False,False,True,False,0.1,0.25,0.05,0.25,128,5,True,False,0.05,10,0.3,10,0.0,0.5,1.0,10,True,5,12,0.0,0.1,3,odvg_appended_phrase,4.0,0.25,20,0.5,0.5,0.0,0.0,True,False
epoch,1784856292.4995453,4,602.4551483320538,7.967071063538994e-05,7.967071063538994e-05,2.9875981927614395e-05,2.9875981927614396e-06,4.979472870777555e-05,1.4099762439727783,12286,0.8842638731002808,1.051422357559204,0.525711178779602,0.0036995343398302794,0.2275683730840683,0.11031452566385269,0.021002909168601036,0.14002254605293274,0.045893169939517975,0.03441925719380379,0.14002254605293274,0.021002909168601036,,,,,,,,,,,,,,,,,,,0.21193185448646545,0.1083107739686966,0.055538947973555616,0.6577254314599857,19322,328578,29377,347900,0.5,0.17622629948599244,0.42734111720053103,0.5796371310889471,0.5,0.20795179902644925,0.420056506791027,0.5297681859958471,0.5,0.21561085202709604,0.4568880416652483,0.5809647002757259,0.21561085202709604,0.4568880416652483,0.5809647002757259,29377,17395,17395,1739500,100.0,100.0,0.6278522610664368,0.6932893395423889,0.4890958368778229,0.8200170993804932,0.885046124458313,0.7405112981796265,0.3951731026172638,0.08278586671964072,0.8882044515415898,17395,2683,17395,0,20.0,102.46934435889125,mean,geometric_mean,odvg_phrase_grounding,5.060263124396755,2.590394686595133,2.0,iou,0.25,0.25,2.0,True,False,False,True,False,0.1,0.25,0.05,0.25,128,5,True,False,0.05,10,0.3,10,0.0,0.5,1.0,10,True,5,12,0.0,0.1,3,odvg_appended_phrase,4.0,0.25,20,0.5,0.5,0.0,0.0,True,False
epoch,1784856930.2485745,5,629.8541786940768,7.952610115501498e-05,7.952610115501498e-05,2.9821518616823824e-05,2.9821518616823826e-06,4.970458253819116e-05,1.425477147102356,12286,0.8954964876174927,1.0599573850631714,0.5299786925315857,0.003620077623054385,0.22334519028663635,0.11330662667751312,0.02050521783530712,0.13670015335083008,0.047609589993953705,0.0357075035572052,0.13670015335083008,0.02050521783530712,1.5436023473739624,0.010336183942854404,0.40297016501426697,0.16799195110797882,0.06668517738580704,0.05001124367117882,,,0.21991416811943054,0.0329873263835907,0.0,0.0,0,0.5494415413112564,True,True,0.0,0.0,1.0,1.5,0.2067602574825287,0.10726950317621231,0.055025539461846025,0.6516322292950267,19143,328750,29377,347893,0.5,0.17837083432617354,0.41978418490655955,0.5682676924124315,0.5,0.2065221091329952,0.40708717704326514,0.5158116894168908,0.5,0.21622357626714778,0.44963747149130273,0.5719780780883004,0.21622357626714778,0.44963747149130273,0.5719780780883004,29377,17395,17395,1739500,100.0,100.0,0.6320701837539673,0.6988743543624878,0.4969863295555115,0.8204823732376099,0.8891309499740601,0.7475576400756836,0.4040575921535492,0.09592541078065686,0.8716815859564417,17395,2683,17395,0,19.99959758551308,119.28558082995005,mean,geometric_mean,odvg_phrase_grounding,5.105429745301803,2.6581446179527046,2.0,iou,0.25,0.25,2.0,True,False,False,True,True,0.1,0.25,0.05,0.25,128,5,True,False,0.05,10,0.3,10,0.0,0.5,1.0,10,True,5,12,0.0,0.1,3,odvg_appended_phrase,4.0,0.25,20,0.5,0.5,0.0,0.0,True,False
epoch,1784857550.466991,6,612.4738259119913,7.935543048435452e-05,7.935543048435452e-05,2.97572400525491e-05,2.9757240052549102e-06,4.959819043180541e-05,1.4532896280288696,12286,0.9145761728286743,1.077426791191101,0.5387133955955505,0.003565453225746751,0.2206055074930191,0.11618537455797195,0.0202654916793108,0.1351095288991928,0.048946090042591095,0.03670838475227356,0.1351095288991928,0.0202654916793108,,,,,,,,,,,,,,,,,,,0.2040451467037201,0.1066204085946083,0.05421037350481649,0.6419307621608742,18858,329009,29377,347867,0.5,0.179119719508459,0.41535895428396363,0.5579875412737856,0.5,0.2052966606528917,0.40221942335840966,0.5043741702692582,0.5,0.21785750757395242,0.4442931545086292,0.5614596453007454,0.21785750757395242,0.4442931545086292,0.5614596453007454,29377,17395,17395,1739500,100.0,100.0,0.6315221786499023,0.6959620714187622,0.4972379803657532,0.8219526410102844,0.8893692493438721,0.7473193407058716,0.40446609258651733,0.10538857854499739,0.8589778521649742,17395,2683,17395,0,19.998102903133084,104.25073327403516,mean,geometric_mean,odvg_phrase_grounding,5.161359214187129,2.742038821280694,2.0,iou,0.25,0.25,2.0,True,False,False,True,True,0.1,0.25,0.05,0.25,128,5,True,False,0.05,10,0.3,10,0.0,0.5,1.0,10,True,5,12,0.0,0.1,3,odvg_appended_phrase,4.0,0.25,20,0.5,0.5,0.019675925925925927,0.029513888888888888,True,False
epoch,1784858172.6679037,7,615.1285851630382,7.9158815592561e-05,7.9158815592561e-05,2.968319028810739e-05,2.9683190288107393e-06,4.947562530445361e-05,1.4556922912597656,12286,0.9138464331626892,1.0836905241012573,0.5418452620506287,0.0036312646698206663,0.21952348947525024,0.10617373138666153,0.020183252170681953,0.13456207513809204,0.047934748232364655,0.03595017269253731,0.13456207513809204,0.020183252170681953,,,,,,,,,,,,,,,,,,,0.20705799758434296,0.10974685847759247,0.05415349238286864,0.6413180379208224,18840,329060,29377,347900,0.5,0.17928992068625116,0.4156312761684311,0.5601320761139668,0.5,0.20784967831977397,0.40405759607856484,0.5063485039316472,0.5,0.21758518568948498,0.4447697178064472,0.5616298464785376,0.21758518568948498,0.4447697178064472,0.5616298464785376,29377,17395,17395,1739500,100.0,100.0,0.6326133012771606,0.6996679902076721,0.4961405396461487,0.8237658143043518,0.8896415829658508,0.7459577322006226,0.40858495235443115,0.10463969427980013,0.8597243653858156,17395,2683,17395,0,20.0,101.60895921080373,mean,geometric_mean,odvg_phrase_grounding,5.226525920938786,2.8397888814081798,2.0,iou,0.25,0.25,2.0,True,False,False,True,True,0.1,0.25,0.05,0.25,128,5,True,False,0.05,10,0.3,10,0.0,0.5,1.0,10,True,5,12,0.0,0.1,3,odvg_appended_phrase,4.0,0.25,20,0.5,0.5,0.07407407407407407,0.1111111111111111,True,False
epoch,1784858790.1439557,8,610.6046417760663,7.893639122966018e-05,7.893639122966018e-05,2.9599420073508377e-05,2.9599420073508375e-06,4.93369711561518e-05,1.4590011835098267,12286,0.9133081436157227,1.0913842916488647,0.5456921458244324,0.0036617640871554613,0.21961182355880737,0.09439627826213837,0.01956486515700817,0.1304260790348053,0.0465526282787323,0.034916989505290985,0.1304260790348053,0.01956486515700817,,,,,,,,,,,,,,,,,,,0.22041189670562744,0.11626611649990082,0.05439460452440297,0.6440752970010553,18921,328926,29377,347847,0.5,0.18327262824658747,0.42604758824931066,0.5676209279368213,0.5,0.2122749089423699,0.4185927766620145,0.5156414882390986,0.5,0.22218061748987303,0.45658167954522244,0.5696973823058855,0.22218061748987303,0.45658167954522244,0.5696973823058855,29377,17395,17395,1739500,100.0,100.0,0.6320964097976685,0.6973857283592224,0.49526527523994446,0.8239344358444214,0.8874629735946655,0.7459577322006226,0.406440407037735,0.1018824351995673,0.8634206325618374,17395,2683,17395,0,19.996953147456164,102.66850235615857,mean,geometric_mean,odvg_phrase_grounding,5.2991522876735155,2.948728431510273,2.0,iou,0.25,0.25,2.0,True,False,False,True,True,0.1,0.25,0.05,0.25,128,5,True,False,0.05,10,0.3,10,0.0,0.5,1.0,10,True,5,12,0.0,0.1,3,odvg_appended_phrase,4.0,0.25,20,0.5,0.5,0.15625,0.234375,True,False
epoch,1784859404.5088212,9,607.7811082988046,7.86883098342e-05,7.86883098342e-05,2.9505986820672726e-05,2.9505986820672725e-06,4.918232301352727e-05,1.4730958938598633,12286,0.9156205654144287,1.1149502992630005,0.5574751496315002,0.003834691597148776,0.22137853503227234,0.08133696019649506,0.01798856258392334,0.11991839110851288,0.04460058733820915,0.03344819322228432,0.11991839110851288,0.01798856258392334,,,,,,,,,,,,,,,,,,,0.252368688583374,0.13402113318443298,0.05464975845410628,0.6469346767879633,19005,328755,29377,347760,0.5,0.18596180685570343,0.4412295333083705,0.5787861251999864,0.5,0.2215678932498213,0.4454845627531743,0.5353848248629881,0.5,0.22524423869013174,0.4731592742621779,0.5807264186268168,0.22524423869013174,0.4731592742621779,0.5807264186268168,29377,17395,17395,1739500,100.0,100.0,0.6320387125015259,0.6985815763473511,0.49396058917045593,0.8231377005577087,0.8886203765869141,0.7438812851905823,0.407427579164505,0.09694660840261893,0.8696746237166307,17395,2683,17395,0,19.99195171026157,100.13752315519378,mean,geometric_mean,odvg_phrase_grounding,5.3772572564296,3.0658858846444006,2.0,iou,0.25,0.25,2.0,True,False,False,True,True,0.1,0.25,0.05,0.25,128,5,True,False,0.05,10,0.3,10,0.0,0.5,1.0,10,True,5,12,0.0,0.1,3,odvg_appended_phrase,4.0,0.25,20,0.5,0.5,0.25925925925925924,0.38888888888888884,True,False
epoch,1784860045.5925984,10,634.1343252910301,7.841474142877699e-05,7.841474142877699e-05,2.9402954564084837e-05,2.940295456408484e-06,4.9011786864692147e-05,1.4973599910736084,12286,0.9255532622337341,1.1436140537261963,0.5718070268630981,0.0038931078743189573,0.22245360910892487,0.07171329855918884,0.016348998993635178,0.1089973971247673,0.042767442762851715,0.03207444027066231,0.1089973971247673,0.016348998993635178,1.6820385456085205,0.011386827565729618,0.42077383399009705,0.09809161722660065,0.06341614574193954,0.04756036400794983,,,0.2072121798992157,0.031079551205039024,0.0,0.0,0,0.5311744900929367,True,True,0.37615740740740744,0.5642361111111112,1.0,1.5,0.28024062514305115,0.14832240343093872,0.055046954778847454,0.6506791026993907,19115,328134,29377,347249,0.5,0.18762977839806652,0.45093100044252304,0.5856282125472309,0.5,0.22313374408550907,0.4655002212615311,0.5528815059400211,0.5,0.2270143309391701,0.4848350750587194,0.5870238622051265,0.2270143309391701,0.4848350750587194,0.5870238622051265,29377,17395,17395,1739500,100.0,100.0,0.6313620805740356,0.6989509463310242,0.4927275478839874,0.8219096660614014,0.8895734548568726,0.7451748251914978,0.40501073002815247,0.09449572249210714,0.873189861898752,17395,2683,17395,0,19.962575452716298,123.93710377905518,mean,geometric_mean,odvg_phrase_grounding,5.458710327263834,3.1880654908957506,2.0,iou,0.25,0.25,2.0,True,False,False,True,True,0.1,0.25,0.05,0.25,128,5,True,True,0.05,10,0.3,10,0.0,0.5,1.0,10,True,5,12,0.0,0.1,3,odvg_appended_phrase,4.0,0.25,20,0.5,0.5,0.37615740740740744,0.5642361111111112,True,False
epoch,1784860688.5138507,11,627.6321397810243,7.811587350351117e-05,7.811587350351117e-05,2.9290393916906803e-05,2.9290393916906805e-06,4.8825479586604365e-05,1.54011869430542,12286,0.9536113739013672,1.173011064529419,0.5865055322647095,0.003955122549086809,0.22548392415046692,0.06573612242937088,0.015272420831024647,0.10181763768196106,0.0418454073369503,0.03138287365436554,0.10181763768196106,0.015272420831024647,,,,,,,,,,,,,,,,,,,0.29297128319740295,0.15349778532981873,0.05564437557279274,0.6551724137931034,19247,326646,29377,345893,0.5,0.18667665180243048,0.45760288661197535,0.5925043401300337,0.5,0.22412091091670355,0.48194165503625286,0.569969704190353,0.5,0.2262314055213262,0.4930047315927426,0.594580794499098,0.2262314055213262,0.4930047315927426,0.594580794499098,29377,17395,17395,1739500,100.0,100.0,0.6331764459609985,0.7010497450828552,0.49564623832702637,0.8213702440261841,0.8909690976142883,0.7468768358230591,0.4055553674697876,0.09170442202995566,0.8772161384160518,17395,2683,17395,0,19.88462201782121,109.24802232393995,mean,geometric_mean,odvg_phrase_grounding,5.541289672736166,3.3119345091042494,2.0,iou,0.25,0.25,2.0,True,False,False,True,True,0.1,0.25,0.05,0.25,128,5,True,True,0.05,10,0.3,10,0.0,0.5,1.0,10,True,5,12,0.0,0.1,3,odvg_appended_phrase,4.0,0.25,20,0.5,0.5,0.5,0.75,True,False
epoch,1784861317.2204363,12,614.6161597291939,7.779191088754974e-05,7.779191088754974e-05,2.9168382022583668e-05,2.9168382022583667e-06,4.862352886496607e-05,1.5827710628509521,12286,0.9822608828544617,1.2010164260864258,0.6005082130432129,0.0040393550880253315,0.2290286421775818,0.05903680995106697,0.014201226644217968,0.09467118233442307,0.040275689214468,0.030207831412553787,0.09467118233442307,0.014201226644217968,,,,,,,,,,,,,,,,,,,0.3033710718154907,0.1568124145269394,0.056894267290875364,0.6577594716955442,19323,320307,29377,339630,0.5,0.18667665180243048,0.46498961772815467,0.6000612724240052,0.5,0.22704837117472854,0.49358341559723595,0.5815433842802192,0.5,0.22834190012594888,0.5024679170779862,0.6018313646730435,0.22834190012594888,0.5024679170779862,0.6018313646730435,29377,17395,17395,1739500,100.0,100.0,0.6324734687805176,0.6994407176971436,0.4966328740119934,0.8200909495353699,0.8901521563529968,0.7467066049575806,0.40552133321762085,0.0889471332620364,0.8808807466393185,17395,2683,17395,0,19.524576027594136,101.33942077192478,mean,geometric_mean,odvg_phrase_grounding,5.6227427435704,3.4341141153555994,2.0,iou,0.25,0.25,2.0,True,False,False,True,True,0.1,0.25,0.05,0.25,128,5,True,True,0.05,10,0.3,10,0.0,0.5,1.0,10,True,5,12,0.0,0.1,3,odvg_appended_phrase,4.0,0.25,20,0.5,0.5,0.6238425925925927,0.9357638888888891,True,False
epoch,1784861941.9740624,13,610.0502337049693,7.744307560868737e-05,7.744307560868737e-05,2.9037002501973167e-05,2.9037002501973164e-06,4.840607310671421e-05,1.6248737573623657,12286,1.0078651905059814,1.234019160270691,0.6170095801353455,0.004096733406186104,0.23063699901103973,0.054838843643665314,0.013509069569408894,0.09006620198488235,0.0389707125723362,0.029228828847408295,0.09006620198488235,0.013509069569408894,,,,,,,,,,,,,,,,,,,0.3065062165260315,0.15698516368865967,0.05781938818395615,0.6603124893624264,19398,316095,29377,335493,0.5,0.18759573816250807,0.46495557749259625,0.6002655138373557,0.5,0.2264356469346768,0.498417129046533,0.5869898219695681,0.5,0.22994179119719507,0.505463457807128,0.6032610545664976,0.22994179119719507,0.505463457807128,0.6032610545664976,29377,17395,17395,1739500,100.0,100.0,0.6319568157196045,0.699711263179779,0.49541667103767395,0.822130024433136,0.8885522484779358,0.7461960315704346,0.4059298038482666,0.0858835422080082,0.8849048526467518,17395,2683,17395,0,19.286749065823514,101.20739352307282,mean,geometric_mean,odvg_phrase_grounding,5.7008477123264845,3.551271568489727,2.0,iou,0.25,0.25,2.0,True,False,False,True,True,0.1,0.25,0.05,0.25,128,5,True,True,0.05,10,0.3,10,0.0,0.5,1.0,10,True,5,12,0.0,0.1,3,odvg_appended_phrase,4.0,0.25,20,0.5,0.5,0.7407407407407407,1.1111111111111112,True,False
epoch,1784862564.941928,14,608.7776730000041,7.706960674119951e-05,7.706960674119951e-05,2.8896345396036176e-05,2.8896345396036176e-06,4.8173261345163326e-05,1.6633093357086182,12286,1.0336761474609375,1.259266972541809,0.6296334862709045,0.004150177352130413,0.2320917546749115,0.05242309346795082,0.013009482994675636,0.08673567324876785,0.03814511373639107,0.028606588020920753,0.08673567324876785,0.013009482994675636,,,,,,,,,,,,,,,,,,,0.3087616562843323,0.15649834275245667,0.05807184566132301,0.6594614834734657,19373,314231,29377,333604,0.5,0.18691493345133947,0.4681213193995302,0.6040780202198999,0.5,0.22977159001940292,0.5026381182557783,0.5919937365966572,0.5,0.23021411308166254,0.5105354529053341,0.6072097218912755,0.23021411308166254,0.5105354529053341,0.6072097218912755,29377,17395,17395,1739500,100.0,100.0,0.6307876110076904,0.6978062987327576,0.49494948983192444,0.8217807412147522,0.8878033757209778,0.7458215355873108,0.406065970659256,0.08636005211384512,0.8842081543732317,17395,2683,17395,0,19.178154642138544,100.02205607201904,mean,geometric_mean,odvg_phrase_grounding,5.773474079061213,3.6602111185918202,2.0,iou,0.25,0.25,2.0,True,False,False,True,True,0.1,0.25,0.05,0.25,128,5,True,True,0.05,10,0.3,10,0.0,0.5,1.0,10,True,5,12,0.0,0.1,3,odvg_appended_phrase,4.0,0.25,20,0.5,0.5,0.84375,1.265625,True,False
epoch,1784863200.2429168,15,628.3217179861385,7.667176024199273e-05,7.667176024199273e-05,2.8746507104127128e-05,2.874650710412713e-06,4.7925253137865595e-05,1.7026327848434448,12286,1.0558276176452637,1.2936091423034668,0.6468045711517334,0.004168318118900061,0.23319607973098755,0.05053995922207832,0.012501196004450321,0.08334437757730484,0.03757015988230705,0.02817806415259838,0.08334437757730484,0.012501196004450321,2.0316765308380127,0.01300654374063015,0.44946908950805664,0.09215395897626877,0.05459408462047577,0.04094301909208298,,,0.15621307492256165,0.02343118190765381,0.0,0.0,0,0.4962634953206788,True,True,0.925925925925926,1.388888888888889,1.0,1.5,0.3125785291194916,0.15753069519996643,0.05863405760973679,0.6605507710113354,19405,311546,29377,330951,0.5,0.18776593934030023,0.4688361643462573,0.6054396296422371,0.5,0.23167784321067503,0.508390918065153,0.5947850359124485,0.5,0.23286925145522008,0.5124757463321646,0.6080947680157947,0.23286925145522008,0.5124757463321646,0.6080947680157947,29377,17395,17395,1739500,100.0,100.0,0.6314773559570312,0.6985757946968079,0.4962373971939087,0.8219916820526123,0.8861013650894165,0.7467066049575806,0.4056234359741211,0.08615583394624515,0.8846188939883027,17395,2683,17395,0,19.025639551595287,118.29937054798938,mean,geometric_mean,odvg_phrase_grounding,5.838640785812871,3.7579611787193055,2.0,iou,0.25,0.25,2.0,True,False,False,True,True,0.1,0.25,0.05,0.25,128,5,True,True,0.05,10,0.3,10,0.0,0.5,1.0,10,True,5,12,0.0,0.1,3,odvg_appended_phrase,4.0,0.25,20,0.5,0.5,0.925925925925926,1.388888888888889,True,False
epoch,1784863823.6116846,16,609.1787440809421,7.62498087751847e-05,7.62498087751847e-05,2.8587590317926705e-05,2.8587590317926706e-06,4.7662218457258e-05,1.7270445823669434,12286,1.0711896419525146,1.3117074966430664,0.6558537483215332,0.004171273205429316,0.23380249738693237,0.04774904251098633,0.012311804108321667,0.08207634836435318,0.03700891509652138,0.02775581367313862,0.08207634836435318,0.012311804108321667,,,,,,,,,,,,,,,,,,,0.3144591152667999,0.15847761929035187,0.05942753989015864,0.6611634952513872,19423,307412,29377,326835,0.5,0.18837866358035196,0.47094665895087995,0.6065969976512238,0.5,0.2340266194642067,0.5109098954964768,0.5976784559349151,0.5,0.23365217687306397,0.5149266432923716,0.6094223372025734,0.23365217687306397,0.5149266432923716,0.6094223372025734,29377,17395,17395,1739500,100.0,100.0,0.6308695673942566,0.6988699436187744,0.4966670274734497,0.8225386738777161,0.8860673308372498,0.7469108700752258,0.4036150872707367,0.08574737482383865,0.885197313013797,17395,2683,17395,0,18.789019833285426,99.13883444690146,mean,geometric_mean,odvg_phrase_grounding,5.894570254698197,3.841855382047295,2.0,iou,0.25,0.25,2.0,True,False,False,True,True,0.1,0.25,0.05,0.25,128,5,True,True,0.05,10,0.3,10,0.0,0.5,1.0,10,True,5,12,0.0,0.1,3,odvg_appended_phrase,4.0,0.25,20,0.5,0.5,0.9803240740740741,1.4704861111111112,True,False
epoch,1784864455.6288576,17,617.4399126409553,7.580404152523385e-05,7.580404152523385e-05,2.8419703951062098e-05,2.84197039510621e-06,4.738433757417175e-05,1.7530044317245483,12286,1.0891414880752563,1.3277264833450317,0.6638632416725159,0.004202068783342838,0.23425625264644623,0.047886889427900314,0.012381192296743393,0.08254165202379227,0.03671946004033089,0.027537891641259193,0.08254165202379227,0.012381192296743393,,,,,,,,,,,,,,,,,,,0.3143833875656128,0.15674415230751038,0.06003421478314596,0.6582019947578037,19336,302747,29377,322083,0.5,0.1881744221670014,0.4681893998706471,0.604792865166627,0.5,0.23235864792184363,0.508152636416244,0.5943084726146305,0.5,0.23283521121966164,0.5131225108077748,0.6076522449535351,0.23283521121966164,0.5131225108077748,0.6076522449535351,29377,17395,17395,1739500,100.0,100.0,0.6299452185630798,0.6958127021789551,0.49676769971847534,0.8220937848091125,0.8855226635932922,0.7472853064537048,0.40232154726982117,0.08908331169590111,0.8807907623412907,17395,2683,17395,0,18.515837884449553,107.83612903719768,mean,geometric_mean,odvg_phrase_grounding,5.939736875603245,3.9096053134048665,2.0,iou,0.25,0.25,2.0,True,False,False,True,True,0.1,0.25,0.05,0.25,128,5,True,True,0.05,10,0.3,10,0.0,0.5,1.0,10,True,5,12,0.0,0.1,3,odvg_appended_phrase,4.0,0.25,20,0.5,0.5,1.0,1.5,True,False
epoch,1784865081.5439723,18,617.8010933641344,7.533476399874671e-05,7.533476399874671e-05,2.8242963064463045e-05,2.8242963064463044e-06,4.7091800934283665e-05,1.7629313468933105,12286,1.0958672761917114,1.3341262340545654,0.6670631170272827,0.004161601886153221,0.23278895020484924,0.048448119312524796,0.012127285823225975,0.08084824681282043,0.03675029054284096,0.02756190299987793,0.08084824681282043,0.012127285823225975,,,,,,,,,,,,,,,,,,,0.31689125299453735,0.15897056460380554,0.060008969025932855,0.6604826905402186,19403,303932,29377,323335,0.5,0.18756169792694966,0.47064029683085407,0.6069714402423665,0.5,0.2339244987575314,0.5126799877455152,0.5968614902815127,0.5,0.2344010620553494,0.5152670456479559,0.6111583892160534,0.2344010620553494,0.5152670456479559,0.6111583892160534,29377,17395,17395,1739500,100.0,100.0,0.6308632493019104,0.6967136859893799,0.4972558915615082,0.8225992918014526,0.8869864344596863,0.7484086155891418,0.405691534280777,0.08792592504892327,0.8825161506462501,17395,2683,17395,0,18.58781258982466,100.6791948240716,mean,geometric_mean,odvg_phrase_grounding,5.972908620850317,3.959362931275476,2.0,iou,0.25,0.25,2.0,True,False,False,True,True,0.1,0.25,0.05,0.25,128,5,True,True,0.05,10,0.3,10,0.0,0.5,1.0,10,True,5,12,0.0,0.1,3,odvg_appended_phrase,4.0,0.25,20,0.5,0.5,1.0,1.5,True,False
epoch,1784865719.1006978,19,623.8871683338657,7.4842297815099e-05,7.4842297815099e-05,2.8057488787504818e-05,2.8057488787504815e-06,4.678480902759418e-05,1.770395040512085,12286,1.0997169017791748,1.3413556814193726,0.6706778407096863,0.004120912402868271,0.23253433406352997,0.04762789234519005,0.012195453979074955,0.0813053697347641,0.03655432537198067,0.027415666729211807,0.0813053697347641,0.012195453979074955,,,,,,,,,,,,,,,,,,,0.31732669472694397,0.15926912426948547,0.06030786641917962,0.660278449126868,19397,302236,29377,321633,0.5,0.18745957722027437,0.4711168601286721,0.6082649691935869,0.5,0.2315416822684413,0.510126970078633,0.5963508867481363,0.5,0.23416278040644042,0.5163563331858256,0.6100010212070668,0.23416278040644042,0.5163563331858256,0.6100010212070668,29377,17395,17395,1739500,100.0,100.0,0.6305104494094849,0.6954213976860046,0.4957047700881958,0.8222972750663757,0.8872246742248535,0.7461279034614563,0.4029342830181122,0.08584945433458835,0.8849400298041217,17395,2683,17395,0,18.489968381718885,99.60263172304258,mean,geometric_mean,odvg_phrase_grounding,5.993180651701361,3.989770977552042,2.0,iou,0.25,0.25,2.0,True,False,False,True,True,0.1,0.25,0.05,0.25,128,5,True,True,0.05,10,0.3,10,0.0,0.5,1.0,10,True,5,12,0.0,0.1,3,odvg_appended_phrase,4.0,0.25,20,0.5,0.5,1.0,1.5,True,False
epoch,1784866361.028454,20,627.569791697897,7.432698048601376e-05,7.432698048601376e-05,2.786340823499219e-05,2.7863408234992195e-06,4.6463572251021565e-05,1.7680727243423462,12286,1.0998051166534424,1.3365370035171509,0.6682685017585754,0.004191903863102198,0.23335248231887817,0.045258842408657074,0.011955945752561092,0.07970713078975677,0.03582519665360451,0.02686983533203602,0.07970713078975677,0.011955945752561092,2.174304723739624,0.013403885066509247,0.45433834195137024,0.0983719602227211,0.05279991403222084,0.03960350900888443,,,0.1538992077112198,0.023081082850694656,0.0,0.0,0,0.4633474064085087,True,True,1.0,1.5,1.0,1.5,0.31811320781707764,0.16023769974708557,0.06142913666218248,0.6606188514824523,19407,296518,29377,315925,0.5,0.18861694522926098,0.47295503284882734,0.6102052626204173,0.5,0.23351601593083024,0.5115226197365286,0.5986656227661096,0.5,0.2362051945399462,0.5170030976614358,0.6126221193450658,0.2362051945399462,0.5170030976614358,0.6126221193450658,29377,17395,17395,1739500,100.0,100.0,0.6305132508277893,0.6964366436004639,0.4945598840713501,0.8229981064796448,0.8882118463516235,0.7456853985786438,0.4030363857746124,0.08506654709619155,0.8859216671556966,17395,2683,17395,0,18.1618281115263,118.32535032206215,mean,geometric_mean,odvg_phrase_grounding,6.0,4.0,2.0,iou,0.25,0.25,2.0,True,False,False,True,True,0.1,0.25,0.05,0.25,128,5,True,True,0.05,10,0.3,10,0.0,0.5,1.0,10,True,5,12,0.0,0.1,3,odvg_appended_phrase,4.0,0.25,20,0.5,0.5,1.0,1.5,True,False
epoch,1784866983.6715875,21,607.0707635660656,7.378916518424768e-05,7.378916518424768e-05,2.766085442004133e-05,2.7660854420041327e-06,4.6128310764206336e-05,1.7732409238815308,12286,1.1030231714248657,1.3404309749603271,0.6702154874801636,0.00417828606441617,0.23419010639190674,0.04527506232261658,0.011993789114058018,0.07995671778917313,0.03592360392212868,0.026942722499370575,0.07995671778917313,0.011993789114058018,,,,,,,,,,,,,,,,,,,0.31801512837409973,0.1592959463596344,0.06169164671125231,0.6603465295979848,19399,295052,29377,314451,0.5,0.1885148245225857,0.47196786601763285,0.6105116247404432,0.5,0.23409469993532356,0.5098206079586071,0.5969636109881881,0.5,0.23521802770875175,0.5172413793103449,0.6138816080607278,0.23521802770875175,0.5172413793103449,0.6138816080607278,29377,17395,17395,1739500,100.0,100.0,0.628975510597229,0.6966618299484253,0.488868772983551,0.8228039145469666,0.8831398487091064,0.7425196766853333,0.4063723385334015,0.08217314708734846,0.889332027598008,17395,2683,17395,0,18.077091118137396,98.70339132007211,mean,geometric_mean,odvg_phrase_grounding,6.0,4.0,2.0,iou,0.25,0.25,2.0,True,False,False,True,True,0.1,0.25,0.05,0.25,128,5,True,True,0.05,10,0.3,10,0.0,0.5,1.0,10,True,5,12,0.0,0.1,3,odvg_appended_phrase,4.0,0.25,20,0.5,0.5,1.0,1.5,True,False
epoch,1784867597.7924075,22,607.7242999249138,7.322922050154409e-05,7.322922050154409e-05,2.74499661629192e-05,2.74499661629192e-06,4.5779254338624885e-05,1.764472246170044,12286,1.0973758697509766,1.3341866731643677,0.6670933365821838,0.0041249715723097324,0.23235704004764557,0.04611900821328163,0.012140576727688313,0.08093643188476562,0.03596899285912514,0.026976337656378746,0.08093643188476562,0.012140576727688313,,,,,,,,,,,,,,,,,,,0.3175016939640045,0.15906035900115967,0.062121308960756745,0.661708139020322,19439,293481,29377,312920,0.5,0.18779997957585867,0.47292099261326886,0.6089798141403139,0.5,0.23416278040644042,0.5094802056030228,0.5972359328726555,0.5,0.2347074241753753,0.5182625863770978,0.6119753548694556,0.2347074241753753,0.5182625863770978,0.6119753548694556,29377,17395,17395,1739500,100.0,100.0,0.6292319297790527,0.6953322887420654,0.49068811535835266,0.8217024207115173,0.8869864344596863,0.7420090436935425,0.40269598364830017,0.08030090467322049,0.8917790755305327,17395,2683,17395,0,17.989077321069274,99.68927816092037,mean,geometric_mean,odvg_phrase_grounding,6.0,4.0,2.0,iou,0.25,0.25,2.0,True,False,False,True,True,0.1,0.25,0.05,0.25,128,5,True,True,0.05,10,0.3,10,0.0,0.5,1.0,10,True,5,12,0.0,0.1,3,odvg_appended_phrase,4.0,0.25,20,0.5,0.5,1.0,1.5,True,False
epoch,1784868213.264869,23,608.7913949450012,7.264753019601866e-05,7.264753019601866e-05,2.7230887995903133e-05,2.7230887995903133e-06,4.5416642200115535e-05,1.7598060369491577,12286,1.0941073894500732,1.3313924074172974,0.6656962037086487,0.004151920787990093,0.2316022664308548,0.04601484164595604,0.012059327214956284,0.08039585500955582,0.03579673171043396,0.02684714086353779,0.08039585500955582,0.012059327214956284,,,,,,,,,,,,,,,,,,,0.3193668723106384,0.15923984348773956,0.06203260102839743,0.6615719780780883,19435,293868,29377,313303,0.5,0.18837866358035196,0.473091193791061,0.6085713313136127,0.5,0.23181400415290873,0.5118289818565545,0.5977805766415903,0.5,0.23246076862851892,0.517411580488137,0.6117370732205467,0.23246076862851892,0.517411580488137,0.6117370732205467,29377,17395,17395,1739500,100.0,100.0,0.628789484500885,0.6967340111732483,0.4892522990703583,0.8227460384368896,0.8854886293411255,0.7416686415672302,0.40014296770095825,0.0800966634891419,0.8920047862346067,17395,2683,17395,0,18.011095142282265,102.7644902819302,mean,geometric_mean,odvg_phrase_grounding,6.0,4.0,2.0,iou,0.25,0.25,2.0,True,False,False,True,True,0.1,0.25,0.05,0.25,128,5,True,True,0.05,10,0.3,10,0.0,0.5,1.0,10,True,5,12,0.0,0.1,3,odvg_appended_phrase,4.0,0.25,20,0.5,0.5,1.0,1.5,True,False
epoch,1784868849.6425817,24,629.5569509819616,7.204449292915075e-05,7.204449292915075e-05,2.7003770064225604e-05,2.7003770064225604e-06,4.504072286492514e-05,1.764872431755066,12286,1.0987905263900757,1.3321623802185059,0.6660811901092529,0.0041521773673594,0.23405644297599792,0.043954841792583466,0.012086223810911179,0.08057750016450882,0.03540162742137909,0.0265511441975832,0.08057750016450882,0.012086223810911179,,,,,,,,,,,,,,,,,,,0.3209560811519623,0.16013196110725403,0.06250642013353878,0.6628314667937503,19472,292048,29377,311520,0.5,0.18858290499370256,0.4761207747557613,0.6121795962828063,0.5,0.23286925145522008,0.5122034244476972,0.5988017837083432,0.5,0.2340606596997651,0.5228920584130442,0.6153793784252987,0.2340606596997651,0.5228920584130442,0.6153793784252987,29377,17395,17395,1739500,100.0,100.0,0.6282065510749817,0.6949109435081482,0.4895649552345276,0.8226959109306335,0.8843312859535217,0.7417367100715637,0.40283215045928955,0.07890524327781345,0.8936209544351653,17395,2683,17395,0,17.908594423684967,110.10969263012521,mean,geometric_mean,odvg_phrase_grounding,6.0,4.0,2.0,iou,0.25,0.25,2.0,True,False,False,True,True,0.1,0.25,0.05,0.25,128,5,True,True,0.05,10,0.3,10,0.0,0.5,1.0,10,True,5,12,0.0,0.1,3,odvg_appended_phrase,4.0,0.25,20,0.5,0.5,1.0,1.5,True,False
epoch,1784869489.1160958,25,632.8431632958818,7.142052199256066e-05,7.142052199256066e-05,2.6768768023172195e-05,2.6768768023172194e-06,4.465175396938846e-05,1.7531851530075073,12286,1.0887452363967896,1.3288828134536743,0.6644414067268372,0.004127043299376965,0.23174075782299042,0.04372493177652359,0.011943540535867214,0.07962153851985931,0.03518242761492729,0.026387790217995644,0.07962153851985931,0.011943540535867214,2.1889936923980713,0.0134422043338418,0.4583302140235901,0.09843723475933075,0.052184902131557465,0.03914201632142067,,,0.1510879099369049,0.022666996344923973,0.0,0.0,0,0.45,True,True,1.0,1.5,1.0,1.5,0.3231220841407776,0.16117364168167114,0.06194376462319258,0.6659972087006842,19565,296286,29377,315851,0.5,0.18735745651359909,0.47469108486230727,0.6146985737141301,0.5,0.23416278040644042,0.5138713959900603,0.6019675256152772,0.5,0.2360690335977125,0.5218368111107329,0.6175239132654798,0.2360690335977125,0.5218368111107329,0.6175239132654798,29377,17395,17395,1739500,100.0,100.0,0.6281708478927612,0.6958536505699158,0.49026355147361755,0.8229981064796448,0.8836504817008972,0.7420090436935425,0.4035469889640808,0.07601183499285824,0.8975594224371045,17395,2683,17395,0,18.157574015521703,117.93157064099796,mean,geometric_mean,odvg_phrase_grounding,6.0,4.0,2.0,iou,0.25,0.25,2.0,True,False,False,True,True,0.1,0.25,0.05,0.25,128,5,True,True,0.05,10,0.3,10,0.0,0.5,1.0,10,True,5,12,0.0,0.1,3,odvg_appended_phrase,4.0,0.25,20,0.5,0.5,1.0,1.5,True,False
epoch,1784870109.5717888,26,607.0376151059754,7.077604502476029e-05,7.077604502476029e-05,2.6526042931403224e-05,2.6526042931403225e-06,4.425000209335706e-05,1.7396341562271118,12286,1.0800048112869263,1.3192578554153442,0.6596289277076721,0.00401713140308857,0.22889482975006104,0.04489922150969505,0.012026338838040829,0.08017440140247345,0.03570641949772835,0.02678033523261547,0.08017440140247345,0.012026338838040829,,,,,,,,,,,,,,,,,,,0.32177722454071045,0.16111844778060913,0.062222970675800626,0.666609932940736,19583,295140,29377,314723,0.5,0.18694897368689792,0.4737719985022296,0.6126561595806242,0.5,0.23423086087755726,0.5138373557545018,0.6000612724240052,0.5,0.23525206794431017,0.5199645981550193,0.6160601831364673,0.23525206794431017,0.5199645981550193,0.6160601831364673,29377,17395,17395,1739500,100.0,100.0,0.6294651627540588,0.6972084045410156,0.49406397342681885,0.8224920630455017,0.8872246742248535,0.7447322607040405,0.40058550238609314,0.07812232776330452,0.8951001159941013,17395,2683,17395,0,18.09272779534349,98.98730462603271,mean,geometric_mean,odvg_phrase_grounding,6.0,4.0,2.0,iou,0.25,0.25,2.0,True,False,False,True,True,0.1,0.25,0.05,0.25,128,5,True,True,0.05,10,0.3,10,0.0,0.5,1.0,10,True,5,12,0.0,0.1,3,odvg_appended_phrase,4.0,0.25,20,0.5,0.5,1.0,1.5,True,False
epoch,1784870725.483367,27,608.3435262220446,7.011150371807103e-05,7.011150371807103e-05,2.6275761140572202e-05,2.62757611405722e-06,4.3835742577498816e-05,1.7362678050994873,12286,1.077816128730774,1.3169028759002686,0.6584514379501343,0.004054422955960035,0.2290675938129425,0.04383772239089012,0.01194011326879263,0.07959824800491333,0.03523138165473938,0.026424117386341095,0.07959824800491333,0.01194011326879263,,,,,,,,,,,,,,,,,,,0.3214437961578369,0.1591791957616806,0.06293676772400177,0.659733805357933,19381,288563,29377,307944,0.5,0.1885148245225857,0.47193382578207443,0.6121455560472479,0.5,0.23378833781529768,0.5129523096299826,0.5990400653572523,0.5,0.2365455968955305,0.5184327875548899,0.614766654185247,0.2365455968955305,0.5184327875548899,0.614766654185247,29377,17395,17395,1739500,100.0,100.0,0.6277540922164917,0.6935474276542664,0.4905780851840973,0.8196645975112915,0.88715660572052,0.7431323528289795,0.39946216344833374,0.08339854747104647,0.8877743013696521,17395,2683,17395,0,17.70301810865191,99.21422559791245,mean,geometric_mean,odvg_phrase_grounding,6.0,4.0,2.0,iou,0.25,0.25,2.0,True,False,False,True,True,0.1,0.25,0.05,0.25,128,5,True,True,0.05,10,0.3,10,0.0,0.5,1.0,10,True,5,12,0.0,0.1,3,odvg_appended_phrase,4.0,0.25,20,0.5,0.5,1.0,1.5,True,False
epoch,1784871346.8252387,28,613.1077200290747,6.94273535159099e-05,6.94273535159099e-05,2.6018094181316714e-05,2.601809418131671e-06,4.340925933459318e-05,1.7301883697509766,12286,1.0742603540420532,1.3118529319763184,0.6559264659881592,0.004017483908683062,0.22832798957824707,0.043790318071842194,0.011691667139530182,0.0779486894607544,0.03518877923488617,0.026391547173261642,0.0779486894607544,0.011691667139530182,,,,,,,,,,,,,,,,,,,0.3222789764404297,0.16053609549999237,0.06342476732584196,0.6599720870068421,19388,286297,29377,305685,0.5,0.1884127038159104,0.47390815944446335,0.6103073833270927,0.5,0.2349457058242843,0.5167307757769684,0.6009463185485243,0.5,0.23671579807332266,0.5203050005106036,0.613983728767403,0.23671579807332266,0.5203050005106036,0.613983728767403,29377,17395,17395,1739500,100.0,100.0,0.6290984749794006,0.6964366436004639,0.4919711947441101,0.8218048810958862,0.8853184580802917,0.743677020072937,0.4025598168373108,0.08370493306609494,0.88744450775434,17395,2683,17395,0,17.57315320494395,104.51089083799161,mean,geometric_mean,odvg_phrase_grounding,6.0,4.0,2.0,iou,0.25,0.25,2.0,True,False,False,True,True,0.1,0.25,0.05,0.25,128,5,True,True,0.05,10,0.3,10,0.0,0.5,1.0,10,True,5,12,0.0,0.1,3,odvg_appended_phrase,4.0,0.25,20,0.5,0.5,1.0,1.5,True,False
epoch,1784871973.3060784,29,619.5476457129698,6.87240633006514e-05,6.87240633006514e-05,2.5753218645699875e-05,2.5753218645699874e-06,4.297084465495152e-05,1.7294220924377441,12286,1.0716463327407837,1.3155462741851807,0.6577731370925903,0.004017835017293692,0.22670863568782806,0.045358337461948395,0.012013154104351997,0.08007865399122238,0.03557582572102547,0.02668057382106781,0.08007865399122238,0.012013154104351997,,,,,,,,,,,,,,,,,,,0.3219568133354187,0.1608133614063263,0.06281868838961266,0.6596657248868162,19379,289112,29377,308491,0.5,0.18742553698471592,0.47421452156448923,0.610103141913742,0.5,0.2344010620553494,0.5124417060966062,0.5982911801749669,0.5,0.23511590700207646,0.5197263165061102,0.6126561595806242,0.23511590700207646,0.5197263165061102,0.6126561595806242,29377,17395,17395,1739500,100.0,100.0,0.628818690776825,0.695751428604126,0.4901196360588074,0.8208792805671692,0.8868502378463745,0.741940975189209,0.399802565574646,0.0822752503023928,0.8891080920804906,17395,2683,17395,0,17.734463926415636,98.80966124590486,mean,geometric_mean,odvg_phrase_grounding,6.0,4.0,2.0,iou,0.25,0.25,2.0,True,False,False,True,True,0.1,0.25,0.05,0.25,128,5,True,True,0.05,10,0.3,10,0.0,0.5,1.0,10,True,5,12,0.0,0.1,3,odvg_appended_phrase,4.0,0.25,20,0.5,0.5,1.0,1.5,True,False
epoch,1784872628.6162512,30,647.3785354788415,6.800211507227894e-05,6.800211507227894e-05,2.5481316066182977e-05,2.5481316066182975e-06,4.252079900609596e-05,1.722076416015625,12286,1.0678035020828247,1.3085460662841797,0.6542730331420898,0.004024209920316935,0.22582858800888062,0.04558613896369934,0.011674038134515285,0.07783450186252594,0.03528796136379242,0.026464859023690224,0.07783450186252594,0.011674038134515285,2.230112075805664,0.013978456147015095,0.4642626643180847,0.10554622858762741,0.0530577227473259,0.039797794073820114,,,0.14688080549240112,0.02203308418393135,0.0,0.0,0,0.45,True,True,1.0,1.5,1.0,1.5,0.3230908513069153,0.1594114452600479,0.06317814518921108,0.6584402764067128,19343,286823,29377,306166,0.5,0.1880723014603261,0.4747932055689825,0.6088776934336385,0.5,0.23382237805085612,0.5129523096299826,0.5967934098103959,0.5,0.23532014841542703,0.5207134833373047,0.6126561595806242,0.23532014841542703,0.5207134833373047,0.6126561595806242,29377,17395,17395,1739500,100.0,100.0,0.6288700103759766,0.6960598230361938,0.4935602843761444,0.8208027482032776,0.8858290314674377,0.7440854907035828,0.40014296770095825,0.08564521429687,0.8848986905847517,17395,2683,17395,0,17.600804828973843,123.32370431395248,mean,geometric_mean,odvg_phrase_grounding,6.0,4.0,2.0,iou,0.25,0.25,2.0,True,False,False,True,True,0.1,0.25,0.05,0.25,128,5,True,True,0.05,10,0.3,10,0.0,0.5,1.0,10,True,5,12,0.0,0.1,3,odvg_appended_phrase,4.0,0.25,20,0.5,0.5,1.0,1.5,True,False
epoch,1784873259.095494,31,623.5267797159031,6.726200361804612e-05,6.726200361804612e-05,2.5202572791212173e-05,2.5202572791212176e-06,4.2059430826833944e-05,1.7124074697494507,12286,1.0595343112945557,1.3057441711425781,0.6528720855712891,0.003936298657208681,0.22305256128311157,0.04653872549533844,0.011580933816730976,0.07720907032489777,0.03581977263092995,0.026864027604460716,0.07720907032489777,0.011580933816730976,,,,,,,,,,,,,,,,,,,0.32317662239074707,0.15916159749031067,0.06327768011193702,0.6604146100691016,19401,287200,29377,306601,0.5,0.18797018075365082,0.47421452156448923,0.6100010212070668,0.5,0.23327773428192122,0.5140415971678524,0.5974061340504476,0.5,0.23477550464649216,0.518909350852708,0.6126901998161828,0.23477550464649216,0.518909350852708,0.6126901998161828,29377,17395,17395,1739500,100.0,100.0,0.6282740235328674,0.6946857571601868,0.49020060896873474,0.8200443387031555,0.8857269287109375,0.742179274559021,0.3962283432483673,0.08176466448991937,0.8898316521456339,17395,2683,17395,0,17.625812014946824,102.57921706093475,mean,geometric_mean,odvg_phrase_grounding,6.0,4.0,2.0,iou,0.25,0.25,2.0,True,False,False,True,True,0.1,0.25,0.05,0.25,128,5,True,True,0.05,10,0.3,10,0.0,0.5,1.0,10,True,5,12,0.0,0.1,3,odvg_appended_phrase,4.0,0.25,20,0.5,0.5,1.0,1.5,True,False
epoch,1784873895.3518188,32,629.1868716678582,6.65042361733743e-05,6.65042361733743e-05,2.4917179857504604e-05,2.4917179857504603e-06,4.158705631586969e-05,1.72317636013031,12286,1.0673362016677856,1.311680793762207,0.6558403968811035,0.003977504093199968,0.22581902146339417,0.04503413289785385,0.01164987962692976,0.07766172289848328,0.03554170951247215,0.026656562462449074,0.07766172289848328,0.01164987962692976,,,,,,,,,,,,,,,,,,,0.3245019018650055,0.1611413061618805,0.0625983744033028,0.6606528917180107,19408,290632,29377,310040,0.5,0.18912754876263743,0.47292099261326886,0.6102393028559757,0.5,0.2361711543043878,0.5153010858835143,0.5991421860639276,0.5,0.23549034959321918,0.5203730809817204,0.6129625217006501,0.23549034959321918,0.5203730809817204,0.6129625217006501,29377,17395,17395,1739500,100.0,100.0,0.6291252374649048,0.6967136859893799,0.491095632314682,0.8218827247619629,0.8863396644592285,0.7432685494422913,0.40184497833251953,0.08261565772428059,0.8888481723244298,17395,2683,17395,0,17.823512503592987,108.06681146495976,mean,geometric_mean,odvg_phrase_grounding,6.0,4.0,2.0,iou,0.25,0.25,2.0,True,False,False,True,True,0.1,0.25,0.05,0.25,128,5,True,True,0.05,10,0.3,10,0.0,0.5,1.0,10,True,5,12,0.0,0.1,3,odvg_appended_phrase,4.0,0.25,20,0.5,0.5,1.0,1.5,True,False
epoch,1784874527.5488138,33,625.4355948180892,6.57293320742187e-05,6.57293320742187e-05,2.4625332859121324e-05,2.4625332859121326e-06,4.110399921509737e-05,1.7107579708099365,12286,1.0578967332839966,1.3057199716567993,0.6528599858283997,0.003980427049100399,0.22354650497436523,0.04505041241645813,0.011518709361553192,0.0767841637134552,0.035435400903224945,0.026576394215226173,0.0767841637134552,0.011518709361553192,,,,,,,,,,,,,,,,,,,0.3226889669895172,0.16013690829277039,0.062431006991291546,0.6584062361711543,19342,290472,29377,309814,0.5,0.1891956292337543,0.4726827109643599,0.6094563774381319,0.5,0.23589883241992035,0.515198965176839,0.5981550192327331,0.5,0.23783912584675085,0.519624195799435,0.6120434353405726,0.23783912584675085,0.519624195799435,0.6120434353405726,29377,17395,17395,1739500,100.0,100.0,0.6293987035751343,0.6964472532272339,0.49017414450645447,0.8231236934661865,0.8875991702079773,0.7414644360542297,0.39970043301582336,0.08305819988307539,0.8879808715774998,17395,2683,17395,0,17.810520264443806,107.22431213315576,mean,geometric_mean,odvg_phrase_grounding,6.0,4.0,2.0,iou,0.25,0.25,2.0,True,False,False,True,True,0.1,0.25,0.05,0.25,128,5,True,True,0.05,10,0.3,10,0.0,0.5,1.0,10,True,5,12,0.0,0.1,3,odvg_appended_phrase,4.0,0.25,20,0.5,0.5,1.0,1.5,True,False
epoch,1784875149.807584,34,615.4311211379245,6.493782240114158e-05,6.493782240114158e-05,2.432723181341696e-05,2.4327231813416958e-06,4.061059058772462e-05,1.7021044492721558,12286,1.0540200471878052,1.2961697578430176,0.6480848789215088,0.003961565904319286,0.22211530804634094,0.04594264551997185,0.011587750166654587,0.07724452018737793,0.03565893694758415,0.02674470655620098,0.07724452018737793,0.011587750166654587,,,,,,,,,,,,,,,,,,,0.32308393716812134,0.1596347689628601,0.06191101957672128,0.6559212989753889,19269,291968,29377,311237,0.5,0.18895734758484528,0.47332947543997006,0.6073118425979508,0.5,0.23484358511760903,0.5141096776389693,0.5975763352282398,0.5,0.2358647921843619,0.519624195799435,0.6111583892160534,0.2358647921843619,0.519624195799435,0.6111583892160534,29377,17395,17395,1739500,100.0,100.0,0.6285139918327332,0.6955332159996033,0.48918163776397705,0.8204305768013,0.8874289393424988,0.740953803062439,0.3999727666378021,0.0850325040870501,0.8852391286263706,17395,2683,17395,0,17.89232538085657,97.97198404185474,mean,geometric_mean,odvg_phrase_grounding,6.0,4.0,2.0,iou,0.25,0.25,2.0,True,False,False,True,True,0.1,0.25,0.05,0.25,128,5,True,True,0.05,10,0.3,10,0.0,0.5,1.0,10,True,5,12,0.0,0.1,3,odvg_appended_phrase,4.0,0.25,20,0.5,0.5,1.0,1.5,True,False
epoch,1784875782.6455114,35,625.5958385479171,6.413024961533606e-05,6.413024961533606e-05,2.4023081023957736e-05,2.402308102395774e-06,4.0107168591378326e-05,1.683288335800171,12286,1.042340636253357,1.2818927764892578,0.6409463882446289,0.0038753384724259377,0.21951907873153687,0.045834749937057495,0.011806301772594452,0.07870778441429138,0.03529934957623482,0.02647264301776886,0.07870778441429138,0.011806301772594452,2.2468724250793457,0.013928971253335476,0.4642091393470764,0.11373867094516754,0.052970051765441895,0.03972146287560463,,,0.1538567990064621,0.02307833358645439,0.0,0.0,0,0.45,True,True,1.0,1.5,1.0,1.5,0.3245188593864441,0.1607355922460556,0.06278095312281931,0.6584402764067128,19343,288760,29377,308103,0.5,0.18888926711372842,0.473091193791061,0.6097627395581577,0.5,0.23555843006433605,0.5112502978520611,0.5953977601525002,0.5,0.237771045375634,0.5182966266126562,0.612554038873949,0.237771045375634,0.5182966266126562,0.612554038873949,29377,17395,17395,1739500,100.0,100.0,0.6288989186286926,0.694798469543457,0.4882851839065552,0.8215826749801636,0.8893011808395386,0.7412261366844177,0.3984069228172302,0.08278586027770496,0.8883122758622425,17395,2683,17395,0,17.712158666283415,117.11831181799062,mean,geometric_mean,odvg_phrase_grounding,6.0,4.0,2.0,iou,0.25,0.25,2.0,True,False,False,True,True,0.1,0.25,0.05,0.25,128,5,True,True,0.05,10,0.3,10,0.0,0.5,1.0,10,True,5,12,0.0,0.1,3,odvg_appended_phrase,4.0,0.25,20,0.5,0.5,1.0,1.5,True,False
epoch,1784876396.8288276,36,607.7267901620362,6.330716718685039e-05,6.330716718685039e-05,2.3713088940502093e-05,2.3713088940502095e-06,3.95940782463483e-05,1.6840404272079468,12286,1.0447795391082764,1.2785204648971558,0.6392602324485779,0.003916333895176649,0.22195371985435486,0.04286457970738411,0.011602350510656834,0.07734707742929459,0.03448397293686867,0.02586326003074646,0.07734707742929459,0.011602350510656834,,,,,,,,,,,,,,,,,,,0.3248032331466675,0.16023513674736023,0.06503570987355466,0.6630357082071008,19478,280019,29377,299497,0.5,0.1882084624025598,0.47731218300030637,0.6146645334785716,0.5,0.2346053034687,0.515198965176839,0.6012526806685502,0.5,0.2371923613711407,0.523504782653096,0.6172856316165708,0.2371923613711407,0.523504782653096,0.6172856316165708,29377,17395,17395,1739500,100.0,100.0,0.627579391002655,0.6937423348426819,0.486569881439209,0.8195695877075195,0.886646032333374,0.7401368618011475,0.3957858085632324,0.07710115359404668,0.8958285182467219,17395,2683,17395,0,17.217418798505317,98.29640968400054,mean,geometric_mean,odvg_phrase_grounding,6.0,4.0,2.0,iou,0.25,0.25,2.0,True,False,False,True,True,0.1,0.25,0.05,0.25,128,5,True,True,0.05,10,0.3,10,0.0,0.5,1.0,10,True,5,12,0.0,0.1,3,odvg_appended_phrase,4.0,0.25,20,0.5,0.5,1.0,1.5,True,False
epoch,1784877013.4247496,37,608.7713558450341,6.246913921526716e-05,6.246913921526716e-05,2.339746801613958e-05,2.339746801613958e-06,3.907167119912758e-05,1.6788575649261475,12286,1.0424500703811646,1.2728136777877808,0.6364068388938904,0.003914129454642534,0.2221425324678421,0.04165545105934143,0.011336138471961021,0.07557438313961029,0.03423599898815155,0.025675661861896515,0.07557438313961029,0.011336138471961021,,,,,,,,,,,,,,,,,,,0.324445515871048,0.15992307662963867,0.06498495486459378,0.6616400585492052,19437,279663,29377,299100,0.5,0.1874936174558328,0.47581441263573543,0.6121115158116894,0.5,0.23280117098410322,0.5146543214079041,0.5992443067706028,0.5,0.23661367736664737,0.5223814548796678,0.6153793784252987,0.23661367736664737,0.5223814548796678,0.6153793784252987,29377,17395,17395,1739500,100.0,100.0,0.6259956955909729,0.6924480199813843,0.48536768555641174,0.8187530040740967,0.8847057223320007,0.7378221154212952,0.39439016580581665,0.07618205687209001,0.8967473930642615,17395,2683,17395,0,17.19459614831848,98.89457945502363,mean,geometric_mean,odvg_phrase_grounding,6.0,4.0,2.0,iou,0.25,0.25,2.0,True,False,False,True,True,0.1,0.25,0.05,0.25,128,5,True,True,0.05,10,0.3,10,0.0,0.5,1.0,10,True,5,12,0.0,0.1,3,odvg_appended_phrase,4.0,0.25,20,0.5,0.5,1.0,1.5,True,False
epoch,1784877626.2010243,38,606.4346760229673,6.161674004309767e-05,6.161674004309767e-05,2.3076434561686132e-05,2.307643456168613e-06,3.854030548141153e-05,1.6825519800186157,12286,1.0439532995224,1.2771942615509033,0.6385971307754517,0.003943221177905798,0.22268691658973694,0.04132230579853058,0.011352933011949062,0.07568962872028351,0.03400777280330658,0.025505801662802696,0.07568962872028351,0.011352933011949062,,,,,,,,,,,,,,,,,,,0.3235083222389221,0.1601751148700714,0.06411871484828345,0.6601082479490759,19392,283047,29377,302439,0.5,0.1880723014603261,0.4767334989958131,0.6132348435851176,0.5,0.23382237805085612,0.5153010858835143,0.60060591619294,0.5,0.23644347618885522,0.5233345814753038,0.616196344078701,0.23644347618885522,0.5233345814753038,0.616196344078701,29377,17395,17395,1739500,100.0,100.0,0.6262534856796265,0.6932868957519531,0.48766323924064636,0.8189036846160889,0.883922815322876,0.7387752532958984,0.39357319474220276,0.07866700534682258,0.8935169999321642,17395,2683,17395,0,17.38654785858005,99.20787606202066,mean,geometric_mean,odvg_phrase_grounding,6.0,4.0,2.0,iou,0.25,0.25,2.0,True,False,False,True,True,0.1,0.25,0.05,0.25,128,5,True,True,0.05,10,0.3,10,0.0,0.5,1.0,10,True,5,12,0.0,0.1,3,odvg_appended_phrase,4.0,0.25,20,0.5,0.5,1.0,1.5,True,False
epoch,1784878241.0814729,39,608.1678265591618,6.0750553862156204e-05,6.0750553862156204e-05,2.275020859743545e-05,2.275020859743545e-06,3.8000345264720746e-05,1.6729323863983154,12286,1.0364041328430176,1.2730529308319092,0.6365264654159546,0.003888225182890892,0.2202058881521225,0.04234505444765091,0.011419758200645447,0.07613403350114822,0.03452901169657707,0.0258940476924181,0.07613403350114822,0.011419758200645447,,,,,,,,,,,,,,,,,,,0.3224402070045471,0.15913137793540955,0.06243759139840363,0.6598359260646084,19384,291070,29377,310454,0.5,0.18698301392245634,0.4747591653334241,0.6116689927494299,0.5,0.23229056745072676,0.5143819995234367,0.5993123872417198,0.5,0.23525206794431017,0.5202709602750452,0.6153453381897402,0.23525206794431017,0.5202709602750452,0.6153453381897402,29377,17395,17395,1739500,100.0,100.0,0.6274939775466919,0.6955202221870422,0.4903542697429657,0.8189036846160889,0.8858630657196045,0.7422133088111877,0.39564967155456543,0.08237738274657935,0.8890111754011468,17395,2683,17395,0,17.847312446105203,97.99521508789621,mean,geometric_mean,odvg_phrase_grounding,6.0,4.0,2.0,iou,0.25,0.25,2.0,True,False,False,True,True,0.1,0.25,0.05,0.25,128,5,True,True,0.05,10,0.3,10,0.0,0.5,1.0,10,True,5,12,0.0,0.1,3,odvg_appended_phrase,4.0,0.25,20,0.5,0.5,1.0,1.5,True,False
epoch,1784878876.1421015,40,627.2317857930902,5.987117431318425e-05,5.987117431318425e-05,2.2419013702368094e-05,2.2419013702368094e-06,3.745216061081616e-05,1.6598318815231323,12286,1.0257197618484497,1.268226981163025,0.6341134905815125,0.0038234309758991003,0.216881662607193,0.0437154658138752,0.011511928401887417,0.07674593478441238,0.03457064554095268,0.02592863142490387,0.07674593478441238,0.011511928401887417,2.242481231689453,0.014058765023946762,0.46690133213996887,0.10645285248756409,0.051838960498571396,0.03887636587023735,,,0.15219813585281372,0.02282923087477684,0.0,0.0,0,0.45,True,True,1.0,1.5,1.0,1.5,0.3243047297000885,0.16011135280132294,0.062132710268342765,0.6571807876910508,19306,291416,29377,310722,0.5,0.18756169792694966,0.4724784695510093,0.6103414235626511,0.5,0.23341389522415495,0.5135650338700344,0.5980188582904994,0.5,0.23729448207781598,0.5183306668482146,0.6132008033495592,0.23729448207781598,0.5183306668482146,0.6132008033495592,29377,17395,17395,1739500,100.0,100.0,0.6275716423988342,0.6954916715621948,0.4889989197254181,0.8193484544754028,0.8851482272148132,0.7401368618011475,0.4018109440803528,0.08295607411009664,0.8879179265464223,17395,2683,17395,0,17.86271917217591,117.36869899905287,mean,geometric_mean,odvg_phrase_grounding,6.0,4.0,2.0,iou,0.25,0.25,2.0,True,False,False,True,True,0.1,0.25,0.05,0.25,128,5,True,True,0.05,10,0.3,10,0.0,0.5,1.0,10,True,5,12,0.0,0.1,3,odvg_appended_phrase,4.0,0.25,20,0.5,0.5,1.0,1.5,True,False
epoch,1784879490.821768,41,605.5019607909489,5.897920407899867e-05,5.897920407899867e-05,2.2083076860921577e-05,2.2083076860921574e-06,3.689612721807709e-05,1.6551014184951782,12286,1.0237072706222534,1.2627882957458496,0.6313941478729248,0.003821567166596651,0.21695348620414734,0.04274974763393402,0.01128582563251257,0.07523737102746964,0.03444749116897583,0.025834988802671432,0.07523737102746964,0.01128582563251257,,,,,,,,,,,,,,,,,,,0.3250788450241089,0.16037553548812866,0.06220091074388144,0.6579296728733363,19328,291407,29377,310735,0.5,0.18776593934030023,0.4748612860400994,0.6100010212070668,0.5,0.2357286312421282,0.5153351261190727,0.5992443067706028,0.5,0.23909861456241277,0.5221772134663172,0.6122817169894815,0.23909861456241277,0.5221772134663172,0.6122817169894815,29377,17395,17395,1739500,100.0,100.0,0.6276949048042297,0.6958352327346802,0.4879342019557953,0.818021297454834,0.8862375617027283,0.7400687336921692,0.39888349175453186,0.08213906081883293,0.8890115781421478,17395,2683,17395,0,17.86346651336591,98.17916268086992,mean,geometric_mean,odvg_phrase_grounding,6.0,4.0,2.0,iou,0.25,0.25,2.0,True,False,False,True,True,0.1,0.25,0.05,0.25,128,5,True,True,0.05,10,0.3,10,0.0,0.5,1.0,10,True,5,12,0.0,0.1,3,odvg_appended_phrase,4.0,0.25,20,0.5,0.5,1.0,1.5,True,False
epoch,1784880104.5713308,42,607.0460042490158,5.807525447144307e-05,5.807525447144307e-05,2.174262830742661e-05,2.174262830742661e-06,3.633262616401646e-05,1.642040491104126,12286,1.0162866115570068,1.251511573791504,0.625755786895752,0.0037581096403300762,0.21465127170085907,0.04375068098306656,0.01147404033690691,0.07649882137775421,0.03455197811126709,0.02591414749622345,0.07649882137775421,0.01147404033690691,,,,,,,,,,,,,,,,,,,0.324612557888031,0.160742849111557,0.06236704699284471,0.6586785580556217,19350,290910,29377,310260,0.5,0.18759573816250807,0.47435068250672296,0.6102393028559757,0.5,0.23501378629540118,0.5137352350478265,0.5981550192327331,0.5,0.2364094359532968,0.5204411614528373,0.6130646424073255,0.2364094359532968,0.5204411614528373,0.6130646424073255,29377,17395,17395,1739500,100.0,100.0,0.6280565857887268,0.6942185163497925,0.49091288447380066,0.8189595341682434,0.8861353993415833,0.7425877451896667,0.3957177400588989,0.08390918713404505,0.8870043470585237,17395,2683,17395,0,17.836159816039093,99.15203456301242,mean,geometric_mean,odvg_phrase_grounding,6.0,4.0,2.0,iou,0.25,0.25,2.0,True,False,False,True,True,0.1,0.25,0.05,0.25,128,5,True,True,0.05,10,0.3,10,0.0,0.5,1.0,10,True,5,12,0.0,0.1,3,odvg_appended_phrase,4.0,0.25,20,0.5,0.5,1.0,1.5,True,False
epoch,1784880716.8161922,43,605.1749577091541,5.715994501242518e-05,5.715994501242518e-05,2.1397901368315977e-05,2.1397901368315975e-06,3.57620436441092e-05,1.6338295936584473,12286,1.0085432529449463,1.2505706548690796,0.6252853274345398,0.0037486960645765066,0.21258728206157684,0.04402335360646248,0.011244027875363827,0.07496285438537598,0.03457881510257721,0.025933705270290375,0.07496285438537598,0.011244027875363827,,,,,,,,,,,,,,,,,,,0.32465067505836487,0.1606884002685547,0.06245528780154551,0.659733805357933,19381,290937,29377,310318,0.5,0.18698301392245634,0.4731252340266195,0.6096606188514825,0.5,0.23463934370425843,0.5140415971678524,0.5992443067706028,0.5,0.2368859992511148,0.5214283282840317,0.6127582802872996,0.2368859992511148,0.5214283282840317,0.6127582802872996,29377,17395,17395,1739500,100.0,100.0,0.6284618377685547,0.6965137124061584,0.4885295033454895,0.8195013403892517,0.8857269287109375,0.7412601709365845,0.4009939730167389,0.08152636557865145,0.8900165302613755,17395,2683,17395,0,17.839494107502155,99.47588221705519,mean,geometric_mean,odvg_phrase_grounding,6.0,4.0,2.0,iou,0.25,0.25,2.0,True,False,False,True,True,0.1,0.25,0.05,0.25,128,5,True,True,0.05,10,0.3,10,0.0,0.5,1.0,10,True,5,12,0.0,0.1,3,odvg_appended_phrase,4.0,0.25,20,0.5,0.5,1.0,1.5,True,False
epoch,1784881328.5081944,44,605.148385545006,5.6233903009327485e-05,5.6233903009327485e-05,2.1049132302214246e-05,2.1049132302214245e-06,3.5184770707113235e-05,1.6266841888427734,12286,1.0030869245529175,1.2471951246261597,0.6235975623130798,0.003751869313418865,0.21207304298877716,0.042633138597011566,0.011115877889096737,0.07409946620464325,0.03427623584866524,0.025707069784402847,0.07409946620464325,0.011115877889096737,,,,,,,,,,,,,,,,,,,0.3235040307044983,0.15849512815475464,0.06356552584775324,0.6606188514824523,19407,285900,29377,305307,0.5,0.18848078428702728,0.4760867345202029,0.6132348435851176,0.5,0.2360690335977125,0.5170711781325527,0.6021717670286278,0.5,0.2372264016066991,0.5238792252442387,0.6163665452564931,0.2372264016066991,0.5238792252442387,0.6163665452564931,29377,17395,17395,1739500,100.0,100.0,0.6278877854347229,0.6933590173721313,0.4946387708187103,0.8190845251083374,0.8877012729644775,0.7460938692092896,0.3951731026172638,0.0854750177268373,0.8854366437598211,17395,2683,17395,0,17.55142282265019,97.91704952297732,mean,geometric_mean,odvg_phrase_grounding,6.0,4.0,2.0,iou,0.25,0.25,2.0,True,False,False,True,True,0.1,0.25,0.05,0.25,128,5,True,True,0.05,10,0.3,10,0.0,0.5,1.0,10,True,5,12,0.0,0.1,3,odvg_appended_phrase,4.0,0.25,20,0.5,0.5,1.0,1.5,True,False
epoch,1784881961.745018,45,626.2054355361033,5.529776312508206e-05,5.529776312508206e-05,2.069656013801792e-05,2.0696560138017915e-06,3.4601202987064145e-05,1.621753215789795,12286,1.0009907484054565,1.2415212392807007,0.6207606196403503,0.003718985477462411,0.21089638769626617,0.04382199048995972,0.011196019127964973,0.0746406763792038,0.034483857452869415,0.025861555710434914,0.0746406763792038,0.011196019127964973,2.2391443252563477,0.013693766668438911,0.46477413177490234,0.10968154668807983,0.05229819938540459,0.039223939180374146,,,0.15349328517913818,0.023027220740914345,0.0,0.0,0,0.45,True,True,1.0,1.5,1.0,1.5,0.3256702423095703,0.16036120057106018,0.06367453706890618,0.661231575722504,19425,285642,29377,305067,0.5,0.1877318991047418,0.4730571535555026,0.61057970521156,0.5,0.23613711406882937,0.5144500799945536,0.5999591517173298,0.5,0.23736256254893284,0.5207815638084216,0.6134050447629098,0.23736256254893284,0.5207815638084216,0.6134050447629098,29377,17395,17395,1739500,100.0,100.0,0.6293883919715881,0.6953661441802979,0.4952891170978546,0.8206741213798523,0.885897159576416,0.7465364336967468,0.39983659982681274,0.08530485797424281,0.8857324919135898,17395,2683,17395,0,17.537625754527163,117.65214658807963,mean,geometric_mean,odvg_phrase_grounding,6.0,4.0,2.0,iou,0.25,0.25,2.0,True,False,False,True,True,0.1,0.25,0.05,0.25,128,5,True,True,0.05,10,0.3,10,0.0,0.5,1.0,10,True,5,12,0.0,0.1,3,odvg_appended_phrase,4.0,0.25,20,0.5,0.5,1.0,1.5,True,False
epoch,1784882575.5428345,46,606.8943836649414,5.435216694320436e-05,5.435216694320436e-05,2.0340426511076967e-05,2.0340426511076966e-06,3.401174043212739e-05,1.6130605936050415,12286,0.9948129057884216,1.2364956140518188,0.6182478070259094,0.0036490766797214746,0.20875293016433716,0.044905487447977066,0.011135086417198181,0.07423237711191177,0.03487369045615196,0.026153292506933212,0.07423237711191177,0.011135086417198181,,,,,,,,,,,,,,,,,,,0.32571664452552795,0.16008062660694122,0.06309630728780247,0.6600401674779589,19390,287918,29377,307308,0.5,0.18810634169588453,0.4750995676890084,0.6107499063893522,0.5,0.2355243898287776,0.5178200633148381,0.6001974333662389,0.5,0.23865609150015318,0.5214623685195902,0.6138816080607278,0.23865609150015318,0.5214623685195902,0.6138816080607278,29377,17395,17395,1739500,100.0,100.0,0.6301859617233276,0.6971107125282288,0.49682122468948364,0.8215007781982422,0.886782169342041,0.7478639483451843,0.400415301322937,0.08782378086722542,0.8825671687189159,17395,2683,17395,0,17.6664558781259,98.38847200805321,mean,geometric_mean,odvg_phrase_grounding,6.0,4.0,2.0,iou,0.25,0.25,2.0,True,False,False,True,True,0.1,0.25,0.05,0.25,128,5,True,True,0.05,10,0.3,10,0.0,0.5,1.0,10,True,5,12,0.0,0.1,3,odvg_appended_phrase,4.0,0.25,20,0.5,0.5,1.0,1.5,True,False
epoch,1784883191.3094623,47,607.9194797750097,5.339776252808385e-05,5.339776252808385e-05,1.9980975497590022e-05,1.998097549759002e-06,3.341678703049383e-05,1.6053307056427002,12286,0.9891564846038818,1.2323421239852905,0.6161710619926453,0.0036361864767968655,0.20826184749603271,0.043735798448324203,0.011206945404410362,0.07471434026956558,0.03420637175440788,0.02565467171370983,0.07471434026956558,0.011206945404410362,,,,,,,,,,,,,,,,,,,0.32473498582839966,0.1599431335926056,0.06352046008101313,0.6587125982911802,19351,285291,29377,304642,0.5,0.1885488647581441,0.47261463049324304,0.6090138543758723,0.5,0.23661367736664737,0.5138373557545018,0.5996187493617455,0.5,0.23875821220682847,0.5199305579194609,0.612077475576131,0.23875821220682847,0.5199305579194609,0.612077475576131,29377,17395,17395,1739500,100.0,100.0,0.6296443939208984,0.6980865001678467,0.49304476380348206,0.8222972750663757,0.8855226635932922,0.7440174221992493,0.40221941471099854,0.08530482390806904,0.8853456634712725,17395,2683,17395,0,17.51319344639264,99.6242344819475,mean,geometric_mean,odvg_phrase_grounding,6.0,4.0,2.0,iou,0.25,0.25,2.0,True,False,False,True,True,0.1,0.25,0.05,0.25,128,5,True,True,0.05,10,0.3,10,0.0,0.5,1.0,10,True,5,12,0.0,0.1,3,odvg_appended_phrase,4.0,0.25,20,0.5,0.5,1.0,1.5,True,False
epoch,1784883803.4769514,48,605.3275874122046,5.243520398083309e-05,5.243520398083309e-05,1.9618453447326746e-05,1.9618453447326748e-06,3.2816750533506335e-05,1.6048932075500488,12286,0.9905372858047485,1.2287142276763916,0.6143571138381958,0.0036378689110279083,0.21033252775669098,0.04082544520497322,0.011012652888894081,0.07342096418142319,0.033666737377643585,0.025249384343624115,0.07342096418142319,0.011012652888894081,,,,,,,,,,,,,,,,,,,0.32590487599372864,0.16076096892356873,0.0643694233586363,0.6581339142866869,19334,281026,29377,300360,0.5,0.18905946829152057,0.4747932055689825,0.6119072743983388,0.5,0.23566055077101133,0.5180243047281887,0.6037376178643156,0.5,0.23780508561119243,0.5233005412397453,0.6145964530074548,0.23780508561119243,0.5233005412397453,0.6145964530074548,29377,17395,17395,1739500,100.0,100.0,0.6290024518966675,0.695669412612915,0.49310192465782166,0.8220289945602417,0.8862034678459167,0.7446982264518738,0.3998706340789795,0.0865643121651869,0.883759207299816,17395,2683,17395,0,17.267030755964356,97.65014803688973,mean,geometric_mean,odvg_phrase_grounding,6.0,4.0,2.0,iou,0.25,0.25,2.0,True,False,False,True,True,0.1,0.25,0.05,0.25,128,5,True,True,0.05,10,0.3,10,0.0,0.5,1.0,10,True,5,12,0.0,0.1,3,odvg_appended_phrase,4.0,0.25,20,0.5,0.5,1.0,1.5,True,False
epoch,1784884417.8235252,49,607.8517603450455,5.14651509909995e-05,5.14651509909995e-05,1.9253108814792016e-05,1.9253108814792013e-06,3.2212042176207475e-05,1.5977412462234497,12286,0.9872599244117737,1.2209604978561401,0.6104802489280701,0.0036557221319526434,0.21018116176128387,0.039781637489795685,0.010891720652580261,0.0726105272769928,0.033249907195568085,0.02493894100189209,0.0726105272769928,0.010891720652580261,,,,,,,,,,,,,,,,,,,0.32726508378982544,0.160793274641037,0.06475538153937561,0.6603805698335432,19400,280189,29377,299589,0.5,0.18831058310923512,0.47659733805357934,0.6124178779317153,0.5,0.2374306430200497,0.5180583449637471,0.6046907444599516,0.5,0.23974537903802295,0.5237090240664466,0.6153112979541818,0.23974537903802295,0.5237090240664466,0.6153112979541818,29377,17395,17395,1739500,100.0,100.0,0.6286283731460571,0.6949503421783447,0.4931604862213135,0.8209862112998962,0.8872928023338318,0.744153618812561,0.3992919623851776,0.08377304897901783,0.8874250600128859,17395,2683,17395,0,17.222707674619144,97.59315158193931,mean,geometric_mean,odvg_phrase_grounding,6.0,4.0,2.0,iou,0.25,0.25,2.0,True,False,False,True,True,0.1,0.25,0.05,0.25,128,5,True,True,0.05,10,0.3,10,0.0,0.5,1.0,10,True,5,12,0.0,0.1,3,odvg_appended_phrase,4.0,0.25,20,0.5,0.5,1.0,1.5,True,False
epoch,1784885054.3910818,50,626.9902549970429,5.048826838444707e-05,5.048826838444707e-05,1.8885191988947594e-05,1.8885191988947594e-06,3.1603076395499466e-05,1.5942528247833252,12286,0.9851455688476562,1.2182174921035767,0.6091087460517883,0.0036510699428617954,0.20950275659561157,0.04004351794719696,0.010991165414452553,0.07327273488044739,0.03326760604977608,0.024950403720140457,0.07327273488044739,0.010991165414452553,2.279280185699463,0.01418843399733305,0.47070828080177307,0.11765192449092865,0.051123932003974915,0.0383441336452961,,,0.14938071370124817,0.02240586280822754,0.0,0.0,0,0.45,True,True,1.0,1.5,1.0,1.5,0.32638341188430786,0.1611633449792862,0.06515575039716855,0.6617421792558804,19440,278922,29377,298362,0.5,0.18814038193144297,0.47751642441365694,0.6119413146338972,0.5,0.23634135548217994,0.5207134833373047,0.6065969976512238,0.5,0.2383497293801273,0.5247642713687579,0.6159240221942336,0.2383497293801273,0.5247642713687579,0.6159240221942336,29377,17395,17395,1739500,100.0,100.0,0.6286407709121704,0.6953442096710205,0.4909220337867737,0.8199721574783325,0.8874629735946655,0.7433706521987915,0.3992238938808441,0.08162847294291109,0.8901914237514422,17395,2683,17395,0,17.152170163840182,116.42650441895239,mean,geometric_mean,odvg_phrase_grounding,6.0,4.0,2.0,iou,0.25,0.25,2.0,True,False,False,True,True,0.1,0.25,0.05,0.25,128,5,True,True,0.05,10,0.3,10,0.0,0.5,1.0,10,True,5,12,0.0,0.1,3,odvg_appended_phrase,4.0,0.25,20,0.5,0.5,1.0,1.5,True,False
epoch,1784885665.9825597,51,605.182362302905,4.950522566771796e-05,4.950522566771796e-05,1.8514955121608065e-05,1.8514955121608062e-06,3.09902705461099e-05,1.5826066732406616,12286,0.9756020307540894,1.2140109539031982,0.6070054769515991,0.003586865495890379,0.20687374472618103,0.04076507315039635,0.0108612896874547,0.07240764051675797,0.03345992788672447,0.02509520761668682,0.07240764051675797,0.0108612896874547,,,,,,,,,,,,,,,,,,,0.32584935426712036,0.16048064827919006,0.06503581755715193,0.6591891615889982,19365,278394,29377,297759,0.5,0.1867106920379889,0.47455492392007353,0.6093202164958982,0.5,0.23593287265547877,0.5162542124791504,0.601320761139667,0.5,0.23657963713108895,0.5228580181774858,0.612554038873949,0.23657963713108895,0.5228580181774858,0.612554038873949,29377,17395,17395,1739500,100.0,100.0,0.6278690099716187,0.6960235238075256,0.4868601858615875,0.8211485147476196,0.8851482272148132,0.7401708960533142,0.39970043301582336,0.080981734464316,0.8905904907959487,17395,2683,17395,0,17.117505030181086,97.47784165502526,mean,geometric_mean,odvg_phrase_grounding,6.0,4.0,2.0,iou,0.25,0.25,2.0,True,False,False,True,True,0.1,0.25,0.05,0.25,128,5,True,True,0.05,10,0.3,10,0.0,0.5,1.0,10,True,5,12,0.0,0.1,3,odvg_appended_phrase,4.0,0.25,20,0.5,0.5,1.0,1.5,True,False
epoch,1784886279.4046276,52,606.7559520041104,4.851669656918614e-05,4.851669656918614e-05,1.8142651954628545e-05,1.8142651954628544e-06,3.0374044614557594e-05,1.5784986019134521,12286,0.9715640544891357,1.2138688564300537,0.6069344282150269,0.0035587958991527557,0.20551717281341553,0.04154606908559799,0.011059627868235111,0.07372970879077911,0.03349370136857033,0.02512049674987793,0.07372970879077911,0.011059627868235111,,,,,,,,,,,,,,,,,,,0.32786932587623596,0.16112020611763,0.06497645148738042,0.6593593627667903,19370,278738,29377,298108,0.5,0.18868502570037785,0.47458896415563195,0.61057970521156,0.5,0.23562651053545292,0.5181604656704224,0.6016952037308099,0.5,0.23926881574020492,0.5224835755863431,0.6133369642917929,0.23926881574020492,0.5224835755863431,0.6133369642917929,29377,17395,17395,1739500,100.0,100.0,0.626976490020752,0.6941402554512024,0.4850580394268036,0.821642279624939,0.8834121823310852,0.7371753454208374,0.401913046836853,0.0778159826540471,0.8944403348030805,17395,2683,17395,0,17.137568266743315,99.22331973002292,mean,geometric_mean,odvg_phrase_grounding,6.0,4.0,2.0,iou,0.25,0.25,2.0,True,False,False,True,True,0.1,0.25,0.05,0.25,128,5,True,True,0.05,10,0.3,10,0.0,0.5,1.0,10,True,5,12,0.0,0.1,3,odvg_appended_phrase,4.0,0.25,20,0.5,0.5,1.0,1.5,True,False
epoch,1784886894.639471,53,608.6961364189629,4.752335857731763e-05,4.752335857731763e-05,1.776853764600274e-05,1.7768537646002741e-06,2.9754820931314887e-05,1.573264479637146,12286,0.9693313837051392,1.20786714553833,0.603933572769165,0.0035839935299009085,0.20567868649959564,0.040199752897024155,0.010851710103452206,0.07234443724155426,0.03329123184084892,0.024966979399323463,0.07234443724155426,0.010851710103452206,,,,,,,,,,,,,,,,,,,0.32594943046569824,0.1595970243215561,0.06474639740546324,0.6591891615889982,19365,279725,29377,299090,0.5,0.18732341627804064,0.47492936651121626,0.6109541478027027,0.5,0.23569459100656975,0.5181604656704224,0.603533376450965,0.5,0.23692003948667326,0.5228239779419274,0.6140858494740784,0.23692003948667326,0.5228239779419274,0.6140858494740784,29377,17395,17395,1739500,100.0,100.0,0.625882625579834,0.6912649869918823,0.4841444194316864,0.8205996155738831,0.8832420110702515,0.7367328405380249,0.3965347111225128,0.0775436789490267,0.8947465421897065,17395,2683,17395,0,17.19402127048002,97.79895633412525,mean,geometric_mean,odvg_phrase_grounding,6.0,4.0,2.0,iou,0.25,0.25,2.0,True,False,False,True,True,0.1,0.25,0.05,0.25,128,5,True,True,0.05,10,0.3,10,0.0,0.5,1.0,10,True,5,12,0.0,0.1,3,odvg_appended_phrase,4.0,0.25,20,0.5,0.5,1.0,1.5,True,False
epoch,1784887510.5286736,54,609.0270463449415,4.652589247635369e-05,4.652589247635369e-05,1.739286859499035e-05,1.7392868594990349e-06,2.9133023881363338e-05,1.564890742301941,12286,0.9643866419792175,1.201008677482605,0.6005043387413025,0.00354593712836504,0.20395977795124054,0.04108064994215965,0.01085522398352623,0.0723673552274704,0.03354327008128166,0.025158682838082314,0.0723673552274704,0.01085522398352623,,,,,,,,,,,,,,,,,,,0.3263751268386841,0.1604069471359253,0.06339170706286074,0.6583721959355959,19341,285762,29377,305103,0.5,0.18732341627804064,0.47489532627565784,0.6107158661537938,0.5,0.2386901317357116,0.518841270381591,0.6023079279708615,0.5,0.2390305340912959,0.5228239779419274,0.613268883820676,0.2390305340912959,0.5228239779419274,0.613268883820676,29377,17395,17395,1739500,100.0,100.0,0.6265164613723755,0.6927178502082825,0.48533254861831665,0.819390058517456,0.8847057223320007,0.7374476790428162,0.39581987261772156,0.07907548310722023,0.8927713987657298,17395,2683,17395,0,17.539695314745618,99.39670910895802,mean,geometric_mean,odvg_phrase_grounding,6.0,4.0,2.0,iou,0.25,0.25,2.0,True,False,False,True,True,0.1,0.25,0.05,0.25,128,5,True,True,0.05,10,0.3,10,0.0,0.5,1.0,10,True,5,12,0.0,0.1,3,odvg_appended_phrase,4.0,0.25,20,0.5,0.5,1.0,1.5,True,False
epoch,1784888141.56807,55,623.9728243350983,4.552498187973539e-05,4.552498187973539e-05,1.7015902266393847e-05,1.7015902266393846e-06,2.8509079613341538e-05,1.5601062774658203,12286,0.9619108438491821,1.196389079093933,0.5981945395469666,0.003561852965503931,0.2044404298067093,0.03936687484383583,0.010664322413504124,0.07109151780605316,0.0329139418900013,0.024687636643648148,0.07109151780605316,0.010664322413504124,2.300092935562134,0.014185936190187931,0.47427883744239807,0.12057915329933167,0.051771245896816254,0.038832105696201324,,,0.15522848069667816,0.023283543065190315,0.0,0.0,0,0.45,True,True,1.0,1.5,1.0,1.5,0.3291822671890259,0.16061946749687195,0.06410443600838886,0.657589270517752,19318,282034,29377,301352,0.5,0.1870510943935732,0.47523572863124214,0.6122476767539231,0.5,0.2378731660823093,0.5180243047281887,0.6021377267930694,0.5,0.23783912584675085,0.5227218572352521,0.6155155393675324,0.23783912584675085,0.5227218572352521,0.6155155393675324,29377,17395,17395,1739500,100.0,100.0,0.6264034509658813,0.6925233602523804,0.4866924285888672,0.8193409442901611,0.8868502378463745,0.7376178503036499,0.39156481623649597,0.08002857978589795,0.8915040088130282,17395,2683,17395,0,17.324058637539522,116.71738177607767,mean,geometric_mean,odvg_phrase_grounding,6.0,4.0,2.0,iou,0.25,0.25,2.0,True,False,False,True,True,0.1,0.25,0.05,0.25,128,5,True,True,0.05,10,0.3,10,0.0,0.5,1.0,10,True,5,12,0.0,0.1,3,odvg_appended_phrase,4.0,0.25,20,0.5,0.5,1.0,1.5,True,False
epoch,1784888755.0820694,56,606.9855595179833,4.4521312761589044e-05,4.4521312761589044e-05,1.6637897014104963e-05,1.6637897014104962e-06,2.7883415747484078e-05,1.5535025596618652,12286,0.957319974899292,1.1923646926879883,0.5961823463439941,0.003538578748703003,0.20230893790721893,0.04098547622561455,0.010764477774500847,0.07176037132740021,0.03338254988193512,0.025036264210939407,0.07176037132740021,0.010764477774500847,,,,,,,,,,,,,,,,,,,0.3277313709259033,0.16072022914886475,0.06375905396393601,0.6574190693399599,19313,283593,29377,302906,0.5,0.18701705415801478,0.47561017122238486,0.6085372910780542,0.5,0.23780508561119243,0.5186029887326821,0.6014569220819008,0.5,0.23838376961568575,0.5224495353507846,0.6115668720427545,0.23838376961568575,0.5224495353507846,0.6115668720427545,29377,17395,17395,1739500,100.0,100.0,0.625456690788269,0.6909668445587158,0.4820198118686676,0.8189187049865723,0.886271595954895,0.7359839081764221,0.3911563456058502,0.07856483883646226,0.893251961131697,17395,2683,17395,0,17.413394653636104,98.01323765097186,mean,geometric_mean,odvg_phrase_grounding,6.0,4.0,2.0,iou,0.25,0.25,2.0,True,False,False,True,True,0.1,0.25,0.05,0.25,128,5,True,True,0.05,10,0.3,10,0.0,0.5,1.0,10,True,5,12,0.0,0.1,3,odvg_appended_phrase,4.0,0.25,20,0.5,0.5,1.0,1.5,True,False
epoch,1784889370.7281435,57,608.5899211368524,4.3515572986593854e-05,4.3515572986593854e-05,1.625911190404184e-05,1.625911190404184e-06,2.725646108255201e-05,1.5529417991638184,12286,0.9559111595153809,1.1940633058547974,0.5970316529273987,0.0035346588119864464,0.2016594111919403,0.041469983756542206,0.010617435909807682,0.0707792118191719,0.03367351368069649,0.02525492198765278,0.0707792118191719,0.010617435909807682,,,,,,,,,,,,,,,,,,,0.32813769578933716,0.1593678593635559,0.06380964589640177,0.6608230928958029,19413,284820,29377,304233,0.5,0.18810634169588453,0.4764271368757872,0.6117711134561051,0.5,0.2393709364468802,0.5213602478129149,0.6046226639888348,0.5,0.23909861456241277,0.5233345814753038,0.6151751370119481,0.23909861456241277,0.5233345814753038,0.6151751370119481,29377,17395,17395,1739500,100.0,100.0,0.6250516176223755,0.689421534538269,0.48648518323898315,0.8190378546714783,0.8843653202056885,0.7387412190437317,0.39102017879486084,0.07791812614792881,0.8945258175132147,17395,2683,17395,0,17.489680942799655,99.47010603896342,mean,geometric_mean,odvg_phrase_grounding,6.0,4.0,2.0,iou,0.25,0.25,2.0,True,False,False,True,True,0.1,0.25,0.05,0.25,128,5,True,True,0.05,10,0.3,10,0.0,0.5,1.0,10,True,5,12,0.0,0.1,3,odvg_appended_phrase,4.0,0.25,20,0.5,0.5,1.0,1.5,True,False
epoch,1784889983.3283248,58,605.6688871239312,4.250845183855377e-05,4.250845183855377e-05,1.587980653659817e-05,1.587980653659817e-06,2.662864530195559e-05,1.5384585857391357,12286,0.9463390707969666,1.1842454671859741,0.5921227335929871,0.003473629942163825,0.19988678395748138,0.04056591913104057,0.010634087957441807,0.07089240849018097,0.03333735466003418,0.02500198967754841,0.07089240849018097,0.010634087957441807,,,,,,,,,,,,,,,,,,,0.3258090317249298,0.15872009098529816,0.06423383974581476,0.655138373557545,19246,280378,29377,299624,0.5,0.18722129557136535,0.47360179732443747,0.6083670899002621,0.5,0.2370902406644654,0.5198624774483439,0.6026823705620042,0.5,0.23746468325560813,0.5214283282840317,0.6113966708649624,0.23746468325560813,0.5214283282840317,0.6113966708649624,29377,17395,17395,1739500,100.0,100.0,0.6263830065727234,0.6924424171447754,0.48696276545524597,0.8178466558456421,0.8863736987113953,0.7390134930610657,0.39588794112205505,0.08387511950352067,0.8865039403325347,17395,2683,17395,0,17.22471974705375,97.77160153002478,mean,geometric_mean,odvg_phrase_grounding,6.0,4.0,2.0,iou,0.25,0.25,2.0,True,False,False,True,True,0.1,0.25,0.05,0.25,128,5,True,True,0.05,10,0.3,10,0.0,0.5,1.0,10,True,5,12,0.0,0.1,3,odvg_appended_phrase,4.0,0.25,20,0.5,0.5,1.0,1.5,True,False
epoch,1784890600.666104,59,610.6853042908479,4.150063954799683e-05,4.150063954799683e-05,1.5500240868726078e-05,1.5500240868726077e-06,2.600039867927075e-05,1.5329333543777466,12286,0.9430853128433228,1.1796951293945312,0.5898475646972656,0.003472615033388138,0.19858086109161377,0.04161176085472107,0.010741889476776123,0.07161038368940353,0.03343250975012779,0.025075070559978485,0.07161038368940353,0.010741889476776123,,,,,,,,,,,,,,,,,,,0.32646864652633667,0.1590178906917572,0.0641720165626765,0.6536406031929741,19202,280025,29377,299227,0.5,0.18599584709126188,0.47401028015113866,0.6087415324914048,0.5,0.23644347618885522,0.5189774313238248,0.6023419682064199,0.5,0.2376689246689587,0.521768730639616,0.6119413146338972,0.2376689246689587,0.521768730639616,0.6119413146338972,29377,17395,17395,1739500,100.0,100.0,0.625960111618042,0.690569281578064,0.4890306890010834,0.8184946179389954,0.887394905090332,0.742315411567688,0.3929945230484009,0.08867480837471386,0.8805429511594774,17395,2683,17395,0,17.201897096866915,102.25194218102843,mean,geometric_mean,odvg_phrase_grounding,6.0,4.0,2.0,iou,0.25,0.25,2.0,True,False,False,True,True,0.1,0.25,0.05,0.25,128,5,True,True,0.05,10,0.3,10,0.0,0.5,1.0,10,True,5,12,0.0,0.1,3,odvg_appended_phrase,4.0,0.25,20,0.5,0.5,1.0,1.5,True,False
epoch,1784891239.793862,60,631.9622948321048,4.049282681912564e-05,4.049282681912564e-05,1.512067503577459e-05,1.512067503577459e-06,2.5372151783351045e-05,1.5231305360794067,12286,0.935479462146759,1.1753004789352417,0.5876502394676208,0.003440755419433117,0.1968693733215332,0.04133402183651924,0.010692654177546501,0.07128418982028961,0.03336342051625252,0.025023872032761574,0.07128418982028961,0.010692654177546501,2.317662477493286,0.01444088015705347,0.47563791275024414,0.12505893409252167,0.05213116854429245,0.039089832454919815,,,0.15811336040496826,0.023719413205981255,0.0,0.0,0,0.45,True,True,1.0,1.5,1.0,1.5,0.3256407380104065,0.15908387303352356,0.06440237067231623,0.6539810055485584,19212,279100,29377,298312,0.5,0.18660857133131362,0.4751336079245668,0.6082649691935869,0.5,0.2373285223133744,0.5191816727371753,0.601865404908602,0.5,0.2370902406644654,0.5213602478129149,0.6108520270960275,0.2370902406644654,0.5213602478129149,0.6108520270960275,29377,17395,17395,1739500,100.0,100.0,0.6262574195861816,0.6922528147697449,0.48973026871681213,0.8191507458686829,0.8853184580802917,0.742315411567688,0.39500290155410767,0.08833440601912956,0.8810015195123363,17395,2683,17395,0,17.149295774647886,120.3232862628065,mean,geometric_mean,odvg_phrase_grounding,6.0,4.0,2.0,iou,0.25,0.25,2.0,True,False,False,True,True,0.1,0.25,0.05,0.25,128,5,True,True,0.05,10,0.3,10,0.0,0.5,1.0,10,True,5,12,0.0,0.1,3,odvg_appended_phrase,4.0,0.25,20,0.5,0.5,1.0,1.5,True,False
epoch,1784891855.6636193,61,607.7566900388338,3.948570435644319e-05,3.948570435644319e-05,1.4741369173205875e-05,1.4741369173205873e-06,2.474433518323731e-05,1.5186996459960938,12286,0.9350257515907288,1.1673507690429688,0.5836753845214844,0.0034161775838583708,0.19720673561096191,0.040816906839609146,0.01065962016582489,0.07106250524520874,0.033171020448207855,0.024878447875380516,0.07106250524520874,0.01065962016582489,,,,,,,,,,,,,,,,,,,0.32703590393066406,0.16006344556808472,0.0654632931260983,0.6530619191884808,19185,273880,29377,293065,0.5,0.18725533580692377,0.47258059025768456,0.6073458828335092,0.5,0.23862205126459476,0.5180583449637471,0.6017292439663683,0.5,0.2387922524423869,0.5208836845150968,0.6102733430915342,0.2387922524423869,0.5208836845150968,0.6102733430915342,29377,17395,17395,1739500,100.0,100.0,0.6264166831970215,0.6933135390281677,0.48866960406303406,0.8189515471458435,0.8848758935928345,0.7400687336921692,0.39319875836372375,0.08700681450368841,0.8824341435563486,17395,2683,17395,0,16.84765737280828,97.74194370489568,mean,geometric_mean,odvg_phrase_grounding,6.0,4.0,2.0,iou,0.25,0.25,2.0,True,False,False,True,True,0.1,0.25,0.05,0.25,128,5,True,True,0.05,10,0.3,10,0.0,0.5,1.0,10,True,5,12,0.0,0.1,3,odvg_appended_phrase,4.0,0.25,20,0.5,0.5,1.0,1.5,True,False
epoch,1784892470.9553635,62,608.387298743939,3.8479962391378526e-05,3.8479962391378526e-05,1.4362583238311392e-05,1.436258323831139e-06,2.411737915306713e-05,1.509036898612976,12286,0.9264046549797058,1.1652647256851196,0.5826323628425598,0.003364682663232088,0.194878488779068,0.04120035097002983,0.01061060931533575,0.07073397934436798,0.03325013816356659,0.024936655536293983,0.07073397934436798,0.01061060931533575,,,,,,,,,,,,,,,,,,,0.32671523094177246,0.15997809171676636,0.06477411189724465,0.6550702930864282,19244,277850,29377,297094,0.5,0.18735745651359909,0.47435068250672296,0.6096606188514825,0.5,0.23589883241992035,0.5171732988392279,0.5993464274772782,0.5,0.23882629267794533,0.5218027708751745,0.6124519181672737,0.23882629267794533,0.5218027708751745,0.6124519181672737,29377,17395,17395,1739500,100.0,100.0,0.6258717775344849,0.6917828917503357,0.48797962069511414,0.8194804191589355,0.8855567574501038,0.7399325966835022,0.39081594347953796,0.08486230359707403,0.8853107648217681,17395,2683,17395,0,17.079275653923542,99.52538274088874,mean,geometric_mean,odvg_phrase_grounding,6.0,4.0,2.0,iou,0.25,0.25,2.0,True,False,False,True,True,0.1,0.25,0.05,0.25,128,5,True,True,0.05,10,0.3,10,0.0,0.5,1.0,10,True,5,12,0.0,0.1,3,odvg_appended_phrase,4.0,0.25,20,0.5,0.5,1.0,1.5,True,False
epoch,1784893082.7234502,63,604.7114904259797,3.747629020923658e-05,3.747629020923658e-05,1.398457683205014e-05,1.398457683205014e-06,2.3491713377186437e-05,1.5051900148391724,12286,0.9225172400474548,1.1653434038162231,0.5826717019081116,0.0033599352464079857,0.19413326680660248,0.04091745987534523,0.010572725906968117,0.07048612833023071,0.03309391066431999,0.02481822669506073,0.07048612833023071,0.010572725906968117,,,,,,,,,,,,,,,,,,,0.3262879252433777,0.16027171909809113,0.06519417920009762,0.6546958504952854,19233,275778,29377,295011,0.5,0.18633624944684618,0.47295503284882734,0.6084011301358205,0.5,0.23627327501106307,0.5178200633148381,0.6010143990196413,0.5,0.23739660278449126,0.5206454028661879,0.6118732341627804,0.23739660278449126,0.5206454028661879,0.6118732341627804,29377,17395,17395,1739500,100.0,100.0,0.6269204616546631,0.6939046382904053,0.49023282527923584,0.8201785087585449,0.8859311938285828,0.7420090436935425,0.3922456204891205,0.08731319319825703,0.8823286670959791,17395,2683,17395,0,16.95952860017246,97.36272420617752,mean,geometric_mean,odvg_phrase_grounding,6.0,4.0,2.0,iou,0.25,0.25,2.0,True,False,False,True,True,0.1,0.25,0.05,0.25,128,5,True,True,0.05,10,0.3,10,0.0,0.5,1.0,10,True,5,12,0.0,0.1,3,odvg_appended_phrase,4.0,0.25,20,0.5,0.5,1.0,1.5,True,False
epoch,1784893697.5011952,64,608.0109710800461,3.647537567679642e-05,3.647537567679642e-05,1.3607609021131117e-05,1.3607609021131115e-06,2.28677666556653e-05,1.4978762865066528,12286,0.9159639477729797,1.163824200630188,0.581912100315094,0.003334867302328348,0.19279985129833221,0.04042065143585205,0.010601694695651531,0.07067293673753738,0.03304143622517586,0.024781396612524986,0.07067293673753738,0.010601694695651531,,,,,,,,,,,,,,,,,,,0.32655027508735657,0.1598222404718399,0.06474167198897442,0.655614936855363,19260,278230,29377,297490,0.5,0.18582564591346973,0.47332947543997006,0.6095244579092487,0.5,0.23749872349116655,0.5186029887326821,0.6026483303264458,0.5,0.2374306430200497,0.5215985294618238,0.6134390849984682,0.2374306430200497,0.5215985294618238,0.6134390849984682,29377,17395,17395,1739500,100.0,100.0,0.6260396838188171,0.6933672428131104,0.4891164302825928,0.8189804553985596,0.8866119980812073,0.7411240339279175,0.3933689594268799,0.0855090970725545,0.8846224205962383,17395,2683,17395,0,17.102040816326532,98.99429287388921,mean,geometric_mean,odvg_phrase_grounding,6.0,4.0,2.0,iou,0.25,0.25,2.0,True,False,False,True,True,0.1,0.25,0.05,0.25,128,5,True,True,0.05,10,0.3,10,0.0,0.5,1.0,10,True,5,12,0.0,0.1,3,odvg_appended_phrase,4.0,0.25,20,0.5,0.5,1.0,1.5,True,False
epoch,1784894328.8733907,65,624.7214117920958,3.54779047708818e-05,3.54779047708818e-05,1.3231938160461974e-05,1.3231938160461973e-06,2.224596661041982e-05,1.4938862323760986,12286,0.9142850041389465,1.1592013835906982,0.5796006917953491,0.0033263496588915586,0.19234588742256165,0.04041488096117973,0.010595444589853287,0.07063224911689758,0.03318918123841286,0.024893242865800858,0.07063224911689758,0.010595444589853287,2.3548929691314697,0.014764144085347652,0.4790351390838623,0.1360224485397339,0.05249675735831261,0.0393756739795208,,,0.1603855937719345,0.02405417151749134,0.0,0.0,0,0.45,True,True,1.0,1.5,1.0,1.5,0.32539379596710205,0.159153014421463,0.06479888781545277,0.6552745344997788,19250,277823,29377,297073,0.5,0.18633624944684618,0.4737719985022296,0.6084011301358205,0.5,0.23736256254893284,0.5180583449637471,0.6017292439663683,0.5,0.23780508561119243,0.5213262075773565,0.6126561595806242,0.23780508561119243,0.5213262075773565,0.6126561595806242,29377,17395,17395,1739500,100.0,100.0,0.6265172958374023,0.6926120519638062,0.48800215125083923,0.8185898065567017,0.8864758014678955,0.7395921945571899,0.39370936155319214,0.08431766005741115,0.8859943889647267,17395,2683,17395,0,17.078068410462777,117.18352880701423,mean,geometric_mean,odvg_phrase_grounding,6.0,4.0,2.0,iou,0.25,0.25,2.0,True,False,False,True,True,0.1,0.25,0.05,0.25,128,5,True,True,0.05,10,0.3,10,0.0,0.5,1.0,10,True,5,12,0.0,0.1,3,odvg_appended_phrase,4.0,0.25,20,0.5,0.5,1.0,1.5,True,False
epoch,1784894941.2366247,66,605.5353898289613,3.4484561108226855e-05,3.4484561108226855e-05,1.2857821716085436e-05,1.2857821716085437e-06,2.1626739392141412e-05,1.488021731376648,12286,0.9109727144241333,1.1540969610214233,0.5770484805107117,0.003323154291138053,0.19194576144218445,0.03990422189235687,0.010415448807179928,0.06943655759096146,0.032980285584926605,0.02473430335521698,0.06943655759096146,0.010415448807179928,,,,,,,,,,,,,,,,,,,0.3268263638019562,0.15948423743247986,0.0650209679706651,0.6555128161486877,19257,276909,29377,296166,0.5,0.18742553698471592,0.47189978554651596,0.6096606188514825,0.5,0.2390305340912959,0.5180923851993056,0.602580249855329,0.5,0.2393709364468802,0.520339040746162,0.6129284814650917,0.2393709364468802,0.520339040746162,0.6129284814650917,29377,17395,17395,1739500,100.0,100.0,0.6257333755493164,0.6923049688339233,0.486203670501709,0.8198278546333313,0.8853184580802917,0.7397964596748352,0.3926200866699219,0.08428364352614748,0.886071847973978,17395,2683,17395,0,17.025926990514517,97.40887943701819,mean,geometric_mean,odvg_phrase_grounding,6.0,4.0,2.0,iou,0.25,0.25,2.0,True,False,False,True,True,0.1,0.25,0.05,0.25,128,5,True,True,0.05,10,0.3,10,0.0,0.5,1.0,10,True,5,12,0.0,0.1,3,odvg_appended_phrase,4.0,0.25,20,0.5,0.5,1.0,1.5,True,False
epoch,1784895556.1743836,67,608.0623054718599,3.3496025476959334e-05,3.3496025476959334e-05,1.248551608872494e-05,1.2485516088724941e-06,2.1010509388234386e-05,1.4826956987380981,12286,0.9080229997634888,1.1493483781814575,0.5746741890907288,0.00328343384899199,0.19154731929302216,0.039469119161367416,0.010507176630198956,0.07005126774311066,0.03273982182145119,0.02455274574458599,0.07005126774311066,0.010507176630198956,,,,,,,,,,,,,,,,,,,0.32589462399482727,0.15966825187206268,0.06531465678441506,0.653946965313,19211,274919,29377,294130,0.5,0.1873914967491575,0.47366987779555436,0.6114647513360792,0.5,0.2383497293801273,0.5182285461415393,0.6045205432821595,0.5,0.23875821220682847,0.5214964087551486,0.614528372536338,0.23875821220682847,0.5214964087551486,0.614528372536338,29377,17395,17395,1739500,100.0,100.0,0.6257668137550354,0.6927717924118042,0.486243337392807,0.8196645975112915,0.8836504817008972,0.7382646203041077,0.3937433958053589,0.08431765499110766,0.8857893867968706,17395,2683,17395,0,16.908881862604197,98.97187917819247,mean,geometric_mean,odvg_phrase_grounding,6.0,4.0,2.0,iou,0.25,0.25,2.0,True,False,False,True,True,0.1,0.25,0.05,0.25,128,5,True,True,0.05,10,0.3,10,0.0,0.5,1.0,10,True,5,12,0.0,0.1,3,odvg_appended_phrase,4.0,0.25,20,0.5,0.5,1.0,1.5,True,False
epoch,1784896166.7883315,68,603.8660840129014,3.251297537002245e-05,3.251297537002245e-05,1.2115276438060402e-05,1.2115276438060401e-06,2.0397698931962048e-05,1.4757845401763916,12286,0.9025449752807617,1.1464807987213135,0.5732403993606567,0.003291735425591469,0.1899145096540451,0.04003759101033211,0.010496733710169792,0.06997833400964737,0.032745361328125,0.024559563025832176,0.06997833400964737,0.010496733710169792,,,,,,,,,,,,,,,,,,,0.3249184489250183,0.15933763980865479,0.06618630167197342,0.6538108043707662,19207,270989,29377,290196,0.5,0.18684685298022263,0.472376348844334,0.6095584981448071,0.5,0.2373285223133744,0.5169009769547606,0.6022738877353031,0.5,0.2384518500868026,0.5203730809817204,0.6124859584028322,0.2384518500868026,0.5203730809817204,0.6124859584028322,29377,17395,17395,1739500,100.0,100.0,0.6250892281532288,0.6911153793334961,0.485862135887146,0.8184196949005127,0.884297251701355,0.7383326888084412,0.39156481623649597,0.08452188443767494,0.8855233071502215,17395,2683,17395,0,16.682724920954296,97.16638896102086,mean,geometric_mean,odvg_phrase_grounding,6.0,4.0,2.0,iou,0.25,0.25,2.0,True,False,False,True,True,0.1,0.25,0.05,0.25,128,5,True,True,0.05,10,0.3,10,0.0,0.5,1.0,10,True,5,12,0.0,0.1,3,odvg_appended_phrase,4.0,0.25,20,0.5,0.5,1.0,1.5,True,False
epoch,1784896783.460824,69,609.7190508199856,3.1536084520855075e-05,3.1536084520855075e-05,1.1747356507854509e-05,1.1747356507854506e-06,1.9788728013000566e-05,1.472355842590332,12286,0.9007201790809631,1.1432744264602661,0.5716372132301331,0.0032587384339421988,0.18976859748363495,0.039480265229940414,0.010383609682321548,0.06922661513090134,0.032691411674022675,0.024519750848412514,0.06922661513090134,0.010383609682321548,,,,,,,,,,,,,,,,,,,0.3260284662246704,0.16039760410785675,0.06572189169147072,0.654661810259727,19232,273395,29377,292627,0.5,0.18698301392245634,0.47189978554651596,0.6081288082513531,0.5,0.23848589032236103,0.5167988562480852,0.6015590427885761,0.5,0.23899649385573749,0.5195901555638766,0.6119753548694556,0.23899649385573749,0.5195901555638766,0.6119753548694556,29377,17395,17395,1739500,100.0,100.0,0.6257320642471313,0.6908693313598633,0.48598992824554443,0.8187457919120789,0.885046124458313,0.7386730909347534,0.39081594347953796,0.08401128067502639,0.8862673059218735,17395,2683,17395,0,16.82247772348376,99.07729440694675,mean,geometric_mean,odvg_phrase_grounding,6.0,4.0,2.0,iou,0.25,0.25,2.0,True,False,False,True,True,0.1,0.25,0.05,0.25,128,5,True,True,0.05,10,0.3,10,0.0,0.5,1.0,10,True,5,12,0.0,0.1,3,odvg_appended_phrase,4.0,0.25,20,0.5,0.5,1.0,1.5,True,False
epoch,1784897415.1266577,70,623.7768961698748,3.056602244164842e-05,3.056602244164842e-05,1.1382008452049401e-05,1.13820084520494e-06,1.9184013989599008e-05,1.4636070728302002,12286,0.8949268460273743,1.137362003326416,0.568681001663208,0.0032412155997008085,0.18759123980998993,0.04090632125735283,0.01044635009020567,0.06964009255170822,0.032990895211696625,0.024743713438510895,0.06964009255170822,0.01044635009020567,2.3706862926483154,0.014757497236132622,0.4812054932117462,0.13948321342468262,0.05211905390024185,0.03908952325582504,,,0.16140960156917572,0.024212844669818878,0.0,0.0,0,0.45,True,True,1.0,1.5,1.0,1.5,0.3243961036205292,0.1595611274242401,0.06491300493344251,0.6530278789529224,19184,276350,29377,295534,0.5,0.18572352520679444,0.4718317050753991,0.6064267964734316,0.5,0.238009327024543,0.5162542124791504,0.5984954215883174,0.5,0.23783912584675085,0.5192497532082923,0.6096946590870409,0.23783912584675085,0.5192497532082923,0.6096946590870409,29377,17395,17395,1739500,100.0,100.0,0.6255586743354797,0.691896915435791,0.4849233627319336,0.819796085357666,0.8842632174491882,0.7367328405380249,0.3904755413532257,0.08370496158510254,0.8863835613409413,17395,2683,17395,0,16.989594711123885,116.3748611130286,mean,geometric_mean,odvg_phrase_grounding,6.0,4.0,2.0,iou,0.25,0.25,2.0,True,False,False,True,True,0.1,0.25,0.05,0.25,128,5,True,True,0.05,10,0.3,10,0.0,0.5,1.0,10,True,5,12,0.0,0.1,3,odvg_appended_phrase,4.0,0.25,20,0.5,0.5,1.0,1.5,True,False
epoch,1784898027.5421078,71,605.4383066310547,2.960345396449588e-05,2.960345396449588e-05,1.1019482661952991e-05,1.101948266195299e-06,1.858397130254288e-05,1.4542765617370605,12286,0.8882120251655579,1.132130742073059,0.5660653710365295,0.0032272418029606342,0.18618951737880707,0.04065597802400589,0.010565333999693394,0.07044056802988052,0.03259393572807312,0.02444465644657612,0.07044056802988052,0.010565333999693394,,,,,,,,,,,,,,,,,,,0.32537132501602173,0.15976585447788239,0.06619891755404468,0.6532661606018314,19191,270708,29377,289899,0.5,0.18579160567791128,0.47261463049324304,0.6085713313136127,0.5,0.2374306430200497,0.5161861320080335,0.5990741055928107,0.5,0.23872417197127005,0.5198624774483439,0.6121795962828063,0.23872417197127005,0.5198624774483439,0.6121795962828063,29377,17395,17395,1739500,100.0,100.0,0.6256133317947388,0.6917828917503357,0.4856012463569641,0.8195704817771912,0.8843653202056885,0.7385029196739197,0.39282432198524475,0.08523675907208828,0.8845816897924738,17395,2683,17395,0,16.665651049152054,97.14392266888171,mean,geometric_mean,odvg_phrase_grounding,6.0,4.0,2.0,iou,0.25,0.25,2.0,True,False,False,True,True,0.1,0.25,0.05,0.25,128,5,True,True,0.05,10,0.3,10,0.0,0.5,1.0,10,True,5,12,0.0,0.1,3,odvg_appended_phrase,4.0,0.25,20,0.5,0.5,1.0,1.5,True,False
epoch,1784898653.7410421,72,618.8860248809215,2.8649038785750344e-05,2.8649038785750344e-05,1.0660027594633243e-05,1.0660027594633245e-06,1.7989011191117098e-05,1.450609564781189,12286,0.8872635364532471,1.1266893148422241,0.5633446574211121,0.0032408228144049644,0.18702863156795502,0.03877566382288933,0.010283646173775196,0.06856343895196915,0.03236311674118042,0.024274293333292007,0.06856343895196915,0.010283646173775196,,,,,,,,,,,,,,,,,,,0.3266961872577667,0.1598803699016571,0.06662385671393117,0.6533682813085067,19194,268901,29377,288095,0.5,0.18514484120230112,0.47380603873778804,0.6101371821493005,0.5,0.238009327024543,0.5182625863770978,0.6028525717397965,0.5,0.238009327024543,0.5222112537018756,0.6138135275896109,0.238009327024543,0.5222112537018756,0.6138135275896109,29377,17395,17395,1739500,100.0,100.0,0.6247466802597046,0.6880508065223694,0.48476067185401917,0.8183143138885498,0.8849440217018127,0.7377200126647949,0.3919733166694641,0.08435173135628826,0.885658881542887,17395,2683,17395,0,16.561943087093994,106.28077942295931,mean,geometric_mean,odvg_phrase_grounding,6.0,4.0,2.0,iou,0.25,0.25,2.0,True,False,False,True,True,0.1,0.25,0.05,0.25,128,5,True,True,0.05,10,0.3,10,0.0,0.5,1.0,10,True,5,12,0.0,0.1,3,odvg_appended_phrase,4.0,0.25,20,0.5,0.5,1.0,1.5,True,False
epoch,1784899278.9927108,73,617.8668198939413,2.770343101390122e-05,2.770343101390122e-05,1.0303889602638119e-05,1.030388960263812e-06,1.7399541411263092e-05,1.4477187395095825,12286,0.8846691250801086,1.1261014938354492,0.5630507469177246,0.003215326461941004,0.1856798678636551,0.040011338889598846,0.010254988446831703,0.06835844367742538,0.03263324499130249,0.024475252255797386,0.06835844367742538,0.010254988446831703,,,,,,,,,,,,,,,,,,,0.326153427362442,0.159028559923172,0.0663128321523472,0.6524151547128706,19166,269858,29377,289024,0.5,0.18613200803349558,0.47118494059978894,0.6091159750825476,0.5,0.23702216019334854,0.5159818905946829,0.6020015658508356,0.5,0.23780508561119243,0.5204752016883957,0.6123838376961569,0.23780508561119243,0.5204752016883957,0.6123838376961569,29377,17395,17395,1739500,100.0,100.0,0.6243798732757568,0.6902357339859009,0.48225995898246765,0.8179325461387634,0.8823909759521484,0.7364605069160461,0.3910542130470276,0.08404535220317555,0.885879349382741,17395,2683,17395,0,16.615349238286864,97.01274494617246,mean,geometric_mean,odvg_phrase_grounding,6.0,4.0,2.0,iou,0.25,0.25,2.0,True,False,False,True,True,0.1,0.25,0.05,0.25,128,5,True,True,0.05,10,0.3,10,0.0,0.5,1.0,10,True,5,12,0.0,0.1,3,odvg_appended_phrase,4.0,0.25,20,0.5,0.5,1.0,1.5,True,False
epoch,1784899903.5551105,74,618.0850779078901,2.6767278721281172e-05,2.6767278721281172e-05,9.951312765157845e-06,9.951312765157842e-07,1.681596595612333e-05,1.4373821020126343,12286,0.8763027191162109,1.1221603155136108,0.5610801577568054,0.0031831793021410704,0.18399618566036224,0.039510905742645264,0.010159391909837723,0.06772825121879578,0.03244731202721596,0.024334941059350967,0.06772825121879578,0.010159391909837723,,,,,,,,,,,,,,,,,,,0.3265083134174347,0.16055038571357727,0.06668248363641438,0.6505769819927154,19112,267500,29377,286612,0.5,0.185927766620145,0.4720699867243081,0.6089798141403139,0.5,0.2385539707934779,0.5173435000170201,0.6002314736017973,0.5,0.23828164890901046,0.5213262075773565,0.6119413146338972,0.23828164890901046,0.5213262075773565,0.6119413146338972,29377,17395,17395,1739500,100.0,100.0,0.6254608035087585,0.6925296187400818,0.48203879594802856,0.8194030523300171,0.8837185502052307,0.7356094717979431,0.3941178619861603,0.0850324898052277,0.8844053902712873,17395,2683,17395,0,16.476688703650474,99.72609917889349,mean,geometric_mean,odvg_phrase_grounding,6.0,4.0,2.0,iou,0.25,0.25,2.0,True,False,False,True,True,0.1,0.25,0.05,0.25,128,5,True,True,0.05,10,0.3,10,0.0,0.5,1.0,10,True,5,12,0.0,0.1,3,odvg_appended_phrase,4.0,0.25,20,0.5,0.5,1.0,1.5,True,False
epoch,1784900533.074924,75,622.2687412411906,2.5841223499909713e-05,2.5841223499909713e-05,9.602538720745216e-06,9.602538720745214e-07,1.6238684779164494e-05,1.4325664043426514,12286,0.8729723691940308,1.119187831878662,0.559593915939331,0.0031708646565675735,0.18341174721717834,0.03916740044951439,0.010107527486979961,0.0673823431134224,0.03235583379864693,0.024265307933092117,0.0673823431134224,0.010107527486979961,2.421354055404663,0.015098639763891697,0.4882661998271942,0.1497461050748825,0.053068436682224274,0.03980952128767967,,,0.16388824582099915,0.024584384635090828,0.0,0.0,0,0.45,True,True,1.0,1.5,1.0,1.5,0.32725992798805237,0.15960894525051117,0.06777654929976754,0.6510535452905334,19126,263066,29377,282192,0.5,0.18633624944684618,0.4744528032133982,0.609388296967015,0.5,0.2369881199577901,0.5199986383905777,0.6020015658508356,0.5,0.2385539707934779,0.5243217483064982,0.6123838376961569,0.2385539707934779,0.5243217483064982,0.6123838376961569,29377,17395,17395,1739500,100.0,100.0,0.6258065700531006,0.6918616890907288,0.48550114035606384,0.8192424178123474,0.8854545950889587,0.7364605069160461,0.39527520537376404,0.08540696162551276,0.8840304933890382,17395,2683,17395,0,16.22259269905145,114.44205345306545,mean,geometric_mean,odvg_phrase_grounding,6.0,4.0,2.0,iou,0.25,0.25,2.0,True,False,False,True,True,0.1,0.25,0.05,0.25,128,5,True,True,0.05,10,0.3,10,0.0,0.5,1.0,10,True,5,12,0.0,0.1,3,odvg_appended_phrase,4.0,0.25,20,0.5,0.5,1.0,1.5,True,False
epoch,1784901143.7571857,76,604.3342275891919,2.492590002177807e-05,2.492590002177807e-05,9.25780650170862e-06,9.257806501708618e-07,1.566809352006944e-05,1.4269766807556152,12286,0.8681403398513794,1.1176719665527344,0.5588359832763672,0.0031440076418220997,0.18149004876613617,0.040437422692775726,0.01017944049090147,0.06786197423934937,0.03268095478415489,0.024511191993951797,0.06786197423934937,0.01017944049090147,,,,,,,,,,,,,,,,,,,0.327206552028656,0.15976105630397797,0.06725103071423053,0.6518705109439358,19150,265604,29377,284754,0.5,0.18684685298022263,0.47360179732443747,0.6067671988290159,0.5,0.23875821220682847,0.5179562242570719,0.6015590427885761,0.5,0.23964325833134764,0.5223133744085509,0.609388296967015,0.23964325833134764,0.5223133744085509,0.609388296967015,29377,17395,17395,1739500,100.0,100.0,0.6255060434341431,0.6917933821678162,0.4862472712993622,0.8196163773536682,0.8853524923324585,0.7381965517997742,0.39445826411247253,0.08632604085583839,0.8830581900641915,17395,2683,17395,0,16.36987640126473,97.65583236701787,mean,geometric_mean,odvg_phrase_grounding,6.0,4.0,2.0,iou,0.25,0.25,2.0,True,False,False,True,True,0.1,0.25,0.05,0.25,128,5,True,True,0.05,10,0.3,10,0.0,0.5,1.0,10,True,5,12,0.0,0.1,3,odvg_appended_phrase,4.0,0.25,20,0.5,0.5,1.0,1.5,True,False
epoch,1784901755.7938418,77,605.2111931170803,2.4021935603876734e-05,2.4021935603876734e-05,8.917352370291236e-06,8.917352370291232e-07,1.5104583233585494e-05,1.4170161485671997,12286,0.8617238998413086,1.110581636428833,0.5552908182144165,0.0031079817563295364,0.1794629693031311,0.041287023574113846,0.010240128263831139,0.06826352328062057,0.03275294974446297,0.024563901126384735,0.06826352328062057,0.010240128263831139,,,,,,,,,,,,,,,,,,,0.32521194219589233,0.15961655974388123,0.06628366969805184,0.6507812234060659,19118,269309,29377,288427,0.5,0.18582564591346973,0.47224018790210026,0.6065969976512238,0.5,0.23668175783776424,0.517411580488137,0.6001633931306805,0.5,0.23906457432685435,0.521292167341798,0.6095925383803656,0.23906457432685435,0.521292167341798,0.6095925383803656,29377,17395,17395,1739500,100.0,100.0,0.6259701251983643,0.693640410900116,0.4841722548007965,0.8193911910057068,0.8832079768180847,0.7364945411682129,0.39520713686943054,0.08571331776214697,0.8836198872211731,17395,2683,17395,0,16.581029031330843,98.54304521810263,mean,geometric_mean,odvg_phrase_grounding,6.0,4.0,2.0,iou,0.25,0.25,2.0,True,False,False,True,True,0.1,0.25,0.05,0.25,128,5,True,True,0.05,10,0.3,10,0.0,0.5,1.0,10,True,5,12,0.0,0.1,3,odvg_appended_phrase,4.0,0.25,20,0.5,0.5,1.0,1.5,True,False
epoch,1784902367.2267706,78,605.1236703051254,2.3129949778263722e-05,2.3129949778263722e-05,8.581409656748673e-06,8.581409656748673e-07,1.4548540121515042e-05,1.4148623943328857,12286,0.8609299063682556,1.1078664064407349,0.5539332032203674,0.0031038057059049606,0.17945152521133423,0.04109044000506401,0.010251200757920742,0.06833630800247192,0.032606326043605804,0.02445491962134838,0.06833630800247192,0.010251200757920742,,,,,,,,,,,,,,,,,,,0.32596778869628906,0.1596394032239914,0.06651618229509568,0.6499982979882221,19095,267978,29377,287073,0.5,0.18677877250910577,0.47298907308438576,0.6079245668380026,0.5,0.23858801102903632,0.5165946148347347,0.5980528985260578,0.5,0.2383497293801273,0.5226537767641352,0.6103754637982095,0.2383497293801273,0.5226537767641352,0.6103754637982095,29377,17395,17395,1739500,100.0,100.0,0.6260616779327393,0.6925001740455627,0.48509374260902405,0.8205645084381104,0.8843312859535217,0.7370732426643372,0.3944922983646393,0.0870749446761151,0.881863918487448,17395,2683,17395,0,16.50319057200345,97.00495292712003,mean,geometric_mean,odvg_phrase_grounding,6.0,4.0,2.0,iou,0.25,0.25,2.0,True,False,False,True,True,0.1,0.25,0.05,0.25,128,5,True,True,0.05,10,0.3,10,0.0,0.5,1.0,10,True,5,12,0.0,0.1,3,odvg_appended_phrase,4.0,0.25,20,0.5,0.5,1.0,1.5,True,False
epoch,1784902978.68826,79,604.6815651371144,2.2250553867468178e-05,2.2250553867468178e-05,8.250208599436065e-06,8.250208599436062e-07,1.400034526803211e-05,1.4090265035629272,12286,0.857491672039032,1.1030702590942383,0.5515351295471191,0.0030942177399992943,0.17896221578121185,0.04047949239611626,0.010047576390206814,0.0669844001531601,0.032524727284908295,0.024393457919359207,0.0669844001531601,0.010047576390206814,,,,,,,,,,,,,,,,,,,0.3275666832923889,0.16014033555984497,0.06686188554914908,0.6521087925928447,19157,267359,29377,286516,0.5,0.18654049086019675,0.4740783606222555,0.6065289171801069,0.5,0.2378731660823093,0.5174796609592538,0.6002995540729141,0.5,0.23817952820233515,0.5237090240664466,0.6104435442693263,0.23817952820233515,0.5237090240664466,0.6104435442693263,29377,17395,17395,1739500,100.0,100.0,0.6259905099868774,0.6926204562187195,0.4855247735977173,0.8206397891044617,0.8841610550880432,0.7380944490432739,0.39745378494262695,0.08598565645042922,0.8835031796243898,17395,2683,17395,0,16.471169876401266,98.09780038986355,mean,geometric_mean,odvg_phrase_grounding,6.0,4.0,2.0,iou,0.25,0.25,2.0,True,False,False,True,True,0.1,0.25,0.05,0.25,128,5,True,True,0.05,10,0.3,10,0.0,0.5,1.0,10,True,5,12,0.0,0.1,3,odvg_appended_phrase,4.0,0.25,20,0.5,0.5,1.0,1.5,True,False
epoch,1784903616.1682725,80,631.0317622490693,2.1384350565520593e-05,2.1384350565520593e-05,7.923976187014248e-06,7.923976187014249e-07,1.3460374378506342e-05,1.3989275693893433,12286,0.8505058884620667,1.0968445539474487,0.5484222769737244,0.0030783063266426325,0.17775505781173706,0.039689015597105026,0.00986806396394968,0.06578288227319717,0.03239893913269043,0.024300124496221542,0.06578288227319717,0.00986806396394968,2.3975298404693604,0.014816127717494965,0.48432329297065735,0.14606410264968872,0.05316014587879181,0.039868924766778946,,,0.16390752792358398,0.02458985336124897,0.0,0.0,0,0.45,True,True,1.0,1.5,1.0,1.5,0.32767558097839355,0.1595076471567154,0.06749710006452136,0.6516662695305852,19144,264483,29377,283627,0.5,0.18698301392245634,0.47261463049324304,0.6068693195356912,0.5,0.23886033291350375,0.5171392586036695,0.600673996664057,0.5,0.2392347755046465,0.5213942880484733,0.6107499063893522,0.2392347755046465,0.5213942880484733,0.6107499063893522,29377,17395,17395,1739500,100.0,100.0,0.6260148286819458,0.6935474276542664,0.48447006940841675,0.8206795454025269,0.8853865265846252,0.7377200126647949,0.39677298069000244,0.08605374313420977,0.8833517572291877,17395,2683,17395,0,16.305087668870364,115.87188942008652,mean,geometric_mean,odvg_phrase_grounding,6.0,4.0,2.0,iou,0.25,0.25,2.0,True,False,False,True,True,0.1,0.25,0.05,0.25,128,5,True,True,0.05,10,0.3,10,0.0,0.5,1.0,10,True,5,12,0.0,0.1,3,odvg_appended_phrase,4.0,0.25,20,0.5,0.5,1.0,1.5,True,False
epoch,1784904234.838813,81,610.3844625130296,2.053193352489629e-05,2.053193352489629e-05,7.602936002883019e-06,7.602936002883015e-07,1.2928997522013269e-05,1.3938190937042236,12286,0.8465399146080017,1.0945560932159424,0.5472780466079712,0.0030537128914147615,0.1764129400253296,0.040337804704904556,0.010013189166784286,0.0667581558227539,0.0325048603117466,0.024378664791584015,0.0667581558227539,0.010013189166784286,,,,,,,,,,,,,,,,,,,0.32698434591293335,0.1593673974275589,0.06690412960699181,0.648330326445859,19046,265630,29377,284676,0.5,0.18633624944684618,0.4697892909418933,0.604009939748783,0.5,0.2385539707934779,0.5150628042346053,0.5981890594682915,0.5,0.23872417197127005,0.518841270381591,0.6075501242468598,0.23872417197127005,0.518841270381591,0.6075501242468598,29377,17395,17395,1739500,100.0,100.0,0.625420331954956,0.6934304237365723,0.48391425609588623,0.8195695877075195,0.88419508934021,0.7369030117988586,0.39619430899620056,0.08857268535299967,0.8798041479885063,17395,2683,17395,0,16.365392354124747,99.7163833042141,mean,geometric_mean,odvg_phrase_grounding,6.0,4.0,2.0,iou,0.25,0.25,2.0,True,False,False,True,True,0.1,0.25,0.05,0.25,128,5,True,True,0.05,10,0.3,10,0.0,0.5,1.0,10,True,5,12,0.0,0.1,3,odvg_appended_phrase,4.0,0.25,20,0.5,0.5,1.0,1.5,True,False
epoch,1784904854.6852243,82,612.8570812589023,1.9693886949655732e-05,1.9693886949655732e-05,7.287308071948262e-06,7.28730807194826e-07,1.240657887770747e-05,1.3906303644180298,12286,0.8448068499565125,1.0916463136672974,0.5458231568336487,0.0030438629910349846,0.17530198395252228,0.04140542075037956,0.010050385259091854,0.06700065732002258,0.03278912231326103,0.02459282986819744,0.06700065732002258,0.010050385259091854,,,,,,,,,,,,,,,,,,,0.3268963694572449,0.15868140757083893,0.06615451604876835,0.6516322292950267,19143,270225,29377,289368,0.5,0.1858937263845866,0.4717295843687238,0.6072778023623924,0.5,0.2383497293801273,0.5176158219014876,0.5993804677128366,0.5,0.23851993055791945,0.5204411614528373,0.6100350614426252,0.23851993055791945,0.5204411614528373,0.6100350614426252,29377,17395,17395,1739500,100.0,100.0,0.6253154277801514,0.6933174729347229,0.4848359227180481,0.8193405866622925,0.8844674229621887,0.7375838160514832,0.39806652069091797,0.08595158675645642,0.8834687192344022,17395,2683,17395,0,16.635125035929864,99.62804586393759,mean,geometric_mean,odvg_phrase_grounding,6.0,4.0,2.0,iou,0.25,0.25,2.0,True,False,False,True,True,0.1,0.25,0.05,0.25,128,5,True,True,0.05,10,0.3,10,0.0,0.5,1.0,10,True,5,12,0.0,0.1,3,odvg_appended_phrase,4.0,0.25,20,0.5,0.5,1.0,1.5,True,False
epoch,1784905476.1386442,83,614.7133864569478,1.887078519506023e-05,1.887078519506023e-05,6.977308709827881e-06,6.977308709827878e-07,1.1893476485232356e-05,1.381772518157959,12286,0.8383393883705139,1.086868166923523,0.5434340834617615,0.0030247876420617104,0.1745421290397644,0.040250468999147415,0.010032054036855698,0.0668850839138031,0.032334379851818085,0.02424950711429119,0.0668850839138031,0.010032054036855698,,,,,,,,,,,,,,,,,,,0.3271395266056061,0.15854698419570923,0.06615376073181058,0.6489090104503523,19063,269099,29377,288162,0.5,0.18650645062463833,0.47166150389760697,0.6059502331756136,0.5,0.23964325833134764,0.5165265343636178,0.599176226299486,0.5,0.23916669503352964,0.5214964087551486,0.6092521360247813,0.23916669503352964,0.5214964087551486,0.6092521360247813,29377,17395,17395,1739500,100.0,100.0,0.6248151063919067,0.6944988369941711,0.4829295575618744,0.8185667395591736,0.8849440217018127,0.7339414954185486,0.39462846517562866,0.08503248496819626,0.884142693254175,17395,2683,17395,0,16.56579476861167,103.38708366989158,mean,geometric_mean,odvg_phrase_grounding,6.0,4.0,2.0,iou,0.25,0.25,2.0,True,False,False,True,True,0.1,0.25,0.05,0.25,128,5,True,True,0.05,10,0.3,10,0.0,0.5,1.0,10,True,5,12,0.0,0.1,3,odvg_appended_phrase,4.0,0.25,20,0.5,0.5,1.0,1.5,True,False
epoch,1784906108.5560868,84,625.3047644880135,1.8063192373937533e-05,1.8063192373937533e-05,6.673150374599849e-06,6.673150374599848e-07,1.139004199933768e-05,1.3789255619049072,12286,0.8362700939178467,1.0853124856948853,0.5426562428474426,0.003009479958564043,0.17450281977653503,0.03940475359559059,0.009913286194205284,0.06608322262763977,0.03221544623374939,0.024163492023944855,0.06608322262763977,0.009913286194205284,,,,,,,,,,,,,,,,,,,0.32864680886268616,0.16009172797203064,0.06739801963439404,0.6506110222282738,19113,264471,29377,283584,0.5,0.18616604826905403,0.4739762399155802,0.608911733669197,0.5,0.2396772985669061,0.519556115328318,0.6011505599618749,0.5,0.24029002280695783,0.5228920584130442,0.6121795962828063,0.24029002280695783,0.5228920584130442,0.6121795962828063,29377,17395,17395,1739500,100.0,100.0,0.6249913573265076,0.692605197429657,0.48467719554901123,0.8187020421028137,0.8842632174491882,0.7360180020332336,0.3930285573005676,0.08540697980495982,0.883960746110795,17395,2683,17395,0,16.30261569416499,104.27956027002074,mean,geometric_mean,odvg_phrase_grounding,6.0,4.0,2.0,iou,0.25,0.25,2.0,True,False,False,True,True,0.1,0.25,0.05,0.25,128,5,True,True,0.05,10,0.3,10,0.0,0.5,1.0,10,True,5,12,0.0,0.1,3,odvg_appended_phrase,4.0,0.25,20,0.5,0.5,1.0,1.5,True,False
epoch,1784906740.9602678,85,624.7579542088788,1.7271661970067077e-05,1.7271661970067077e-05,6.375041521194095e-06,6.375041521194093e-07,1.0896620448872982e-05,1.3765714168548584,12286,0.835846483707428,1.0814526081085205,0.5407263040542603,0.0030009893234819174,0.17398925125598907,0.040209729224443436,0.010036065243184566,0.0669068843126297,0.03232535719871521,0.024244898930191994,0.0669068843126297,0.010036065243184566,2.413499355316162,0.014972603879868984,0.488777756690979,0.1455456167459488,0.05179764702916145,0.03884507343173027,,,0.15787480771541595,0.023682057857513428,0.0,0.0,0,0.45,True,True,1.0,1.5,1.0,1.5,0.32696089148521423,0.15887083113193512,0.06704308084843896,0.6511556659972088,19129,266195,29377,285324,0.5,0.18528100214453483,0.4751336079245668,0.6078224461313272,0.5,0.238009327024543,0.5184668277904483,0.6008441978418491,0.5,0.2384518500868026,0.5235388228886544,0.6107839466249106,0.2384518500868026,0.5235388228886544,0.6107839466249106,29377,17395,17395,1739500,100.0,100.0,0.6235722303390503,0.6895808577537537,0.48090675473213196,0.8192979097366333,0.8834121823310852,0.7351329326629639,0.39282432198524475,0.08397726666575511,0.8857658758919237,17395,2683,17395,0,16.402644438056914,114.75570726091973,mean,geometric_mean,odvg_phrase_grounding,6.0,4.0,2.0,iou,0.25,0.25,2.0,True,False,False,True,True,0.1,0.25,0.05,0.25,128,5,True,True,0.05,10,0.3,10,0.0,0.5,1.0,10,True,5,12,0.0,0.1,3,odvg_appended_phrase,4.0,0.25,20,0.5,0.5,1.0,1.5,True,False
epoch,1784907357.1236465,86,608.9107743571512,1.6496736458849863e-05,1.6496736458849863e-05,6.083186458527867e-06,6.083186458527868e-07,1.0413550000321989e-05,1.3701379299163818,12286,0.8312662243843079,1.077744722366333,0.5388723611831665,0.002984522143378854,0.17355400323867798,0.039131179451942444,0.009849291294813156,0.06565938144922256,0.03208152577280998,0.024062026292085648,0.06565938144922256,0.009849291294813156,,,,,,,,,,,,,,,,,,,0.32951173186302185,0.15937797725200653,0.06760275015851312,0.6496578956326378,19085,263226,29377,282311,0.5,0.18585968614902815,0.47421452156448923,0.6093202164958982,0.5,0.2388943731490622,0.5177179426081628,0.6010484392551997,0.5,0.23875821220682847,0.5239132654797971,0.6120434353405726,0.23875821220682847,0.5239132654797971,0.6120434353405726,29377,17395,17395,1739500,100.0,100.0,0.623877227306366,0.6925001740455627,0.48222172260284424,0.8186615705490112,0.8832760453224182,0.7344180941581726,0.39071381092071533,0.08476019852553485,0.8845886298285022,17395,2683,17395,0,16.229433745329118,99.23194634495303,mean,geometric_mean,odvg_phrase_grounding,6.0,4.0,2.0,iou,0.25,0.25,2.0,True,False,False,True,True,0.1,0.25,0.05,0.25,128,5,True,True,0.05,10,0.3,10,0.0,0.5,1.0,10,True,5,12,0.0,0.1,3,odvg_appended_phrase,4.0,0.25,20,0.5,0.5,1.0,1.5,True,False
epoch,1784907973.0091684,87,608.7938575968146,1.5738946935522837e-05,1.5738946935522837e-05,5.797785209482628e-06,5.797785209482626e-07,9.941161726040212e-06,1.3646221160888672,12286,0.8274433016777039,1.0743554830551147,0.5371777415275574,0.0029601375572383404,0.17238299548625946,0.03952009230852127,0.009942198172211647,0.06628493964672089,0.032149069011211395,0.024114346131682396,0.06628493964672089,0.009942198172211647,,,,,,,,,,,,,,,,,,,0.3298896551132202,0.1594761312007904,0.06746400494655949,0.6499642577526636,19094,263931,29377,283025,0.5,0.18572352520679444,0.47428260203560607,0.6074480035401845,0.5,0.23882629267794533,0.5188753106171494,0.5996187493617455,0.5,0.23940497668243865,0.5233005412397453,0.6102733430915342,0.23940497668243865,0.5233005412397453,0.6102733430915342,29377,17395,17395,1739500,100.0,100.0,0.6236810088157654,0.6910396814346313,0.47904151678085327,0.8174353837966919,0.8821186423301697,0.731899082660675,0.3924839198589325,0.0819348249080114,0.8880517453169179,17395,2683,17395,0,16.270480022995113,99.35001842095517,mean,geometric_mean,odvg_phrase_grounding,6.0,4.0,2.0,iou,0.25,0.25,2.0,True,False,False,True,True,0.1,0.25,0.05,0.25,128,5,True,True,0.05,10,0.3,10,0.0,0.5,1.0,10,True,5,12,0.0,0.1,3,odvg_appended_phrase,4.0,0.25,20,0.5,0.5,1.0,1.5,True,False
epoch,1784908588.9740682,88,608.2983031470794,1.4998812751172916e-05,1.4998812751172916e-05,5.51903337381837e-06,5.519033373818368e-07,9.479779377354546e-06,1.362137794494629,12286,0.825779914855957,1.072717547416687,0.5363587737083435,0.00297749787569046,0.17254388332366943,0.03846476599574089,0.009750419296324253,0.06500256061553955,0.03202285245060921,0.02401559054851532,0.06500256061553955,0.009750419296324253,,,,,,,,,,,,,,,,,,,0.32818102836608887,0.15961186587810516,0.06738910898780393,0.6496578956326378,19085,264121,29377,283206,0.5,0.18579160567791128,0.4731592742621779,0.6058481124689383,0.5,0.2383497293801273,0.5183987473193314,0.6014228818463424,0.5,0.23794124655342616,0.5225176158219015,0.6097967797937162,0.23794124655342616,0.5225176158219015,0.6097967797937162,29377,17395,17395,1739500,100.0,100.0,0.6239505410194397,0.6916670203208923,0.4789392948150635,0.8186801671981812,0.8830377459526062,0.7331245541572571,0.3934370279312134,0.08346665852461932,0.8861494161513032,17395,2683,17395,0,16.280885311871227,97.17761786701158,mean,geometric_mean,odvg_phrase_grounding,6.0,4.0,2.0,iou,0.25,0.25,2.0,True,False,False,True,True,0.1,0.25,0.05,0.25,128,5,True,True,0.05,10,0.3,10,0.0,0.5,1.0,10,True,5,12,0.0,0.1,3,odvg_appended_phrase,4.0,0.25,20,0.5,0.5,1.0,1.5,True,False
epoch,1784909208.3356197,89,612.2641956978478,1.4276841156799498e-05,1.4276841156799498e-05,5.24712199411929e-06,5.247121994119288e-07,9.029719162680204e-06,1.354166030883789,12286,0.8197504878044128,1.068831443786621,0.5344157218933105,0.002942752093076706,0.17056748270988464,0.039454177021980286,0.009871617890894413,0.06580963730812073,0.032079629600048065,0.024059779942035675,0.06580963730812073,0.009871617890894413,,,,,,,,,,,,,,,,,,,0.32872191071510315,0.15961234271526337,0.06697444978497344,0.6488749702147939,19062,265554,29377,284616,0.5,0.18596180685570343,0.4724103890798924,0.6054736698777956,0.5,0.23773700514007556,0.5165946148347347,0.6005037954862648,0.5,0.238009327024543,0.5216666099329408,0.6092861762603398,0.238009327024543,0.5216666099329408,0.6092861762603398,29377,17395,17395,1739500,100.0,100.0,0.623619794845581,0.6904070377349854,0.47972220182418823,0.819206178188324,0.8835142850875854,0.7337032556533813,0.3924158215522766,0.08482828543858745,0.8843833869006814,17395,2683,17395,0,16.36194308709399,102.72435204777867,mean,geometric_mean,odvg_phrase_grounding,6.0,4.0,2.0,iou,0.25,0.25,2.0,True,False,False,True,True,0.1,0.25,0.05,0.25,128,5,True,True,0.05,10,0.3,10,0.0,0.5,1.0,10,True,5,12,0.0,0.1,3,odvg_appended_phrase,4.0,0.25,20,0.5,0.5,1.0,1.5,True,False
epoch,1784909840.9109516,90,625.4105716932099,1.3573526955670085e-05,1.3573526955670085e-05,4.98223742486276e-06,4.982237424862758e-07,8.591289530807328e-06,1.3530594110488892,12286,0.8209824562072754,1.0662033557891846,0.5320754647254944,0.00296021718531847,0.17157159745693207,0.03830292820930481,0.00977879948914051,0.06519858539104462,0.03178037703037262,0.023833181709051132,0.06519858539104462,0.00977879948914051,2.447913408279419,0.015288413502275944,0.4928199052810669,0.15339162945747375,0.052563540637493134,0.039423663169145584,,,0.1629239171743393,0.024441948160529137,0.0,0.0,0,0.45,True,True,1.0,1.5,1.0,1.5,0.32778266072273254,0.1591571718454361,0.06735330373447208,0.649113251863703,19069,264050,29377,283119,0.5,0.185689484971236,0.47132110154202267,0.6048269054021854,0.5,0.23817952820233515,0.5170711781325527,0.5996868298328625,0.5,0.23797528678898458,0.521768730639616,0.6089457739047555,0.23797528678898458,0.521768730639616,0.6089457739047555,29377,17395,17395,1739500,100.0,100.0,0.6234649419784546,0.6910077929496765,0.4797607958316803,0.8188715577125549,0.883310079574585,0.7345201969146729,0.3901691734790802,0.0854069450509699,0.8837241706766963,17395,2683,17395,0,16.27588387467663,117.64385771914385,mean,geometric_mean,odvg_phrase_grounding,6.0,4.0,2.0,iou,0.25,0.25,2.0,True,False,False,True,True,0.1,0.25,0.05,0.25,128,5,True,True,0.05,10,0.3,10,0.0,0.5,1.0,10,True,5,12,0.0,0.1,3,odvg_appended_phrase,4.0,0.25,20,0.5,0.5,1.0,1.5,True,False
epoch,1784910456.5062761,91,608.5286609989125,1.2889352164206804e-05,1.2889352164206804e-05,4.7245612047012585e-06,4.7245612047012593e-07,8.164790959505532e-06,1.347562313079834,12286,0.8190620541572571,1.065177083015442,0.5285003185272217,0.0029564108699560165,0.17103853821754456,0.03843068331480026,0.009835484437644482,0.06556625664234161,0.03181341290473938,0.023861337453126907,0.06556625664234161,0.009835484437644482,,,,,,,,,,,,,,,,,,,0.328372597694397,0.15946856141090393,0.06751989004682928,0.6488409299792355,19061,263241,29377,282302,0.5,0.18572352520679444,0.47227422813765874,0.6062906355311979,0.5,0.2376689246689587,0.516390373421384,0.600129352895122,0.5,0.23770296490451714,0.5211900466351227,0.6090138543758723,0.23770296490451714,0.5211900466351227,0.6090138543758723,29377,17395,17395,1739500,100.0,100.0,0.6228413581848145,0.6893046498298645,0.4770929515361786,0.8188043236732483,0.882697343826294,0.7336351275444031,0.3912244141101837,0.0847941975651676,0.8844191146503744,17395,2683,17395,0,16.228916355274503,98.78329541091807,mean,geometric_mean,odvg_phrase_grounding,6.0,4.0,2.0,iou,0.25,0.25,2.0,True,False,False,True,True,0.1,0.25,0.05,0.25,128,5,True,True,0.05,10,0.3,10,0.0,0.5,1.0,10,True,5,12,0.0,0.1,3,odvg_appended_phrase,4.0,0.25,20,0.5,0.5,1.0,1.5,True,False
epoch,1784911067.2327054,92,603.5876517139841,1.222478568163642e-05,1.222478568163642e-05,4.474269932044881e-06,4.474269932044883e-07,7.750515749591531e-06,1.3357949256896973,12286,0.8141148090362549,1.0616141557693481,0.5216789841651917,0.002928815083578229,0.1704278141260147,0.03742554783821106,0.00966111570596695,0.0644102394580841,0.03164820000529289,0.023735355585813522,0.0644102394580841,0.00966111570596695,,,,,,,,,,,,,,,,,,,0.327659010887146,0.15905353426933289,0.06743895489794258,0.6486026483303264,19054,263483,29377,282537,0.5,0.18585968614902815,0.4727507914354767,0.6069033597712497,0.5,0.23763488443340028,0.5180923851993056,0.6012186404329918,0.5,0.23726044184225756,0.5223474146441094,0.6101712223848589,0.23726044184225756,0.5223474146441094,0.6101712223848589,29377,17395,17395,1739500,100.0,100.0,0.6230387091636658,0.689994215965271,0.4785598814487457,0.8192552328109741,0.883310079574585,0.7334989905357361,0.3892841339111328,0.08489634220540965,0.88425840621348,17395,2683,17395,0,16.2424259844783,98.0311246518977,mean,geometric_mean,odvg_phrase_grounding,6.0,4.0,2.0,iou,0.25,0.25,2.0,True,False,False,True,True,0.1,0.25,0.05,0.25,128,5,True,True,0.05,10,0.3,10,0.0,0.5,1.0,10,True,5,12,0.0,0.1,3,odvg_appended_phrase,4.0,0.25,20,0.5,0.5,1.0,1.5,True,False
epoch,1784911679.546474,93,605.0704121738672,1.1580282968630265e-05,1.1580282968630265e-05,4.231535144029578e-06,4.2315351440295746e-07,7.348747824600677e-06,1.3246264457702637,12286,0.8112162351608276,1.0590041875839233,0.513410747051239,0.002930911025032401,0.16930422186851501,0.03807874768972397,0.009747249074280262,0.06498544663190842,0.03181151673197746,0.023858007043600082,0.06498544663190842,0.009747249074280262,,,,,,,,,,,,,,,,,,,0.32891449332237244,0.15977537631988525,0.06706998439335753,0.6509854648194165,19124,266011,29377,285135,0.5,0.18654049086019675,0.47193382578207443,0.6077884058957688,0.5,0.23763488443340028,0.5175137011948122,0.6032610545664976,0.5,0.2386901317357116,0.5215985294618238,0.6121455560472479,0.2386901317357116,0.5215985294618238,0.6121455560472479,29377,17395,17395,1739500,100.0,100.0,0.6246490478515625,0.6907579302787781,0.4828678071498871,0.8204823732376099,0.8850120902061462,0.7373455166816711,0.39289239048957825,0.0863600518622546,0.8828770909859099,17395,2683,17395,0,16.39177924691003,98.10793849593028,mean,geometric_mean,odvg_phrase_grounding,6.0,4.0,2.0,iou,0.25,0.25,2.0,True,False,False,True,True,0.1,0.25,0.05,0.25,128,5,True,True,0.05,10,0.3,10,0.0,0.5,1.0,10,True,5,12,0.0,0.1,3,odvg_appended_phrase,4.0,0.25,20,0.5,0.5,1.0,1.5,True,False
epoch,1784912292.9998972,94,606.4334848180879,1.0956285735154187e-05,1.0956285735154187e-05,3.996523198954173e-06,3.9965231989541727e-07,6.959762536200008e-06,1.3116766214370728,12286,0.8088268041610718,1.0554276704788208,0.5028486251831055,0.002909180009737611,0.16899554431438446,0.03765057772397995,0.009567963890731335,0.06378648430109024,0.03168893977999687,0.0237674992531538,0.06378648430109024,0.009567963890731335,,,,,,,,,,,,,,,,,,,0.3292580842971802,0.15998318791389465,0.06749619455555948,0.649045171392586,19067,263423,29377,282490,0.5,0.18643837015352147,0.4734315961466453,0.6063246757667563,0.5,0.23851993055791945,0.5190455117949416,0.6017292439663683,0.5,0.23807740749565987,0.5221091329952003,0.6100691016781836,0.23807740749565987,0.5221091329952003,0.6100691016781836,29377,17395,17395,1739500,100.0,100.0,0.6245763301849365,0.6900650858879089,0.4826933741569519,0.8200149536132812,0.8845354914665222,0.7365626096725464,0.39244988560676575,0.08751743827996039,0.8811812639812547,17395,2683,17395,0,16.239724058637538,98.35506603494287,mean,geometric_mean,odvg_phrase_grounding,6.0,4.0,2.0,iou,0.25,0.25,2.0,True,False,False,True,True,0.1,0.25,0.05,0.25,128,5,True,True,0.05,10,0.3,10,0.0,0.5,1.0,10,True,5,12,0.0,0.1,3,odvg_appended_phrase,4.0,0.25,20,0.5,0.5,1.0,1.5,True,False
epoch,1784912921.5323029,95,621.4688462240156,1.0353221637742665e-05,1.0353221637742665e-05,3.769395162266716e-06,3.7693951622667145e-07,6.583826475475949e-06,1.2991458177566528,12286,0.8075807094573975,1.053972601890564,0.49156567454338074,0.0029158443212509155,0.16845859587192535,0.03809953108429909,0.00973964761942625,0.06493864208459854,0.03169417008757591,0.02377117983996868,0.06493864208459854,0.00973964761942625,2.4674131870269775,0.015292263589799404,0.4945199191570282,0.15964172780513763,0.052917636930942535,0.03968721628189087,,,0.16510248184204102,0.02476447820663452,0.0,0.0,0,0.45,True,True,1.0,1.5,1.0,1.5,0.32799798250198364,0.15898951888084412,0.06721749042430421,0.6463559927834701,18988,263498,29377,282486,0.5,0.18606392756237874,0.4724444293154509,0.6059161929400552,0.5,0.2365115566599721,0.5167307757769684,0.5993464274772782,0.5,0.23763488443340028,0.5215985294618238,0.609150015318106,0.23763488443340028,0.5215985294618238,0.609150015318106,29377,17395,17395,1739500,100.0,100.0,0.623696506023407,0.6909987926483154,0.4796009957790375,0.8193387389183044,0.883684515953064,0.7338053584098816,0.392551988363266,0.08744936562641148,0.880827572837694,17395,2683,17395,0,16.239494107502157,114.63839365611784,mean,geometric_mean,odvg_phrase_grounding,6.0,4.0,2.0,iou,0.25,0.25,2.0,True,False,False,True,True,0.1,0.25,0.05,0.25,128,5,True,True,0.05,10,0.3,10,0.0,0.5,1.0,10,True,5,12,0.0,0.1,3,odvg_appended_phrase,4.0,0.25,20,0.5,0.5,1.0,1.5,True,False
epoch,1784913534.3470752,96,604.4647272769362,9.771503986404353e-06,9.771503986404353e-06,3.5503066961782617e-06,3.55030669617826e-07,6.2211972902260874e-06,1.283615231513977,12286,0.80548495054245,1.05137300491333,0.4781302809715271,0.002897449769079685,0.16808030009269714,0.03788862004876137,0.009690694510936737,0.06460115313529968,0.03170156478881836,0.023774897679686546,0.06460115313529968,0.009690694510936737,,,,,,,,,,,,,,,,,,,0.32733264565467834,0.15826454758644104,0.06739097374740498,0.6486366885658849,19055,263698,29377,282753,0.5,0.18609796779793716,0.4734656363822038,0.6076182047179767,0.5,0.2361711543043878,0.5190455117949416,0.6007420771351738,0.5,0.2375668039622834,0.5223133744085509,0.6111583892160534,0.2375668039622834,0.5223133744085509,0.6111583892160534,29377,17395,17395,1739500,100.0,100.0,0.6239889860153198,0.6915602684020996,0.4789968729019165,0.819754421710968,0.8845354914665222,0.7311842441558838,0.3915988802909851,0.08254755558999893,0.8871043020281488,17395,2683,17395,0,16.25484334578902,98.13806213485077,mean,geometric_mean,odvg_phrase_grounding,6.0,4.0,2.0,iou,0.25,0.25,2.0,True,False,False,True,True,0.1,0.25,0.05,0.25,128,5,True,True,0.05,10,0.3,10,0.0,0.5,1.0,10,True,5,12,0.0,0.1,3,odvg_appended_phrase,4.0,0.25,20,0.5,0.5,1.0,1.5,True,False
epoch,1784914146.906952,97,605.5008090918418,9.211531461360005e-06,9.211531461360005e-06,3.33940795297974e-06,3.339407952979741e-07,5.872123508380261e-06,1.262664556503296,12286,0.79923415184021,1.0492401123046875,0.4634295403957367,0.0028755380772054195,0.16613447666168213,0.03872500732541084,0.009686746634542942,0.06457871198654175,0.03176860511302948,0.023827295750379562,0.06457871198654175,0.009686746634542942,,,,,,,,,,,,,,,,,,,0.327470064163208,0.15871867537498474,0.06792271048546807,0.6479558838547163,19035,261210,29377,280245,0.5,0.18657453109575517,0.47298907308438576,0.607175681655717,0.5,0.23715832113558225,0.5191135922660585,0.6008782380774075,0.5,0.2385539707934779,0.5218368111107329,0.6103414235626511,0.2385539707934779,0.5218368111107329,0.6103414235626511,29377,17395,17395,1739500,100.0,100.0,0.6241872906684875,0.6918081045150757,0.4797014594078064,0.8192348480224609,0.8855907917022705,0.7345882654190063,0.39112231135368347,0.0866323815642901,0.8820667499842577,17395,2683,17395,0,16.11066398390342,96.77914638095535,mean,geometric_mean,odvg_phrase_grounding,6.0,4.0,2.0,iou,0.25,0.25,2.0,True,False,False,True,True,0.1,0.25,0.05,0.25,128,5,True,True,0.05,10,0.3,10,0.0,0.5,1.0,10,True,5,12,0.0,0.1,3,odvg_appended_phrase,4.0,0.25,20,0.5,0.5,1.0,1.5,True,False
epoch,1784914768.92859,98,614.9649609539192,8.673687839807047e-06,8.673687839807047e-06,3.1368434721351224e-06,3.1368434721351216e-07,5.536844367671928e-06,1.2479832172393799,12286,0.8009883761405945,1.0461642742156982,0.44699445366859436,0.0028694174252450466,0.16687816381454468,0.03816112130880356,0.009622608311474323,0.06414841115474701,0.03176151588559151,0.023819705471396446,0.06414841115474701,0.009622608311474323,,,,,,,,,,,,,,,,,,,0.32683730125427246,0.15825456380844116,0.06816236944526996,0.6480239643258331,19037,260252,29377,279289,0.5,0.18562140450011913,0.4718317050753991,0.6087755727269633,0.5,0.23664771760220582,0.518364707083773,0.6012186404329918,0.5,0.2382135684378936,0.5221091329952003,0.6121115158116894,0.2382135684378936,0.5221091329952003,0.6121115158116894,29377,17395,17395,1739500,100.0,100.0,0.6244491338729858,0.6911457777023315,0.4809779226779938,0.8191048502922058,0.884671688079834,0.7350988984107971,0.39289239048957825,0.08707493408496403,0.8815466404952987,17395,2683,17395,0,16.05570566254671,97.67501628096215,mean,geometric_mean,odvg_phrase_grounding,6.0,4.0,2.0,iou,0.25,0.25,2.0,True,False,False,True,True,0.1,0.25,0.05,0.25,128,5,True,True,0.05,10,0.3,10,0.0,0.5,1.0,10,True,5,12,0.0,0.1,3,odvg_appended_phrase,4.0,0.25,20,0.5,0.5,1.0,1.5,True,False
epoch,1784915382.15127,99,606.0727358199656,8.158341732897824e-06,8.158341732897824e-06,2.9427520812212545e-06,2.9427520812212536e-07,5.215589651676563e-06,1.2328722476959229,12286,0.8024165034294128,1.0456019639968872,0.4304543733596802,0.002869624411687255,0.16759483516216278,0.03761190176010132,0.009545053355395794,0.06363184005022049,0.03151722252368927,0.023639271035790443,0.06363184005022049,0.009545053355395794,,,,,,,,,,,,,,,,,,,0.32827138900756836,0.15870784223079681,0.06897026381850388,0.6481260850325085,19040,257021,29377,276061,0.5,0.185927766620145,0.4738400789733465,0.6087755727269633,0.5,0.2367498383088811,0.5190455117949416,0.6014228818463424,0.5,0.23838376961568575,0.5234026619464207,0.6122136365183647,0.23838376961568575,0.5234026619464207,0.6122136365183647,29377,17395,17395,1739500,100.0,100.0,0.6248690485954285,0.6923369765281677,0.4803789556026459,0.8198306560516357,0.8843653202056885,0.7354052662849426,0.3934710919857025,0.08727918125243417,0.8813182536843343,17395,2683,17395,0,15.870135096292039,97.72331852884963,mean,geometric_mean,odvg_phrase_grounding,6.0,4.0,2.0,iou,0.25,0.25,2.0,True,False,False,True,True,0.1,0.25,0.05,0.25,128,5,True,True,0.05,10,0.3,10,0.0,0.5,1.0,10,True,5,12,0.0,0.1,3,odvg_appended_phrase,4.0,0.25,20,0.5,0.5,1.0,1.5,True,False
epoch,1784916010.278853,100,620.8764944430441,7.665846333111884e-06,7.665846333111884e-06,2.7572668007823956e-06,2.7572668007823913e-07,4.908579532329482e-06,1.2112990617752075,12286,0.7978032231330872,1.0466294288635254,0.4134960472583771,0.002864399692043662,0.1666947901248932,0.03713977709412575,0.009572993032634258,0.06382619589567184,0.03147415816783905,0.02360573410987854,0.06382619589567184,0.009572993032634258,2.4900269508361816,0.015611983835697174,0.49662625789642334,0.16528715193271637,0.05389109253883362,0.04041769728064537,,,0.16744835674762726,0.02511577494442463,0.0,0.0,0,0.45,True,True,1.0,1.5,1.0,1.5,0.32870274782180786,0.1589730829000473,0.06876664351047818,0.6469687170235218,19006,257378,29377,276384,0.5,0.1863702896824046,0.47366987779555436,0.6072097218912755,0.5,0.23661367736664737,0.5189774313238248,0.6009463185485243,0.5,0.23807740749565987,0.5236749838308881,0.6100010212070668,0.23807740749565987,0.5236749838308881,0.6100010212070668,29377,17395,17395,1739500,100.0,100.0,0.6247091889381409,0.6926204562187195,0.47966915369033813,0.8208792805671692,0.8840249180793762,0.7345882654190063,0.393164724111557,0.08761954839548458,0.880722913065448,17395,2683,17395,0,15.888703650474275,114.36714559886605,mean,geometric_mean,odvg_phrase_grounding,6.0,4.0,2.0,iou,0.25,0.25,2.0,True,False,False,True,True,0.1,0.25,0.05,0.25,128,5,True,True,0.05,10,0.3,10,0.0,0.5,1.0,10,True,5,12,0.0,0.1,3,odvg_appended_phrase,4.0,0.25,20,0.5,0.5,1.0,1.5,True,False
epoch,1784916625.6927276,101,606.7154303560965,7.196539172195528e-06,7.196539172195528e-06,2.580514753164551e-06,2.5805147531645486e-07,4.616024419030977e-06,1.1891701221466064,12286,0.7958137392997742,1.0416730642318726,0.3933563232421875,0.0028514107689261436,0.1657402515411377,0.037953637540340424,0.009612898342311382,0.06408584117889404,0.0316656269133091,0.023748522624373436,0.06408584117889404,0.009612898342311382,,,,,,,,,,,,,,,,,,,0.3292255401611328,0.15945491194725037,0.0682535696347851,0.647615481499132,19025,259715,29377,278740,0.5,0.18626816897572931,0.4734656363822038,0.6075841644824183,0.5,0.23705620042890696,0.52081560404398,0.6022398474997447,0.5,0.23739660278449126,0.5238792252442387,0.6109541478027027,0.23739660278449126,0.5238792252442387,0.6109541478027027,29377,17395,17395,1739500,100.0,100.0,0.6244475245475769,0.6919565796852112,0.48296284675598145,0.8197507262229919,0.8840249180793762,0.7346904277801514,0.39319875836372375,0.08707494628101942,0.8814807666078974,17395,2683,17395,0,16.02414486921529,98.05873380089179,mean,geometric_mean,odvg_phrase_grounding,6.0,4.0,2.0,iou,0.25,0.25,2.0,True,False,False,True,True,0.1,0.25,0.05,0.25,128,5,True,True,0.05,10,0.3,10,0.0,0.5,1.0,10,True,5,12,0.0,0.1,3,odvg_appended_phrase,4.0,0.25,20,0.5,0.5,1.0,1.5,True,False
epoch,1784917239.8758612,102,607.7372459918261,6.750741889834452e-06,6.750741889834452e-06,2.4126170753921913e-06,2.412617075392193e-07,4.338124814442247e-06,1.1663966178894043,12286,0.7918331027030945,1.0419071912765503,0.374563068151474,0.002836504252627492,0.16472454369068146,0.038076672703027725,0.00962125975638628,0.06414411216974258,0.0316331721842289,0.023723814636468887,0.06414411216974258,0.00962125975638628,,,,,,,,,,,,,,,,,,,0.32912909984588623,0.15904390811920166,0.06824493071953505,0.648330326445859,19046,260037,29377,279083,0.5,0.1860298873268203,0.47258059025768456,0.6087415324914048,0.5,0.23637539571773836,0.5202028798039282,0.6023419682064199,0.5,0.23780508561119243,0.5227558974708105,0.6119753548694556,0.23780508561119243,0.5227558974708105,0.6119753548694556,29377,17395,17395,1739500,100.0,100.0,0.6246150135993958,0.6925001740455627,0.4803653061389923,0.8197178840637207,0.883446216583252,0.7346222996711731,0.3956156075000763,0.08629197322531412,0.8825355924208405,17395,2683,17395,0,16.043863179074446,96.81019150279462,mean,geometric_mean,odvg_phrase_grounding,6.0,4.0,2.0,iou,0.25,0.25,2.0,True,False,False,True,True,0.1,0.25,0.05,0.25,128,5,True,True,0.05,10,0.3,10,0.0,0.5,1.0,10,True,5,12,0.0,0.1,3,odvg_appended_phrase,4.0,0.25,20,0.5,0.5,1.0,1.5,True,False
epoch,1784917854.9985828,103,608.0978107107803,6.328760013217912e-06,6.328760013217912e-06,2.253688836147004e-06,2.2536888361470016e-07,4.075071177070901e-06,1.145065188407898,12286,0.7906923890113831,1.0395407676696777,0.35437190532684326,0.0028488088864833117,0.16460415720939636,0.0378117710351944,0.00949896965175867,0.06332476437091827,0.03156698867678642,0.02367614023387432,0.06332476437091827,0.00949896965175867,,,,,,,,,,,,,,,,,,,0.3288840353488922,0.15859536826610565,0.06840608917839278,0.6470367974946387,19008,258862,29377,277870,0.5,0.18545120332232698,0.47261463049324304,0.607175681655717,0.5,0.2368519590155564,0.5213942880484733,0.6015250025530177,0.5,0.23865609150015318,0.5229260986486026,0.610647785682677,0.23865609150015318,0.5229260986486026,0.610647785682677,29377,17395,17395,1739500,100.0,100.0,0.6234626173973083,0.6912891864776611,0.47747722268104553,0.8184791207313538,0.8840929865837097,0.7331926226615906,0.39163291454315186,0.08615582516695186,0.8824922366864599,17395,2683,17395,0,15.97413049726933,97.66824813117273,mean,geometric_mean,odvg_phrase_grounding,6.0,4.0,2.0,iou,0.25,0.25,2.0,True,False,False,True,True,0.1,0.25,0.05,0.25,128,5,True,True,0.05,10,0.3,10,0.0,0.5,1.0,10,True,5,12,0.0,0.1,3,odvg_appended_phrase,4.0,0.25,20,0.5,0.5,1.0,1.5,True,False
epoch,1784918467.9390154,104,605.8644395319279,5.930882747645671e-06,5.930882747645671e-06,2.10383895690551e-06,2.1038389569055108e-07,3.827043790740154e-06,1.1243573427200317,12286,0.7902361154556274,1.0376542806625366,0.3341209590435028,0.0028474275022745132,0.16438379883766174,0.037963178008794785,0.009586249478161335,0.06390544027090073,0.031617797911167145,0.02371331863105297,0.06390544027090073,0.009586249478161335,,,,,,,,,,,,,,,,,,,0.32931265234947205,0.15876276791095734,0.06834683727303131,0.6469346767879633,19005,259062,29377,278067,0.5,0.18630220921128773,0.47326139496885317,0.6069714402423665,0.5,0.23831568914456888,0.5205092419239541,0.6014909623174592,0.5,0.2383497293801273,0.5234026619464207,0.6102052626204173,0.2383497293801273,0.5234026619464207,0.6102052626204173,29377,17395,17395,1739500,100.0,100.0,0.6236457228660583,0.6908140182495117,0.4786337614059448,0.8196645975112915,0.883548378944397,0.7320352792739868,0.39425399899482727,0.08510060248602347,0.8837479491829628,17395,2683,17395,0,15.985455590686978,97.9783717719838,mean,geometric_mean,odvg_phrase_grounding,6.0,4.0,2.0,iou,0.25,0.25,2.0,True,False,False,True,True,0.1,0.25,0.05,0.25,128,5,True,True,0.05,10,0.3,10,0.0,0.5,1.0,10,True,5,12,0.0,0.1,3,odvg_appended_phrase,4.0,0.25,20,0.5,0.5,1.0,1.5,True,False
epoch,1784919098.6659627,105,622.9890517948661,5.557382778321153e-06,5.557382778321153e-06,1.963170137289783e-06,1.9631701372897807e-07,3.594212641031363e-06,1.1022014617919922,12286,0.7874962687492371,1.0386215448379517,0.31470561027526855,0.0028346506878733635,0.16405916213989258,0.03743297979235649,0.009481611661612988,0.06321235001087189,0.03150932118296623,0.023631835356354713,0.06321235001087189,0.009481611661612988,2.4869112968444824,0.015453321859240532,0.49653035402297974,0.16482968628406525,0.053506556898355484,0.040128983557224274,,,0.16248071193695068,0.024372732266783714,0.0,0.0,0,0.45,True,True,1.0,1.5,1.0,1.5,0.3286368250846863,0.15856072306632996,0.06863325559398399,0.647138918201314,19011,257983,29377,276994,0.5,0.18497464002450897,0.47319331449773633,0.6075841644824183,0.5,0.2371923613711407,0.5195220750927596,0.600673996664057,0.5,0.23828164890901046,0.523504782653096,0.6106818259182354,0.23828164890901046,0.523504782653096,0.6106818259182354,29377,17395,17395,1739500,100.0,100.0,0.62337327003479,0.6906428933143616,0.4794993996620178,0.819180965423584,0.8825271725654602,0.7330224514007568,0.3910882771015167,0.08588353319944286,0.8828364219467969,17395,2683,17395,0,15.923771198620294,113.71293064393103,mean,geometric_mean,odvg_phrase_grounding,6.0,4.0,2.0,iou,0.25,0.25,2.0,True,False,False,True,True,0.1,0.25,0.05,0.25,128,5,True,True,0.05,10,0.3,10,0.0,0.5,1.0,10,True,5,12,0.0,0.1,3,odvg_appended_phrase,4.0,0.25,20,0.5,0.5,1.0,1.5,True,False
epoch,1784919710.4346476,106,604.9079218129627,5.208516083466565e-06,5.208516083466565e-06,1.8317787846822098e-06,1.8317787846822098e-07,3.3767372987843523e-06,1.078779935836792,12286,0.784356951713562,1.0363073348999023,0.2944226562976837,0.00281990016810596,0.16330133378505707,0.03745000809431076,0.009541243314743042,0.06360688805580139,0.03143608570098877,0.02357676438987255,0.06360688805580139,0.009541243314743042,,,,,,,,,,,,,,,,,,,0.3294559121131897,0.15873177349567413,0.0688304501774018,0.6478197229124826,19031,257460,29377,276491,0.5,0.18565544473567758,0.4727167511999183,0.6083330496647037,0.5,0.23783912584675085,0.5202028798039282,0.6016271232596929,0.5,0.23920073526908806,0.5231303400619532,0.6112605099227286,0.23920073526908806,0.5231303400619532,0.6112605099227286,29377,17395,17395,1739500,100.0,100.0,0.6233164072036743,0.6907941102981567,0.47970980405807495,0.8186601400375366,0.8831398487091064,0.7324437499046326,0.39013513922691345,0.08462402699214999,0.8844634458234255,17395,2683,17395,0,15.894854843345788,99.25168853602372,mean,geometric_mean,odvg_phrase_grounding,6.0,4.0,2.0,iou,0.25,0.25,2.0,True,False,False,True,True,0.1,0.25,0.05,0.25,128,5,True,True,0.05,10,0.3,10,0.0,0.5,1.0,10,True,5,12,0.0,0.1,3,odvg_appended_phrase,4.0,0.25,20,0.5,0.5,1.0,1.5,True,False
epoch,1784920322.423857,107,604.2855193018913,4.884521758888308e-06,4.884521758888308e-06,1.7097549481527393e-06,1.7097549481527384e-07,3.1747668107355687e-06,1.0625017881393433,12286,0.7876923084259033,1.0350558757781982,0.27480995655059814,0.002830576617270708,0.1640515923500061,0.03764611482620239,0.009537640027701855,0.06358189880847931,0.03139863535761833,0.023546673357486725,0.06358189880847931,0.009537640027701855,,,,,,,,,,,,,,,,,,,0.3289029002189636,0.15894564986228943,0.0689031361708902,0.6482622459747421,19044,257344,29377,276388,0.5,0.185689484971236,0.472852912142152,0.6081288082513531,0.5,0.23824760867345202,0.5187391496749157,0.6011165197263165,0.5,0.23940497668243865,0.5226878169996937,0.6118732341627804,0.23940497668243865,0.5226878169996937,0.6118732341627804,29377,17395,17395,1739500,100.0,100.0,0.6236851215362549,0.6903607249259949,0.47966915369033813,0.8195013403892517,0.883310079574585,0.7328522205352783,0.3909861445426941,0.08458997456053619,0.8845743081753218,17395,2683,17395,0,15.888933601609658,96.50232357601635,mean,geometric_mean,odvg_phrase_grounding,6.0,4.0,2.0,iou,0.25,0.25,2.0,True,False,False,True,True,0.1,0.25,0.05,0.25,128,5,True,True,0.05,10,0.3,10,0.0,0.5,1.0,10,True,5,12,0.0,0.1,3,odvg_appended_phrase,4.0,0.25,20,0.5,0.5,1.0,1.5,True,False
epoch,1784920935.6120138,108,606.2937010030728,4.585621854112567e-06,4.585621854112567e-06,1.5971822567436921e-06,1.5971822567436896e-07,2.988439597368868e-06,1.0395193099975586,12286,0.7838307619094849,1.0335842370986938,0.2556886076927185,0.002823186106979847,0.16296595335006714,0.037792984396219254,0.009498345665633678,0.06332455575466156,0.031531088054180145,0.02364775352180004,0.06332455575466156,0.009498345665633678,,,,,,,,,,,,,,,,,,,0.3288295567035675,0.15840891003608704,0.068422509988097,0.6476835619702488,19027,259054,29377,278081,0.5,0.18545120332232698,0.4728188719065936,0.6071076011846002,0.5,0.23773700514007556,0.5190114715593832,0.6011505599618749,0.5,0.23899649385573749,0.5236749838308881,0.6109201075671443,0.23899649385573749,0.5236749838308881,0.6109201075671443,29377,17395,17395,1739500,100.0,100.0,0.6232873797416687,0.6891201138496399,0.4793442487716675,0.8193387389183044,0.8831738829612732,0.7325458526611328,0.3895905017852783,0.08486229069088402,0.8841542950757236,17395,2683,17395,0,15.986260419660821,97.97143974597566,mean,geometric_mean,odvg_phrase_grounding,6.0,4.0,2.0,iou,0.25,0.25,2.0,True,False,False,True,True,0.1,0.25,0.05,0.25,128,5,True,True,0.05,10,0.3,10,0.0,0.5,1.0,10,True,5,12,0.0,0.1,3,odvg_appended_phrase,4.0,0.25,20,0.5,0.5,1.0,1.5,True,False
epoch,1784921546.25525,109,603.4927169519942,4.3120212202036766e-06,4.3120212202036766e-06,1.494137862154631e-06,1.4941378621546277e-07,2.8178833580490455e-06,1.0192679166793823,12286,0.7815353274345398,1.033950686454773,0.23773227632045746,0.0028118393383920193,0.16262143850326538,0.03746291249990463,0.009482201188802719,0.06321687251329422,0.03145293518900871,0.023589158430695534,0.06321687251329422,0.009482201188802719,,,,,,,,,,,,,,,,,,,0.32959169149398804,0.1584528386592865,0.06867772496477464,0.6487388092725601,19058,258441,29377,277499,0.5,0.18613200803349558,0.47329543520441164,0.6093542567314566,0.5,0.2383497293801273,0.520100759097253,0.6027164107975628,0.5,0.23882629267794533,0.523981345950914,0.611362630629404,0.23882629267794533,0.523981345950914,0.611362630629404,29377,17395,17395,1739500,100.0,100.0,0.6233383417129517,0.6901440620422363,0.4783407151699066,0.8178666234016418,0.8842632174491882,0.7329884171485901,0.3888415992259979,0.08424960787602997,0.8850601102214265,17395,2683,17395,0,15.95280252946249,97.94989952701144,mean,geometric_mean,odvg_phrase_grounding,6.0,4.0,2.0,iou,0.25,0.25,2.0,True,False,False,True,True,0.1,0.25,0.05,0.25,128,5,True,True,0.05,10,0.3,10,0.0,0.5,1.0,10,True,5,12,0.0,0.1,3,odvg_appended_phrase,4.0,0.25,20,0.5,0.5,1.0,1.5,True,False
epoch,1784922175.959191,110,622.8254382070154,4.0639073693694784e-06,4.0639073693694784e-06,1.4006923858664247e-06,1.4006923858664247e-07,2.6632149835030503e-06,0.9999129772186279,12286,0.7795593738555908,1.0329757928848267,0.22035354375839233,0.0027967544738203287,0.16172538697719574,0.03811568021774292,0.009590376168489456,0.06393875181674957,0.0316229872405529,0.023717928677797318,0.06393875181674957,0.009590376168489456,2.4896485805511475,0.015368293970823288,0.49564075469970703,0.16800709068775177,0.05349801480770111,0.04012386128306389,,,0.1648760288953781,0.02473248727619648,0.0,0.0,0,0.45,True,True,1.0,1.5,1.0,1.5,0.32858195900917053,0.15880541503429413,0.06825249369626582,0.6477516424413657,19029,259774,29377,278803,0.5,0.18575756544235286,0.4725125097865677,0.6067671988290159,0.5,0.23749872349116655,0.5188072301460326,0.6004016747795895,0.5,0.23838376961568575,0.5225516560574599,0.6099669809715084,0.23838376961568575,0.5225516560574599,0.6099669809715084,29377,17395,17395,1739500,100.0,100.0,0.6233646273612976,0.690953254699707,0.47826990485191345,0.818729043006897,0.883820652961731,0.7328181862831116,0.3912925124168396,0.08506654384174583,0.8839186234266273,17395,2683,17395,0,16.027766599597584,114.26643541897647,mean,geometric_mean,odvg_phrase_grounding,6.0,4.0,2.0,iou,0.25,0.25,2.0,True,False,False,True,True,0.1,0.25,0.05,0.25,128,5,True,True,0.05,10,0.3,10,0.0,0.5,1.0,10,True,5,12,0.0,0.1,3,odvg_appended_phrase,4.0,0.25,20,0.5,0.5,1.0,1.5,True,False
epoch,1784922804.9375043,111,621.4900035220198,3.841450346449754e-06,3.841450346449754e-06,1.3169098707408155e-06,1.3169098707408147e-07,2.5245404757089383e-06,0.9846805930137634,12286,0.7804127931594849,1.033060073852539,0.20426727831363678,0.002797571709379554,0.16218918561935425,0.03778709098696709,0.009427071548998356,0.06285204738378525,0.03142547607421875,0.02356901951134205,0.06285204738378525,0.009427071548998356,,,,,,,,,,,,,,,,,,,0.3283122181892395,0.1581546515226364,0.06859889782705196,0.6470367974946387,19008,258081,29377,277089,0.5,0.1855873642645607,0.47196786601763285,0.6068012390645743,0.5,0.23681791877999797,0.518909350852708,0.6007420771351738,0.5,0.2381114477312183,0.5221091329952003,0.6106137454471184,0.2381114477312183,0.5221091329952003,0.6106137454471184,29377,17395,17395,1739500,100.0,100.0,0.6224191188812256,0.6893137693405151,0.4774012565612793,0.8183190226554871,0.883820652961731,0.7309800386428833,0.3874119222164154,0.08394324114824459,0.8851634289438447,17395,2683,17395,0,15.929232538085657,101.54734101006761,mean,geometric_mean,odvg_phrase_grounding,6.0,4.0,2.0,iou,0.25,0.25,2.0,True,False,False,True,True,0.1,0.25,0.05,0.25,128,5,True,True,0.05,10,0.3,10,0.0,0.5,1.0,10,True,5,12,0.0,0.1,3,odvg_appended_phrase,4.0,0.25,20,0.5,0.5,1.0,1.5,True,False
epoch,1784923430.851022,112,618.5882943209726,3.6448026123760504e-06,3.6448026123760504e-06,1.2428477371286398e-06,1.2428477371286415e-07,2.4019548752474072e-06,0.9682956337928772,12286,0.7791217565536499,1.0319411754608154,0.1891743242740631,0.002805845346301794,0.16201253235340118,0.03752564266324043,0.009440730325877666,0.06293363869190216,0.03139081224799156,0.0235424917191267,0.06293363869190216,0.009440730325877666,,,,,,,,,,,,,,,,,,,0.3290261924266815,0.1581989973783493,0.06892687738435428,0.6470027572590802,19007,256749,29377,275756,0.5,0.18575756544235286,0.47329543520441164,0.6068352793001327,0.5,0.23824760867345202,0.5209517649862137,0.6014228818463424,0.5,0.23909861456241277,0.5231643802975117,0.6104095040337679,0.23909861456241277,0.5231643802975117,0.6104095040337679,29377,17395,17395,1739500,100.0,100.0,0.6227577328681946,0.6908742785453796,0.47767871618270874,0.8191058039665222,0.8816761374473572,0.7307417392730713,0.3891139328479767,0.0837389820139911,0.8854055030477757,17395,2683,17395,0,15.852601322219028,96.58132478012703,mean,geometric_mean,odvg_phrase_grounding,6.0,4.0,2.0,iou,0.25,0.25,2.0,True,False,False,True,True,0.1,0.25,0.05,0.25,128,5,True,True,0.05,10,0.3,10,0.0,0.5,1.0,10,True,5,12,0.0,0.1,3,odvg_appended_phrase,4.0,0.25,20,0.5,0.5,1.0,1.5,True,False
epoch,1784924054.6382132,113,615.958101053955,3.4740989396825247e-06,3.4740989396825247e-06,1.178556743516792e-06,1.1785567435167887e-07,2.2955421961657225e-06,0.9538294672966003,12286,0.7782461047172546,1.0314302444458008,0.17558321356773376,0.002788685029372573,0.16135846078395844,0.03827522322535515,0.009505313821136951,0.06336682289838791,0.03158855810761452,0.02369341254234314,0.06336682289838791,0.009505313821136951,,,,,,,,,,,,,,,,,,,0.3286791443824768,0.1584472954273224,0.06856337722863491,0.6460155904278858,18978,257817,29377,276795,0.5,0.1855533240290023,0.4721040269598666,0.6050992272866528,0.5,0.23780508561119243,0.5194199543860843,0.6005378357218232,0.5,0.2386901317357116,0.5218368111107329,0.6082649691935869,0.2386901317357116,0.5218368111107329,0.6082649691935869,29377,17395,17395,1739500,100.0,100.0,0.6231176853179932,0.690613865852356,0.4774201810359955,0.8192710280418396,0.8827994465827942,0.731388509273529,0.38945433497428894,0.08537291884564324,0.8832728190788202,17395,2683,17395,0,15.912331129634953,102.07473344099708,mean,geometric_mean,odvg_phrase_grounding,6.0,4.0,2.0,iou,0.25,0.25,2.0,True,False,False,True,True,0.1,0.25,0.05,0.25,128,5,True,True,0.05,10,0.3,10,0.0,0.5,1.0,10,True,5,12,0.0,0.1,3,odvg_appended_phrase,4.0,0.25,20,0.5,0.5,1.0,1.5,True,False
epoch,1784924682.2905748,114,620.4846679200418,3.329456320139601e-06,3.329456320139601e-06,1.1240809517408836e-06,1.1240809517408836e-07,2.2053753683987074e-06,0.94136643409729,12286,0.7779372930526733,1.030401587486267,0.16342873871326447,0.002790190977975726,0.16142688691616058,0.0380416065454483,0.00954934861510992,0.06366387009620667,0.03153399005532265,0.023649806156754494,0.06366387009620667,0.00954934861510992,,,,,,,,,,,,,,,,,,,0.32905423641204834,0.15873678028583527,0.06871955588688723,0.6463900330190285,18989,257337,29377,276326,0.5,0.18507676073118426,0.47152534295537324,0.6061544745889642,0.5,0.23736256254893284,0.5198965176839023,0.6012867209041086,0.5,0.23841780985124417,0.5220410525240835,0.6094223372025734,0.23841780985124417,0.5220410525240835,0.6094223372025734,29377,17395,17395,1739500,100.0,100.0,0.6234622001647949,0.6908140182495117,0.4783838391304016,0.8191395401954651,0.883684515953064,0.7323076128959656,0.3889096975326538,0.08591757987693704,0.8826755609747527,17395,2683,17395,0,15.88536935901121,102.64366244198754,mean,geometric_mean,odvg_phrase_grounding,6.0,4.0,2.0,iou,0.25,0.25,2.0,True,False,False,True,True,0.1,0.25,0.05,0.25,128,5,True,True,0.05,10,0.3,10,0.0,0.5,1.0,10,True,5,12,0.0,0.1,3,odvg_appended_phrase,4.0,0.25,20,0.5,0.5,1.0,1.5,True,False
epoch,1784925331.3733654,115,641.7802099550609,3.2109738845736437e-06,3.2109738845736437e-06,1.0794576967874775e-06,1.0794576967874758e-07,2.1315161877861696e-06,0.9318667650222778,12286,0.7784969806671143,1.0323729515075684,0.1533694565296173,0.0027947176713496447,0.16195982694625854,0.03736530616879463,0.009500619024038315,0.06333530694246292,0.03137516975402832,0.023530175909399986,0.06333530694246292,0.009500619024038315,2.495206117630005,0.015436372719705105,0.4971277713775635,0.16763365268707275,0.053516339510679245,0.04013659432530403,,,0.16512687504291534,0.024769647046923637,0.0,0.0,0,0.45,True,True,1.0,1.5,1.0,1.5,0.32912638783454895,0.15874776244163513,0.06925138076229015,0.6466283146679375,18996,255309,29377,274305,0.5,0.18562140450011913,0.4717295843687238,0.6070054804779249,0.5,0.23702216019334854,0.5200667188616945,0.6014228818463424,0.5,0.23916669503352964,0.5225856962930183,0.6102733430915342,0.23916669503352964,0.5225856962930183,0.6102733430915342,29377,17395,17395,1739500,100.0,100.0,0.6234444975852966,0.6894928216934204,0.4773652255535126,0.8192594051361084,0.883310079574585,0.7315586805343628,0.38976070284843445,0.08493036586642533,0.8839049168217259,17395,2683,17395,0,15.76918654785858,119.22198028489947,mean,geometric_mean,odvg_phrase_grounding,6.0,4.0,2.0,iou,0.25,0.25,2.0,True,False,False,True,True,0.1,0.25,0.05,0.25,128,5,True,True,0.05,10,0.3,10,0.0,0.5,1.0,10,True,5,12,0.0,0.1,3,odvg_appended_phrase,4.0,0.25,20,0.5,0.5,1.0,1.5,True,False
epoch,1784925961.5610795,116,622.8890538318083,3.118732834927676e-06,3.118732834927676e-06,1.0447175612065278e-06,1.0447175612065227e-07,2.074015273721145e-06,0.9211001992225647,12286,0.7767292857170105,1.0297889709472656,0.14437159895896912,0.0027949828654527664,0.16157451272010803,0.03735584393143654,0.009388924576342106,0.06259303539991379,0.03132687509059906,0.02349679172039032,0.06259303539991379,0.009388924576342106,,,,,,,,,,,,,,,,,,,0.3293761610984802,0.15866106748580933,0.06956582253444778,0.6465261939612622,18993,254029,29377,273022,0.5,0.18562140450011913,0.47261463049324304,0.6069033597712497,0.5,0.23899649385573749,0.5194880348572012,0.6011165197263165,0.5,0.23940497668243865,0.5223814548796678,0.6098308200292746,0.23940497668243865,0.5223814548796678,0.6098308200292746,29377,17395,17395,1739500,100.0,100.0,0.6228469014167786,0.6901153922080994,0.4775850176811218,0.818679690361023,0.8837185502052307,0.7307077050209045,0.3889777660369873,0.08418151105964233,0.8847945485161758,17395,2683,17395,0,15.695429721184249,104.30818066885695,mean,geometric_mean,odvg_phrase_grounding,6.0,4.0,2.0,iou,0.25,0.25,2.0,True,False,False,True,True,0.1,0.25,0.05,0.25,128,5,True,True,0.05,10,0.3,10,0.0,0.5,1.0,10,True,5,12,0.0,0.1,3,odvg_appended_phrase,4.0,0.25,20,0.5,0.5,1.0,1.5,True,False
epoch,1784926583.1117148,117,614.2111463919282,3.052796388609583e-06,3.052796388609583e-06,1.0198843541516578e-06,1.019884354151657e-07,2.032912034457915e-06,0.9132367968559265,12286,0.7756729125976562,1.0296834707260132,0.1375647336244583,0.0027920773718506098,0.16131733357906342,0.037244148552417755,0.009454471990466118,0.06302325427532196,0.03140142560005188,0.023551514372229576,0.06302325427532196,0.009454471990466118,,,,,,,,,,,,,,,,,,,0.32867372035980225,0.15844783186912537,0.06952400848846031,0.6457092283078599,18969,253872,29377,272841,0.5,0.18528100214453483,0.47288695237771045,0.6077203254246519,0.5,0.23794124655342616,0.5190455117949416,0.6002995540729141,0.5,0.23804336726010145,0.5228580181774858,0.6107839466249106,0.23804336726010145,0.5228580181774858,0.6107839466249106,29377,17395,17395,1739500,100.0,100.0,0.6230257749557495,0.6893779039382935,0.47648653388023376,0.8199205994606018,0.883922815322876,0.731150209903717,0.3886713981628418,0.08544098159585711,0.8831416849253061,17395,2683,17395,0,15.685024432308134,96.44654119201005,mean,geometric_mean,odvg_phrase_grounding,6.0,4.0,2.0,iou,0.25,0.25,2.0,True,False,False,True,True,0.1,0.25,0.05,0.25,128,5,True,True,0.05,10,0.3,10,0.0,0.5,1.0,10,True,5,12,0.0,0.1,3,odvg_appended_phrase,4.0,0.25,20,0.5,0.5,1.0,1.5,True,False
epoch,1784927208.0337512,118,617.8588289639447,3.0132097351660494e-06,3.0132097351660494e-06,1.0049750950625344e-06,1.0049750950625327e-07,2.0082346401035082e-06,0.909354567527771,12286,0.7764729261398315,1.0313801765441895,0.13288111984729767,0.0027803475968539715,0.16144607961177826,0.037454571574926376,0.00945199839770794,0.06301850825548172,0.03136114776134491,0.023519758135080338,0.06301850825548172,0.00945199839770794,,,,,,,,,,,,,,,,,,,0.3291495144367218,0.15884728729724884,0.0696044617303882,0.6457432685434183,18970,253570,29377,272540,0.5,0.18541716308676856,0.4720019062531913,0.6067331585934574,0.5,0.23824760867345202,0.5207134833373047,0.601388841610784,0.5,0.23886033291350375,0.522245293937434,0.6102393028559757,0.23886033291350375,0.522245293937434,0.6102393028559757,29377,17395,17395,1739500,100.0,100.0,0.6231001019477844,0.690424382686615,0.47600066661834717,0.8191048502922058,0.8836164474487305,0.730639636516571,0.3887394964694977,0.0848963679731527,0.8838054168838851,17395,2683,17395,0,15.667720609370509,97.41889736615121,mean,geometric_mean,odvg_phrase_grounding,6.0,4.0,2.0,iou,0.25,0.25,2.0,True,False,False,True,True,0.1,0.25,0.05,0.25,128,5,True,True,0.05,10,0.3,10,0.0,0.5,1.0,10,True,5,12,0.0,0.1,3,odvg_appended_phrase,4.0,0.25,20,0.5,0.5,1.0,1.5,True,False
epoch,1784927820.0382826,119,604.9518576979171,3.0000000053119724e-06,3.0000000053119724e-06,1.000000002000611e-06,1.0000000020006102e-07,2.000000003311358e-06,0.9045296311378479,12286,0.7751162052154541,1.0273988246917725,0.12941324710845947,0.0027927567716687918,0.16134092211723328,0.0370907336473465,0.009396594949066639,0.0626453086733818,0.031210342422127724,0.023407679051160812,0.0626453086733818,0.009396594949066639,,,,,,,,,,,,,,,,,,,0.3293423652648926,0.15838369727134705,0.07019386524848924,0.6460836708990026,18980,251414,29377,270394,0.5,0.18572352520679444,0.47196786601763285,0.605745991762263,0.5,0.2384518500868026,0.5193859141505259,0.601320761139667,0.5,0.23892841338462062,0.5221091329952003,0.6100691016781836,0.23892841338462062,0.5221091329952003,0.6100691016781836,29377,17395,17395,1739500,100.0,100.0,0.6226337552070618,0.6893137693405151,0.47743359208106995,0.8191048502922058,0.8837185502052307,0.730911910533905,0.387275755405426,0.08482823963490238,0.8839419109028632,17395,2683,17395,0,15.544351825237138,97.43491713982075,mean,geometric_mean,odvg_phrase_grounding,6.0,4.0,2.0,iou,0.25,0.25,2.0,True,False,False,True,True,0.1,0.25,0.05,0.25,128,5,True,True,0.05,10,0.3,10,0.0,0.5,1.0,10,True,5,12,0.0,0.1,3,odvg_appended_phrase,4.0,0.25,20,0.5,0.5,1.0,1.5,True,False
epoch,1784928450.851601,120,622.9262184749823,3e-06,3e-06,1e-06,1e-07,2e-06,0.9053094983100891,12286,0.776705265045166,1.0288347005844116,0.12860433757305145,0.0027875646483153105,0.161810502409935,0.03696517273783684,0.0094174575060606,0.0627814307808876,0.031197212636470795,0.023397881537675858,0.0627814307808876,0.0094174575060606,2.5187973976135254,0.01563168689608574,0.5002822875976562,0.1725360006093979,0.053647417575120926,0.04023086652159691,,,0.16614358127117157,0.024922233074903488,0.0,0.0,0,0.45,True,True,1.0,1.5,1.0,1.5,0.32842370867729187,0.15806737542152405,0.06995761489470297,0.6438710555877046,18915,251463,29377,270378,0.5,0.1852469619089764,0.47288695237771045,0.6045886237532764,0.5,0.23794124655342616,0.5189433910882664,0.6004016747795895,0.5,0.23862205126459476,0.5226197365285767,0.6088776934336385,0.23862205126459476,0.5226197365285767,0.6088776934336385,29377,17395,17395,1739500,100.0,100.0,0.6222761869430542,0.6883935928344727,0.47727787494659424,0.8188043236732483,0.8831058144569397,0.7293801307678223,0.38713958859443665,0.08550907518011763,0.8827647318962448,17395,2683,17395,0,15.543432020695603,113.34949469612911,mean,geometric_mean,odvg_phrase_grounding,6.0,4.0,2.0,iou,0.25,0.25,2.0,True,False,False,True,True,0.1,0.25,0.05,0.25,128,5,True,True,0.05,10,0.3,10,0.0,0.5,1.0,10,True,5,12,0.0,0.1,3,odvg_appended_phrase,4.0,0.25,20,0.5,0.5,1.0,1.5,True,False
