type,time,epoch,epoch_time,lr,lr_head,lr_vision,lr_text,lr_transformer,train_loss,train_odvg_negative_phrases,train_loss_main,train_loss_aux,train_loss_aux_contrib,train_loss_bbox,train_loss_giou,train_loss_score,train_loss_rank,train_loss_rank_raw,train_loss_text_alignment,train_loss_text_alignment_contrib,train_loss_text_alignment_rank,train_loss_text_alignment_rank_contrib,val_loss,val_loss_bbox,val_loss_giou,val_loss_score,val_loss_text_alignment,val_loss_text_alignment_contrib,val_loss_text_alignment_rank,val_loss_text_alignment_rank_contrib,val_loss_rank_raw,val_loss_rank,val_loss_text_negative,val_loss_text_negative_contrib,val_text_negative_queries,val_score_negative_iou_ignore_thr,val_duplicate_suppression_enabled,val_hard_negative_mining_enabled,val_matcher_score_alpha,val_matcher_cost_score_effective,map50,map50_95,precision,recall,tp,fp,num_gt,num_pred,quality_recall_iou,quality_recall50_at_1,quality_recall50_at_5,quality_recall50_at_10,text_recall_iou,text_recall50_at_1,text_recall50_at_5,text_recall50_at_10,final_recall_iou,final_recall50_at_1,final_recall50_at_5,final_recall50_at_10,recall50_at_1,recall50_at_5,recall50_at_10,raw_oracle_num_gt,raw_oracle_num_samples,raw_oracle_positive_samples,raw_oracle_num_pred,raw_oracle_avg_pred_per_sample,raw_oracle_avg_pred_per_positive_sample,raw_best_iou_mean,raw_best_iou_median,raw_best_iou_p25,raw_best_iou_p75,raw_oracle_recall25,raw_oracle_recall50,raw_oracle_recall75,raw_oracle_gap50,raw_oracle_retention50,valid_samples,valid_images,odvg_phrase_rows,skipped_empty_gt,avg_selected_per_sample,eval_loop_time,phrase_token_reduction,phrase_score_fusion,evaluation_mode,lambda_bbox,lambda_giou,lambda_score,classification_type,ia_bce_alpha,classification_focal_alpha,classification_focal_gamma,normalize_classification_by_num_gt,dense_score_assignment_enabled,pairwise_ranking_enabled,duplicate_suppression_enabled,duplicate_suppression_active,duplicate_loss_weight,duplicate_margin,duplicate_background_weight,duplicate_classification_weight,duplicate_max_pairs,duplicate_start_epoch,hard_negative_mining_enabled,hard_negative_mining_active,hard_negative_loss_weight,hard_negative_topk,hard_negative_max_iou,hard_negative_start_epoch,lambda_rank_max,lambda_aux,pos_weight,quality_warmup_epoch,aux_score_enabled,matcher_score_start_epoch,matcher_score_warmup_epoch,matcher_score_alpha_min,negative_sample_ratio,negative_phrase_max_per_image,negative_sampling_mode,max_query_loss_weight,lambda_text_negative,text_negative_topk,text_negative_hard_mix,score_negative_iou_ignore_thr,matcher_score_alpha,matcher_cost_score_effective,negative_text_as_empty_target,use_negative_queries_in_val
epoch,1785285068.539906,1,791.8602215750143,5.252786412680962e-05,5.252786412680962e-05,5.252786412680962e-05,5.252786412680962e-06,5.252786412680962e-05,2.7464303970336914,12286,2.382316827774048,2.80886173248291,0.3641117513179779,0.0669126808643341,0.8890032172203064,0.2518967092037201,0.009570416994392872,0.36807483434677124,0.07963120192289352,0.008282210677862167,0.36807483434677124,0.009570416994392872,,,,,,,,,,,,,,,,,,,8.466278814012185e-05,1.4072112207941245e-05,0.0026731819488358725,0.031657419069339957,930,346970,29377,347900,0.5,0.0018722129557136535,0.008714300302958097,0.014807502467917079,0.5,0.004867753684855499,0.01650951424583858,0.029172481873574563,0.5,0.0015998910712462131,0.009735507369710999,0.019334853797188276,0.0015998910712462131,0.009735507369710999,0.019334853797188276,29377,17395,17395,1739500,100.0,100.0,0.21461834013462067,0.10821712762117386,0.03890691325068474,0.3690320551395416,0.32678624987602234,0.15726588666439056,0.0219219122081995,0.12560846759505062,0.2012987033665966,17395,2683,17395,0,20.0,186.14799038111232,mean,geometric_mean,odvg_phrase_grounding,5.0,2.0,1.0,iou,0.25,0.25,2.0,True,False,False,True,False,0.1,0.25,0.05,0.25,128,5,True,False,0.05,10,0.3,10,0.0,0.5,1.0,10,True,5,12,0.0,0.1,3,odvg_appended_phrase,4.0,0.25,20,0.5,0.5,0.0,0.0,True,False
epoch,1785285570.0734591,2,497.369213151047,9.997657153022218e-05,9.997657153022218e-05,9.997657153022218e-05,9.997657153022218e-06,9.997657153022218e-05,2.8835344314575195,12286,2.006403923034668,2.3682491779327393,0.8771287798881531,0.03925130143761635,0.7834886908531189,0.20093239843845367,0.016225745901465416,0.18436892330646515,0.06936738640069962,0.024417702108621597,0.18436892330646515,0.016225745901465416,,,,,,,,,,,,,,,,,,,0.0008701503393240273,0.0001564556878292933,0.006841046277665996,0.08101576062906356,2380,345520,29377,347900,0.5,0.011267317969840351,0.0257003778466147,0.047179766483984066,0.5,0.013786295401164175,0.03257650542941757,0.055519624195799436,0.5,0.010926915614256051,0.025496136433264118,0.043299179630323044,0.010926915614256051,0.025496136433264118,0.043299179630323044,29377,17395,17395,1739500,100.0,100.0,0.3072359561920166,0.27587345242500305,0.07900700718164444,0.49281659722328186,0.5277257561683655,0.24063041806221008,0.043503422290086746,0.1596146574331465,0.33668129441606415,17395,2683,17395,0,20.0,91.83164980495349,mean,geometric_mean,odvg_phrase_grounding,4.99560346786577,2.0,1.0087930642684606,iou,0.25,0.25,2.0,True,False,False,True,False,0.1,0.25,0.05,0.25,128,5,True,False,0.05,10,0.3,10,0.0,0.5,1.0,10,True,5,12,0.0,0.1,3,odvg_appended_phrase,4.0,0.25,20,0.5,0.5,0.0,0.0,True,False
epoch,1785286089.4764397,3,504.92623393796384,9.995834764548755e-05,9.995834764548755e-05,9.995834764548755e-05,9.995834764548755e-06,9.995834764548755e-05,2.9619522094726562,12286,1.870943307876587,2.1820104122161865,1.0910052061080933,0.03282659128308296,0.7289209365844727,0.17212608456611633,0.026825493201613426,0.16557690501213074,0.06876477599143982,0.044557057321071625,0.16557690501213074,0.026825493201613426,,,,,,,,,,,,,,,,,,,0.014100257307291031,0.005982100032269955,0.01494969818913481,0.17704326513939475,5201,342699,29377,347900,0.5,0.04626068012390646,0.07196105797052116,0.11114136909827416,0.5,0.038465466181025976,0.07962011097116792,0.11093712768492359,0.5,0.045307553528270414,0.07611396670864963,0.11461347312523402,0.045307553528270414,0.07611396670864963,0.11461347312523402,29377,17395,17395,1739500,100.0,100.0,0.3534389138221741,0.34304097294807434,0.10057172924280167,0.5574875473976135,0.5873302221298218,0.3182421624660492,0.08074343949556351,0.14119889732665444,0.5563161831464809,17395,2683,17395,0,20.0,97.98875896004029,mean,geometric_mean,odvg_phrase_grounding,4.982465416782565,2.0,1.03506916643487,iou,0.25,0.25,2.0,True,False,False,True,False,0.1,0.25,0.05,0.25,128,5,True,False,0.05,10,0.3,10,0.0,0.5,1.0,10,True,5,12,0.0,0.1,3,odvg_appended_phrase,4.0,0.25,20,0.5,0.5,0.0,0.0,True,False
epoch,1785286611.013282,4,508.09608282893896,9.993491941812663e-05,9.993491941812663e-05,9.993491941812663e-05,9.993491941812663e-06,9.993491941812663e-05,2.819580316543579,12286,1.7980693578720093,2.043022871017456,1.021511435508728,0.029977519065141678,0.7002185583114624,0.1411667764186859,0.035874418914318085,0.16022193431854248,0.06783809512853622,0.060795195400714874,0.16022193431854248,0.035874418914318085,,,,,,,,,,,,,,,,,,,0.0198225025087595,0.009364183060824871,0.0189738430583501,0.22469959492119684,6601,341299,29377,347900,0.5,0.05739183715151309,0.09473397555911087,0.1425605065187051,0.5,0.04769037001736052,0.09813799911495387,0.14303706981652314,0.5,0.056949314089253494,0.09687851039929196,0.14603261054566496,0.056949314089253494,0.09687851039929196,0.14603261054566496,29377,17395,17395,1739500,100.0,100.0,0.3768134117126465,0.38050970435142517,0.11700980365276337,0.5916992425918579,0.6085713505744934,0.3641284108161926,0.09504033625125885,0.13942881589499578,0.6170888847083738,17395,2683,17395,0,20.0,96.2758292988874,mean,geometric_mean,odvg_phrase_grounding,4.960739878387102,2.0,1.0785202432257963,iou,0.25,0.25,2.0,True,False,False,True,False,0.1,0.25,0.05,0.25,128,5,True,False,0.05,10,0.3,10,0.0,0.5,1.0,10,True,5,12,0.0,0.1,3,odvg_appended_phrase,4.0,0.25,20,0.5,0.5,0.0,0.0,True,False
epoch,1785287146.3887064,5,521.9492270669434,9.990628941730855e-05,9.990628941730855e-05,9.990628941730855e-05,9.990628941730855e-06,9.990628941730855e-05,2.734626293182373,12286,1.75250244140625,1.9642512798309326,0.9821256399154663,0.028670331463217735,0.687860369682312,0.11315371841192245,0.03944001719355583,0.15776006877422333,0.06607365608215332,0.06607365608215332,0.15776006877422333,0.03944001719355583,1.6826223134994507,0.025763047859072685,0.642712414264679,0.12997114658355713,0.08260153234004974,0.08260153234004974,,,0.153625950217247,0.03840648755431175,0.0,0.0,0,0.5494415413112564,True,True,0.0,0.0,1.0,2.0,0.02024262398481369,0.009951953776180744,0.021006036217303823,0.24876604146100692,7308,340592,29377,347900,0.5,0.07332266739285836,0.1255744289750485,0.17299247710794158,0.5,0.05579194608026688,0.11556659972087006,0.16196344078701025,0.5,0.07519488034857201,0.12686795792626884,0.17489873029921368,0.07519488034857201,0.12686795792626884,0.17489873029921368,29377,17395,17395,1739500,100.0,100.0,0.3894496560096741,0.3934451639652252,0.13284744322299957,0.6051881313323975,0.6293018460273743,0.377165824174881,0.10610341280698776,0.12839978271387406,0.659566762193335,17395,2683,17395,0,20.0,109.02628420200199,mean,geometric_mean,odvg_phrase_grounding,4.930681564753217,2.0,1.1386368704935645,iou,0.25,0.25,2.0,True,False,False,True,True,0.1,0.25,0.05,0.25,128,5,True,False,0.05,10,0.3,10,0.0,0.5,1.0,10,True,5,12,0.0,0.1,3,odvg_appended_phrase,4.0,0.25,20,0.5,0.5,0.0,0.0,True,False
epoch,1785287670.542861,6,509.61641610600054,9.987246078263554e-05,9.987246078263554e-05,9.987246078263554e-05,9.987246078263555e-06,9.987246078263554e-05,2.66296648979187,12286,1.711839199066162,1.902259111404419,0.9511295557022095,0.027546389028429985,0.6762049198150635,0.09546474367380142,0.039094410836696625,0.1563776433467865,0.06613484025001526,0.06613484025001526,0.1563776433467865,0.039094410836696625,,,,,,,,,,,,,,,,,,,0.019284477457404137,0.01003644522279501,0.020416786432883013,0.24178779317152874,7103,340797,29377,347900,0.5,0.07036116689927495,0.12829764781972292,0.18289818565544474,0.5,0.054872859720189265,0.1127753004050788,0.1529768185995847,0.5,0.07039520713483337,0.12928481465091737,0.18385131225108078,0.07039520713483337,0.12928481465091737,0.18385131225108078,29377,17395,17395,1739500,100.0,100.0,0.39209794998168945,0.3978235423564911,0.14190036058425903,0.601297914981842,0.6354290843009949,0.3731490671634674,0.1065799742937088,0.13136127399193867,0.6479656910561362,17395,2683,17395,0,20.0,96.16610273392871,mean,geometric_mean,odvg_phrase_grounding,4.892642882125692,2.0,1.214714235748616,iou,0.25,0.25,2.0,True,False,False,True,True,0.1,0.25,0.05,0.25,128,5,True,False,0.05,10,0.3,10,0.0,0.5,1.0,10,True,5,12,0.0,0.1,3,odvg_appended_phrase,4.0,0.25,20,0.5,0.5,0.019675925925925927,0.03935185185185185,True,False
epoch,1785288186.4022994,7,508.0523430579342,9.98334372237986e-05,9.98334372237986e-05,9.98334372237986e-05,9.983343722379861e-06,9.98334372237986e-05,2.599058151245117,12286,1.6694997549057007,1.8591176271438599,0.9295588135719299,0.026205653324723244,0.6602666974067688,0.08419988304376602,0.03883524239063263,0.15534096956253052,0.06681598722934723,0.06681598722934723,0.15534096956253052,0.03883524239063263,,,,,,,,,,,,,,,,,,,0.026078855618834496,0.014337373897433281,0.021977579764300086,0.26027164107975626,7646,340254,29377,347900,0.5,0.07791809919324642,0.1415392994519522,0.19110188242502638,0.5,0.05912788916499302,0.12026415222793342,0.16917997072539742,0.5,0.07798617966436328,0.14375191476325017,0.19314429655853219,0.07798617966436328,0.14375191476325017,0.19314429655853219,29377,17395,17395,1739500,100.0,100.0,0.40518659353256226,0.4169023633003235,0.15012095868587494,0.6174935698509216,0.6515300869941711,0.4027981162071228,0.11903870105743408,0.14252647512736655,0.646159032546026,17395,2683,17395,0,20.0,92.65506365220062,mean,geometric_mean,odvg_phrase_grounding,4.847069799279232,2.0,1.3058604014415343,iou,0.25,0.25,2.0,True,False,False,True,True,0.1,0.25,0.05,0.25,128,5,True,False,0.05,10,0.3,10,0.0,0.5,1.0,10,True,5,12,0.0,0.1,3,odvg_appended_phrase,4.0,0.25,20,0.5,0.5,0.07407407407407407,0.14814814814814814,True,False
epoch,1785288710.7532914,8,509.11167093506083,9.978922302017073e-05,9.978922302017073e-05,9.978922302017073e-05,9.978922302017074e-06,9.978922302017073e-05,2.5529136657714844,12286,1.6433899402618408,1.8190486431121826,0.9095243215560913,0.02507362700998783,0.6532768607139587,0.07221408188343048,0.038641758263111115,0.15456703305244446,0.06756343692541122,0.06756343692541122,0.15456703305244446,0.038641758263111115,,,,,,,,,,,,,,,,,,,0.026775656268000603,0.013893934898078442,0.023020983041103765,0.27262824658746637,8009,339891,29377,347900,0.5,0.08210504816693331,0.14814310515028764,0.19188480784287026,0.5,0.060353337645096504,0.12196616400585492,0.17149470674337067,0.5,0.0822071688736086,0.14930047315927425,0.19294005514518162,0.0822071688736086,0.14930047315927425,0.19294005514518162,29377,17395,17395,1739500,100.0,100.0,0.4108923375606537,0.42990291118621826,0.1572570949792862,0.6263912916183472,0.6620485186576843,0.41396331787109375,0.11607719957828522,0.14133507128362738,0.6585806877515692,17395,2683,17395,0,20.0,92.36620335094631,mean,geometric_mean,odvg_phrase_grounding,4.794496618942349,2.0,1.4110067621153037,iou,0.25,0.25,2.0,True,False,False,True,True,0.1,0.25,0.05,0.25,128,5,True,False,0.05,10,0.3,10,0.0,0.5,1.0,10,True,5,12,0.0,0.1,3,odvg_appended_phrase,4.0,0.25,20,0.5,0.5,0.15625,0.3125,True,False
epoch,1785289230.1737914,9,505.55020926799625,9.973982302033758e-05,9.973982302033758e-05,9.973982302033758e-05,9.973982302033759e-06,9.973982302033758e-05,2.5240793228149414,12286,1.6273369789123535,1.7934808731079102,0.8967404365539551,0.02476457692682743,0.6487752199172974,0.06377954035997391,0.03876274451613426,0.15505097806453705,0.06702744215726852,0.06702744215726852,0.15505097806453705,0.03876274451613426,,,,,,,,,,,,,,,,,,,0.03216470032930374,0.018714934587478638,0.023860304685254383,0.28256799537052796,8301,339599,29377,347900,0.5,0.08227524934472547,0.15542771555979168,0.20393505123055453,0.5,0.05620042890696804,0.11798345644551861,0.1667971542363073,0.5,0.08363685876706267,0.15641488239098614,0.20533070088845015,0.08363685876706267,0.15641488239098614,0.20533070088845015,29377,17395,17395,1739500,100.0,100.0,0.4124435484409332,0.42640236020088196,0.1620493084192276,0.6257088780403137,0.6619804501533508,0.414439857006073,0.11954930424690247,0.13187186163554504,0.6818069994807168,17395,2683,17395,0,20.0,92.1857517589815,mean,geometric_mean,odvg_phrase_grounding,4.735539713586371,2.0,1.5289205728272584,iou,0.25,0.25,2.0,True,False,False,True,True,0.1,0.25,0.05,0.25,128,5,True,False,0.05,10,0.3,10,0.0,0.5,1.0,10,True,5,12,0.0,0.1,3,odvg_appended_phrase,4.0,0.25,20,0.5,0.5,0.25925925925925924,0.5185185185185185,True,False
epoch,1785289779.1317134,10,534.449894328136,9.968524264156583e-05,9.968524264156583e-05,9.968524264156583e-05,9.968524264156583e-06,9.968524264156583e-05,2.500265121459961,12286,1.612320899963379,1.7758903503417969,0.8879451751708984,0.024207474663853645,0.6442156434059143,0.05697309970855713,0.0385686419904232,0.1542745679616928,0.06703115999698639,0.06703115999698639,0.1542745679616928,0.0385686419904232,1.5751723051071167,0.022484764456748962,0.6122567057609558,0.06668387353420258,0.08371476083993912,0.08371476083993912,,,0.15124045312404633,0.03781011328101158,0.0,0.0,0,0.5311744900929367,True,True,0.37615740740740744,0.7523148148148149,1.0,2.0,0.03366972506046295,0.02026749774813652,0.024150617993676345,0.2860060591619294,8402,339498,29377,347900,0.5,0.0854750314872179,0.1641760560983082,0.211730265173435,0.5,0.06719542499234095,0.1362290227048371,0.1810600129352895,0.5,0.08727916397181469,0.16557170575620384,0.21159410423120129,0.08727916397181469,0.16557170575620384,0.21159410423120129,29377,17395,17395,1739500,100.0,100.0,0.41884684562683105,0.437681645154953,0.15951542556285858,0.6359805464744568,0.6646355986595154,0.43077918887138367,0.12618716061115265,0.14477312970945427,0.663927289317872,17395,2683,17395,0,20.0,115.86078716511838,mean,geometric_mean,odvg_phrase_grounding,4.670890299021787,2.0,1.6582194019564265,iou,0.25,0.25,2.0,True,False,False,True,True,0.1,0.25,0.05,0.25,128,5,True,True,0.05,10,0.3,10,0.0,0.5,1.0,10,True,5,12,0.0,0.1,3,odvg_appended_phrase,4.0,0.25,20,0.5,0.5,0.37615740740740744,0.7523148148148149,True,False
epoch,1785290301.2838402,11,507.6815016120672,9.962548786920908e-05,9.962548786920908e-05,9.962548786920908e-05,9.962548786920909e-06,9.962548786920908e-05,2.507444143295288,12286,1.6243094205856323,1.7662726640701294,0.8831363320350647,0.024445664137601852,0.6457530856132507,0.05526553839445114,0.03852774575352669,0.15411098301410675,0.06603693962097168,0.06603693962097168,0.15411098301410675,0.03852774575352669,,,,,,,,,,,,,,,,,,,0.036040157079696655,0.021672051399946213,0.02578614544409313,0.3053749531946761,8971,338929,29377,347900,0.5,0.0922830785989039,0.16989481567212444,0.22503999727678115,0.5,0.06927187936140518,0.1443646390033019,0.19106784218946796,0.5,0.09323620519453994,0.17146066650781222,0.22602716410797563,0.09323620519453994,0.17146066650781222,0.22602716410797563,29377,17395,17395,1739500,100.0,100.0,0.4234350621700287,0.44308432936668396,0.1680660992860794,0.6443060636520386,0.6732818484306335,0.4328216016292572,0.13074854016304016,0.1274466484345811,0.7055446217221194,17395,2683,17395,0,20.0,91.68484673206694,mean,geometric_mean,odvg_phrase_grounding,4.601306330524842,2.0,1.7973873389503148,iou,0.25,0.25,2.0,True,False,False,True,True,0.1,0.25,0.05,0.25,128,5,True,True,0.05,10,0.3,10,0.0,0.5,1.0,10,True,5,12,0.0,0.1,3,odvg_appended_phrase,4.0,0.25,20,0.5,0.5,0.5,1.0,True,False
epoch,1785290827.2306845,12,511.99372836202383,9.95605652560515e-05,9.95605652560515e-05,9.95605652560515e-05,9.956056525605149e-06,9.95605652560515e-05,2.5145769119262695,12286,1.6348206996917725,1.759515404701233,0.8797577023506165,0.024408122524619102,0.6478488445281982,0.05339113995432854,0.03859683498740196,0.15438733994960785,0.0647071823477745,0.0647071823477745,0.15438733994960785,0.03859683498740196,,,,,,,,,,,,,,,,,,,0.03619641810655594,0.021005257964134216,0.025901121011784996,0.3067365626170133,9011,338889,29377,347900,0.5,0.09252136024781292,0.17163086768560437,0.22296354290771692,0.5,0.06961228171698948,0.1441263573543929,0.1906593593627668,0.5,0.09429145249685128,0.1732307587568506,0.2236103073833271,0.09429145249685128,0.1732307587568506,0.2236103073833271,29377,17395,17395,1739500,100.0,100.0,0.41514313220977783,0.42734500765800476,0.16365225613117218,0.6287820339202881,0.6649419665336609,0.4142015874385834,0.1261531114578247,0.10746502482157005,0.7405489788531903,17395,2683,17395,0,20.0,94.00160041381605,mean,geometric_mean,odvg_phrase_grounding,4.527603616504936,2.0,1.9447927669901282,iou,0.25,0.25,2.0,True,False,False,True,True,0.1,0.25,0.05,0.25,128,5,True,True,0.05,10,0.3,10,0.0,0.5,1.0,10,True,5,12,0.0,0.1,3,odvg_appended_phrase,4.0,0.25,20,0.5,0.5,0.6238425925925927,1.2476851851851853,True,False
epoch,1785291358.235212,13,517.9314403519966,9.949048192158921e-05,9.949048192158921e-05,9.949048192158921e-05,9.949048192158921e-06,9.949048192158921e-05,2.4999475479125977,12286,1.6292047500610352,1.7414835691452026,0.8707417845726013,0.023937024176120758,0.640605092048645,0.05336812138557434,0.038577936589717865,0.15431174635887146,0.06411789357662201,0.06411789357662201,0.15431174635887146,0.038577936589717865,,,,,,,,,,,,,,,,,,,0.042682208120822906,0.02424057014286518,0.027740730094854844,0.32852231337440857,9651,338249,29377,347900,0.5,0.0956871021547469,0.17598801783708343,0.24120910916703545,0.5,0.07424175375293597,0.15678932498212889,0.2071007931374885,0.5,0.09772951628825272,0.1777581100861218,0.24236647717602205,0.09772951628825272,0.1777581100861218,0.24236647717602205,29377,17395,17395,1739500,100.0,100.0,0.4242413341999054,0.44510653614997864,0.1669739931821823,0.6471483707427979,0.67025226354599,0.4378935992717743,0.13425469398498535,0.10937128589736572,0.7502331934532673,17395,2683,17395,0,20.0,100.00138152809814,mean,geometric_mean,odvg_phrase_grounding,4.450646253896916,2.0,2.0987074922061684,iou,0.25,0.25,2.0,True,False,False,True,True,0.1,0.25,0.05,0.25,128,5,True,True,0.05,10,0.3,10,0.0,0.5,1.0,10,True,5,12,0.0,0.1,3,odvg_appended_phrase,4.0,0.25,20,0.5,0.5,0.7407407407407407,1.4814814814814814,True,False
epoch,1785291884.3771586,14,511.569239531178,9.941524555124963e-05,9.941524555124963e-05,9.941524555124963e-05,9.941524555124963e-06,9.941524555124963e-05,2.5044708251953125,12286,1.634684681892395,1.7395751476287842,0.8697875738143921,0.024508237838745117,0.6403243541717529,0.052200160920619965,0.03831535950303078,0.1532614380121231,0.06297867745161057,0.06297867745161057,0.1532614380121231,0.03831535950303078,,,,,,,,,,,,,,,,,,,0.04962068423628807,0.028066014871001244,0.02835297499281403,0.33577288354835416,9864,338036,29377,347900,0.5,0.10058889607516085,0.19198692854954555,0.25887599142186063,0.5,0.07117813255267727,0.16015930830241346,0.21179834564455186,0.5,0.10290363209313408,0.1927017734962726,0.2607482043775743,0.10290363209313408,0.1927017734962726,0.2607482043775743,29377,17395,17395,1739500,100.0,100.0,0.42448851466178894,0.44580787420272827,0.16009536385536194,0.650323748588562,0.6664056777954102,0.4378255009651184,0.13993941247463226,0.10205261741676425,0.7669102937316234,17395,2683,17395,0,20.0,94.86392142996192,mean,geometric_mean,odvg_phrase_grounding,4.371336497414574,2.0,2.2573270051708527,iou,0.25,0.25,2.0,True,False,False,True,True,0.1,0.25,0.05,0.25,128,5,True,True,0.05,10,0.3,10,0.0,0.5,1.0,10,True,5,12,0.0,0.1,3,odvg_appended_phrase,4.0,0.25,20,0.5,0.5,0.84375,1.6875,True,False
epoch,1785292430.176535,15,532.3939438029192,9.933486439554858e-05,9.933486439554858e-05,9.933486439554858e-05,9.933486439554859e-06,9.933486439554858e-05,2.50321364402771,12286,1.6369179487228394,1.7325931787490845,0.8662965893745422,0.024681368842720985,0.6415650248527527,0.05012182891368866,0.03773103281855583,0.15092413127422333,0.06139873340725899,0.06139873340725899,0.15092413127422333,0.03773103281855583,1.6129206418991089,0.022887468338012695,0.6143612265586853,0.05802866071462631,0.0770856961607933,0.0770856961607933,,,0.15146906673908234,0.037867266684770584,0.0,0.0,0,0.4962634953206788,True,True,0.925925925925926,1.851851851851852,1.0,2.0,0.054944682866334915,0.03261149674654007,0.02809427996550733,0.33270926234809545,9774,338126,29377,347900,0.5,0.10174626408414746,0.2013139530925554,0.26861149879157165,0.5,0.07587568505974061,0.1640739353916329,0.2161554957960309,0.5,0.10324403444871838,0.20209687851039929,0.2691221023249481,0.10324403444871838,0.20209687851039929,0.2691221023249481,29377,17395,17395,1739500,100.0,100.0,0.4209502041339874,0.43069958686828613,0.1552923023700714,0.6521702408790588,0.6621506810188293,0.4295196831226349,0.14157333970069885,0.09681042077453944,0.7746077197889474,17395,2683,17395,0,20.0,113.09479455789551,mean,geometric_mean,odvg_phrase_grounding,4.290604181439063,2.0,2.4187916371218736,iou,0.25,0.25,2.0,True,False,False,True,True,0.1,0.25,0.05,0.25,128,5,True,True,0.05,10,0.3,10,0.0,0.5,1.0,10,True,5,12,0.0,0.1,3,odvg_appended_phrase,4.0,0.25,20,0.5,0.5,0.925925925925926,1.851851851851852,True,False
epoch,1785292958.1447966,16,514.6266079500783,9.924934726918561e-05,9.924934726918561e-05,9.924934726918561e-05,9.924934726918563e-06,9.924934726918561e-05,2.499246835708618,12286,1.636417269706726,1.7256613969802856,0.8628306984901428,0.0245981402695179,0.6417570114135742,0.04791329801082611,0.03776898607611656,0.15107594430446625,0.060512639582157135,0.060512639582157135,0.15107594430446625,0.03776898607611656,,,,,,,,,,,,,,,,,,,0.06424905359745026,0.03566763550043106,0.02969818913480885,0.35170371378969945,10332,337568,29377,347900,0.5,0.10862239166695034,0.221227490894237,0.28889947918439596,0.5,0.07870102461109031,0.18088981175749735,0.23668175783776424,0.5,0.10984784014705382,0.2221465772543146,0.2899547264867073,0.10984784014705382,0.2221465772543146,0.2899547264867073,29377,17395,17395,1739500,100.0,100.0,0.4232161343097687,0.44086629152297974,0.15873150527477264,0.6556645631790161,0.6647036671638489,0.4351363182067871,0.14062021672725677,0.08343260441708766,0.808260995632549,17395,2683,17395,0,20.0,97.7487232920248,mean,geometric_mean,odvg_phrase_grounding,4.209395818560937,2.0,2.5812083628781264,iou,0.25,0.25,2.0,True,False,False,True,True,0.1,0.25,0.05,0.25,128,5,True,True,0.05,10,0.3,10,0.0,0.5,1.0,10,True,5,12,0.0,0.1,3,odvg_appended_phrase,4.0,0.25,20,0.5,0.5,0.9803240740740741,1.9606481481481481,True,False
epoch,1785293480.654742,17,508.89858062705025,9.915870355007733e-05,9.915870355007733e-05,9.915870355007733e-05,9.915870355007733e-06,9.915870355007733e-05,2.4807968139648438,12286,1.6182148456573486,1.7251617908477783,0.8625808954238892,0.02364874817430973,0.6327618956565857,0.04739765450358391,0.03736281022429466,0.14945124089717865,0.06089341267943382,0.06089341267943382,0.14945124089717865,0.03736281022429466,,,,,,,,,,,,,,,,,,,0.07290850579738617,0.03771643713116646,0.031149755676918654,0.3688940327467066,10837,337063,29377,347900,0.5,0.11056268509378085,0.23525206794431017,0.3084045341593764,0.5,0.08700684208734724,0.20104163120808796,0.2627565782755217,0.5,0.11195833475167648,0.23729448207781598,0.30942574122612926,0.11195833475167648,0.23729448207781598,0.30942574122612926,29377,17395,17395,1739500,100.0,100.0,0.4329693019390106,0.46120816469192505,0.16184356808662415,0.6645227670669556,0.6755625009536743,0.45848792791366577,0.14443272352218628,0.08959389516695915,0.8045883223694608,17395,2683,17395,0,20.0,92.85029927408323,mean,geometric_mean,odvg_phrase_grounding,4.128663502585426,2.0,2.742672994829147,iou,0.25,0.25,2.0,True,False,False,True,True,0.1,0.25,0.05,0.25,128,5,True,True,0.05,10,0.3,10,0.0,0.5,1.0,10,True,5,12,0.0,0.1,3,odvg_appended_phrase,4.0,0.25,20,0.5,0.5,1.0,2.0,True,False
epoch,1785293994.9242792,18,500.524808148155,9.906294317832897e-05,9.906294317832897e-05,9.906294317832897e-05,9.906294317832897e-06,9.906294317832897e-05,2.4693586826324463,12286,1.6113075017929077,1.7160954475402832,0.8580477237701416,0.023256618529558182,0.6272522211074829,0.047233231365680695,0.03699582442641258,0.14798329770565033,0.0618496797978878,0.0618496797978878,0.14798329770565033,0.03699582442641258,,,,,,,,,,,,,,,,,,,0.08039972186088562,0.04194266349077225,0.03143432020695602,0.37226401606699117,10936,336964,29377,347900,0.5,0.11114136909827416,0.24427273036729413,0.31119583347516766,0.5,0.08792592844742486,0.20870068420873472,0.2661606018313647,0.5,0.11573680089866221,0.2456683800251898,0.31184259795077784,0.11573680089866221,0.2456683800251898,0.31184259795077784,29377,17395,17395,1739500,100.0,100.0,0.43528300523757935,0.4644838571548462,0.16971659660339355,0.6617563366889954,0.6812812685966492,0.4611430764198303,0.1404840499162674,0.08887906035283916,0.8072635915020817,17395,2683,17395,0,20.0,92.58502657408826,mean,geometric_mean,odvg_phrase_grounding,4.049353746103084,2.0,2.9012925077938307,iou,0.25,0.25,2.0,True,False,False,True,True,0.1,0.25,0.05,0.25,128,5,True,True,0.05,10,0.3,10,0.0,0.5,1.0,10,True,5,12,0.0,0.1,3,odvg_appended_phrase,4.0,0.25,20,0.5,0.5,1.0,2.0,True,False
epoch,1785294507.4221342,19,498.18650981481187,9.896207665514444e-05,9.896207665514444e-05,9.896207665514444e-05,9.896207665514443e-06,9.896207665514444e-05,2.4512224197387695,12286,1.5959432125091553,1.7105518579483032,0.8552759289741516,0.022395508363842964,0.6195653080940247,0.046834200620651245,0.0363864004611969,0.1455456018447876,0.061650462448596954,0.061650462448596954,0.1455456018447876,0.0363864004611969,,,,,,,,,,,,,,,,,,,0.08325259387493134,0.04378093034029007,0.031115263006611094,0.36848554992000543,10825,337075,29377,347900,0.5,0.11641760560983082,0.25639105422609526,0.31779963917350307,0.5,0.09146611294550158,0.22279334172992477,0.2766790346189196,0.5,0.12033223269905027,0.256527215168329,0.31878680600469755,0.12033223269905027,0.256527215168329,0.31878680600469755,29377,17395,17395,1739500,100.0,100.0,0.4393328130245209,0.46816009283065796,0.1812463253736496,0.6641882658004761,0.6887020468711853,0.46161964535713196,0.14562413096427917,0.09313409543712653,0.798244948251556,17395,2683,17395,0,20.0,90.47560187499039,mean,geometric_mean,odvg_phrase_grounding,3.972396383495064,2.0,3.055207233009872,iou,0.25,0.25,2.0,True,False,False,True,True,0.1,0.25,0.05,0.25,128,5,True,True,0.05,10,0.3,10,0.0,0.5,1.0,10,True,5,12,0.0,0.1,3,odvg_appended_phrase,4.0,0.25,20,0.5,0.5,1.0,2.0,True,False
epoch,1785295041.90638,20,520.4704146189615,9.885611504167465e-05,9.885611504167465e-05,9.885611504167465e-05,9.885611504167465e-06,9.885611504167465e-05,2.461829900741577,12286,1.6065927743911743,1.710471510887146,0.855235755443573,0.023372670635581017,0.6227592825889587,0.04610326886177063,0.03625619783997536,0.14502479135990143,0.05964126065373421,0.05964126065373421,0.14502479135990143,0.03625619783997536,1.5757286548614502,0.02159685082733631,0.5922931432723999,0.053033363074064255,0.07506982237100601,0.07506982237100601,,,0.14174070954322815,0.03543517738580704,0.0,0.0,0,0.4633474064085087,True,True,1.0,2.0,1.0,2.0,0.08612601459026337,0.04486206918954849,0.03278528312733544,0.3882629267794533,11406,336494,29377,347900,0.5,0.11873234162780406,0.25707185893726386,0.32341627804064405,0.5,0.09401913061238384,0.22456343397896314,0.2817510297171256,0.5,0.12560846921060695,0.2590802328352112,0.32402900228069575,0.12560846921060695,0.2590802328352112,0.32402900228069575,29377,17395,17395,1739500,100.0,100.0,0.442619264125824,0.47686272859573364,0.17295435070991516,0.6778557300567627,0.6828811764717102,0.4752357304096222,0.1539299488067627,0.0869728036301689,0.8169901838920991,17395,2683,17395,0,20.0,109.921877135057,mean,geometric_mean,odvg_phrase_grounding,3.8986936694751573,2.0,3.2026126610496854,iou,0.25,0.25,2.0,True,False,False,True,True,0.1,0.25,0.05,0.25,128,5,True,True,0.05,10,0.3,10,0.0,0.5,1.0,10,True,5,12,0.0,0.1,3,odvg_appended_phrase,4.0,0.25,20,0.5,0.5,1.0,2.0,True,False
epoch,1785295560.9770317,21,505.83247411996126,9.874506995780461e-05,9.874506995780461e-05,9.874506995780461e-05,9.87450699578046e-06,9.874506995780461e-05,2.4399030208587646,12286,1.5896929502487183,1.7004225254058838,0.8502112627029419,0.022442471235990524,0.6120323538780212,0.046852145344018936,0.035967133939266205,0.14386853575706482,0.06078760698437691,0.06078760698437691,0.14386853575706482,0.035967133939266205,,,,,,,,,,,,,,,,,,,0.08878123015165329,0.04607028886675835,0.0336763437769474,0.39881539980256664,11716,336184,29377,347900,0.5,0.11811961738775233,0.2671477686625591,0.3370664124995745,0.5,0.09480205603022773,0.23130340061953228,0.29455015828709535,0.5,0.12264696871702352,0.2687476597338054,0.3375770160329509,0.12264696871702352,0.2687476597338054,0.3375770160329509,29377,17395,17395,1739500,100.0,100.0,0.447891503572464,0.48640066385269165,0.1804865449666977,0.6793352961540222,0.6909487247467041,0.4874221384525299,0.1592402160167694,0.08860673864996327,0.818213553181494,17395,2683,17395,0,20.0,96.45331915304996,mean,geometric_mean,odvg_phrase_grounding,3.829109700978213,2.0,3.3417805980435733,iou,0.25,0.25,2.0,True,False,False,True,True,0.1,0.25,0.05,0.25,128,5,True,True,0.05,10,0.3,10,0.0,0.5,1.0,10,True,5,12,0.0,0.1,3,odvg_appended_phrase,4.0,0.25,20,0.5,0.5,1.0,2.0,True,False
epoch,1785296089.4974318,22,514.1813640440814,9.862895358087911e-05,9.862895358087911e-05,9.862895358087911e-05,9.862895358087911e-06,9.862895358087911e-05,2.443671941757202,12286,1.5955253839492798,1.6962924003601074,0.8481462001800537,0.02275124564766884,0.6144862174987793,0.04574219509959221,0.03571145236492157,0.14284580945968628,0.05995573103427887,0.05995573103427887,0.14284580945968628,0.03571145236492157,,,,,,,,,,,,,,,,,,,0.08794812858104706,0.04607997089624405,0.033041103765449845,0.3912925077441536,11495,336405,29377,347900,0.5,0.11798345644551861,0.26364162440004085,0.3342410729482248,0.5,0.09643598733703238,0.23065663614392212,0.2940395547537189,0.5,0.12308949177928312,0.2654457568846376,0.33471763624604284,0.12308949177928312,0.2654457568846376,0.33471763624604284,29377,17395,17395,1739500,100.0,100.0,0.4438689947128296,0.47410449385643005,0.184051975607872,0.6743685603141785,0.6936719417572021,0.4727848172187805,0.15270449221134186,0.08149230947462693,0.8276334042323603,17395,2683,17395,0,20.0,96.87209177901968,mean,geometric_mean,odvg_phrase_grounding,3.7644602864136294,2.0,3.471079427172741,iou,0.25,0.25,2.0,True,False,False,True,True,0.1,0.25,0.05,0.25,128,5,True,True,0.05,10,0.3,10,0.0,0.5,1.0,10,True,5,12,0.0,0.1,3,odvg_appended_phrase,4.0,0.25,20,0.5,0.5,1.0,2.0,True,False
epoch,1785296608.8525987,23,512.6566388688516,9.850777864436743e-05,9.850777864436743e-05,9.850777864436743e-05,9.850777864436743e-06,9.850777864436743e-05,2.426877737045288,12286,1.5815796852111816,1.690592646598816,0.845296323299408,0.02155725471675396,0.6041094064712524,0.04746772348880768,0.03528892993927002,0.14115571975708008,0.061763547360897064,0.061763547360897064,0.14115571975708008,0.03528892993927002,,,,,,,,,,,,,,,,,,,0.0938454121351242,0.04907531663775444,0.03441793618855993,0.4075977805766416,11974,335926,29377,347900,0.5,0.12131939953024475,0.2704837117472853,0.34775504646492156,0.5,0.10198454573305647,0.24076658610477583,0.30843857439493483,0.5,0.12714027981073628,0.2719814821118562,0.348742213296116,0.12714027981073628,0.2719814821118562,0.348742213296116,29377,17395,17395,1739500,100.0,100.0,0.4538115859031677,0.48908135294914246,0.19388902187347412,0.6852492690086365,0.701875627040863,0.4890560507774353,0.16482281684875488,0.08145827020079371,0.8334377622538309,17395,2683,17395,0,20.0,94.45407880283892,mean,geometric_mean,odvg_phrase_grounding,3.7055033810576523,2.0,3.588993237884696,iou,0.25,0.25,2.0,True,False,False,True,True,0.1,0.25,0.05,0.25,128,5,True,True,0.05,10,0.3,10,0.0,0.5,1.0,10,True,5,12,0.0,0.1,3,odvg_appended_phrase,4.0,0.25,20,0.5,0.5,1.0,2.0,True,False
epoch,1785297131.156083,24,508.9479970589746,9.838155843646685e-05,9.838155843646685e-05,9.838155843646685e-05,9.838155843646684e-06,9.838155843646685e-05,2.4271621704101562,12286,1.5802834033966064,1.6937599182128906,0.8468799591064453,0.021765636280179024,0.6026725769042969,0.046770352870225906,0.035719044506549835,0.14287617802619934,0.06099208816885948,0.06099208816885948,0.14287617802619934,0.035719044506549835,,,,,,,,,,,,,,,,,,,0.09693999588489532,0.048726487904787064,0.03490658235125036,0.4133846206215747,12144,335756,29377,347900,0.5,0.12673179698403514,0.2777002416856725,0.3521121966164006,0.5,0.10593321305783436,0.240698505633659,0.30408142424345574,0.5,0.13313136126901998,0.28127446641930764,0.3530312829764782,0.13313136126901998,0.28127446641930764,0.3530312829764782,29377,17395,17395,1739500,100.0,100.0,0.45819291472435,0.4990636110305786,0.19501039385795593,0.6893380284309387,0.7043265104293823,0.499131977558136,0.1666950285434723,0.08574735693656127,0.828207045847761,17395,2683,17395,0,20.0,92.64824956096709,mean,geometric_mean,odvg_phrase_grounding,3.652930200720767,2.0,3.6941395985584657,iou,0.25,0.25,2.0,True,False,False,True,True,0.1,0.25,0.05,0.25,128,5,True,True,0.05,10,0.3,10,0.0,0.5,1.0,10,True,5,12,0.0,0.1,3,odvg_appended_phrase,4.0,0.25,20,0.5,0.5,1.0,2.0,True,False
epoch,1785297666.0360553,25,520.1363235618919,9.825030679864553e-05,9.825030679864553e-05,9.825030679864553e-05,9.825030679864553e-06,9.825030679864553e-05,2.41795015335083,12286,1.576177716255188,1.683538556098938,0.841769278049469,0.02146301046013832,0.6014767289161682,0.046131011098623276,0.035254307091236115,0.14101722836494446,0.06008601188659668,0.06008601188659668,0.14101722836494446,0.035254307091236115,1.5674798488616943,0.020510302856564522,0.5790485739707947,0.05227614939212799,0.07619921118021011,0.07619921118021011,,,0.13863243162631989,0.03465810790657997,0.0,0.0,0,0.45,True,True,1.0,2.0,1.0,2.0,0.09676342457532883,0.048540182411670685,0.034389192296636964,0.4072573782210573,11964,335936,29377,347900,0.5,0.1254382680328148,0.27586206896551724,0.34326173537120874,0.5,0.10389079892432855,0.23998366068693194,0.2992477107941587,0.5,0.13510569493140892,0.280117098410321,0.3437382986690268,0.13510569493140892,0.280117098410321,0.3437382986690268,29377,17395,17395,1739500,100.0,100.0,0.4555228054523468,0.48995479941368103,0.19707027077674866,0.6896498799324036,0.7065391540527344,0.4888518154621124,0.17023521661758423,0.08159443724105514,0.8330896303127692,17395,2683,17395,0,20.0,108.77409275085665,mean,geometric_mean,odvg_phrase_grounding,3.607357117874308,2.0,3.785285764251384,iou,0.25,0.25,2.0,True,False,False,True,True,0.1,0.25,0.05,0.25,128,5,True,True,0.05,10,0.3,10,0.0,0.5,1.0,10,True,5,12,0.0,0.1,3,odvg_appended_phrase,4.0,0.25,20,0.5,0.5,1.0,2.0,True,False
epoch,1785298177.1594138,26,504.5238477869425,9.811403812412464e-05,9.811403812412464e-05,9.811403812412464e-05,9.811403812412465e-06,9.811403812412464e-05,2.4138500690460205,12286,1.576390266418457,1.6749194860458374,0.8374597430229187,0.02155054546892643,0.5994570255279541,0.04648583382368088,0.03490746021270752,0.13962984085083008,0.06051139906048775,0.06051139906048775,0.13962984085083008,0.03490746021270752,,,,,,,,,,,,,,,,,,,0.1002560704946518,0.05184910446405411,0.035096292037941935,0.4156312761684311,12210,335690,29377,347900,0.5,0.12799128569969703,0.2830105184327876,0.35772883548354156,0.5,0.10746502365796372,0.2426387990604895,0.3035708207100793,0.5,0.13793103448275862,0.2846444497395922,0.3584436804302686,0.13793103448275862,0.2846444497395922,0.3584436804302686,29377,17395,17395,1739500,100.0,100.0,0.46049052476882935,0.5003988742828369,0.19597268104553223,0.6964393258094788,0.7063689231872559,0.5004255175590515,0.17867720127105713,0.08479424139062042,0.8305557202513869,17395,2683,17395,0,20.0,92.00989027996548,mean,geometric_mean,odvg_phrase_grounding,3.5693184352467826,2.0,3.8613631295064352,iou,0.25,0.25,2.0,True,False,False,True,True,0.1,0.25,0.05,0.25,128,5,True,True,0.05,10,0.3,10,0.0,0.5,1.0,10,True,5,12,0.0,0.1,3,odvg_appended_phrase,4.0,0.25,20,0.5,0.5,1.0,2.0,True,False
epoch,1785298699.21663,27,509.0353127219714,9.797276735629997e-05,9.797276735629997e-05,9.797276735629997e-05,9.797276735629996e-06,9.797276735629997e-05,2.405195474624634,12286,1.5685607194900513,1.6732642650604248,0.8366321325302124,0.021111352369189262,0.5938510894775391,0.04738180339336395,0.0345914401113987,0.1383657604455948,0.060346417129039764,0.060346417129039764,0.1383657604455948,0.0345914401113987,,,,,,,,,,,,,,,,,,,0.10472219437360764,0.053988177329301834,0.03556769186547858,0.4212138748000136,12374,335526,29377,347900,0.5,0.13091874595772202,0.2878101916465262,0.3617796235149947,0.5,0.11120944956939102,0.24958300711440923,0.3116723967729857,0.5,0.1422201041631208,0.2902951288422916,0.3623923477550465,0.1422201041631208,0.2902951288422916,0.3623923477550465,29377,17395,17395,1739500,100.0,100.0,0.463415265083313,0.5089295506477356,0.19857724010944366,0.6981276273727417,0.7076284289360046,0.5089355707168579,0.17605610191822052,0.08772169591684431,0.8276369329161165,17395,2683,17395,0,20.0,93.47421828401275,mean,geometric_mean,odvg_phrase_grounding,3.539260121612898,2.0,3.921479756774204,iou,0.25,0.25,2.0,True,False,False,True,True,0.1,0.25,0.05,0.25,128,5,True,True,0.05,10,0.3,10,0.0,0.5,1.0,10,True,5,12,0.0,0.1,3,odvg_appended_phrase,4.0,0.25,20,0.5,0.5,1.0,2.0,True,False
epoch,1785299226.1884499,28,511.68041184404865,9.782650998710315e-05,9.782650998710315e-05,9.782650998710315e-05,9.782650998710316e-06,9.782650998710315e-05,2.390672206878662,12286,1.55831778049469,1.664710283279419,0.8323551416397095,0.020685119554400444,0.5924915075302124,0.04565981402993202,0.03473581746220589,0.13894326984882355,0.05963723361492157,0.05963723361492157,0.13894326984882355,0.03473581746220589,,,,,,,,,,,,,,,,,,,0.10498059540987015,0.05378370359539986,0.03543546996263294,0.4196480239643258,12328,335572,29377,347900,0.5,0.13289307962011096,0.2843380876195663,0.3648432447152534,0.5,0.11226469687170235,0.24726827109643598,0.31242128195527114,0.5,0.14361575382101643,0.2864145419886306,0.3657963713108895,0.14361575382101643,0.2864145419886306,0.3657963713108895,29377,17395,17395,1739500,100.0,100.0,0.4633066654205322,0.5036612153053284,0.2037418633699417,0.6938387751579285,0.7112366557121277,0.5045103430747986,0.17734962701797485,0.08486231911047276,0.831792706977484,17395,2683,17395,0,20.0,96.4517210018821,mean,geometric_mean,odvg_phrase_grounding,3.5175345832174347,2.0,3.96493083356513,iou,0.25,0.25,2.0,True,False,False,True,True,0.1,0.25,0.05,0.25,128,5,True,True,0.05,10,0.3,10,0.0,0.5,1.0,10,True,5,12,0.0,0.1,3,odvg_appended_phrase,4.0,0.25,20,0.5,0.5,1.0,2.0,True,False
epoch,1785299753.6291192,29,512.2464026871603,9.767528205530292e-05,9.767528205530292e-05,9.767528205530292e-05,9.767528205530292e-06,9.767528205530292e-05,2.4011566638946533,12286,1.5647510290145874,1.6728155612945557,0.8364077806472778,0.020992038771510124,0.595332145690918,0.04535552114248276,0.03499970957636833,0.13999883830547333,0.0593167208135128,0.0593167208135128,0.13999883830547333,0.03499970957636833,,,,,,,,,,,,,,,,,,,0.10410948097705841,0.053550221025943756,0.03583788444955447,0.42441365694250605,12468,335432,29377,347900,0.5,0.13139530925554005,0.2853252544507608,0.3608605371549171,0.5,0.11086904721380672,0.24709806991864383,0.3093576607550124,0.5,0.14395615617660074,0.28784423188208463,0.3614732613949688,0.14395615617660074,0.28784423188208463,0.3614732613949688,29377,17395,17395,1739500,100.0,100.0,0.46114304661750793,0.5010172724723816,0.2004338800907135,0.6933958530426025,0.7111005187034607,0.500629723072052,0.17455832660198212,0.07621606612954596,0.8477596063177081,17395,2683,17395,0,20.0,93.8734330770094,mean,geometric_mean,odvg_phrase_grounding,3.5043965321342303,2.0,3.9912069357315394,iou,0.25,0.25,2.0,True,False,False,True,True,0.1,0.25,0.05,0.25,128,5,True,True,0.05,10,0.3,10,0.0,0.5,1.0,10,True,5,12,0.0,0.1,3,odvg_appended_phrase,4.0,0.25,20,0.5,0.5,1.0,2.0,True,False
epoch,1785300286.7478054,30,526.3934895389248,9.751910014474616e-05,9.751910014474616e-05,9.751910014474616e-05,9.751910014474617e-06,9.751910014474616e-05,2.389280319213867,12286,1.5564734935760498,1.6656112670898438,0.8328056335449219,0.02072194591164589,0.5918015241622925,0.04534785822033882,0.03498445078730583,0.13993780314922333,0.05901743099093437,0.05901743099093437,0.13993780314922333,0.03498445078730583,1.552451729774475,0.019775042310357094,0.5710360407829285,0.05166139081120491,0.07480021566152573,0.07480021566152573,,,0.13570398092269897,0.033925995230674744,0.0,0.0,0,0.45,True,True,1.0,2.0,1.0,2.0,0.10800771415233612,0.05455579236149788,0.03630640988789882,0.42996221533853013,12631,335269,29377,347900,0.5,0.13299520032678627,0.2924396636824727,0.3727405793648092,0.5,0.11645164584538925,0.2570378187017054,0.32137386390713824,0.5,0.14541988630561323,0.29455015828709535,0.37321714266262723,0.14541988630561323,0.29455015828709535,0.37321714266262723,29377,17395,17395,1739500,100.0,100.0,0.4648077189922333,0.508581817150116,0.1960480809211731,0.7007517218589783,0.7100452780723572,0.5078803300857544,0.17772406339645386,0.07791811474722427,0.8465817435101927,17395,2683,17395,0,20.0,110.50447550206445,mean,geometric_mean,odvg_phrase_grounding,3.5,2.0,4.0,iou,0.25,0.25,2.0,True,False,False,True,True,0.1,0.25,0.05,0.25,128,5,True,True,0.05,10,0.3,10,0.0,0.5,1.0,10,True,5,12,0.0,0.1,3,odvg_appended_phrase,4.0,0.25,20,0.5,0.5,1.0,2.0,True,False
epoch,1785300814.5838833,31,513.3649114421569,9.735798138253937e-05,9.735798138253937e-05,9.735798138253937e-05,9.735798138253938e-06,9.735798138253937e-05,2.388195276260376,12286,1.5544692277908325,1.6674542427062988,0.8337271213531494,0.021040206775069237,0.592240035533905,0.04478256404399872,0.03473008796572685,0.1389203518629074,0.05828624963760376,0.05828624963760376,0.1389203518629074,0.03473008796572685,,,,,,,,,,,,,,,,,,,0.10931193828582764,0.055720411241054535,0.03653923541247485,0.43271947441876296,12712,335188,29377,347900,0.5,0.13561629846478537,0.29414167546039416,0.37798277564080746,0.5,0.11794941620996018,0.26125880791095074,0.325152330054124,0.5,0.14722401879021002,0.2971031759539776,0.37822105728971644,0.14722401879021002,0.2971031759539776,0.37822105728971644,29377,17395,17395,1739500,100.0,100.0,0.4653851389884949,0.5077976584434509,0.19430799782276154,0.7053984999656677,0.7062327861785889,0.5070973634719849,0.1881403774023056,0.0743778890532219,0.853326216204374,17395,2683,17395,0,20.0,96.68342866399325,mean,geometric_mean,odvg_phrase_grounding,3.5,2.0,4.0,iou,0.25,0.25,2.0,True,False,False,True,True,0.1,0.25,0.05,0.25,128,5,True,True,0.05,10,0.3,10,0.0,0.5,1.0,10,True,5,12,0.0,0.1,3,odvg_appended_phrase,4.0,0.25,20,0.5,0.5,1.0,2.0,True,False
epoch,1785301345.6849296,32,514.3662701691501,9.719194343717051e-05,9.719194343717051e-05,9.719194343717051e-05,9.719194343717051e-06,9.719194343717051e-05,2.3693366050720215,12286,1.5395535230636597,1.659562110900879,0.8297810554504395,0.020343514159321785,0.5853076577186584,0.045046884566545486,0.034496791660785675,0.1379871666431427,0.058469198644161224,0.058469198644161224,0.1379871666431427,0.034496791660785675,,,,,,,,,,,,,,,,,,,0.11280779540538788,0.05710640549659729,0.036849669445242886,0.43639581985907344,12820,335080,29377,347900,0.5,0.13571841917146066,0.30016679715423633,0.38216972461449433,0.5,0.11971950845899854,0.2660584811246894,0.33247098069918646,0.5,0.14916431221704055,0.303230418354495,0.3827143683834292,0.14916431221704055,0.303230418354495,0.3827143683834292,29377,17395,17395,1739500,100.0,100.0,0.4698333740234375,0.5110041499137878,0.20653623342514038,0.707198977470398,0.7149810791015625,0.5108077526092529,0.19069339334964752,0.07441193275017949,0.8543249737889128,17395,2683,17395,0,20.0,97.28698278800584,mean,geometric_mean,odvg_phrase_grounding,3.5,2.0,4.0,iou,0.25,0.25,2.0,True,False,False,True,True,0.1,0.25,0.05,0.25,128,5,True,True,0.05,10,0.3,10,0.0,0.5,1.0,10,True,5,12,0.0,0.1,3,odvg_appended_phrase,4.0,0.25,20,0.5,0.5,1.0,2.0,True,False
epoch,1785301872.9126978,33,509.0599421598017,9.702100451657131e-05,9.702100451657131e-05,9.702100451657131e-05,9.702100451657132e-06,9.702100451657131e-05,2.3661093711853027,12286,1.5387177467346191,1.654784917831421,0.8273924589157104,0.02050013095140457,0.5862670540809631,0.044313881546258926,0.034212760627269745,0.13685104250907898,0.05911486968398094,0.05911486968398094,0.13685104250907898,0.034212760627269745,,,,,,,,,,,,,,,,,,,0.117335744202137,0.059327058494091034,0.0373526875538948,0.44235286108179867,12995,334905,29377,347900,0.5,0.13854375872281036,0.3032984988256119,0.38945433502399834,0.5,0.1269360383973857,0.2743642986009463,0.34104912005991084,0.5,0.15338530142628587,0.30803009156823363,0.3903393811485176,0.15338530142628587,0.30803009156823363,0.3903393811485176,29377,17395,17395,1739500,100.0,100.0,0.471212774515152,0.5160505771636963,0.20343689620494843,0.7118791341781616,0.7160022854804993,0.5174456238746643,0.19450590014457703,0.07509276279286564,0.8548779633489477,17395,2683,17395,0,20.0,91.43632060592063,mean,geometric_mean,odvg_phrase_grounding,3.5,2.0,4.0,iou,0.25,0.25,2.0,True,False,False,True,True,0.1,0.25,0.05,0.25,128,5,True,True,0.05,10,0.3,10,0.0,0.5,1.0,10,True,5,12,0.0,0.1,3,odvg_appended_phrase,4.0,0.25,20,0.5,0.5,1.0,2.0,True,False
epoch,1785302404.689858,34,517.0729316549841,9.684518336612076e-05,9.684518336612076e-05,9.684518336612076e-05,9.684518336612077e-06,9.684518336612076e-05,2.3570947647094727,12286,1.531685709953308,1.6508145332336426,0.8254072666168213,0.01984729804098606,0.5816621780395508,0.04529198259115219,0.034513674676418304,0.13805469870567322,0.059297047555446625,0.059297047555446625,0.13805469870567322,0.034513674676418304,,,,,,,,,,,,,,,,,,,0.11365039646625519,0.05822566896677017,0.03711698764012647,0.4395615617660074,12913,334987,29377,347900,0.5,0.13714810906491473,0.30180072846104095,0.3854035469925452,0.5,0.12472342308608776,0.27269632705858327,0.3392109473397556,0.5,0.1515130884705722,0.30656636143922117,0.3857439493481295,0.1515130884705722,0.30656636143922117,0.3857439493481295,29377,17395,17395,1739500,100.0,100.0,0.4757334887981415,0.5164966583251953,0.21342310309410095,0.7125931978225708,0.7227762937545776,0.5163903832435608,0.19760356843471527,0.07682882147755338,0.8512194960042153,17395,2683,17395,0,20.0,97.57826704811305,mean,geometric_mean,odvg_phrase_grounding,3.5,2.0,4.0,iou,0.25,0.25,2.0,True,False,False,True,True,0.1,0.25,0.05,0.25,128,5,True,True,0.05,10,0.3,10,0.0,0.5,1.0,10,True,5,12,0.0,0.1,3,odvg_appended_phrase,4.0,0.25,20,0.5,0.5,1.0,2.0,True,False
epoch,1785302945.9879467,35,533.2972434109543,9.666449926658933e-05,9.666449926658933e-05,9.666449926658933e-05,9.666449926658932e-06,9.666449926658933e-05,2.348031520843506,12286,1.5271265506744385,1.6418087482452393,0.8209043741226196,0.01968034915626049,0.5808342099189758,0.04503555968403816,0.034159548580646515,0.13663819432258606,0.05857392027974129,0.05857392027974129,0.13663819432258606,0.034159548580646515,1.5245033502578735,0.018815338611602783,0.5624020099639893,0.05055238679051399,0.07358572632074356,0.07358572632074356,,,0.13417422771453857,0.033543556928634644,0.0,0.0,0,0.45,True,True,1.0,2.0,1.0,2.0,0.11498156934976578,0.05885370820760727,0.03711123886174188,0.4394934812948906,12911,334989,29377,347900,0.5,0.14089253497634205,0.30517071178132554,0.3837355754501821,0.5,0.12867209041086564,0.27589610920107566,0.33801953909521054,0.5,0.15454266943527248,0.3092895802838956,0.384756782516935,0.15454266943527248,0.3092895802838956,0.384756782516935,29377,17395,17395,1739500,100.0,100.0,0.47511351108551025,0.5134088397026062,0.2171100676059723,0.7103870511054993,0.7238996624946594,0.513769268989563,0.1961398422718048,0.07427578769467241,0.8554296798624184,17395,2683,17395,0,20.0,115.86285774689168,mean,geometric_mean,odvg_phrase_grounding,3.5,2.0,4.0,iou,0.25,0.25,2.0,True,False,False,True,True,0.1,0.25,0.05,0.25,128,5,True,True,0.05,10,0.3,10,0.0,0.5,1.0,10,True,5,12,0.0,0.1,3,odvg_appended_phrase,4.0,0.25,20,0.5,0.5,1.0,2.0,True,False
epoch,1785303465.9240925,36,513.6296417759731,9.647897203202462e-05,9.647897203202462e-05,9.647897203202462e-05,9.647897203202463e-06,9.647897203202462e-05,2.3291215896606445,12286,1.5126235485076904,1.6329998970031738,0.8164999485015869,0.01901073195040226,0.5757014155387878,0.04468095675110817,0.03418766334652901,0.13675065338611603,0.057917870581150055,0.057917870581150055,0.13675065338611603,0.03418766334652901,,,,,,,,,,,,,,,,,,,0.11584880948066711,0.059765465557575226,0.037519402127048004,0.44432719474418764,13053,334847,29377,347900,0.5,0.14245838581202983,0.30319637811893657,0.38625455288150595,0.5,0.12921673417980054,0.26922422303162336,0.3381897402730027,0.5,0.15491711202641523,0.3069408040303639,0.3866970759437655,0.15491711202641523,0.3069408040303639,0.3866970759437655,29377,17395,17395,1739500,100.0,100.0,0.4793799817562103,0.5187094211578369,0.22790388762950897,0.7146195769309998,0.7325458526611328,0.5188412666320801,0.20138204097747803,0.07451407188789244,0.8563836828716792,17395,2683,17395,0,20.0,95.79533214704134,mean,geometric_mean,odvg_phrase_grounding,3.5,2.0,4.0,iou,0.25,0.25,2.0,True,False,False,True,True,0.1,0.25,0.05,0.25,128,5,True,True,0.05,10,0.3,10,0.0,0.5,1.0,10,True,5,12,0.0,0.1,3,odvg_appended_phrase,4.0,0.25,20,0.5,0.5,1.0,2.0,True,False
epoch,1785303991.7342017,37,518.9588746530935,9.628862200757866e-05,9.628862200757866e-05,9.628862200757866e-05,9.628862200757865e-06,9.628862200757866e-05,2.3322763442993164,12286,1.5137832164764404,1.6369822025299072,0.8184911012649536,0.019495591521263123,0.5774105787277222,0.04376723989844322,0.03425652161240578,0.1370260864496231,0.05787310004234314,0.05787310004234314,0.1370260864496231,0.03425652161240578,,,,,,,,,,,,,,,,,,,0.11971414089202881,0.061295390129089355,0.037749353262431735,0.44705041358886205,13133,334767,29377,347900,0.5,0.1430030295809647,0.3056472750791435,0.39217755386867276,0.5,0.13095278619328046,0.2773598393300882,0.345338189740273,0.5,0.15740204922218062,0.31041290805732374,0.39272219763760763,0.15740204922218062,0.31041290805732374,0.39272219763760763,29377,17395,17395,1739500,100.0,100.0,0.47953516244888306,0.5225562453269958,0.21728311479091644,0.7163207530975342,0.7247846722602844,0.5201007723808289,0.20356060564517975,0.07305035879196681,0.8595457598388687,17395,2683,17395,0,20.0,97.81646998901851,mean,geometric_mean,odvg_phrase_grounding,3.5,2.0,4.0,iou,0.25,0.25,2.0,True,False,False,True,True,0.1,0.25,0.05,0.25,128,5,True,True,0.05,10,0.3,10,0.0,0.5,1.0,10,True,5,12,0.0,0.1,3,odvg_appended_phrase,4.0,0.25,20,0.5,0.5,1.0,2.0,True,False
epoch,1785304516.6559947,38,511.4023709818721,9.609347006727664e-05,9.609347006727664e-05,9.609347006727664e-05,9.609347006727664e-06,9.609347006727664e-05,2.318209171295166,12286,1.5031460523605347,1.630129098892212,0.815064549446106,0.018874574452638626,0.571685254573822,0.04439583420753479,0.034355200827121735,0.13742080330848694,0.05857903137803078,0.05857903137803078,0.13742080330848694,0.034355200827121735,,,,,,,,,,,,,,,,,,,0.12128131091594696,0.06131727620959282,0.03844495544696752,0.45528815059400213,13375,334525,29377,347900,0.5,0.14381999523436703,0.30843857439493483,0.39881539980256664,0.5,0.12914865370868367,0.27756408074343875,0.35013786295401167,0.5,0.1579466929911155,0.3142254144398679,0.400347210402696,0.1579466929911155,0.3142254144398679,0.400347210402696,29377,17395,17395,1739500,100.0,100.0,0.4855698049068451,0.5304062366485596,0.23038645088672638,0.7222107648849487,0.7355073690414429,0.5316063761711121,0.2100282460451126,0.07631822557710993,0.8564384683893542,17395,2683,17395,0,20.0,93.29335831082426,mean,geometric_mean,odvg_phrase_grounding,3.5,2.0,4.0,iou,0.25,0.25,2.0,True,False,False,True,True,0.1,0.25,0.05,0.25,128,5,True,True,0.05,10,0.3,10,0.0,0.5,1.0,10,True,5,12,0.0,0.1,3,odvg_appended_phrase,4.0,0.25,20,0.5,0.5,1.0,2.0,True,False
epoch,1785305040.4469829,39,508.44894657400437,9.589353761172797e-05,9.589353761172797e-05,9.589353761172797e-05,9.589353761172797e-06,9.589353761172797e-05,2.31182861328125,12286,1.4998588562011719,1.6239361763000488,0.8119680881500244,0.018811354413628578,0.5725228190422058,0.04349447414278984,0.03398829326033592,0.1359531730413437,0.05788177624344826,0.05788177624344826,0.1359531730413437,0.03398829326033592,,,,,,,,,,,,,,,,,,,0.12235712260007858,0.061594001948833466,0.03866915780396666,0.45794328896755965,13453,334447,29377,347900,0.5,0.14358171358545802,0.3139871327909589,0.40654253327433026,0.5,0.13207611396670865,0.2814106273615413,0.35602682370562005,0.5,0.1586274977022841,0.3215781053204888,0.4076999012833169,0.1586274977022841,0.3215781053204888,0.4076999012833169,29377,17395,17395,1739500,100.0,100.0,0.4849810004234314,0.5284799933433533,0.23011678457260132,0.71888267993927,0.7340436577796936,0.5277257561683655,0.20597746968269348,0.06978246720080583,0.86776755467182,17395,2683,17395,0,20.0,97.38945961603895,mean,geometric_mean,odvg_phrase_grounding,3.5,2.0,4.0,iou,0.25,0.25,2.0,True,False,False,True,True,0.1,0.25,0.05,0.25,128,5,True,True,0.05,10,0.3,10,0.0,0.5,1.0,10,True,5,12,0.0,0.1,3,odvg_appended_phrase,4.0,0.25,20,0.5,0.5,1.0,2.0,True,False
epoch,1785305583.8343894,40,527.323124016868,9.568884656577947e-05,9.568884656577947e-05,9.568884656577947e-05,9.568884656577947e-06,9.568884656577947e-05,2.312673807144165,12286,1.5002508163452148,1.6248407363891602,0.8124203681945801,0.019272327423095703,0.573792576789856,0.042975377291440964,0.03408832848072052,0.13635331392288208,0.05637386441230774,0.05637386441230774,0.13635331392288208,0.03408832848072052,1.5032143592834473,0.01864141784608364,0.5564044713973999,0.049179475754499435,0.07143443077802658,0.07143443077802658,,,0.1337011605501175,0.03342529013752937,0.0,0.0,0,0.45,True,True,1.0,2.0,1.0,2.0,0.12664707005023956,0.06437509506940842,0.03860017246335154,0.4571263233141573,13429,334471,29377,347900,0.5,0.14317323075875685,0.3161997481022569,0.4045681996119413,0.5,0.13265479797120197,0.2844402083262416,0.3524866392075433,0.5,0.16036354971576403,0.3233822378050856,0.4054532457364605,0.16036354971576403,0.3233822378050856,0.4054532457364605,29377,17395,17395,1739500,100.0,100.0,0.4823472201824188,0.5268405079841614,0.2212146669626236,0.7242893576622009,0.7279844880104065,0.5232664942741394,0.21414712071418762,0.06614017095998209,0.8736013643454663,17395,2683,17395,0,20.0,110.27299613482319,mean,geometric_mean,odvg_phrase_grounding,3.5,2.0,4.0,iou,0.25,0.25,2.0,True,False,False,True,True,0.1,0.25,0.05,0.25,128,5,True,True,0.05,10,0.3,10,0.0,0.5,1.0,10,True,5,12,0.0,0.1,3,odvg_appended_phrase,4.0,0.25,20,0.5,0.5,1.0,2.0,True,False
epoch,1785306108.48015,41,507.147994450992,9.547941937611096e-05,9.547941937611096e-05,9.547941937611096e-05,9.547941937611096e-06,9.547941937611096e-05,2.3083817958831787,12286,1.4939017295837402,1.62895929813385,0.814479649066925,0.01879242993891239,0.5703747272491455,0.043421704322099686,0.03382408618927002,0.13529634475708008,0.05698917433619499,0.05698917433619499,0.13529634475708008,0.03382408618927002,,,,,,,,,,,,,,,,,,,0.1254248023033142,0.0634993463754654,0.03847657372808278,0.45566259318514485,13386,334514,29377,347900,0.5,0.14603261054566496,0.3155870238622051,0.4020151819450591,0.5,0.13289307962011096,0.2827041563127617,0.348742213296116,0.5,0.16322292950267217,0.3235864792184362,0.4027640671273445,0.16322292950267217,0.3235864792184362,0.4027640671273445,29377,17395,17395,1739500,100.0,100.0,0.48515939712524414,0.5294216871261597,0.22732821106910706,0.7223008871078491,0.7337032556533813,0.5306532382965088,0.21149198710918427,0.07499064511136394,0.8586823942654204,17395,2683,17395,0,20.0,91.39578407607041,mean,geometric_mean,odvg_phrase_grounding,3.5,2.0,4.0,iou,0.25,0.25,2.0,True,False,False,True,True,0.1,0.25,0.05,0.25,128,5,True,True,0.05,10,0.3,10,0.0,0.5,1.0,10,True,5,12,0.0,0.1,3,odvg_appended_phrase,4.0,0.25,20,0.5,0.5,1.0,2.0,True,False
epoch,1785306635.2144186,42,519.6395652438514,9.526527900877382e-05,9.526527900877382e-05,9.526527900877382e-05,9.526527900877383e-06,9.526527900877382e-05,2.2976415157318115,12286,1.4863426685333252,1.6226027011871338,0.8113013505935669,0.018280887976288795,0.5641923546791077,0.04479558393359184,0.03364826366305351,0.13459305465221405,0.057817332446575165,0.057817332446575165,0.13459305465221405,0.03364826366305351,,,,,,,,,,,,,,,,,,,0.12846428155899048,0.06484237313270569,0.039313020983041104,0.465568301732648,13677,334223,29377,347900,0.5,0.14613473125234028,0.3212717432004629,0.4102869591857576,0.5,0.13401640739353915,0.2858018177485788,0.354120570514348,0.5,0.1641760560983082,0.32872655478775914,0.41175068931477005,0.1641760560983082,0.32872655478775914,0.41175068931477005,29377,17395,17395,1739500,100.0,100.0,0.49048638343811035,0.5351368188858032,0.2361137419939041,0.7274839282035828,0.7396262288093567,0.5373932123184204,0.2211594134569168,0.0718249105857724,0.8663457056409299,17395,2683,17395,0,20.0,97.99872923688963,mean,geometric_mean,odvg_phrase_grounding,3.5,2.0,4.0,iou,0.25,0.25,2.0,True,False,False,True,True,0.1,0.25,0.05,0.25,128,5,True,True,0.05,10,0.3,10,0.0,0.5,1.0,10,True,5,12,0.0,0.1,3,odvg_appended_phrase,4.0,0.25,20,0.5,0.5,1.0,2.0,True,False
epoch,1785307162.9220319,43,515.1319149180781,9.504644894667249e-05,9.504644894667249e-05,9.504644894667249e-05,9.50464489466725e-06,9.504644894667249e-05,2.2857983112335205,12286,1.4788055419921875,1.6139851808547974,0.8069925904273987,0.01831779256463051,0.5625663995742798,0.04405256360769272,0.03345470130443573,0.13381880521774292,0.05681366100907326,0.05681366100907326,0.13381880521774292,0.03345470130443573,,,,,,,,,,,,,,,,,,,0.1325218677520752,0.06643299758434296,0.03949410750215579,0.4677128365728291,13740,334160,29377,347900,0.5,0.14671341525683357,0.32385880110290366,0.41798005242196273,0.5,0.1359907410559281,0.2891037205977465,0.3619838649283453,0.5,0.1666609932940736,0.33315178541035506,0.4186268168975729,0.1666609932940736,0.33315178541035506,0.4186268168975729,29377,17395,17395,1739500,100.0,100.0,0.4922437369823456,0.5400722026824951,0.23995965719223022,0.7283232808113098,0.7427579164505005,0.5410695672035217,0.21857234835624695,0.07335673063069265,0.8644227377085141,17395,2683,17395,0,20.0,93.89703770796768,mean,geometric_mean,odvg_phrase_grounding,3.5,2.0,4.0,iou,0.25,0.25,2.0,True,False,False,True,True,0.1,0.25,0.05,0.25,128,5,True,True,0.05,10,0.3,10,0.0,0.5,1.0,10,True,5,12,0.0,0.1,3,odvg_appended_phrase,4.0,0.25,20,0.5,0.5,1.0,2.0,True,False
epoch,1785307709.4902008,44,528.2570054729003,9.482295318698925e-05,9.482295318698925e-05,9.482295318698925e-05,9.482295318698927e-06,9.482295318698925e-05,2.2806756496429443,12286,1.4736860990524292,1.6139841079711914,0.8069920539855957,0.01797483116388321,0.5604687333106995,0.04405484348535538,0.03307420015335083,0.13229680061340332,0.05778557434678078,0.05778557434678078,0.13229680061340332,0.03307420015335083,,,,,,,,,,,,,,,,,,,0.13270500302314758,0.06733163446187973,0.03959758551307847,0.46893828505293256,13776,334124,29377,347900,0.5,0.1473261394968853,0.3198420533070089,0.41886509854648196,0.5,0.13697790788712258,0.29349491098478403,0.36521768730639614,0.5,0.16662695305851516,0.33066684821458964,0.41906933995983253,0.16662695305851516,0.33066684821458964,0.41906933995983253,29377,17395,17395,1739500,100.0,100.0,0.4937334954738617,0.5392703413963318,0.24347488582134247,0.7312542796134949,0.745787501335144,0.5415801405906677,0.2208530455827713,0.07264185553773517,0.8658705331061268,17395,2683,17395,0,20.0,91.81316905096173,mean,geometric_mean,odvg_phrase_grounding,3.5,2.0,4.0,iou,0.25,0.25,2.0,True,False,False,True,True,0.1,0.25,0.05,0.25,128,5,True,True,0.05,10,0.3,10,0.0,0.5,1.0,10,True,5,12,0.0,0.1,3,odvg_appended_phrase,4.0,0.25,20,0.5,0.5,1.0,2.0,True,False
epoch,1785308251.0202065,45,526.4326482368633,9.459481623855274e-05,9.459481623855274e-05,9.459481623855274e-05,9.459481623855274e-06,9.459481623855274e-05,2.27988338470459,12286,1.473177194595337,1.6134134531021118,0.8067067265510559,0.01795656606554985,0.5599406361579895,0.044285256415605545,0.03339482843875885,0.1335793137550354,0.05682094022631645,0.05682094022631645,0.1335793137550354,0.03339482843875885,1.4800301790237427,0.01770188845694065,0.5465694665908813,0.049307696521282196,0.0716332197189331,0.0716332197189331,,,0.1310485452413559,0.032762136310338974,0.0,0.0,0,0.45,True,True,1.0,2.0,1.0,2.0,0.13032661378383636,0.06640379130840302,0.03951422822650187,0.46795111822173807,13747,334153,29377,347900,0.5,0.14882390986145624,0.32198658814719,0.417367328181911,0.5,0.1358545801136944,0.2892739217755387,0.3620859856350206,0.5,0.16754603941859278,0.3298839227967458,0.41910338019539095,0.16754603941859278,0.3298839227967458,0.41910338019539095,29377,17395,17395,1739500,100.0,100.0,0.4937581419944763,0.5400948524475098,0.24234960973262787,0.7313035130500793,0.744800329208374,0.5397760272026062,0.22378051280975342,0.07182490898086813,0.866935718962731,17395,2683,17395,0,20.0,110.18941031582654,mean,geometric_mean,odvg_phrase_grounding,3.5,2.0,4.0,iou,0.25,0.25,2.0,True,False,False,True,True,0.1,0.25,0.05,0.25,128,5,True,True,0.05,10,0.3,10,0.0,0.5,1.0,10,True,5,12,0.0,0.1,3,odvg_appended_phrase,4.0,0.25,20,0.5,0.5,1.0,2.0,True,False
epoch,1785308764.7875156,46,506.74721540603787,9.436206311915018e-05,9.436206311915018e-05,9.436206311915018e-05,9.436206311915018e-06,9.436206311915018e-05,2.2661545276641846,12286,1.4652081727981567,1.601893663406372,0.800946831703186,0.0176911111921072,0.5579094886779785,0.043834056705236435,0.03302330896258354,0.13209323585033417,0.056595854461193085,0.056595854461193085,0.13209323585033417,0.03302330896258354,,,,,,,,,,,,,,,,,,,0.13243886828422546,0.06669608503580093,0.03985340615119287,0.47196786601763285,13865,334035,29377,347900,0.5,0.14742826020356062,0.3235864792184362,0.4222350818667665,0.5,0.13946284508288798,0.29342683051366714,0.36926847533784934,0.5,0.16672907376519044,0.3325050209347449,0.42329032916907783,0.16672907376519044,0.3325050209347449,0.42329032916907783,29377,17395,17395,1739500,100.0,100.0,0.4953354001045227,0.5418630242347717,0.24817915260791779,0.7311096787452698,0.7480341792106628,0.5460394024848938,0.2231677770614624,0.07407153646726095,0.8643476347491056,17395,2683,17395,0,20.0,92.99370322586037,mean,geometric_mean,odvg_phrase_grounding,3.5,2.0,4.0,iou,0.25,0.25,2.0,True,False,False,True,True,0.1,0.25,0.05,0.25,128,5,True,True,0.05,10,0.3,10,0.0,0.5,1.0,10,True,5,12,0.0,0.1,3,odvg_appended_phrase,4.0,0.25,20,0.5,0.5,1.0,2.0,True,False
epoch,1785309288.7269132,47,516.2926701218821,9.412471935278405e-05,9.412471935278405e-05,9.412471935278405e-05,9.412471935278406e-06,9.412471935278405e-05,2.269287586212158,12286,1.466968297958374,1.6046401262283325,0.8023200631141663,0.01775580644607544,0.5585524439811707,0.043808676302433014,0.03309174254536629,0.13236697018146515,0.056781284511089325,0.056781284511089325,0.13236697018146515,0.03309174254536629,,,,,,,,,,,,,,,,,,,0.13254432380199432,0.06595555692911148,0.03952860017246335,0.4681213193995302,13752,334148,29377,347900,0.5,0.14964087551485855,0.3248800081696565,0.4208734724444293,0.5,0.14341151240766586,0.29649045171392585,0.3718214930047316,0.5,0.1689416890764884,0.3323348197569527,0.42209892092453277,0.1689416890764884,0.3323348197569527,0.42209892092453277,29377,17395,17395,1739500,100.0,100.0,0.4943493604660034,0.540301501750946,0.24736961722373962,0.727948009967804,0.7477278113365173,0.54093337059021,0.217414990067482,0.07281205119067974,0.8653955271584838,17395,2683,17395,0,20.0,96.45729270088486,mean,geometric_mean,odvg_phrase_grounding,3.5,2.0,4.0,iou,0.25,0.25,2.0,True,False,False,True,True,0.1,0.25,0.05,0.25,128,5,True,True,0.05,10,0.3,10,0.0,0.5,1.0,10,True,5,12,0.0,0.1,3,odvg_appended_phrase,4.0,0.25,20,0.5,0.5,1.0,2.0,True,False
epoch,1785309807.7409024,48,511.79814534587786,9.388281096687294e-05,9.388281096687294e-05,9.388281096687294e-05,9.388281096687294e-06,9.388281096687294e-05,2.254530906677246,12286,1.4569810628890991,1.5950953960418701,0.7975476980209351,0.0176825113594532,0.5561162233352661,0.042931027710437775,0.0330285020172596,0.1321140080690384,0.05603213235735893,0.05603213235735893,0.1321140080690384,0.0330285020172596,,,,,,,,,,,,,,,,,,,0.13485653698444366,0.06708771735429764,0.03979304397815464,0.47125302107090583,13844,334056,29377,347900,0.5,0.1494706743370664,0.3259012152364094,0.4199543860843517,0.5,0.14201586274977024,0.2987030670252238,0.37066412499574497,0.5,0.16948633284542328,0.33407087177043265,0.42148619668448106,0.16948633284542328,0.33407087177043265,0.42148619668448106,29377,17395,17395,1739500,100.0,100.0,0.49541643261909485,0.5394935011863708,0.24888893961906433,0.730173647403717,0.7490894198417664,0.5412057042121887,0.21983183920383453,0.06995268314128289,0.8707465893340681,17395,2683,17395,0,20.0,96.85766961309128,mean,geometric_mean,odvg_phrase_grounding,3.5,2.0,4.0,iou,0.25,0.25,2.0,True,False,False,True,True,0.1,0.25,0.05,0.25,128,5,True,True,0.05,10,0.3,10,0.0,0.5,1.0,10,True,5,12,0.0,0.1,3,odvg_appended_phrase,4.0,0.25,20,0.5,0.5,1.0,2.0,True,False
epoch,1785310325.4517744,49,503.6306662741117,9.36363644893974e-05,9.36363644893974e-05,9.36363644893974e-05,9.36363644893974e-06,9.36363644893974e-05,2.255864381790161,12286,1.4540244340896606,1.60368013381958,0.80184006690979,0.01777953840792179,0.5541897416114807,0.04317665845155716,0.03254854679107666,0.13019418716430664,0.05603569373488426,0.05603569373488426,0.13019418716430664,0.03254854679107666,,,,,,,,,,,,,,,,,,,0.13567416369915009,0.06580998003482819,0.040198332854268465,0.4760526942846445,13985,333915,29377,347900,0.5,0.1521598529461824,0.328794635258876,0.42506042141811623,0.5,0.14296898934540628,0.2978861013718215,0.3687238315689145,0.5,0.17200531027674712,0.3409469993532355,0.426149708955986,0.17200531027674712,0.3409469993532355,0.426149708955986,29377,17395,17395,1739500,100.0,100.0,0.49446552991867065,0.5444075465202332,0.2486068308353424,0.7262744903564453,0.7488851547241211,0.5437927842140198,0.21598529815673828,0.0677400899293753,0.8754303258597214,17395,2683,17395,0,20.0,92.930086879991,mean,geometric_mean,odvg_phrase_grounding,3.5,2.0,4.0,iou,0.25,0.25,2.0,True,False,False,True,True,0.1,0.25,0.05,0.25,128,5,True,True,0.05,10,0.3,10,0.0,0.5,1.0,10,True,5,12,0.0,0.1,3,odvg_appended_phrase,4.0,0.25,20,0.5,0.5,1.0,2.0,True,False
epoch,1785310869.0915225,50,529.7494632711168,9.338540694599092e-05,9.338540694599092e-05,9.338540694599092e-05,9.338540694599092e-06,9.338540694599092e-05,2.2535653114318848,12286,1.4574824571609497,1.5921695232391357,0.7960847616195679,0.01782618835568428,0.5567683577537537,0.04286377876996994,0.03307861462235451,0.13231445848941803,0.05512651801109314,0.05512651801109314,0.13231445848941803,0.03307861462235451,1.467671275138855,0.01738300919532776,0.5435867309570312,0.04862387478351593,0.0697043240070343,0.0697043240070343,,,0.13139207661151886,0.032848019152879715,0.0,0.0,0,0.45,True,True,1.0,2.0,1.0,2.0,0.1378466635942459,0.06810018420219421,0.03997125610807704,0.4733635156755285,13906,333994,29377,347900,0.5,0.1500153181060013,0.3288286754944344,0.4258773870715185,0.5,0.14235626510535454,0.29809034278517205,0.3696769581645505,0.5,0.17077986179664364,0.3402321544065085,0.4270007148449467,0.17077986179664364,0.3402321544065085,0.4270007148449467,29377,17395,17395,1739500,100.0,100.0,0.4975212514400482,0.5456974506378174,0.24470777809619904,0.7355051636695862,0.7458896636962891,0.544405460357666,0.22980563342571259,0.07104194468213754,0.8695054516252205,17395,2683,17395,0,20.0,113.16754246107303,mean,geometric_mean,odvg_phrase_grounding,3.5,2.0,4.0,iou,0.25,0.25,2.0,True,False,False,True,True,0.1,0.25,0.05,0.25,128,5,True,True,0.05,10,0.3,10,0.0,0.5,1.0,10,True,5,12,0.0,0.1,3,odvg_appended_phrase,4.0,0.25,20,0.5,0.5,1.0,2.0,True,False
epoch,1785311402.2750766,51,517.2202653319109,9.312996585697615e-05,9.312996585697615e-05,9.312996585697615e-05,9.312996585697616e-06,9.312996585697615e-05,2.2412478923797607,12286,1.44440758228302,1.593680739402771,0.7968403697013855,0.017296340316534042,0.5502392053604126,0.04313186928629875,0.03271159157156944,0.13084636628627777,0.05628788843750954,0.05628788843750954,0.13084636628627777,0.03271159157156944,,,,,,,,,,,,,,,,,,,0.13674931228160858,0.06810615956783295,0.04030755964357574,0.4773462232358648,14023,333877,29377,347900,0.5,0.15192157129727338,0.3288286754944344,0.4285325254450761,0.5,0.14239030534091296,0.2974095380740035,0.3681791877999796,0.5,0.17156278721448753,0.3395173094597815,0.42897504850733564,0.17156278721448753,0.3395173094597815,0.42897504850733564,29377,17395,17395,1739500,100.0,100.0,0.5004734396934509,0.5468748807907104,0.25469207763671875,0.7351934909820557,0.7526977062225342,0.5495455861091614,0.2309289574623108,0.07219936287329659,0.8686198839581709,17395,2683,17395,0,20.0,99.05165662500076,mean,geometric_mean,odvg_phrase_grounding,3.5,2.0,4.0,iou,0.25,0.25,2.0,True,False,False,True,True,0.1,0.25,0.05,0.25,128,5,True,True,0.05,10,0.3,10,0.0,0.5,1.0,10,True,5,12,0.0,0.1,3,odvg_appended_phrase,4.0,0.25,20,0.5,0.5,1.0,2.0,True,False
epoch,1785311932.8091059,52,519.0066890600137,9.287006923434707e-05,9.287006923434707e-05,9.287006923434707e-05,9.287006923434707e-06,9.287006923434707e-05,2.24242901802063,12286,1.4497153759002686,1.5854265689849854,0.7927132844924927,0.01773572713136673,0.5540212392807007,0.042317818850278854,0.03319433331489563,0.13277733325958252,0.0552595891058445,0.0552595891058445,0.13277733325958252,0.03319433331489563,,,,,,,,,,,,,,,,,,,0.1394408941268921,0.07003916800022125,0.0405145156654211,0.47979712019607174,14095,333805,29377,347900,0.5,0.15209177247506553,0.3292371583211356,0.4271709160227389,0.5,0.14524968512782108,0.3025496136433264,0.3741021887871464,0.5,0.17285631616570787,0.3415597235932873,0.42839636450284235,0.17285631616570787,0.3415597235932873,0.42839636450284235,29377,17395,17395,1739500,100.0,100.0,0.5003333687782288,0.5490125417709351,0.25528594851493835,0.7359246611595154,0.7533785104751587,0.5495455861091614,0.22813765704631805,0.06974846591308964,0.8730797450182143,17395,2683,17395,0,20.0,99.89311834401451,mean,geometric_mean,odvg_phrase_grounding,3.5,2.0,4.0,iou,0.25,0.25,2.0,True,False,False,True,True,0.1,0.25,0.05,0.25,128,5,True,True,0.05,10,0.3,10,0.0,0.5,1.0,10,True,5,12,0.0,0.1,3,odvg_appended_phrase,4.0,0.25,20,0.5,0.5,1.0,2.0,True,False
epoch,1785312460.7999022,53,515.1621847960632,9.26057455786971e-05,9.26057455786971e-05,9.26057455786971e-05,9.26057455786971e-06,9.26057455786971e-05,2.233891725540161,12286,1.4414489269256592,1.5848866701126099,0.7924433350563049,0.017230454832315445,0.547887921333313,0.0435200110077858,0.03287184610962868,0.1314873844385147,0.0563393197953701,0.0563393197953701,0.1314873844385147,0.03287184610962868,,,,,,,,,,,,,,,,,,,0.14163245260715485,0.0705237090587616,0.04066110951422822,0.48153317220955166,14146,333754,29377,347900,0.5,0.15256833577288356,0.3309051298634987,0.4302004969874392,0.5,0.14460292065221092,0.30282193552779385,0.3760424822139769,0.5,0.17411580488136977,0.34241072948224804,0.43176634782312695,0.17411580488136977,0.34241072948224804,0.43176634782312695,29377,17395,17395,1739500,100.0,100.0,0.5015517473220825,0.5493119359016418,0.25451013445854187,0.7384015321731567,0.7535146474838257,0.5553324222564697,0.23038432002067566,0.07379925004691806,0.8671079751708873,17395,2683,17395,0,20.0,92.28236460592598,mean,geometric_mean,odvg_phrase_grounding,3.5,2.0,4.0,iou,0.25,0.25,2.0,True,False,False,True,True,0.1,0.25,0.05,0.25,128,5,True,True,0.05,10,0.3,10,0.0,0.5,1.0,10,True,5,12,0.0,0.1,3,odvg_appended_phrase,4.0,0.25,20,0.5,0.5,1.0,2.0,True,False
epoch,1785312990.0165758,54,514.9284024951048,9.233702387609375e-05,9.233702387609375e-05,9.233702387609375e-05,9.233702387609376e-06,9.233702387609375e-05,2.249302625656128,12286,1.4550538063049316,1.5885010957717896,0.7942505478858948,0.01848035492002964,0.556289792060852,0.04217161610722542,0.03272390365600586,0.13089561462402344,0.05465295538306236,0.05465295538306236,0.13089561462402344,0.03272390365600586,,,,,,,,,,,,,,,,,,,0.14261646568775177,0.07018513232469559,0.040434032768036796,0.4788439936004357,14067,333833,29377,347900,0.5,0.15267045647955885,0.33168805528134254,0.4336385607788406,0.5,0.14463696088776934,0.3066004016747796,0.37954862647649523,0.5,0.17411580488136977,0.34196820641998843,0.43442148619668447,0.17411580488136977,0.34196820641998843,0.43442148619668447,29377,17395,17395,1739500,100.0,100.0,0.49470409750938416,0.5430741906166077,0.2370302826166153,0.7326216697692871,0.7408517003059387,0.5448139905929565,0.2251761555671692,0.06596999699252082,0.878912806698078,17395,2683,17395,0,20.0,95.89827999589033,mean,geometric_mean,odvg_phrase_grounding,3.5,2.0,4.0,iou,0.25,0.25,2.0,True,False,False,True,True,0.1,0.25,0.05,0.25,128,5,True,True,0.05,10,0.3,10,0.0,0.5,1.0,10,True,5,12,0.0,0.1,3,odvg_appended_phrase,4.0,0.25,20,0.5,0.5,1.0,2.0,True,False
epoch,1785313540.3210015,55,536.042190994136,9.206393359489994e-05,9.206393359489994e-05,9.206393359489994e-05,9.206393359489995e-06,9.206393359489994e-05,2.230621099472046,12286,1.439309000968933,1.5826224088668823,0.7913112044334412,0.017675645649433136,0.547840416431427,0.04309123754501343,0.03242446109652519,0.12969784438610077,0.054930709302425385,0.054930709302425385,0.12969784438610077,0.03242446109652519,1.4632043838500977,0.017670907080173492,0.5391910076141357,0.049535736441612244,0.06960896402597427,0.06960896402597427,,,0.12999649345874786,0.032499123364686966,0.0,0.0,0,0.45,True,True,1.0,2.0,1.0,2.0,0.14220187067985535,0.07046638429164886,0.040520264443805694,0.47986520066718863,14097,333803,29377,347900,0.5,0.153317220955169,0.3344453143615754,0.4304728188719066,0.5,0.14633897266569085,0.30520475201688396,0.3799911495387548,0.5,0.17476256935697995,0.344861626442455,0.43166422711645164,0.17476256935697995,0.344861626442455,0.43166422711645164,29377,17395,17395,1739500,100.0,100.0,0.5023429989814758,0.5523145794868469,0.25767698884010315,0.7365254163742065,0.7555570602416992,0.5538686513900757,0.22980563342571259,0.07400345072288705,0.86638808580851,17395,2683,17395,0,20.0,114.81680652499199,mean,geometric_mean,odvg_phrase_grounding,3.5,2.0,4.0,iou,0.25,0.25,2.0,True,False,False,True,True,0.1,0.25,0.05,0.25,128,5,True,True,0.05,10,0.3,10,0.0,0.5,1.0,10,True,5,12,0.0,0.1,3,odvg_appended_phrase,4.0,0.25,20,0.5,0.5,1.0,2.0,True,False
epoch,1785314061.234808,56,514.6480853641406,9.178650468254244e-05,9.178650468254244e-05,9.178650468254244e-05,9.178650468254244e-06,9.178650468254244e-05,2.2395408153533936,12286,1.4444400072097778,1.590196967124939,0.7950984835624695,0.0180224422365427,0.5521332621574402,0.04213304817676544,0.0325726717710495,0.130290687084198,0.05423903092741966,0.05423903092741966,0.130290687084198,0.0325726717710495,,,,,,,,,,,,,,,,,,,0.14394594728946686,0.07212194055318832,0.040758838746766314,0.4826905402185383,14180,333720,29377,347900,0.5,0.15008339857711817,0.3355686421350036,0.4325152330054124,0.5,0.1479729039724955,0.30847261463049325,0.38050175307213124,0.5,0.172549954045682,0.3468359601048439,0.43367260101439903,0.172549954045682,0.3468359601048439,0.43367260101439903,29377,17395,17395,1739500,100.0,100.0,0.5001456141471863,0.5526489615440369,0.24938265979290009,0.7384741306304932,0.7492596507072449,0.5532559752464294,0.23269905149936676,0.07056543502789114,0.8724542739977456,17395,2683,17395,0,20.0,94.32746660104021,mean,geometric_mean,odvg_phrase_grounding,3.5,2.0,4.0,iou,0.25,0.25,2.0,True,False,False,True,True,0.1,0.25,0.05,0.25,128,5,True,True,0.05,10,0.3,10,0.0,0.5,1.0,10,True,5,12,0.0,0.1,3,odvg_appended_phrase,4.0,0.25,20,0.5,0.5,1.0,2.0,True,False
epoch,1785314596.7686515,57,521.6880434521008,9.150476756222783e-05,9.150476756222783e-05,9.150476756222783e-05,9.150476756222783e-06,9.150476756222783e-05,2.222055196762085,12286,1.4323756694793701,1.5793622732162476,0.7896811366081238,0.017719946801662445,0.5477792024612427,0.04171102121472359,0.03250462934374809,0.13001851737499237,0.054004959762096405,0.054004959762096405,0.13001851737499237,0.03250462934374809,,,,,,,,,,,,,,,,,,,0.14429022371768951,0.07235270738601685,0.04073009485484334,0.482350137862954,14170,333730,29377,347900,0.5,0.15273853695067569,0.33733873438404194,0.4372127855124757,0.5,0.1483133063280798,0.30976614358171356,0.3839398168635327,0.5,0.17438812676583723,0.34925281682949244,0.4379616706947612,0.17438812676583723,0.34925281682949244,0.4379616706947612,29377,17395,17395,1739500,100.0,100.0,0.5021181702613831,0.5554051995277405,0.25338873267173767,0.7411673665046692,0.7527317404747009,0.555570662021637,0.23651155829429626,0.07322052415868296,0.8682066401918261,17395,2683,17395,0,20.0,99.77120127901435,mean,geometric_mean,odvg_phrase_grounding,3.5,2.0,4.0,iou,0.25,0.25,2.0,True,False,False,True,True,0.1,0.25,0.05,0.25,128,5,True,True,0.05,10,0.3,10,0.0,0.5,1.0,10,True,5,12,0.0,0.1,3,odvg_appended_phrase,4.0,0.25,20,0.5,0.5,1.0,2.0,True,False
epoch,1785315129.9366808,58,519.4471641618293,9.121875312960624e-05,9.121875312960624e-05,9.121875312960624e-05,9.121875312960625e-06,9.121875312960624e-05,2.218125820159912,12286,1.4321528673171997,1.571946620941162,0.785973310470581,0.017594607546925545,0.5491178631782532,0.041166748851537704,0.03261620178818703,0.1304648071527481,0.05367174372076988,0.05367174372076988,0.1304648071527481,0.03261620178818703,,,,,,,,,,,,,,,,,,,0.14593499898910522,0.07271615415811539,0.04109226789307272,0.4866392075433162,14296,333604,29377,347900,0.5,0.1541001463730129,0.3395513496953399,0.43711066480580046,0.5,0.15004935834155972,0.3142934949109848,0.3888075705483882,0.5,0.17591993736596656,0.3497634203628689,0.4381999523436702,0.17591993736596656,0.3497634203628689,0.4381999523436702,29377,17395,17395,1739500,100.0,100.0,0.5019754767417908,0.5534786581993103,0.2523554861545563,0.7385944128036499,0.7512679696083069,0.5584300756454468,0.2332436889410019,0.07179086810213059,0.8714416159997239,17395,2683,17395,0,20.0,94.56562762102112,mean,geometric_mean,odvg_phrase_grounding,3.5,2.0,4.0,iou,0.25,0.25,2.0,True,False,False,True,True,0.1,0.25,0.05,0.25,128,5,True,True,0.05,10,0.3,10,0.0,0.5,1.0,10,True,5,12,0.0,0.1,3,odvg_appended_phrase,4.0,0.25,20,0.5,0.5,1.0,2.0,True,False
epoch,1785315654.6057618,59,510.0508045749739,9.092849274938331e-05,9.092849274938331e-05,9.092849274938331e-05,9.092849274938332e-06,9.092849274938331e-05,2.2051758766174316,12286,1.423791527748108,1.5627694129943848,0.7813847064971924,0.01734934374690056,0.5452672839164734,0.04133787006139755,0.03233074024319649,0.12932296097278595,0.053431011736392975,0.053431011736392975,0.12932296097278595,0.03233074024319649,,,,,,,,,,,,,,,,,,,0.14724117517471313,0.07192285358905792,0.041428571428571426,0.4906219151036525,14413,333487,29377,347900,0.5,0.1526364162440004,0.338530142628587,0.4377233890458522,0.5,0.15158116894168908,0.3172549954045682,0.392041392926439,0.5,0.17517105218368112,0.35000170201177794,0.43891479729039723,0.17517105218368112,0.35000170201177794,0.43891479729039723,29377,17395,17395,1739500,100.0,100.0,0.5031179785728455,0.5511309504508972,0.2620115578174591,0.7358414530754089,0.7588930130004883,0.5562174320220947,0.23021411895751953,0.06559551691844223,0.8820685704150377,17395,2683,17395,0,20.0,92.05158793297596,mean,geometric_mean,odvg_phrase_grounding,3.5,2.0,4.0,iou,0.25,0.25,2.0,True,False,False,True,True,0.1,0.25,0.05,0.25,128,5,True,True,0.05,10,0.3,10,0.0,0.5,1.0,10,True,5,12,0.0,0.1,3,odvg_appended_phrase,4.0,0.25,20,0.5,0.5,1.0,2.0,True,False
epoch,1785316196.4843268,60,528.8648027661256,9.063401825188065e-05,9.063401825188065e-05,9.063401825188065e-05,9.063401825188066e-06,9.063401825188065e-05,2.211864709854126,12286,1.4289734363555908,1.5657774209976196,0.7828887104988098,0.017515039071440697,0.5491517782211304,0.04055467247962952,0.0321856252849102,0.1287425011396408,0.05385035648941994,0.05385035648941994,0.1287425011396408,0.0321856252849102,1.4499013423919678,0.017413785681128502,0.5408884882926941,0.04627075046300888,0.06838608533143997,0.06838608533143997,,,0.12827135622501373,0.03206783905625343,0.0,0.0,0,0.45,True,True,1.0,2.0,1.0,2.0,0.15136727690696716,0.07529427111148834,0.04116125323368784,0.4874561731967185,14320,333580,29377,347900,0.5,0.15423630731524662,0.34302345372229975,0.44201245872621436,0.5,0.156482962862103,0.3228035538005923,0.39813459509139804,0.5,0.17700922490383633,0.35524389828777614,0.44231882084624025,0.17700922490383633,0.35524389828777614,0.44231882084624025,29377,17395,17395,1739500,100.0,100.0,0.5023899674415588,0.5508395433425903,0.25283733010292053,0.7419923543930054,0.7518466711044312,0.5530857443809509,0.23869013786315918,0.0656295711842324,0.881339246489368,17395,2683,17395,0,20.0,112.69736423296854,mean,geometric_mean,odvg_phrase_grounding,3.5,2.0,4.0,iou,0.25,0.25,2.0,True,False,False,True,True,0.1,0.25,0.05,0.25,128,5,True,True,0.05,10,0.3,10,0.0,0.5,1.0,10,True,5,12,0.0,0.1,3,odvg_appended_phrase,4.0,0.25,20,0.5,0.5,1.0,2.0,True,False
epoch,1785316716.2422469,61,507.0051152568776,9.033536192954534e-05,9.033536192954534e-05,9.033536192954534e-05,9.033536192954535e-06,9.033536192954534e-05,2.2163095474243164,12286,1.426511526107788,1.579598069190979,0.7897990345954895,0.017580386251211166,0.5472936630249023,0.04087843373417854,0.03242697939276695,0.1297079175710678,0.053264327347278595,0.053264327347278595,0.1297079175710678,0.03242697939276695,,,,,,,,,,,,,,,,,,,0.15263041853904724,0.07593828439712524,0.0417102615694165,0.4939578581883787,14511,333389,29377,347900,0.5,0.15413418660857134,0.34332981584232564,0.4432038669707594,0.5,0.15518943391088266,0.32171426626272254,0.39711338802464513,0.5,0.17622629948599244,0.35561834087891886,0.44466759709977194,0.17622629948599244,0.35561834087891886,0.44466759709977194,29377,17395,17395,1739500,100.0,100.0,0.5057397484779358,0.5589084029197693,0.25630950927734375,0.7417541146278381,0.7536508440971375,0.5629574060440063,0.236545592546463,0.06899954785562767,0.8774338038458385,17395,2683,17395,0,20.0,91.67222494608723,mean,geometric_mean,odvg_phrase_grounding,3.5,2.0,4.0,iou,0.25,0.25,2.0,True,False,False,True,True,0.1,0.25,0.05,0.25,128,5,True,True,0.05,10,0.3,10,0.0,0.5,1.0,10,True,5,12,0.0,0.1,3,odvg_appended_phrase,4.0,0.25,20,0.5,0.5,1.0,2.0,True,False
epoch,1785317247.4535947,62,516.7874607739504,9.003255653340868e-05,9.003255653340868e-05,9.003255653340868e-05,9.003255653340869e-06,9.003255653340868e-05,2.1919901371002197,12286,1.4082270860671997,1.5675292015075684,0.7837646007537842,0.01682553067803383,0.5388484597206116,0.04110964015126228,0.032134465873241425,0.1285378634929657,0.053774140775203705,0.053774140775203705,0.1285378634929657,0.032134465873241425,,,,,,,,,,,,,,,,,,,0.15454775094985962,0.07732166349887848,0.04176774935326243,0.4946386628995473,14531,333369,29377,347900,0.5,0.15559791673758383,0.344861626442455,0.44330598767743473,0.5,0.15978486571127073,0.32807979031214896,0.3992919631003847,0.5,0.17942608162848486,0.3590223644347619,0.4444973959219798,0.17942608162848486,0.3590223644347619,0.4444973959219798,29377,17395,17395,1739500,100.0,100.0,0.5077837705612183,0.5592460036277771,0.26296883821487427,0.7422026991844177,0.7599822878837585,0.5612553954124451,0.23858800530433655,0.06661673251289779,0.8813076309690641,17395,2683,17395,0,20.0,97.23634246108122,mean,geometric_mean,odvg_phrase_grounding,3.5,2.0,4.0,iou,0.25,0.25,2.0,True,False,False,True,True,0.1,0.25,0.05,0.25,128,5,True,True,0.05,10,0.3,10,0.0,0.5,1.0,10,True,5,12,0.0,0.1,3,odvg_appended_phrase,4.0,0.25,20,0.5,0.5,1.0,2.0,True,False
epoch,1785317790.7105048,63,529.1884967130609,8.972563526949467e-05,8.972563526949467e-05,8.972563526949467e-05,8.972563526949468e-06,8.972563526949467e-05,2.203131914138794,12286,1.4149874448776245,1.576291561126709,0.7881457805633545,0.016896048560738564,0.5399347543716431,0.042151257395744324,0.03226432204246521,0.12905728816986084,0.0537603534758091,0.0537603534758091,0.12905728816986084,0.03226432204246521,,,,,,,,,,,,,,,,,,,0.15264609456062317,0.07639157027006149,0.04156941649899396,0.4922898866460156,14462,333438,29377,347900,0.5,0.15358954283963644,0.34172992477107944,0.442216700139565,0.5,0.15597235932872655,0.32573101405861726,0.39850903768254076,0.5,0.17700922490383633,0.3554481397011267,0.44371447050413587,0.17700922490383633,0.3554481397011267,0.44371447050413587,29377,17395,17395,1739500,100.0,100.0,0.5072150826454163,0.5594021677970886,0.25741448998451233,0.7472907900810242,0.7555570602416992,0.5578173398971558,0.24638321995735168,0.06552745325114018,0.8825288341462791,17395,2683,17395,0,20.0,96.81342339119874,mean,geometric_mean,odvg_phrase_grounding,3.5,2.0,4.0,iou,0.25,0.25,2.0,True,False,False,True,True,0.1,0.25,0.05,0.25,128,5,True,True,0.05,10,0.3,10,0.0,0.5,1.0,10,True,5,12,0.0,0.1,3,odvg_appended_phrase,4.0,0.25,20,0.5,0.5,1.0,2.0,True,False
epoch,1785318330.2228022,64,528.6842582721729,8.941463179517859e-05,8.941463179517859e-05,8.941463179517859e-05,8.941463179517858e-06,8.941463179517859e-05,2.1930816173553467,12286,1.407497525215149,1.5711681842803955,0.7855840921401978,0.016674509271979332,0.5336368083953857,0.0434986911714077,0.03191491961479187,0.12765967845916748,0.054353974759578705,0.054353974759578705,0.12765967845916748,0.03191491961479187,,,,,,,,,,,,,,,,,,,0.15407615900039673,0.07651136815547943,0.04221040528887612,0.4998808591755455,14685,333215,29377,347900,0.5,0.156244681213194,0.34346597678455937,0.4451782006331484,0.5,0.16056779112911462,0.32818191101882427,0.4020832624161759,0.5,0.18078769105082207,0.3568437893590224,0.4467780917043946,0.18078769105082207,0.3568437893590224,0.4467780917043946,29377,17395,17395,1739500,100.0,100.0,0.513861894607544,0.5676313042640686,0.274578720331192,0.7496547698974609,0.7670966982841492,0.5719780921936035,0.24954897165298462,0.07209723301805804,0.8739510586121286,17395,2683,17395,0,20.0,91.4470900548622,mean,geometric_mean,odvg_phrase_grounding,3.5,2.0,4.0,iou,0.25,0.25,2.0,True,False,False,True,True,0.1,0.25,0.05,0.25,128,5,True,True,0.05,10,0.3,10,0.0,0.5,1.0,10,True,5,12,0.0,0.1,3,odvg_appended_phrase,4.0,0.25,20,0.5,0.5,1.0,2.0,True,False
epoch,1785318863.8514426,65,527.2477912059985,8.909958021549606e-05,8.909958021549606e-05,8.909958021549606e-05,8.909958021549607e-06,8.909958021549606e-05,2.195868492126465,12286,1.4074546098709106,1.5768290758132935,0.7884145379066467,0.016634231433272362,0.5341827869415283,0.04320482537150383,0.03225378692150116,0.12901514768600464,0.05401487275958061,0.05401487275958061,0.12901514768600464,0.03225378692150116,1.4408947229385376,0.016939843073487282,0.532734215259552,0.04845795780420303,0.06780648976564407,0.06780648976564407,,,0.12850090861320496,0.03212522715330124,0.0,0.0,0,0.45,True,True,1.0,2.0,1.0,2.0,0.1549161970615387,0.076851986348629,0.042135671169876404,0.4989958130510263,14659,333241,29377,347900,0.5,0.1572658882799469,0.34244476971780646,0.4455186029887327,0.5,0.1608060727780236,0.3294754399700446,0.40279810736290295,0.5,0.1796984035129523,0.3568437893590224,0.44708445382442047,0.1796984035129523,0.3568437893590224,0.44708445382442047,29377,17395,17395,1739500,100.0,100.0,0.5130268335342407,0.5660751461982727,0.2763203978538513,0.7470749616622925,0.7663137912750244,0.567825198173523,0.24679170548915863,0.06882938512249664,0.8787842009408978,17395,2683,17395,0,20.0,114.93186773499474,mean,geometric_mean,odvg_phrase_grounding,3.5,2.0,4.0,iou,0.25,0.25,2.0,True,False,False,True,True,0.1,0.25,0.05,0.25,128,5,True,True,0.05,10,0.3,10,0.0,0.5,1.0,10,True,5,12,0.0,0.1,3,odvg_appended_phrase,4.0,0.25,20,0.5,0.5,1.0,2.0,True,False
epoch,1785319391.4401686,66,513.2251865579747,8.878051507940312e-05,8.878051507940312e-05,8.878051507940312e-05,8.878051507940312e-06,8.878051507940312e-05,2.1822869777679443,12286,1.4024726152420044,1.5596271753311157,0.7798135876655579,0.01667359471321106,0.5339194536209106,0.04230844974517822,0.03190198168158531,0.12760792672634125,0.05361442640423775,0.05361442640423775,0.12760792672634125,0.03190198168158531,,,,,,,,,,,,,,,,,,,0.15944638848304749,0.07896855473518372,0.042414486921529174,0.502297715900194,14756,333144,29377,347900,0.5,0.15556387650202538,0.3492868570650509,0.45164584538925007,0.5,0.16165707866698437,0.3320965381080437,0.4087551485856282,0.5,0.1785750757395241,0.36317527317289033,0.4524628110426524,0.1785750757395241,0.36317527317289033,0.4524628110426524,29377,17395,17395,1739500,100.0,100.0,0.5136883854866028,0.5660860538482666,0.2793067693710327,0.7453745007514954,0.7685263752937317,0.571058988571167,0.24403445422649384,0.06876127267097298,0.8795898951822492,17395,2683,17395,0,20.0,97.0148395919241,mean,geometric_mean,odvg_phrase_grounding,3.5,2.0,4.0,iou,0.25,0.25,2.0,True,False,False,True,True,0.1,0.25,0.05,0.25,128,5,True,True,0.05,10,0.3,10,0.0,0.5,1.0,10,True,5,12,0.0,0.1,3,odvg_appended_phrase,4.0,0.25,20,0.5,0.5,1.0,2.0,True,False
epoch,1785319910.4478433,67,505.9478268418461,8.845747137598749e-05,8.845747137598749e-05,8.845747137598749e-05,8.845747137598748e-06,8.845747137598749e-05,2.1723594665527344,12286,1.395925760269165,1.552865743637085,0.7764328718185425,0.01641114056110382,0.532892107963562,0.041569698601961136,0.03180330619215965,0.1272132247686386,0.05335463955998421,0.05335463955998421,0.1272132247686386,0.03180330619215965,,,,,,,,,,,,,,,,,,,0.16112002730369568,0.07901611924171448,0.042612819775797645,0.5046464921537257,14825,333075,29377,347900,0.5,0.15801477346223236,0.3502059434251285,0.4518500868026007,0.5,0.16322292950267217,0.3331177451747966,0.407393539163291,0.5,0.18289818565544474,0.3649113251863703,0.45293937434047044,0.18289818565544474,0.3649113251863703,0.45293937434047044,29377,17395,17395,1739500,100.0,100.0,0.5151225924491882,0.5649858117103577,0.27920541167259216,0.7469155192375183,0.7710453867912292,0.5744970440864563,0.24478332698345184,0.0698505519327306,0.8784144276254644,17395,2683,17395,0,20.0,91.08090389589779,mean,geometric_mean,odvg_phrase_grounding,3.5,2.0,4.0,iou,0.25,0.25,2.0,True,False,False,True,True,0.1,0.25,0.05,0.25,128,5,True,True,0.05,10,0.3,10,0.0,0.5,1.0,10,True,5,12,0.0,0.1,3,odvg_appended_phrase,4.0,0.25,20,0.5,0.5,1.0,2.0,True,False
epoch,1785320429.9523807,68,505.53778621484526,8.81304845306316e-05,8.81304845306316e-05,8.81304845306316e-05,8.813048453063161e-06,8.81304845306316e-05,2.1789722442626953,12286,1.4016858339309692,1.5545649528503418,0.7772824764251709,0.0168750137090683,0.53731769323349,0.04068533331155777,0.03171434625983238,0.12685738503932953,0.05260610580444336,0.05260610580444336,0.12685738503932953,0.03171434625983238,,,,,,,,,,,,,,,,,,,0.16108167171478271,0.08030584454536438,0.042405863753952285,0.5021955951935188,14753,333147,29377,347900,0.5,0.15559791673758383,0.35058038601627123,0.4525649317493277,0.5,0.16189536031589338,0.3318242162235763,0.40855090717227766,0.5,0.17973244374851075,0.36531980801307146,0.45341593763828847,0.17973244374851075,0.36531980801307146,0.45341593763828847,29377,17395,17395,1739500,100.0,100.0,0.5119099020957947,0.5593876838684082,0.27522990107536316,0.7487120628356934,0.7666201591491699,0.5659529566764832,0.24869796633720398,0.0637573614829644,0.8873451216557383,17395,2683,17395,0,20.0,92.86865369603038,mean,geometric_mean,odvg_phrase_grounding,3.5,2.0,4.0,iou,0.25,0.25,2.0,True,False,False,True,True,0.1,0.25,0.05,0.25,128,5,True,True,0.05,10,0.3,10,0.0,0.5,1.0,10,True,5,12,0.0,0.1,3,odvg_appended_phrase,4.0,0.25,20,0.5,0.5,1.0,2.0,True,False
epoch,1785320942.428796,69,505.8361157940235,8.779959040112787e-05,8.779959040112787e-05,8.779959040112787e-05,8.779959040112787e-06,8.779959040112787e-05,2.169557571411133,12286,1.3939944505691528,1.5511198043823242,0.7755599021911621,0.016662945970892906,0.5322599411010742,0.04140477627515793,0.0317574106156826,0.1270296424627304,0.05256025493144989,0.05256025493144989,0.1270296424627304,0.0317574106156826,,,,,,,,,,,,,,,,,,,0.16021254658699036,0.08092860877513885,0.04269905145156654,0.5056676992204786,14855,333045,29377,347900,0.5,0.156482962862103,0.34911665588725876,0.4538244204649896,0.5,0.16516322292950267,0.3386322633352623,0.4152908738128468,0.5,0.18007284610409505,0.3641624400040848,0.4545052251761582,0.18007284610409505,0.3641624400040848,0.4545052251761582,29377,17395,17395,1739500,100.0,100.0,0.514671802520752,0.5679174661636353,0.2745385766029358,0.7479671239852905,0.7675732970237732,0.5731354355812073,0.2469959557056427,0.06746773636072867,0.8822830832431243,17395,2683,17395,0,20.0,95.69779016310349,mean,geometric_mean,odvg_phrase_grounding,3.5,2.0,4.0,iou,0.25,0.25,2.0,True,False,False,True,True,0.1,0.25,0.05,0.25,128,5,True,True,0.05,10,0.3,10,0.0,0.5,1.0,10,True,5,12,0.0,0.1,3,odvg_appended_phrase,4.0,0.25,20,0.5,0.5,1.0,2.0,True,False
epoch,1785321470.641742,70,519.3586375259329,8.746482527374642e-05,8.746482527374642e-05,8.746482527374642e-05,8.746482527374643e-06,8.746482527374642e-05,2.164684534072876,12286,1.3917804956436157,1.5458049774169922,0.7729024887084961,0.01663690246641636,0.5316853523254395,0.04120124131441116,0.031806830316782,0.127227321267128,0.052346862852573395,0.052346862852573395,0.127227321267128,0.031806830316782,1.4317364692687988,0.017008204013109207,0.5303162932395935,0.04790881648659706,0.06619255244731903,0.06619255244731903,,,0.12744450569152832,0.03186112642288208,0.0,0.0,0,0.45,True,True,1.0,2.0,1.0,2.0,0.16073550283908844,0.08063866943120956,0.04269905145156654,0.5056676992204786,14855,333045,29377,347900,0.5,0.15889981958675153,0.34775504646492156,0.45627531742519656,0.5,0.16478878033835995,0.3346155155393675,0.41151240766586106,0.5,0.18436191578445724,0.3627667903461892,0.45729652449194946,0.18436191578445724,0.3627667903461892,0.45729652449194946,29377,17395,17395,1739500,100.0,100.0,0.5142730474472046,0.5653697848320007,0.27484679222106934,0.7522830963134766,0.7664499282836914,0.5727609992027283,0.2528168261051178,0.06709329998224967,0.8828598663742081,17395,2683,17395,0,20.0,110.06321039097384,mean,geometric_mean,odvg_phrase_grounding,3.5,2.0,4.0,iou,0.25,0.25,2.0,True,False,False,True,True,0.1,0.25,0.05,0.25,128,5,True,True,0.05,10,0.3,10,0.0,0.5,1.0,10,True,5,12,0.0,0.1,3,odvg_appended_phrase,4.0,0.25,20,0.5,0.5,1.0,2.0,True,False
epoch,1785321978.854636,71,501.7866772490088,8.712622585925595e-05,8.712622585925595e-05,8.712622585925595e-05,8.712622585925594e-06,8.712622585925595e-05,2.175825595855713,12286,1.403625249862671,1.5443971157073975,0.7721985578536987,0.017177367582917213,0.5350480079650879,0.042021870613098145,0.03191906213760376,0.12767624855041504,0.05236336216330528,0.05236336216330528,0.12767624855041504,0.03191906213760376,,,,,,,,,,,,,,,,,,,0.15762323141098022,0.07891684770584106,0.04232538085656798,0.5012424685978827,14725,333175,29377,347900,0.5,0.1572658882799469,0.34663171869149334,0.45079483950028937,0.5,0.1608060727780236,0.3301902849167716,0.40507880314531775,0.5,0.18088981175749735,0.362120025870579,0.45164584538925007,0.18088981175749735,0.362120025870579,0.45164584538925007,29377,17395,17395,1739500,100.0,100.0,0.5116535425186157,0.5673320889472961,0.2677023112773895,0.749233067035675,0.7616842985153198,0.5687442421913147,0.2484937161207199,0.06750177359343201,0.8813143613843818,17395,2683,17395,0,20.0,93.01544682891108,mean,geometric_mean,odvg_phrase_grounding,3.5,2.0,4.0,iou,0.25,0.25,2.0,True,False,False,True,True,0.1,0.25,0.05,0.25,128,5,True,True,0.05,10,0.3,10,0.0,0.5,1.0,10,True,5,12,0.0,0.1,3,odvg_appended_phrase,4.0,0.25,20,0.5,0.5,1.0,2.0,True,False
epoch,1785322485.1500924,72,499.79117975686677,8.67838292888979e-05,8.67838292888979e-05,8.67838292888979e-05,8.67838292888979e-06,8.67838292888979e-05,2.165865898132324,12286,1.3932597637176514,1.5452090501785278,0.7726045250892639,0.016941463574767113,0.5304704904556274,0.04186517000198364,0.03172604367136955,0.1269041746854782,0.05273778364062309,0.05273778364062309,0.1269041746854782,0.03172604367136955,,,,,,,,,,,,,,,,,,,0.16268983483314514,0.0811997801065445,0.04256970393791319,0.5041358886203493,14810,333090,29377,347900,0.5,0.15689144568880417,0.3491506961228172,0.45307553528270417,0.5,0.16128263607584165,0.33073492868570653,0.4063042516254213,0.5,0.18163869693978282,0.36494536542192874,0.45433502399836606,0.18163869693978282,0.36494536542192874,0.45433502399836606,29377,17395,17395,1739500,100.0,100.0,0.51324862241745,0.5703938603401184,0.2703980505466461,0.7497638463973999,0.7639650106430054,0.5714674592018127,0.2497532069683075,0.06733157058146344,0.882177769709744,17395,2683,17395,0,20.0,90.82293947204016,mean,geometric_mean,odvg_phrase_grounding,3.5,2.0,4.0,iou,0.25,0.25,2.0,True,False,False,True,True,0.1,0.25,0.05,0.25,128,5,True,True,0.05,10,0.3,10,0.0,0.5,1.0,10,True,5,12,0.0,0.1,3,odvg_appended_phrase,4.0,0.25,20,0.5,0.5,1.0,2.0,True,False
epoch,1785323011.710731,73,512.5607536751777,8.643767311031469e-05,8.643767311031469e-05,8.643767311031469e-05,8.643767311031469e-06,8.643767311031469e-05,2.164341688156128,12286,1.3899592161178589,1.5487644672393799,0.7743822336196899,0.016646215692162514,0.5295814871788025,0.04170871898531914,0.03170691058039665,0.1268276423215866,0.05307796597480774,0.05307796597480774,0.1268276423215866,0.03170691058039665,,,,,,,,,,,,,,,,,,,0.1625491827726364,0.07907713949680328,0.042745041678643285,0.5062123429894135,14871,333029,29377,347900,0.5,0.1581509344044661,0.3518058344963747,0.4567518807230146,0.5,0.1579466929911155,0.3279095891343568,0.40089185417163087,0.5,0.18391939272219765,0.36838342921333017,0.45770500731865066,0.18391939272219765,0.36838342921333017,0.45770500731865066,29377,17395,17395,1739500,100.0,100.0,0.513701319694519,0.5705955624580383,0.2729417681694031,0.7465755939483643,0.7660414576530457,0.573543906211853,0.2449875771999359,0.0673315632224395,0.8826043438118775,17395,2683,17395,0,20.0,97.49245689692907,mean,geometric_mean,odvg_phrase_grounding,3.5,2.0,4.0,iou,0.25,0.25,2.0,True,False,False,True,True,0.1,0.25,0.05,0.25,128,5,True,True,0.05,10,0.3,10,0.0,0.5,1.0,10,True,5,12,0.0,0.1,3,odvg_appended_phrase,4.0,0.25,20,0.5,0.5,1.0,2.0,True,False
epoch,1785323535.6303215,74,516.2676816759631,8.60877952834321e-05,8.60877952834321e-05,8.60877952834321e-05,8.608779528343212e-06,8.60877952834321e-05,2.1473944187164307,12286,1.3778899908065796,1.5390124320983887,0.7695062160491943,0.01607496291399002,0.5259087681770325,0.04117210581898689,0.03169533237814903,0.12678132951259613,0.052328504621982574,0.052328504621982574,0.12678132951259613,0.03169533237814903,,,,,,,,,,,,,,,,,,,0.16366465389728546,0.08017612248659134,0.0433342914630641,0.5131905912788917,15076,332824,29377,347900,0.5,0.16073799230690677,0.3547673349899581,0.45995166286550704,0.5,0.16230384314259455,0.33144977363243355,0.4083126255233686,0.5,0.1849065595533921,0.36954079722231675,0.46121115158116893,0.1849065595533921,0.36954079722231675,0.46121115158116893,29377,17395,17395,1739500,100.0,100.0,0.5180718898773193,0.5759872198104858,0.2830340564250946,0.7496603727340698,0.7717602252960205,0.5802158117294312,0.24941280484199524,0.06702522045053949,0.8844822579881794,17395,2683,17395,0,20.0,99.21036370890215,mean,geometric_mean,odvg_phrase_grounding,3.5,2.0,4.0,iou,0.25,0.25,2.0,True,False,False,True,True,0.1,0.25,0.05,0.25,128,5,True,True,0.05,10,0.3,10,0.0,0.5,1.0,10,True,5,12,0.0,0.1,3,odvg_appended_phrase,4.0,0.25,20,0.5,0.5,1.0,2.0,True,False
epoch,1785324087.9439156,75,537.0812110290863,8.573423417629666e-05,8.573423417629666e-05,8.573423417629666e-05,8.573423417629665e-06,8.573423417629666e-05,2.1383395195007324,12286,1.3728399276733398,1.5310001373291016,0.7655000686645508,0.015659108757972717,0.5221414566040039,0.04203242063522339,0.03161826357245445,0.1264730542898178,0.05265351012349129,0.05265351012349129,0.1264730542898178,0.03161826357245445,1.416176676750183,0.016489000990986824,0.5235907435417175,0.0477224662899971,0.06643886119127274,0.06643886119127274,,,0.1274469941854477,0.03186174854636192,0.0,0.0,0,0.45,True,True,1.0,2.0,1.0,2.0,0.1636919528245926,0.08176209032535553,0.0436705949985628,0.5171732988392279,15193,332707,29377,347900,0.5,0.1599891071246213,0.35490349593219184,0.462164278176805,0.5,0.16478878033835995,0.3362494468461722,0.409606154474589,0.5,0.18446403649113252,0.3711747285291214,0.4633216461857916,0.18446403649113252,0.3711747285291214,0.4633216461857916,29377,17395,17395,1739500,100.0,100.0,0.5212256908416748,0.5801726579666138,0.2844439148902893,0.7537761330604553,0.7736324071884155,0.5820539593696594,0.25554004311561584,0.06488066053043151,0.8885315364907154,17395,2683,17395,0,20.0,116.06366812996566,mean,geometric_mean,odvg_phrase_grounding,3.5,2.0,4.0,iou,0.25,0.25,2.0,True,False,False,True,True,0.1,0.25,0.05,0.25,128,5,True,True,0.05,10,0.3,10,0.0,0.5,1.0,10,True,5,12,0.0,0.1,3,odvg_appended_phrase,4.0,0.25,20,0.5,0.5,1.0,2.0,True,False
epoch,1785324613.0492322,76,509.78449271502905,8.537702856086799e-05,8.537702856086799e-05,8.537702856086799e-05,8.5377028560868e-06,8.537702856086799e-05,2.135255813598633,12286,1.3695132732391357,1.5314861536026,0.7657430768013,0.01598314754664898,0.5236585736274719,0.04061204567551613,0.031550101935863495,0.12620040774345398,0.051358141005039215,0.051358141005039215,0.12620040774345398,0.031550101935863495,,,,,,,,,,,,,,,,,,,0.16611304879188538,0.08174040913581848,0.04356999137683242,0.5159818905946829,15158,332742,29377,347900,0.5,0.16026142900908874,0.3564012662967628,0.4613813527589611,0.5,0.16580998740511285,0.33938114851754775,0.4145419886305613,0.5,0.1845661571978078,0.37158321135582256,0.4624366000612724,0.1845661571978078,0.37158321135582256,0.4624366000612724,29377,17395,17395,1739500,100.0,100.0,0.5191898941993713,0.5763819217681885,0.2809332311153412,0.7511410713195801,0.7721686959266663,0.5803860425949097,0.25165945291519165,0.06440415200022676,0.8890322177420473,17395,2683,17395,0,20.0,91.97191394888796,mean,geometric_mean,odvg_phrase_grounding,3.5,2.0,4.0,iou,0.25,0.25,2.0,True,False,False,True,True,0.1,0.25,0.05,0.25,128,5,True,True,0.05,10,0.3,10,0.0,0.5,1.0,10,True,5,12,0.0,0.1,3,odvg_appended_phrase,4.0,0.25,20,0.5,0.5,1.0,2.0,True,False
epoch,1785325129.6419969,77,503.6281734041404,8.501621760876719e-05,8.501621760876719e-05,8.501621760876719e-05,8.501621760876719e-06,8.501621760876719e-05,2.1333327293395996,12286,1.3719865083694458,1.522692084312439,0.7613460421562195,0.015947582200169563,0.5219967365264893,0.04189476743340492,0.031361885368824005,0.12544754147529602,0.0522938072681427,0.0522938072681427,0.12544754147529602,0.031361885368824005,,,,,,,,,,,,,,,,,,,0.1668846607208252,0.08207225054502487,0.043345789019833283,0.5133267522211253,15080,332820,29377,347900,0.5,0.16128263607584165,0.3544269326343738,0.4605984273411172,0.5,0.16512918269394425,0.33767913673962624,0.4117166490792116,0.5,0.18722129557136535,0.3721278551247575,0.462402559825714,0.18722129557136535,0.3721278551247575,0.462402559825714,29377,17395,17395,1739500,100.0,100.0,0.51816725730896,0.5743188858032227,0.2820926308631897,0.7502670884132385,0.7710113525390625,0.5806923508644104,0.25016167759895325,0.06736559864328506,0.8839908971712722,17395,2683,17395,0,20.0,91.78391345101409,mean,geometric_mean,odvg_phrase_grounding,3.5,2.0,4.0,iou,0.25,0.25,2.0,True,False,False,True,True,0.1,0.25,0.05,0.25,128,5,True,True,0.05,10,0.3,10,0.0,0.5,1.0,10,True,5,12,0.0,0.1,3,odvg_appended_phrase,4.0,0.25,20,0.5,0.5,1.0,2.0,True,False
epoch,1785325642.6321733,78,499.76404179097153,8.465184088698113e-05,8.465184088698113e-05,8.465184088698113e-05,8.465184088698113e-06,8.465184088698113e-05,2.1272575855255127,12286,1.3672451972961426,1.5200233459472656,0.7600116729736328,0.01579519733786583,0.5209115743637085,0.0414138063788414,0.03143918514251709,0.12575674057006836,0.05206267908215523,0.05206267908215523,0.12575674057006836,0.03143918514251709,,,,,,,,,,,,,,,,,,,0.16836263239383698,0.08384837210178375,0.04365622305260132,0.5170030976614358,15188,332712,29377,347900,0.5,0.16097627395581576,0.35602682370562005,0.4651257786703884,0.5,0.16618442999625557,0.3386322633352623,0.4133505803860163,0.5,0.18688089321578105,0.372093814889199,0.46699799162610206,0.18688089321578105,0.372093814889199,0.46699799162610206,29377,17395,17395,1739500,100.0,100.0,0.5199071764945984,0.5733582973480225,0.2845284938812256,0.7527244091033936,0.7716581225395203,0.5815433859825134,0.2543826699256897,0.06454028832107761,0.8890189625112196,17395,2683,17395,0,20.0,91.1442717530299,mean,geometric_mean,odvg_phrase_grounding,3.5,2.0,4.0,iou,0.25,0.25,2.0,True,False,False,True,True,0.1,0.25,0.05,0.25,128,5,True,True,0.05,10,0.3,10,0.0,0.5,1.0,10,True,5,12,0.0,0.1,3,odvg_appended_phrase,4.0,0.25,20,0.5,0.5,1.0,2.0,True,False
epoch,1785326160.8450468,79,504.8126340631861,8.428393835352348e-05,8.428393835352348e-05,8.428393835352348e-05,8.428393835352349e-06,8.428393835352348e-05,2.1239752769470215,12286,1.3629456758499146,1.5220602750778198,0.7610301375389099,0.015671031549572945,0.5196486115455627,0.04119057208299637,0.03136368468403816,0.12545473873615265,0.05183758959174156,0.05183758959174156,0.12545473873615265,0.03136368468403816,,,,,,,,,,,,,,,,,,,0.17066991329193115,0.08520559966564178,0.0436763437769474,0.5172413793103449,15195,332705,29377,347900,0.5,0.16070395207134833,0.36201790516390375,0.4693127276440753,0.5,0.17098410320999421,0.3455424311536236,0.4215202369200395,0.5,0.1871532151002485,0.37757429281410626,0.4695510092929843,0.1871532151002485,0.37757429281410626,0.4695510092929843,29377,17395,17395,1739500,100.0,100.0,0.5210979580879211,0.5773569345474243,0.2834942042827606,0.7521197199821472,0.7711474895477295,0.5806242823600769,0.25291895866394043,0.06338290304973204,0.8908366305451468,17395,2683,17395,0,20.0,94.44281501183286,mean,geometric_mean,odvg_phrase_grounding,3.5,2.0,4.0,iou,0.25,0.25,2.0,True,False,False,True,True,0.1,0.25,0.05,0.25,128,5,True,True,0.05,10,0.3,10,0.0,0.5,1.0,10,True,5,12,0.0,0.1,3,odvg_appended_phrase,4.0,0.25,20,0.5,0.5,1.0,2.0,True,False
epoch,1785326704.8331878,80,530.3010651450604,8.391255035305296e-05,8.391255035305296e-05,8.391255035305296e-05,8.391255035305294e-06,8.391255035305296e-05,2.125349998474121,12286,1.3641352653503418,1.5224308967590332,0.7612154483795166,0.015550007112324238,0.5178894996643066,0.0423675999045372,0.031240472570061684,0.12496189028024673,0.05220697820186615,0.05220697820186615,0.12496189028024673,0.031240472570061684,1.4194782972335815,0.016741229221224785,0.5255156755447388,0.04792553186416626,0.06533929705619812,0.06533929705619812,,,0.12571750581264496,0.03142937645316124,0.0,0.0,0,0.45,True,True,1.0,2.0,1.0,2.0,0.1729104220867157,0.08660133928060532,0.04385455590686979,0.5193518739149675,15257,332643,29377,347900,0.5,0.159648704769037,0.35943084726146307,0.466521428328284,0.5,0.16628655070293086,0.3458487932736495,0.4225754842223508,0.5,0.18694897368689792,0.37597440174286006,0.4674745549239201,0.18694897368689792,0.37597440174286006,0.4674745549239201,29377,17395,17395,1739500,100.0,100.0,0.5212109684944153,0.5776643753051758,0.2831856608390808,0.7554928064346313,0.7718623280525208,0.586683452129364,0.25673145055770874,0.0673315782143965,0.8852335480572753,17395,2683,17395,0,20.0,113.40714681404643,mean,geometric_mean,odvg_phrase_grounding,3.5,2.0,4.0,iou,0.25,0.25,2.0,True,False,False,True,True,0.1,0.25,0.05,0.25,128,5,True,True,0.05,10,0.3,10,0.0,0.5,1.0,10,True,5,12,0.0,0.1,3,odvg_appended_phrase,4.0,0.25,20,0.5,0.5,1.0,2.0,True,False
epoch,1785327233.016511,81,513.4786063670181,8.353771761244894e-05,8.353771761244894e-05,8.353771761244894e-05,8.353771761244895e-06,8.353771761244894e-05,2.132138729095459,12286,1.3717249631881714,1.5208287239074707,0.7604143619537354,0.01616852916777134,0.5225558280944824,0.041642799973487854,0.03153352439403534,0.12613409757614136,0.05110764876008034,0.05110764876008034,0.12613409757614136,0.03153352439403534,,,,,,,,,,,,,,,,,,,0.16850872337818146,0.0842876061797142,0.04326530612244898,0.5123736256254894,15052,332848,29377,347900,0.5,0.1606699118357899,0.35728631242128195,0.4605984273411172,0.5,0.16448241821833406,0.33645368825952277,0.41052524083466657,0.5,0.18756169792694966,0.37260441842257547,0.4618238758212207,0.18756169792694966,0.37260441842257547,0.4618238758212207,29377,17395,17395,1739500,100.0,100.0,0.5206427574157715,0.5755187273025513,0.2764451205730438,0.760350227355957,0.7690710425376892,0.5823603272438049,0.2647649645805359,0.06998670161831555,0.8798223396336962,17395,2683,17395,0,20.0,94.97507581696846,mean,geometric_mean,odvg_phrase_grounding,3.5,2.0,4.0,iou,0.25,0.25,2.0,True,False,False,True,True,0.1,0.25,0.05,0.25,128,5,True,True,0.05,10,0.3,10,0.0,0.5,1.0,10,True,5,12,0.0,0.1,3,odvg_appended_phrase,4.0,0.25,20,0.5,0.5,1.0,2.0,True,False
epoch,1785327751.6596105,82,511.44888926902786,8.315948123634542e-05,8.315948123634542e-05,8.315948123634542e-05,8.315948123634542e-06,8.315948123634542e-05,2.129622220993042,12286,1.3680447340011597,1.5231529474258423,0.7615764737129211,0.01585916057229042,0.521238386631012,0.04151393473148346,0.031309351325035095,0.12523740530014038,0.05180900916457176,0.05180900916457176,0.12523740530014038,0.031309351325035095,,,,,,,,,,,,,,,,,,,0.17152108252048492,0.08524849265813828,0.04363897671744754,0.5167988562480852,15182,332718,29377,347900,0.5,0.15992102665350444,0.35909044490587877,0.46539810055485586,0.5,0.16536746434285327,0.34271709160227387,0.41886509854648196,0.5,0.18711917486469007,0.3753616775028083,0.4664873880927256,0.18711917486469007,0.3753616775028083,0.4664873880927256,29377,17395,17395,1739500,100.0,100.0,0.5205745697021484,0.575661301612854,0.28071129322052,0.7553799748420715,0.769105076789856,0.5827007293701172,0.2595568001270294,0.065901873122032,0.8869027104303266,17395,2683,17395,0,20.0,96.9453020049259,mean,geometric_mean,odvg_phrase_grounding,3.5,2.0,4.0,iou,0.25,0.25,2.0,True,False,False,True,True,0.1,0.25,0.05,0.25,128,5,True,True,0.05,10,0.3,10,0.0,0.5,1.0,10,True,5,12,0.0,0.1,3,odvg_appended_phrase,4.0,0.25,20,0.5,0.5,1.0,2.0,True,False
epoch,1785328261.500818,83,502.19208079506643,8.277788270262341e-05,8.277788270262341e-05,8.277788270262341e-05,8.277788270262341e-06,8.277788270262341e-05,2.109224319458008,12286,1.3535246849060059,1.5113987922668457,0.7556993961334229,0.015608403831720352,0.5176902413368225,0.04025992378592491,0.031102988868951797,0.12441195547580719,0.05070650577545166,0.05070650577545166,0.12441195547580719,0.031102988868951797,,,,,,,,,,,,,,,,,,,0.17373400926589966,0.08611401915550232,0.04398390342052314,0.5208836845150968,15302,332598,29377,347900,0.5,0.16189536031589338,0.361643462572761,0.4694148483507506,0.5,0.17067774108996833,0.34595091398032474,0.4226776049290261,0.5,0.18868502570037785,0.3798549885965211,0.4708104980086462,0.18868502570037785,0.3798549885965211,0.4708104980086462,29377,17395,17395,1739500,100.0,100.0,0.5227379202842712,0.5810866355895996,0.2872959077358246,0.7560506463050842,0.7759471535682678,0.5877727270126343,0.2585696280002594,0.06688904249753747,0.8861991388448691,17395,2683,17395,0,20.0,92.59559872210957,mean,geometric_mean,odvg_phrase_grounding,3.5,2.0,4.0,iou,0.25,0.25,2.0,True,False,False,True,True,0.1,0.25,0.05,0.25,128,5,True,True,0.05,10,0.3,10,0.0,0.5,1.0,10,True,5,12,0.0,0.1,3,odvg_appended_phrase,4.0,0.25,20,0.5,0.5,1.0,2.0,True,False
epoch,1785328780.2629726,84,504.405349296052,8.239296385786232e-05,8.239296385786232e-05,8.239296385786232e-05,8.239296385786233e-06,8.239296385786232e-05,2.1044769287109375,12286,1.3517959117889404,1.5053589344024658,0.7526794672012329,0.015590264461934566,0.5193619728088379,0.03921961411833763,0.031136177480220795,0.12454470992088318,0.05008615925908089,0.05008615925908089,0.12454470992088318,0.031136177480220795,,,,,,,,,,,,,,,,,,,0.1736355721950531,0.08650022000074387,0.04377119862029319,0.518364707083773,15228,332672,29377,347900,0.5,0.1603295094802056,0.36191578445722844,0.46859788269734826,0.5,0.1712904653300201,0.3472444429315451,0.4238690131735712,0.5,0.1871532151002485,0.37832317799639176,0.469448888586309,0.1871532151002485,0.37832317799639176,0.469448888586309,29377,17395,17395,1739500,100.0,100.0,0.5213541388511658,0.5739129185676575,0.2872377932071686,0.7568457722663879,0.7739728093147278,0.5811689496040344,0.2598972022533417,0.0628042425202614,0.8919346214847652,17395,2683,17395,0,20.0,91.95999632007442,mean,geometric_mean,odvg_phrase_grounding,3.5,2.0,4.0,iou,0.25,0.25,2.0,True,False,False,True,True,0.1,0.25,0.05,0.25,128,5,True,True,0.05,10,0.3,10,0.0,0.5,1.0,10,True,5,12,0.0,0.1,3,odvg_appended_phrase,4.0,0.25,20,0.5,0.5,1.0,2.0,True,False
epoch,1785329320.1379085,85,532.087590833893,8.200476691275113e-05,8.200476691275113e-05,8.200476691275113e-05,8.200476691275113e-06,8.200476691275113e-05,2.102142572402954,12286,1.3522045612335205,1.4998761415481567,0.7499380707740784,0.015504365786910057,0.5173954367637634,0.04026063531637192,0.031082114204764366,0.12432845681905746,0.05052030086517334,0.05052030086517334,0.12432845681905746,0.031082114204764366,1.4095852375030518,0.016595277935266495,0.5247218608856201,0.046487484127283096,0.06368280947208405,0.06368280947208405,,,0.1263306587934494,0.03158266469836235,0.0,0.0,0,0.45,True,True,1.0,2.0,1.0,2.0,0.17372453212738037,0.08670299500226974,0.04394941075021558,0.5204752016883957,15290,332610,29377,347900,0.5,0.15951254382680327,0.36137114068829357,0.4697212104707765,0.5,0.17197127004118867,0.3486060523538823,0.4265241515471287,0.5,0.18732341627804064,0.3796507471831705,0.47121898083534736,0.18732341627804064,0.3796507471831705,0.47121898083534736,29377,17395,17395,1739500,100.0,100.0,0.5236658453941345,0.5790541768074036,0.2858479619026184,0.7609885931015015,0.7737686038017273,0.5821901559829712,0.2670116126537323,0.06171495429457552,0.8939951944216992,17395,2683,17395,0,20.0,115.36057874606922,mean,geometric_mean,odvg_phrase_grounding,3.5,2.0,4.0,iou,0.25,0.25,2.0,True,False,False,True,True,0.1,0.25,0.05,0.25,128,5,True,True,0.05,10,0.3,10,0.0,0.5,1.0,10,True,5,12,0.0,0.1,3,odvg_appended_phrase,4.0,0.25,20,0.5,0.5,1.0,2.0,True,False
epoch,1785329843.7231677,86,516.973481571069,8.161333443745946e-05,8.161333443745946e-05,8.161333443745946e-05,8.161333443745946e-06,8.161333443745946e-05,2.1033406257629395,12286,1.3475308418273926,1.5116230249404907,0.7558115124702454,0.015382347628474236,0.515172004699707,0.04034291207790375,0.030874338001012802,0.12349735200405121,0.0506456233561039,0.0506456233561039,0.12349735200405121,0.030874338001012802,,,,,,,,,,,,,,,,,,,0.17458310723304749,0.08769533038139343,0.044406438631790744,0.5258875991421861,15449,332451,29377,347900,0.5,0.1611464751336079,0.36337951458624096,0.4733635156755285,0.5,0.17360520134799332,0.3536099669809715,0.4330939170099057,0.5,0.1882084624025598,0.38053579330768966,0.47428260203560607,0.1882084624025598,0.38053579330768966,0.47428260203560607,29377,17395,17395,1739500,100.0,100.0,0.5251032114028931,0.5805350542068481,0.28674909472465515,0.7616458535194397,0.7743473052978516,0.5867855548858643,0.2700752317905426,0.06089795574367818,0.8962176978683065,17395,2683,17395,0,20.0,95.29308491293341,mean,geometric_mean,odvg_phrase_grounding,3.5,2.0,4.0,iou,0.25,0.25,2.0,True,False,False,True,True,0.1,0.25,0.05,0.25,128,5,True,True,0.05,10,0.3,10,0.0,0.5,1.0,10,True,5,12,0.0,0.1,3,odvg_appended_phrase,4.0,0.25,20,0.5,0.5,1.0,2.0,True,False
epoch,1785330362.4138124,87,505.36283874092624,8.121870935696925e-05,8.121870935696925e-05,8.121870935696925e-05,8.121870935696926e-06,8.121870935696925e-05,2.0982820987701416,12286,1.344817042350769,1.5069295167922974,0.7534647583961487,0.01538536511361599,0.5142406821250916,0.04017149284482002,0.03095206618309021,0.12380826473236084,0.05047692358493805,0.05047692358493805,0.12380826473236084,0.03095206618309021,,,,,,,,,,,,,,,,,,,0.17472082376480103,0.08813965320587158,0.044751365334866344,0.5299724274091977,15569,332331,29377,347900,0.5,0.16097627395581576,0.3638220376485005,0.47625693569799504,0.5,0.17156278721448753,0.35459713381216595,0.43404704360554175,0.5,0.18810634169588453,0.3814548796677673,0.4767675392313715,0.18810634169588453,0.3814548796677673,0.4767675392313715,29377,17395,17395,1739500,100.0,100.0,0.5264537930488586,0.5845919847488403,0.29072511196136475,0.7626468539237976,0.7765258550643921,0.5899513363838196,0.2688157260417938,0.05997890897462188,0.8983324466348868,17395,2683,17395,0,20.0,92.17744884919375,mean,geometric_mean,odvg_phrase_grounding,3.5,2.0,4.0,iou,0.25,0.25,2.0,True,False,False,True,True,0.1,0.25,0.05,0.25,128,5,True,True,0.05,10,0.3,10,0.0,0.5,1.0,10,True,5,12,0.0,0.1,3,odvg_appended_phrase,4.0,0.25,20,0.5,0.5,1.0,2.0,True,False
epoch,1785330878.0941675,88,499.9954598711338,8.082093494636763e-05,8.082093494636763e-05,8.082093494636763e-05,8.082093494636764e-06,8.082093494636763e-05,2.1058878898620605,12286,1.3493553400039673,1.5130690336227417,0.7565345168113708,0.015341557562351227,0.5138436555862427,0.041209883987903595,0.031231487169861794,0.12492594867944717,0.051343657076358795,0.051343657076358795,0.12492594867944717,0.031231487169861794,,,,,,,,,,,,,,,,,,,0.17262840270996094,0.08629746735095978,0.04426271917217591,0.5241855873642646,15399,332501,29377,347900,0.5,0.16104435442693263,0.3607243762126834,0.46958504952854274,0.5,0.16982673520100758,0.35265684038533546,0.42815808285393336,0.5,0.18698301392245634,0.37866358035197606,0.47094665895087995,0.18698301392245634,0.37866358035197606,0.47094665895087995,29377,17395,17395,1739500,100.0,100.0,0.5256730914115906,0.5809953212738037,0.2873173654079437,0.7616483569145203,0.7748578786849976,0.5905640721321106,0.2663308084011078,0.06637848476784602,0.887601552650841,17395,2683,17395,0,20.0,92.0589722217992,mean,geometric_mean,odvg_phrase_grounding,3.5,2.0,4.0,iou,0.25,0.25,2.0,True,False,False,True,True,0.1,0.25,0.05,0.25,128,5,True,True,0.05,10,0.3,10,0.0,0.5,1.0,10,True,5,12,0.0,0.1,3,odvg_appended_phrase,4.0,0.25,20,0.5,0.5,1.0,2.0,True,False
epoch,1785331390.8184946,89,506.24903170601465,8.04200548261012e-05,8.04200548261012e-05,8.04200548261012e-05,8.04200548261012e-06,8.04200548261012e-05,2.092555522918701,12286,1.3390438556671143,1.507025957107544,0.753512978553772,0.015147333964705467,0.5108372569084167,0.040505439043045044,0.03113391250371933,0.12453565001487732,0.05062803998589516,0.05062803998589516,0.12453565001487732,0.03113391250371933,,,,,,,,,,,,,,,,,,,0.17618700861930847,0.08804075419902802,0.04457890198332854,0.5279300132756919,15509,332391,29377,347900,0.5,0.16220172243591927,0.3633454743506825,0.4760526942846445,0.5,0.17523913265479796,0.3576947952479831,0.43367260101439903,0.5,0.19096572148279267,0.38114851754774143,0.4766994587602546,0.19096572148279267,0.38114851754774143,0.4766994587602546,29377,17395,17395,1739500,100.0,100.0,0.527142345905304,0.5830633044242859,0.2914375960826874,0.7603288292884827,0.7784321308135986,0.5894747376441956,0.26605847477912903,0.06154472436850367,0.8955939577419995,17395,2683,17395,0,20.0,91.5372328220401,mean,geometric_mean,odvg_phrase_grounding,3.5,2.0,4.0,iou,0.25,0.25,2.0,True,False,False,True,True,0.1,0.25,0.05,0.25,128,5,True,True,0.05,10,0.3,10,0.0,0.5,1.0,10,True,5,12,0.0,0.1,3,odvg_appended_phrase,4.0,0.25,20,0.5,0.5,1.0,2.0,True,False
epoch,1785331925.8090363,90,520.9219225649722,8.001611295719266e-05,8.001611295719266e-05,8.001611295719266e-05,8.001611295719266e-06,8.001611295719266e-05,2.07991361618042,12286,1.3307522535324097,1.498319387435913,0.7491596937179565,0.014765256084501743,0.504209578037262,0.04188976436853409,0.03096124343574047,0.12384497374296188,0.051205627620220184,0.051205627620220184,0.12384497374296188,0.03096124343574047,1.3997288942337036,0.016361134126782417,0.518465518951416,0.04716471955180168,0.06401950865983963,0.06401950865983963,,,0.12682096660137177,0.03170524165034294,0.0,0.0,0,0.45,True,True,1.0,2.0,1.0,2.0,0.18179851770401,0.09186940640211105,0.044713998275366484,0.529529904346938,15556,332344,29377,347900,0.5,0.16342717091602274,0.36399223882629267,0.47380603873778804,0.5,0.1785410355039657,0.36058821527044965,0.43843823399257925,0.5,0.19174864690063656,0.3830888109745719,0.475303809102359,0.19174864690063656,0.3830888109745719,0.475303809102359,29377,17395,17395,1739500,100.0,100.0,0.5299427509307861,0.5894338488578796,0.2989828586578369,0.7620797157287598,0.7812234163284302,0.5950233340263367,0.2692582607269287,0.06549342967939864,0.8899313254889937,17395,2683,17395,0,20.0,110.9177977789659,mean,geometric_mean,odvg_phrase_grounding,3.5,2.0,4.0,iou,0.25,0.25,2.0,True,False,False,True,True,0.1,0.25,0.05,0.25,128,5,True,True,0.05,10,0.3,10,0.0,0.5,1.0,10,True,5,12,0.0,0.1,3,odvg_appended_phrase,4.0,0.25,20,0.5,0.5,1.0,2.0,True,False
epoch,1785332441.1267822,91,501.2220724339131,7.960915363641997e-05,7.960915363641997e-05,7.960915363641997e-05,7.960915363641996e-06,7.960915363641997e-05,2.076197624206543,12286,1.3302266597747803,1.4919413328170776,0.7459706664085388,0.015012589283287525,0.5077071189880371,0.04011998698115349,0.03146528825163841,0.12586115300655365,0.04982652887701988,0.04982652887701988,0.12586115300655365,0.03146528825163841,,,,,,,,,,,,,,,,,,,0.17346228659152985,0.08818332850933075,0.04460764587525151,0.5282704156312762,15519,332381,29377,347900,0.5,0.16267828573373727,0.36358375599959153,0.47189978554651596,0.5,0.17578377642373286,0.35398440957211424,0.4315621064097764,0.5,0.1877318991047418,0.378425298703067,0.4728188719065936,0.1877318991047418,0.378425298703067,0.4728188719065936,29377,17395,17395,1739500,100.0,100.0,0.5289251804351807,0.5863446593284607,0.2983646094799042,0.7640530467033386,0.7813595533370972,0.5928106904029846,0.2712666392326355,0.06454027477170843,0.8911283554487945,17395,2683,17395,0,20.0,90.6062982371077,mean,geometric_mean,odvg_phrase_grounding,3.5,2.0,4.0,iou,0.25,0.25,2.0,True,False,False,True,True,0.1,0.25,0.05,0.25,128,5,True,True,0.05,10,0.3,10,0.0,0.5,1.0,10,True,5,12,0.0,0.1,3,odvg_appended_phrase,4.0,0.25,20,0.5,0.5,1.0,2.0,True,False
epoch,1785332951.0034797,92,503.0729705840349,7.919922149145865e-05,7.919922149145865e-05,7.919922149145865e-05,7.919922149145865e-06,7.919922149145865e-05,2.0778276920318604,12286,1.332925796508789,1.4898052215576172,0.7449026107788086,0.014943688176572323,0.5062774419784546,0.04133252054452896,0.03150955215096474,0.12603820860385895,0.0505773089826107,0.0505773089826107,0.12603820860385895,0.03150955215096474,,,,,,,,,,,,,,,,,,,0.18065732717514038,0.09202741831541061,0.04519689565967232,0.5352486639207543,15724,332176,29377,347900,0.5,0.16448241821833406,0.36494536542192874,0.4774483439425401,0.5,0.17826871361949825,0.3612009395105014,0.4422507403751234,0.5,0.19106784218946796,0.38230588555672806,0.4786737924226436,0.19106784218946796,0.38230588555672806,0.4786737924226436,29377,17395,17395,1739500,100.0,100.0,0.5329458117485046,0.5910502076148987,0.305056095123291,0.7675179839134216,0.7843891382217407,0.5989379286766052,0.27667903900146484,0.0636892647558509,0.8936629962697858,17395,2683,17395,0,20.0,92.758775601862,mean,geometric_mean,odvg_phrase_grounding,3.5,2.0,4.0,iou,0.25,0.25,2.0,True,False,False,True,True,0.1,0.25,0.05,0.25,128,5,True,True,0.05,10,0.3,10,0.0,0.5,1.0,10,True,5,12,0.0,0.1,3,odvg_appended_phrase,4.0,0.25,20,0.5,0.5,1.0,2.0,True,False
epoch,1785333460.9137127,93,503.42208890710026,7.878636147598791e-05,7.878636147598791e-05,7.878636147598791e-05,7.87863614759879e-06,7.878636147598791e-05,2.0722622871398926,12286,1.32805335521698,1.488423466682434,0.744211733341217,0.014951500110328197,0.5049083828926086,0.041027165949344635,0.031105156987905502,0.12442062795162201,0.049994684755802155,0.049994684755802155,0.12442062795162201,0.031105156987905502,,,,,,,,,,,,,,,,,,,0.1796560287475586,0.09089291840791702,0.04509341764874964,0.5340232154406509,15688,332212,29377,347900,0.5,0.16288252714708787,0.36668141743540866,0.47721006229363105,0.5,0.1760901385437587,0.3632093134084488,0.44068488953943563,0.5,0.19018279606494876,0.3853014262858699,0.4782653095959424,0.19018279606494876,0.3853014262858699,0.4782653095959424,29377,17395,17395,1739500,100.0,100.0,0.5311441421508789,0.5911900401115417,0.29825377464294434,0.7682931423187256,0.7809851169586182,0.5984954237937927,0.27756407856941223,0.06447220835314182,0.8922761882714825,17395,2683,17395,0,20.0,92.04504410689697,mean,geometric_mean,odvg_phrase_grounding,3.5,2.0,4.0,iou,0.25,0.25,2.0,True,False,False,True,True,0.1,0.25,0.05,0.25,128,5,True,True,0.05,10,0.3,10,0.0,0.5,1.0,10,True,5,12,0.0,0.1,3,odvg_appended_phrase,4.0,0.25,20,0.5,0.5,1.0,2.0,True,False
epoch,1785333968.0601044,94,500.3028084789403,7.837061886476095e-05,7.837061886476095e-05,7.837061886476095e-05,7.837061886476095e-06,7.837061886476095e-05,2.073927402496338,12286,1.329890489578247,1.4880801439285278,0.7440400719642639,0.015129570849239826,0.5074436664581299,0.04025689885020256,0.03114647977054119,0.12458591908216476,0.04949718713760376,0.04949718713760376,0.12458591908216476,0.03114647977054119,,,,,,,,,,,,,,,,,,,0.18295450508594513,0.09263952076435089,0.044728370221327966,0.5297001055247302,15561,332339,29377,347900,0.5,0.1646185791605678,0.36698777955543455,0.475303809102359,0.5,0.17734962725942063,0.3625285086972802,0.44075297001055247,0.5,0.1917146066650781,0.38424617898355856,0.47652925758246245,0.1917146066650781,0.38424617898355856,0.47652925758246245,29377,17395,17395,1739500,100.0,100.0,0.5285586714744568,0.5857269167900085,0.28983792662620544,0.7701277732849121,0.7754706144332886,0.5895087718963623,0.27848315238952637,0.05980866637163207,0.8985449085359045,17395,2683,17395,0,20.0,91.25817165686749,mean,geometric_mean,odvg_phrase_grounding,3.5,2.0,4.0,iou,0.25,0.25,2.0,True,False,False,True,True,0.1,0.25,0.05,0.25,128,5,True,True,0.05,10,0.3,10,0.0,0.5,1.0,10,True,5,12,0.0,0.1,3,odvg_appended_phrase,4.0,0.25,20,0.5,0.5,1.0,2.0,True,False
epoch,1785334501.7612538,95,517.8321521419566,7.795203924864009e-05,7.795203924864009e-05,7.795203924864009e-05,7.795203924864009e-06,7.795203924864009e-05,2.064063310623169,12286,1.321190357208252,1.4857456684112549,0.7428728342056274,0.014655306935310364,0.5023297071456909,0.04097633436322212,0.030930882319808006,0.12372352927923203,0.04997687041759491,0.04997687041759491,0.12372352927923203,0.030930882319808006,1.4029415845870972,0.01646501198410988,0.5200099945068359,0.04751653969287872,0.06302586197853088,0.06302586197853088,,,0.12583927810192108,0.03145981952548027,0.0,0.0,0,0.45,True,True,1.0,2.0,1.0,2.0,0.18230295181274414,0.09225762635469437,0.04524288588674907,0.5357933076896892,15740,332160,29377,347900,0.5,0.1643122170405419,0.3690982741600572,0.4788099533648773,0.5,0.17813255267726452,0.3618477039861116,0.442454981788474,0.5,0.19198692854954555,0.38693535759267456,0.4794907580760459,0.19198692854954555,0.38693535759267456,0.4794907580760459,29377,17395,17395,1739500,100.0,100.0,0.5331172943115234,0.5932870507240295,0.2986662685871124,0.7706040143966675,0.7803043127059937,0.5973721146583557,0.28093406558036804,0.061578806968666466,0.896917171964272,17395,2683,17395,0,20.0,110.06596495700069,mean,geometric_mean,odvg_phrase_grounding,3.5,2.0,4.0,iou,0.25,0.25,2.0,True,False,False,True,True,0.1,0.25,0.05,0.25,128,5,True,True,0.05,10,0.3,10,0.0,0.5,1.0,10,True,5,12,0.0,0.1,3,odvg_appended_phrase,4.0,0.25,20,0.5,0.5,1.0,2.0,True,False
epoch,1785335021.9925354,96,513.008394503966,7.753066852959721e-05,7.753066852959721e-05,7.753066852959721e-05,7.753066852959722e-06,7.753066852959721e-05,2.0651519298553467,12286,1.322447657585144,1.4854133129119873,0.7427066564559937,0.014975876547396183,0.5049658417701721,0.03984719514846802,0.03062601573765278,0.12250406295061111,0.04977254197001457,0.04977254197001457,0.12250406295061111,0.03062601573765278,,,,,,,,,,,,,,,,,,,0.1844916194677353,0.09284432232379913,0.04475998850244323,0.530074548115873,15572,332328,29377,347900,0.5,0.1642781768049835,0.37161725159138104,0.4788439936004357,0.5,0.179596282806277,0.36160942233720256,0.4398679238860333,0.5,0.192020968785104,0.3890118119617388,0.48020560302277293,0.192020968785104,0.3890118119617388,0.48020560302277293,29377,17395,17395,1739500,100.0,100.0,0.5294244289398193,0.5866615176200867,0.29383260011672974,0.7680983543395996,0.7773768305778503,0.5909725427627563,0.27674710750579834,0.06089799464688339,0.8969529204145603,17395,2683,17395,0,20.0,95.92358488892205,mean,geometric_mean,odvg_phrase_grounding,3.5,2.0,4.0,iou,0.25,0.25,2.0,True,False,False,True,True,0.1,0.25,0.05,0.25,128,5,True,True,0.05,10,0.3,10,0.0,0.5,1.0,10,True,5,12,0.0,0.1,3,odvg_appended_phrase,4.0,0.25,20,0.5,0.5,1.0,2.0,True,False
epoch,1785335546.6458657,97,510.40192438988015,7.710655291568007e-05,7.710655291568007e-05,7.710655291568007e-05,7.710655291568008e-06,7.710655291568007e-05,2.0505495071411133,12286,1.3129396438598633,1.4752235412597656,0.7376117706298828,0.014625534415245056,0.49909502267837524,0.04066776484251022,0.030581865459680557,0.12232746183872223,0.04962166026234627,0.04962166026234627,0.12232746183872223,0.030581865459680557,,,,,,,,,,,,,,,,,,,0.18454909324645996,0.09308834373950958,0.045168151767749354,0.53490826156517,15714,332186,29377,347900,0.5,0.16356333185825647,0.3678728256799537,0.4796949994893965,0.5,0.17881335738843313,0.36361779623514995,0.44129761377948734,0.5,0.19161248595840283,0.3864247540592981,0.4805119651427988,0.19161248595840283,0.3864247540592981,0.4805119651427988,29377,17395,17395,1739500,100.0,100.0,0.5324783325195312,0.5923338532447815,0.30134883522987366,0.7664728760719299,0.7832658290863037,0.5977465510368347,0.2776321470737457,0.0628382894716647,0.8948746933584691,17395,2683,17395,0,20.0,93.39932903298177,mean,geometric_mean,odvg_phrase_grounding,3.5,2.0,4.0,iou,0.25,0.25,2.0,True,False,False,True,True,0.1,0.25,0.05,0.25,128,5,True,True,0.05,10,0.3,10,0.0,0.5,1.0,10,True,5,12,0.0,0.1,3,odvg_appended_phrase,4.0,0.25,20,0.5,0.5,1.0,2.0,True,False
epoch,1785336069.5506964,98,509.62362989084795,7.667973891594508e-05,7.667973891594508e-05,7.667973891594508e-05,7.667973891594508e-06,7.667973891594508e-05,2.0502922534942627,12286,1.3122369050979614,1.4761114120483398,0.7380557060241699,0.014479978010058403,0.49863967299461365,0.04081299901008606,0.03064507059752941,0.12258028239011765,0.04985843971371651,0.04985843971371651,0.12258028239011765,0.03064507059752941,,,,,,,,,,,,,,,,,,,0.18644683063030243,0.09416332840919495,0.04525725783271055,0.5359635088674813,15745,332155,29377,347900,0.5,0.1641760560983082,0.3687238315689145,0.48183953432957755,0.5,0.17847295503284882,0.3632433536440072,0.4425571024951493,0.5,0.1934846989141165,0.3870034380637914,0.4814310515028764,0.1934846989141165,0.3870034380637914,0.4814310515028764,29377,17395,17395,1739500,100.0,100.0,0.5337549448013306,0.5939235687255859,0.30052170157432556,0.7685825228691101,0.7825850248336792,0.6001293659210205,0.27698540687561035,0.06416585705353917,0.8930799579269653,17395,2683,17395,0,20.0,92.02136980183423,mean,geometric_mean,odvg_phrase_grounding,3.5,2.0,4.0,iou,0.25,0.25,2.0,True,False,False,True,True,0.1,0.25,0.05,0.25,128,5,True,True,0.05,10,0.3,10,0.0,0.5,1.0,10,True,5,12,0.0,0.1,3,odvg_appended_phrase,4.0,0.25,20,0.5,0.5,1.0,2.0,True,False
epoch,1785336596.5242894,99,512.595609697979,7.625027333535706e-05,7.625027333535706e-05,7.625027333535706e-05,7.625027333535706e-06,7.625027333535706e-05,2.0493431091308594,12286,1.31181001663208,1.4750680923461914,0.7375340461730957,0.01445837039500475,0.4989413321018219,0.040424104779958725,0.03060881979763508,0.12243527919054031,0.05046042799949646,0.05046042799949646,0.12243527919054031,0.03060881979763508,,,,,,,,,,,,,,,,,,,0.18767520785331726,0.094614177942276,0.04541247484909457,0.5378016815876366,15799,332101,29377,347900,0.5,0.16550362528508697,0.3736596657248868,0.48187357456513596,0.5,0.17942608162848486,0.365762331075331,0.44480375804200567,0.5,0.19501650951424584,0.39125846750859516,0.4827245804540967,0.19501650951424584,0.39125846750859516,0.4827245804540967,29377,17395,17395,1739500,100.0,100.0,0.5345986485481262,0.5960679054260254,0.30927813053131104,0.7672885656356812,0.786329448223114,0.6016611456871033,0.2767130732536316,0.06385946409946663,0.893861412595393,17395,2683,17395,0,20.0,99.21064781793393,mean,geometric_mean,odvg_phrase_grounding,3.5,2.0,4.0,iou,0.25,0.25,2.0,True,False,False,True,True,0.1,0.25,0.05,0.25,128,5,True,True,0.05,10,0.3,10,0.0,0.5,1.0,10,True,5,12,0.0,0.1,3,odvg_appended_phrase,4.0,0.25,20,0.5,0.5,1.0,2.0,True,False
epoch,1785337146.3988132,100,535.8213509109337,7.581820326965656e-05,7.581820326965656e-05,7.581820326965656e-05,7.581820326965655e-06,7.581820326965656e-05,2.041171073913574,12286,1.305665135383606,1.4710118770599365,0.7355059385299683,0.014144940301775932,0.4963790476322174,0.04061613976955414,0.030767913907766342,0.12307165563106537,0.049634285271167755,0.049634285271167755,0.12307165563106537,0.030767913907766342,1.387223243713379,0.015804653987288475,0.5161068439483643,0.04613629728555679,0.06280004978179932,0.06280004978179932,,,0.12516680359840393,0.03129170089960098,0.0,0.0,0,0.45,True,True,1.0,2.0,1.0,2.0,0.1867513656616211,0.0944240465760231,0.04540097729232538,0.5376655206454029,15795,332105,29377,347900,0.5,0.16386969397828233,0.37229805630254964,0.48296286210300576,0.5,0.17847295503284882,0.3618477039861116,0.44129761377948734,0.5,0.19362085985635022,0.3903053409129591,0.4833713449297069,0.19362085985635022,0.3903053409129591,0.4833713449297069,29377,17395,17395,1739500,100.0,100.0,0.5364452600479126,0.5926560759544373,0.31154289841651917,0.771846354007721,0.7880314588546753,0.6007080078125,0.2815808355808258,0.06304248716709715,0.8950530268496525,17395,2683,17395,0,20.0,115.63555415696464,mean,geometric_mean,odvg_phrase_grounding,3.5,2.0,4.0,iou,0.25,0.25,2.0,True,False,False,True,True,0.1,0.25,0.05,0.25,128,5,True,True,0.05,10,0.3,10,0.0,0.5,1.0,10,True,5,12,0.0,0.1,3,odvg_appended_phrase,4.0,0.25,20,0.5,0.5,1.0,2.0,True,False
epoch,1785337671.5836809,101,515.9980350539554,7.538357610019528e-05,7.538357610019528e-05,7.538357610019528e-05,7.538357610019528e-06,7.538357610019528e-05,2.037184238433838,12286,1.3027443885803223,1.4688799381256104,0.7344399690628052,0.014170404523611069,0.49449971318244934,0.040803734213113785,0.030575785785913467,0.12230314314365387,0.04984689876437187,0.04984689876437187,0.12230314314365387,0.030575785785913467,,,,,,,,,,,,,,,,,,,0.1859108954668045,0.09423287212848663,0.04559931014659385,0.5400142968989345,15864,332036,29377,347900,0.5,0.16482282057391837,0.3713449297069136,0.483064982809681,0.5,0.1777581100861218,0.36351567552847464,0.4443952752153045,0.5,0.19433570480307724,0.38897777172618037,0.4836777070497328,0.19433570480307724,0.38897777172618037,0.4836777070497328,29377,17395,17395,1739500,100.0,100.0,0.5403328537940979,0.5985425114631653,0.32000014185905457,0.7745763063430786,0.7907887101173401,0.6105116009712219,0.28706130385398865,0.07049730407228738,0.8845274947107672,17395,2683,17395,0,20.0,96.51036257785745,mean,geometric_mean,odvg_phrase_grounding,3.5,2.0,4.0,iou,0.25,0.25,2.0,True,False,False,True,True,0.1,0.25,0.05,0.25,128,5,True,True,0.05,10,0.3,10,0.0,0.5,1.0,10,True,5,12,0.0,0.1,3,odvg_appended_phrase,4.0,0.25,20,0.5,0.5,1.0,2.0,True,False
epoch,1785338183.7071438,102,504.738503189059,7.494643948874014e-05,7.494643948874014e-05,7.494643948874014e-05,7.494643948874014e-06,7.494643948874014e-05,2.0272812843322754,12286,1.29593026638031,1.462703824043274,0.731351912021637,0.01408379152417183,0.49290376901626587,0.04018764942884445,0.03051796555519104,0.12207186222076416,0.04913732782006264,0.04913732782006264,0.12207186222076416,0.03051796555519104,,,,,,,,,,,,,,,,,,,0.192508727312088,0.09735133498907089,0.045990227076746194,0.544643768934881,16000,331900,29377,347900,0.5,0.16448241821833406,0.3727405793648092,0.48503931647207,0.5,0.18007284610409505,0.3631412329373319,0.44436123497974606,0.5,0.19535691186983015,0.392041392926439,0.4857201211832386,0.19535691186983015,0.392041392926439,0.4857201211832386,29377,17395,17395,1739500,100.0,100.0,0.5408504009246826,0.603813648223877,0.3199850022792816,0.7730466723442078,0.7917758822441101,0.6093882918357849,0.28944411873817444,0.06474452290090393,0.8937548952477233,17395,2683,17395,0,20.0,93.1812260390725,mean,geometric_mean,odvg_phrase_grounding,3.5,2.0,4.0,iou,0.25,0.25,2.0,True,False,False,True,True,0.1,0.25,0.05,0.25,128,5,True,True,0.05,10,0.3,10,0.0,0.5,1.0,10,True,5,12,0.0,0.1,3,odvg_appended_phrase,4.0,0.25,20,0.5,0.5,1.0,2.0,True,False
epoch,1785338709.5177023,103,511.9122325219214,7.450684137224669e-05,7.450684137224669e-05,7.450684137224669e-05,7.45068413722467e-06,7.450684137224669e-05,2.0303215980529785,12286,1.2976661920547485,1.4653135538101196,0.7326567769050598,0.014195965602993965,0.49525853991508484,0.039469484239816666,0.030546661466360092,0.12218664586544037,0.0488927997648716,0.0488927997648716,0.12218664586544037,0.030546661466360092,,,,,,,,,,,,,,,,,,,0.18874284625053406,0.09491016715765,0.04583788444955447,0.5428396364502842,15947,331953,29377,347900,0.5,0.16516322292950267,0.37066412499574497,0.48544779929877113,0.5,0.17864315621064097,0.3638901181196174,0.4438165912108112,0.5,0.1944037852741941,0.3906457432685434,0.4867753684855499,0.1944037852741941,0.3906457432685434,0.4867753684855499,29377,17395,17395,1739500,100.0,100.0,0.5365769267082214,0.5953910946846008,0.31289142370224,0.7693430185317993,0.7893930673599243,0.6044865250587463,0.2824658751487732,0.061646888608462125,0.8980177620957372,17395,2683,17395,0,20.0,94.0653444728814,mean,geometric_mean,odvg_phrase_grounding,3.5,2.0,4.0,iou,0.25,0.25,2.0,True,False,False,True,True,0.1,0.25,0.05,0.25,128,5,True,True,0.05,10,0.3,10,0.0,0.5,1.0,10,True,5,12,0.0,0.1,3,odvg_appended_phrase,4.0,0.25,20,0.5,0.5,1.0,2.0,True,False
epoch,1785339228.6076572,104,512.2464659728575,7.406482995760221e-05,7.406482995760221e-05,7.406482995760221e-05,7.406482995760221e-06,7.406482995760221e-05,2.025864839553833,12286,1.2959688901901245,1.459782600402832,0.729891300201416,0.014442223124206066,0.49717622995376587,0.03830796852707863,0.03042844496667385,0.1217137798666954,0.04767674207687378,0.04767674207687378,0.1217137798666954,0.03042844496667385,,,,,,,,,,,,,,,,,,,0.192178875207901,0.09616408497095108,0.04640126473124461,0.5495115226197366,16143,331757,29377,347900,0.5,0.16434625727610036,0.3740000680804711,0.49120059910814584,0.5,0.18177485788201656,0.36892807298226504,0.4491268679579263,0.5,0.1931783367940906,0.3936412839976853,0.49099635769479527,0.1931783367940906,0.3936412839976853,0.49099635769479527,29377,17395,17395,1739500,100.0,100.0,0.5366278290748596,0.5957443714141846,0.306172639131546,0.771030604839325,0.786329448223114,0.6046907305717468,0.28505292534828186,0.055179207952010256,0.9087480505946615,17395,2683,17395,0,20.0,94.23156729410402,mean,geometric_mean,odvg_phrase_grounding,3.5,2.0,4.0,iou,0.25,0.25,2.0,True,False,False,True,True,0.1,0.25,0.05,0.25,128,5,True,True,0.05,10,0.3,10,0.0,0.5,1.0,10,True,5,12,0.0,0.1,3,odvg_appended_phrase,4.0,0.25,20,0.5,0.5,1.0,2.0,True,False
epoch,1785339759.466197,105,524.5551552860998,7.362045371633932e-05,7.362045371633932e-05,7.362045371633932e-05,7.362045371633933e-06,7.362045371633932e-05,2.03287410736084,12286,1.3012566566467285,1.463231086730957,0.7316155433654785,0.014606691896915436,0.4990171492099762,0.03851310536265373,0.030461711809039116,0.12184684723615646,0.04811367020010948,0.04811367020010948,0.12184684723615646,0.030461711809039116,1.3955448865890503,0.01670258864760399,0.5216760635375977,0.04527229815721512,0.0609922930598259,0.0609922930598259,,,0.12614771723747253,0.031536929309368134,0.0,0.0,0,0.45,True,True,1.0,2.0,1.0,2.0,0.18985988199710846,0.09509025514125824,0.04584075883874677,0.5428736766858426,15948,331952,29377,347900,0.5,0.16342717091602274,0.37325118289818565,0.49143888075705483,0.5,0.18051536916635463,0.36627293460870747,0.4459951662865507,0.5,0.192259250434013,0.39285835857984136,0.49191544405487286,0.192259250434013,0.39285835857984136,0.49191544405487286,29377,17395,17395,1739500,100.0,100.0,0.5324699282646179,0.5910139679908752,0.29783308506011963,0.7701476216316223,0.7809851169586182,0.5955339074134827,0.2813425362110138,0.052660230727640034,0.9115747565804381,17395,2683,17395,0,20.0,109.19539003819227,mean,geometric_mean,odvg_phrase_grounding,3.5,2.0,4.0,iou,0.25,0.25,2.0,True,False,False,True,True,0.1,0.25,0.05,0.25,128,5,True,True,0.05,10,0.3,10,0.0,0.5,1.0,10,True,5,12,0.0,0.1,3,odvg_appended_phrase,4.0,0.25,20,0.5,0.5,1.0,2.0,True,False
epoch,1785340267.977164,106,502.0251075939741,7.317376137932058e-05,7.317376137932058e-05,7.317376137932058e-05,7.317376137932058e-06,7.317376137932058e-05,2.035546064376831,12286,1.3005914688110352,1.4699060916900635,0.7349530458450317,0.014380378648638725,0.49795544147491455,0.03903524577617645,0.030367158353328705,0.12146863341331482,0.04813435301184654,0.04813435301184654,0.12146863341331482,0.030367158353328705,,,,,,,,,,,,,,,,,,,0.1910758912563324,0.09544770419597626,0.04601609657947686,0.5449501310549069,16009,331891,29377,347900,0.5,0.1656397862273207,0.3748851142049903,0.4899411103924839,0.5,0.18480443884671682,0.37287674030704293,0.4532457364604963,0.5,0.19328045750076592,0.39462845082887976,0.49031555298362667,0.19328045750076592,0.39462845082887976,0.49031555298362667,29377,17395,17395,1739500,100.0,100.0,0.5354273319244385,0.5944257974624634,0.2986243963241577,0.7754765748977661,0.7802702784538269,0.5996187329292297,0.2884569466114044,0.054668601874322875,0.9088277285680213,17395,2683,17395,0,20.0,92.28634505788796,mean,geometric_mean,odvg_phrase_grounding,3.5,2.0,4.0,iou,0.25,0.25,2.0,True,False,False,True,True,0.1,0.25,0.05,0.25,128,5,True,True,0.05,10,0.3,10,0.0,0.5,1.0,10,True,5,12,0.0,0.1,3,odvg_appended_phrase,4.0,0.25,20,0.5,0.5,1.0,2.0,True,False
epoch,1785340775.6748872,107,501.10072079184465,7.272480193139446e-05,7.272480193139446e-05,7.272480193139446e-05,7.272480193139447e-06,7.272480193139446e-05,2.0283825397491455,12286,1.2975261211395264,1.4617140293121338,0.7308570146560669,0.014581087045371532,0.49533525109291077,0.03953900188207626,0.03021981753408909,0.12087927013635635,0.047826699912548065,0.047826699912548065,0.12087927013635635,0.03021981753408909,,,,,,,,,,,,,,,,,,,0.18998560309410095,0.09645436704158783,0.045705662546708825,0.5412737856145965,15901,331999,29377,347900,0.5,0.1658780678762297,0.3741362290227048,0.4887156619123804,0.5,0.1844299962555741,0.37161725159138104,0.4510671613847568,0.5,0.1945059059808694,0.3954113762467236,0.4898049494502502,0.1945059059808694,0.3954113762467236,0.4898049494502502,29377,17395,17395,1739500,100.0,100.0,0.5366707444190979,0.595300555229187,0.30340683460235596,0.7744661569595337,0.7836742997169495,0.600333571434021,0.28631243109703064,0.059059785819424504,0.9016217172757006,17395,2683,17395,0,20.0,92.53044104715809,mean,geometric_mean,odvg_phrase_grounding,3.5,2.0,4.0,iou,0.25,0.25,2.0,True,False,False,True,True,0.1,0.25,0.05,0.25,128,5,True,True,0.05,10,0.3,10,0.0,0.5,1.0,10,True,5,12,0.0,0.1,3,odvg_appended_phrase,4.0,0.25,20,0.5,0.5,1.0,2.0,True,False
epoch,1785341291.9173603,108,509.87856980995275,7.227362460602375e-05,7.227362460602375e-05,7.227362460602375e-05,7.227362460602375e-06,7.227362460602375e-05,2.022695302963257,12286,1.293984293937683,1.457420825958252,0.728710412979126,0.014501548372209072,0.4969993531703949,0.037954699248075485,0.03027103655040264,0.12108414620161057,0.04770245775580406,0.04770245775580406,0.12108414620161057,0.03027103655040264,,,,,,,,,,,,,,,,,,,0.19305065274238586,0.09793803095817566,0.04553032480597873,0.5391973312455323,15840,332060,29377,347900,0.5,0.16492494128059365,0.37280865983592604,0.4845967934098104,0.5,0.18473635837559996,0.37222997583143275,0.44834394254008236,0.5,0.1948463083364537,0.3926541171664908,0.4858562821254723,0.1948463083364537,0.3926541171664908,0.4858562821254723,29377,17395,17395,1739500,100.0,100.0,0.5359881520271301,0.5908393859863281,0.3070186674594879,0.7750465869903564,0.7844572067260742,0.5973039865493774,0.28624433279037476,0.05810665530384518,0.9027184538989483,17395,2683,17395,0,20.0,92.70441398606636,mean,geometric_mean,odvg_phrase_grounding,3.5,2.0,4.0,iou,0.25,0.25,2.0,True,False,False,True,True,0.1,0.25,0.05,0.25,128,5,True,True,0.05,10,0.3,10,0.0,0.5,1.0,10,True,5,12,0.0,0.1,3,odvg_appended_phrase,4.0,0.25,20,0.5,0.5,1.0,2.0,True,False
epoch,1785341812.6816497,109,507.7855754811317,7.182027887988652e-05,7.182027887988652e-05,7.182027887988652e-05,7.182027887988653e-06,7.182027887988652e-05,2.0124998092651367,12286,1.284806489944458,1.4553853273391724,0.7276926636695862,0.014090050011873245,0.4919397830963135,0.038652125746011734,0.030016321688890457,0.12006528675556183,0.0474662184715271,0.0474662184715271,0.12006528675556183,0.030016321688890457,,,,,,,,,,,,,,,,,,,0.1965586394071579,0.0995105654001236,0.04590399540097729,0.5436225618681281,15970,331930,29377,347900,0.5,0.1667971542363073,0.3743404704360554,0.489396466623549,0.5,0.18565544473567758,0.3737958266671205,0.4527691731626783,0.5,0.19729720529666064,0.39490077271334717,0.4904176736903019,0.19729720529666064,0.39490077271334717,0.4904176736903019,29377,17395,17395,1739500,100.0,100.0,0.5388439893722534,0.6016976237297058,0.30632510781288147,0.7755327224731445,0.78585284948349,0.6023419499397278,0.28906968235969543,0.05871938807159971,0.9025148620688376,17395,2683,17395,0,20.0,92.98364251595922,mean,geometric_mean,odvg_phrase_grounding,3.5,2.0,4.0,iou,0.25,0.25,2.0,True,False,False,True,True,0.1,0.25,0.05,0.25,128,5,True,True,0.05,10,0.3,10,0.0,0.5,1.0,10,True,5,12,0.0,0.1,3,odvg_appended_phrase,4.0,0.25,20,0.5,0.5,1.0,2.0,True,False
epoch,1785342347.2632802,110,521.4032839748543,7.136481446745035e-05,7.136481446745035e-05,7.136481446745035e-05,7.136481446745036e-06,7.136481446745035e-05,2.0144619941711426,12286,1.285101056098938,1.45872163772583,0.729360818862915,0.0142247024923563,0.49287599325180054,0.03813022002577782,0.030095869675278664,0.12038347870111465,0.04744437709450722,0.04744437709450722,0.12038347870111465,0.030095869675278664,1.382920742034912,0.016316303983330727,0.5184321403503418,0.04451535642147064,0.059999268501996994,0.059999268501996994,,,0.1247437447309494,0.03118593618273735,0.0,0.0,0,0.45,True,True,1.0,2.0,1.0,2.0,0.1989564597606659,0.0996965616941452,0.04593273929290026,0.5439629642237124,15980,331920,29377,347900,0.5,0.16764816012526806,0.37730197092963885,0.48953262756578275,0.5,0.18565544473567758,0.3774040916363141,0.45474350682506726,0.5,0.19716104435442694,0.3987473193314498,0.49143888075705483,0.19716104435442694,0.3987473193314498,0.49143888075705483,29377,17395,17395,1739500,100.0,100.0,0.5372231006622314,0.5927912592887878,0.3066665530204773,0.7760797142982483,0.7846955060958862,0.6005038022994995,0.2894781529903412,0.056540838075787136,0.9058443296124418,17395,2683,17395,0,20.0,112.77745479904115,mean,geometric_mean,odvg_phrase_grounding,3.5,2.0,4.0,iou,0.25,0.25,2.0,True,False,False,True,True,0.1,0.25,0.05,0.25,128,5,True,True,0.05,10,0.3,10,0.0,0.5,1.0,10,True,5,12,0.0,0.1,3,odvg_appended_phrase,4.0,0.25,20,0.5,0.5,1.0,2.0,True,False
epoch,1785342880.611603,111,519.9198609490413,7.090728131552069e-05,7.090728131552069e-05,7.090728131552069e-05,7.090728131552069e-06,7.090728131552069e-05,2.0141355991363525,12286,1.2838141918182373,1.4606449604034424,0.7303224802017212,0.014023748226463795,0.49007588624954224,0.03911403566598892,0.030226459726691246,0.12090583890676498,0.04812738299369812,0.04812738299369812,0.12090583890676498,0.030226459726691246,,,,,,,,,,,,,,,,,,,0.19478198885917664,0.09839613735675812,0.04611957459039954,0.5461755795350104,16045,331855,29377,347900,0.5,0.1665588725873983,0.3753616775028083,0.4906899955747694,0.5,0.1848725193178337,0.37519147632501615,0.4525649317493277,0.5,0.19763760765224495,0.39690914661129456,0.49181332334819755,0.19763760765224495,0.39690914661129456,0.49181332334819755,29377,17395,17395,1739500,100.0,100.0,0.5404297709465027,0.5955765843391418,0.312898188829422,0.7771000266075134,0.7900738716125488,0.6066991090774536,0.28869524598121643,0.06052352954244322,0.9002412750622376,17395,2683,17395,0,20.0,101.15755651914515,mean,geometric_mean,odvg_phrase_grounding,3.5,2.0,4.0,iou,0.25,0.25,2.0,True,False,False,True,True,0.1,0.25,0.05,0.25,128,5,True,True,0.05,10,0.3,10,0.0,0.5,1.0,10,True,5,12,0.0,0.1,3,odvg_appended_phrase,4.0,0.25,20,0.5,0.5,1.0,2.0,True,False
epoch,1785343394.7866266,112,507.72719868808053,7.044772959776356e-05,7.044772959776356e-05,7.044772959776356e-05,7.044772959776357e-06,7.044772959776356e-05,1.998412013053894,12286,1.272925615310669,1.4509742259979248,0.7254871129989624,0.013605390675365925,0.4843146800994873,0.0396086610853672,0.02996586076915264,0.11986344307661057,0.04822257533669472,0.04822257533669472,0.11986344307661057,0.02996586076915264,,,,,,,,,,,,,,,,,,,0.1970883160829544,0.09985952824354172,0.04654785858005174,0.5512475746332165,16194,331706,29377,347900,0.5,0.16788644177417708,0.37719985022296354,0.4946386628995473,0.5,0.18626816897572931,0.3744766313782891,0.4581134901453518,0.5,0.19859073424788098,0.3987813595670082,0.49555774925962487,0.19859073424788098,0.3987813595670082,0.49555774925962487,29377,17395,17395,1739500,100.0,100.0,0.5445345044136047,0.6050518155097961,0.3248632550239563,0.7760376334190369,0.7960308790206909,0.613847553730011,0.29036322236061096,0.06259997909679449,0.8980203167441018,17395,2683,17395,0,20.0,92.16254496807232,mean,geometric_mean,odvg_phrase_grounding,3.5,2.0,4.0,iou,0.25,0.25,2.0,True,False,False,True,True,0.1,0.25,0.05,0.25,128,5,True,True,0.05,10,0.3,10,0.0,0.5,1.0,10,True,5,12,0.0,0.1,3,odvg_appended_phrase,4.0,0.25,20,0.5,0.5,1.0,2.0,True,False
epoch,1785343913.933072,113,512.4537139921449,6.998620970920352e-05,6.998620970920352e-05,6.998620970920352e-05,6.998620970920353e-06,6.998620970920352e-05,2.004296064376831,12286,1.2746936082839966,1.4591995477676392,0.7295997738838196,0.013801055029034615,0.48597076535224915,0.039131779223680496,0.030045097693800926,0.1201803907752037,0.047970764338970184,0.047970764338970184,0.1201803907752037,0.030045097693800926,,,,,,,,,,,,,,,,,,,0.19769465923309326,0.10055325925350189,0.046544984190859444,0.5512135343976581,16193,331707,29377,347900,0.5,0.165980188582905,0.3776764135207816,0.49514926643292373,0.5,0.19018279606494876,0.38264628791231237,0.4637982094836096,0.5,0.19651427987881676,0.4000068080471117,0.4956598699663002,0.19651427987881676,0.4000068080471117,0.4956598699663002,29377,17395,17395,1739500,100.0,100.0,0.542768657207489,0.6002996563911438,0.3156163692474365,0.7766339778900146,0.7924226522445679,0.6132689118385315,0.2900228202342987,0.062055377440873416,0.8988121258994911,17395,2683,17395,0,20.0,92.34818900190294,mean,geometric_mean,odvg_phrase_grounding,3.5,2.0,4.0,iou,0.25,0.25,2.0,True,False,False,True,True,0.1,0.25,0.05,0.25,128,5,True,True,0.05,10,0.3,10,0.0,0.5,1.0,10,True,5,12,0.0,0.1,3,odvg_appended_phrase,4.0,0.25,20,0.5,0.5,1.0,2.0,True,False
epoch,1785344425.5959027,114,504.8503840959165,6.952277226069719e-05,6.952277226069719e-05,6.952277226069719e-05,6.95227722606972e-06,6.952277226069719e-05,2.0217432975769043,12286,1.2874974012374878,1.4684882164001465,0.7342441082000732,0.014120086096227169,0.4908142387866974,0.039521198719739914,0.030349574983119965,0.12139829993247986,0.04831335321068764,0.04831335321068764,0.12139829993247986,0.030349574983119965,,,,,,,,,,,,,,,,,,,0.19449792802333832,0.09978356212377548,0.046243173325668296,0.5476393096640229,16088,331812,29377,347900,0.5,0.16574190693399599,0.3793784252987031,0.4939578581883787,0.5,0.18895734758484528,0.3816591210811179,0.46335568642135005,0.5,0.1946420669231031,0.4000068080471117,0.49620451373523505,0.1946420669231031,0.4000068080471117,0.49620451373523505,29377,17395,17395,1739500,100.0,100.0,0.5415287613868713,0.6004641056060791,0.314310759305954,0.7766478657722473,0.7911291122436523,0.6092521548271179,0.2925417721271515,0.061612845163095065,0.8988713545369759,17395,2683,17395,0,20.0,92.69549392000772,mean,geometric_mean,odvg_phrase_grounding,3.5,2.0,4.0,iou,0.25,0.25,2.0,True,False,False,True,True,0.1,0.25,0.05,0.25,128,5,True,True,0.05,10,0.3,10,0.0,0.5,1.0,10,True,5,12,0.0,0.1,3,odvg_appended_phrase,4.0,0.25,20,0.5,0.5,1.0,2.0,True,False
epoch,1785344954.274379,115,521.0491449888796,6.905746807338328e-05,6.905746807338328e-05,6.905746807338328e-05,6.905746807338327e-06,6.905746807338328e-05,1.9974778890609741,12286,1.2749254703521729,1.445104718208313,0.7225523591041565,0.014054981991648674,0.4865320026874542,0.0388159416615963,0.030123326927423477,0.12049330770969391,0.04759758338332176,0.04759758338332176,0.12049330770969391,0.030123326927423477,1.3818658590316772,0.016377940773963928,0.5149274468421936,0.04560483619570732,0.06056054309010506,0.06056054309010506,,,0.1269111931324005,0.03172779828310013,0.0,0.0,0,0.45,True,True,1.0,2.0,1.0,2.0,0.1949377954006195,0.09864959120750427,0.046352400114975566,0.5489328386152432,16126,331774,29377,347900,0.5,0.16696735541409946,0.3780848963474827,0.4963747149130272,0.5,0.18756169792694966,0.37845933893862543,0.46230043911903873,0.5,0.19617387752323245,0.39987064710487796,0.4969193586819621,0.19617387752323245,0.39987064710487796,0.4969193586819621,29377,17395,17395,1739500,100.0,100.0,0.5415034294128418,0.6009255051612854,0.3181481957435608,0.7749791741371155,0.7920482158660889,0.6090138554573059,0.2921673357486725,0.060081016842062684,0.9013470444002492,17395,2683,17395,0,20.0,110.60179146379232,mean,geometric_mean,odvg_phrase_grounding,3.5,2.0,4.0,iou,0.25,0.25,2.0,True,False,False,True,True,0.1,0.25,0.05,0.25,128,5,True,True,0.05,10,0.3,10,0.0,0.5,1.0,10,True,5,12,0.0,0.1,3,odvg_appended_phrase,4.0,0.25,20,0.5,0.5,1.0,2.0,True,False
epoch,1785345464.879418,116,504.107739246916,6.85903481731094e-05,6.85903481731094e-05,6.85903481731094e-05,6.859034817310939e-06,6.85903481731094e-05,1.9937615394592285,12286,1.270115613937378,1.4472886323928833,0.7236443161964417,0.013664904050529003,0.48287543654441833,0.03958262503147125,0.030041921883821487,0.12016768753528595,0.048218779265880585,0.048218779265880585,0.12016768753528595,0.030041921883821487,,,,,,,,,,,,,,,,,,,0.19326189160346985,0.09922100603580475,0.04645587812589825,0.5501582870953468,16162,331738,29377,347900,0.5,0.16652483235183987,0.3764169248051196,0.4941280593661708,0.5,0.18725533580692377,0.3790380229431188,0.4585560132076114,0.5,0.19648023964325834,0.3973857099091126,0.49555774925962487,0.19648023964325834,0.3973857099091126,0.49555774925962487,29377,17395,17395,1739500,100.0,100.0,0.5433337688446045,0.6016228199005127,0.32252463698387146,0.7762899994850159,0.7930353879928589,0.611873209476471,0.2925758361816406,0.06171492238112419,0.8991377275139592,17395,2683,17395,0,20.0,92.51795661612414,mean,geometric_mean,odvg_phrase_grounding,3.5,2.0,4.0,iou,0.25,0.25,2.0,True,False,False,True,True,0.1,0.25,0.05,0.25,128,5,True,True,0.05,10,0.3,10,0.0,0.5,1.0,10,True,5,12,0.0,0.1,3,odvg_appended_phrase,4.0,0.25,20,0.5,0.5,1.0,2.0,True,False
epoch,1785345971.5216558,117,500.20208441396244,6.812146378483658e-05,6.812146378483658e-05,6.812146378483658e-05,6.812146378483659e-06,6.812146378483658e-05,1.9933167695999146,12286,1.2714340686798096,1.4437669515609741,0.7218834757804871,0.013633744791150093,0.48019546270370483,0.04096608981490135,0.029845068231225014,0.11938027292490005,0.049468837678432465,0.049468837678432465,0.11938027292490005,0.029845068231225014,,,,,,,,,,,,,,,,,,,0.19677723944187164,0.10065007209777832,0.0461569416498994,0.54661810259727,16058,331842,29377,347900,0.5,0.1663205909384893,0.380399632365456,0.49392381795282025,0.5,0.18572352520679444,0.37856145964530075,0.46032610545664976,0.5,0.1957653946965313,0.4006876127582803,0.49552370902406645,0.1957653946965313,0.4006876127582803,0.49552370902406645,29377,17395,17395,1739500,100.0,100.0,0.5452370643615723,0.6068726778030396,0.32577019929885864,0.7789817452430725,0.7970861792564392,0.6135752201080322,0.29587772488594055,0.06695711751076228,0.8908738239152273,17395,2683,17395,0,20.0,90.48498762585223,mean,geometric_mean,odvg_phrase_grounding,3.5,2.0,4.0,iou,0.25,0.25,2.0,True,False,False,True,True,0.1,0.25,0.05,0.25,128,5,True,True,0.05,10,0.3,10,0.0,0.5,1.0,10,True,5,12,0.0,0.1,3,odvg_appended_phrase,4.0,0.25,20,0.5,0.5,1.0,2.0,True,False
epoch,1785346479.7900867,118,501.9213418229483,6.765086632702188e-05,6.765086632702188e-05,6.765086632702188e-05,6.765086632702189e-06,6.765086632702188e-05,1.9846359491348267,12286,1.2655714750289917,1.4381266832351685,0.7190633416175842,0.013404278084635735,0.47809872031211853,0.04097205400466919,0.03002437762916088,0.12009751051664352,0.04848003759980202,0.04848003759980202,0.12009751051664352,0.03002437762916088,,,,,,,,,,,,,,,,,,,0.19812257587909698,0.09992597997188568,0.04691578039666571,0.5556047247846955,16322,331578,29377,347900,0.5,0.1672396772985669,0.3810804370766246,0.49817884739762397,0.5,0.18718725533580693,0.38152296013888415,0.4611090308744937,0.5,0.1968887224699595,0.40221942335840966,0.49882561187323415,0.1968887224699595,0.40221942335840966,0.49882561187323415,29377,17395,17395,1739500,100.0,100.0,0.5447986721992493,0.6054469347000122,0.32827913761138916,0.7750387191772461,0.7968478798866272,0.6183068156242371,0.2929843068122864,0.06270209083954159,0.8985906523183994,17395,2683,17395,0,20.0,92.63713835994713,mean,geometric_mean,odvg_phrase_grounding,3.5,2.0,4.0,iou,0.25,0.25,2.0,True,False,False,True,True,0.1,0.25,0.05,0.25,128,5,True,True,0.05,10,0.3,10,0.0,0.5,1.0,10,True,5,12,0.0,0.1,3,odvg_appended_phrase,4.0,0.25,20,0.5,0.5,1.0,2.0,True,False
epoch,1785346994.36298,119,508.0019620328676,6.717860740597969e-05,6.717860740597969e-05,6.717860740597969e-05,6.71786074059797e-06,6.717860740597969e-05,1.973400592803955,12286,1.2563797235488892,1.4340444803237915,0.7170222401618958,0.013420915231108665,0.4772395193576813,0.03948822245001793,0.029700109735131264,0.11880043894052505,0.04755924269556999,0.04755924269556999,0.11880043894052505,0.029700109735131264,,,,,,,,,,,,,,,,,,,0.2014506757259369,0.10198007524013519,0.046829548720896806,0.5545835177179426,16292,331608,29377,347900,0.5,0.16785240153861863,0.3788337815297682,0.49576199067297544,0.5,0.19178268713619498,0.38458658133914286,0.46587466385267384,0.5,0.198352452598972,0.3999046873404364,0.4967491575041699,0.198352452598972,0.3999046873404364,0.4967491575041699,29377,17395,17395,1739500,100.0,100.0,0.5461934804916382,0.6072364449501038,0.3274576663970947,0.7789562940597534,0.7975286841392517,0.6164005994796753,0.29638832807540894,0.06181708176173273,0.8997128136898072,17395,2683,17395,0,20.0,90.78593955002725,mean,geometric_mean,odvg_phrase_grounding,3.5,2.0,4.0,iou,0.25,0.25,2.0,True,False,False,True,True,0.1,0.25,0.05,0.25,128,5,True,True,0.05,10,0.3,10,0.0,0.5,1.0,10,True,5,12,0.0,0.1,3,odvg_appended_phrase,4.0,0.25,20,0.5,0.5,1.0,2.0,True,False
epoch,1785347536.2043474,120,528.7781409278978,6.670473881022253e-05,6.670473881022253e-05,6.670473881022253e-05,6.670473881022254e-06,6.670473881022253e-05,1.9766266345977783,12286,1.258036494255066,1.4371802806854248,0.7185901403427124,0.01343768835067749,0.4771753251552582,0.03982102498412132,0.02984529919922352,0.11938119679689407,0.047870926558971405,0.047870926558971405,0.11938119679689407,0.02984529919922352,1.3847979307174683,0.01645134575664997,0.5147740244865417,0.04653571918606758,0.060238126665353775,0.060238126665353775,,,0.12575043737888336,0.03143760934472084,0.0,0.0,0,0.45,True,True,1.0,2.0,1.0,2.0,0.19952526688575745,0.10229235887527466,0.046521989077321066,0.5509412125131906,16185,331715,29377,347900,0.5,0.16849916601422882,0.3803315518943391,0.49324301324165165,0.5,0.1913742043094938,0.3823399257922865,0.462402559825714,0.5,0.1989311366034653,0.4016407393539163,0.49508118596180684,0.1989311366034653,0.4016407393539163,0.49508118596180684,29377,17395,17395,1739500,100.0,100.0,0.5447748899459839,0.6061781644821167,0.32072508335113525,0.778453528881073,0.7958947420120239,0.6129285097122192,0.2957755923271179,0.061987297199028624,0.8988670028938077,17395,2683,17395,0,20.0,117.51156569109298,mean,geometric_mean,odvg_phrase_grounding,3.5,2.0,4.0,iou,0.25,0.25,2.0,True,False,False,True,True,0.1,0.25,0.05,0.25,128,5,True,True,0.05,10,0.3,10,0.0,0.5,1.0,10,True,5,12,0.0,0.1,3,odvg_appended_phrase,4.0,0.25,20,0.5,0.5,1.0,2.0,True,False
epoch,1785348049.9190912,121,507.161737853894,6.622931250478199e-05,6.622931250478199e-05,6.622931250478199e-05,6.622931250478199e-06,6.622931250478199e-05,1.9740344285964966,12286,1.258339524269104,1.4313914775848389,0.7156957387924194,0.013422074727714062,0.47602057456970215,0.04041796177625656,0.029804829508066177,0.11921931803226471,0.047999270260334015,0.047999270260334015,0.11921931803226471,0.029804829508066177,,,,,,,,,,,,,,,,,,,0.1995355486869812,0.1012570708990097,0.046944524288588675,0.5559451271402798,16332,331568,29377,347900,0.5,0.16941825237430644,0.38152296013888415,0.495727950437417,0.5,0.18939987064710487,0.3803655921298975,0.46359396807025904,0.5,0.19910133778125744,0.4023896245362018,0.4973618817442217,0.19910133778125744,0.4023896245362018,0.4973618817442217,29377,17395,17395,1739500,100.0,100.0,0.5471414923667908,0.6101372241973877,0.32996100187301636,0.7793499231338501,0.8000816702842712,0.6186472177505493,0.2956394553184509,0.06270209061026955,0.8986464517883724,17395,2683,17395,0,20.0,94.30237900884822,mean,geometric_mean,odvg_phrase_grounding,3.5,2.0,4.0,iou,0.25,0.25,2.0,True,False,False,True,True,0.1,0.25,0.05,0.25,128,5,True,True,0.05,10,0.3,10,0.0,0.5,1.0,10,True,5,12,0.0,0.1,3,odvg_appended_phrase,4.0,0.25,20,0.5,0.5,1.0,2.0,True,False
epoch,1785348557.5657947,122,500.51766895712353,6.575238062551001e-05,6.575238062551001e-05,6.575238062551001e-05,6.575238062551002e-06,6.575238062551001e-05,1.9744694232940674,12286,1.2572848796844482,1.4343695640563965,0.7171847820281982,0.013162161223590374,0.4774312376976013,0.0398099385201931,0.029796482995152473,0.1191859319806099,0.04756404459476471,0.04756404459476471,0.1191859319806099,0.029796482995152473,,,,,,,,,,,,,,,,,,,0.20259447395801544,0.10382838547229767,0.046783558493820064,0.5540388739490077,16276,331624,29377,347900,0.5,0.16935017190318957,0.3813187187255336,0.4988596521087926,0.5,0.19219116996289615,0.38628859311706437,0.46754263539503693,0.5,0.19971406202130917,0.40439799843414914,0.49960853729107807,0.19971406202130917,0.40439799843414914,0.49960853729107807,29377,17395,17395,1739500,100.0,100.0,0.5467825531959534,0.6073182821273804,0.32864052057266235,0.7777309417724609,0.7982094883918762,0.6187493801116943,0.29424378275871277,0.06471050616268659,0.8954172590023358,17395,2683,17395,0,20.0,91.15431667282246,mean,geometric_mean,odvg_phrase_grounding,3.5,2.0,4.0,iou,0.25,0.25,2.0,True,False,False,True,True,0.1,0.25,0.05,0.25,128,5,True,True,0.05,10,0.3,10,0.0,0.5,1.0,10,True,5,12,0.0,0.1,3,odvg_appended_phrase,4.0,0.25,20,0.5,0.5,1.0,2.0,True,False
epoch,1785349078.4863296,123,506.03851702902466,6.527399547336168e-05,6.527399547336168e-05,6.527399547336168e-05,6.5273995473361684e-06,6.527399547336168e-05,1.9628784656524658,12286,1.248963713645935,1.4278265237808228,0.7139132618904114,0.013168994337320328,0.4744386672973633,0.039281804114580154,0.02958657778799534,0.11834631115198135,0.04751075431704521,0.04751075431704521,0.11834631115198135,0.02958657778799534,,,,,,,,,,,,,,,,,,,0.20497483015060425,0.10485198348760605,0.04704800229951135,0.5571705756203833,16368,331532,29377,347900,0.5,0.1670013956496579,0.3843823399257923,0.5015488307179086,0.5,0.1912380433672601,0.387445961126051,0.47019777376859445,0.5,0.1981482111856214,0.407155257514382,0.5033529632025053,0.1981482111856214,0.407155257514382,0.5033529632025053,29377,17395,17395,1739500,100.0,100.0,0.5492936372756958,0.6122446656227112,0.3334464132785797,0.7788324952125549,0.8014432787895203,0.6189535856246948,0.30094972252845764,0.06178301000431152,0.9001815137043669,17395,2683,17395,0,20.0,95.64281417592429,mean,geometric_mean,odvg_phrase_grounding,3.5,2.0,4.0,iou,0.25,0.25,2.0,True,False,False,True,True,0.1,0.25,0.05,0.25,128,5,True,True,0.05,10,0.3,10,0.0,0.5,1.0,10,True,5,12,0.0,0.1,3,odvg_appended_phrase,4.0,0.25,20,0.5,0.5,1.0,2.0,True,False
epoch,1785349596.0087554,124,504.62599758291617,6.479420950865987e-05,6.479420950865987e-05,6.479420950865987e-05,6.479420950865988e-06,6.479420950865987e-05,1.9584285020828247,12286,1.2461400032043457,1.4245752096176147,0.7122876048088074,0.013205285184085369,0.4743615984916687,0.03870493173599243,0.029605381190776825,0.1184215247631073,0.04721472039818764,0.04721472039818764,0.1184215247631073,0.029605381190776825,,,,,,,,,,,,,,,,,,,0.20376373827457428,0.10438205301761627,0.046797930439781546,0.5542090751267998,16281,331619,29377,347900,0.5,0.1674779589474759,0.38557374817033735,0.5015488307179086,0.5,0.1927017734962726,0.38652687476597336,0.46924464717295844,0.5,0.19889709636790687,0.40800626340334273,0.5022296354290772,0.19889709636790687,0.40800626340334273,0.5022296354290772,29377,17395,17395,1739500,100.0,100.0,0.5464800596237183,0.6053457260131836,0.32869598269462585,0.7773262858390808,0.7998774647712708,0.6137794852256775,0.29649046063423157,0.059570410098877646,0.9029449313103476,17395,2683,17395,0,20.0,92.80395176890306,mean,geometric_mean,odvg_phrase_grounding,3.5,2.0,4.0,iou,0.25,0.25,2.0,True,False,False,True,True,0.1,0.25,0.05,0.25,128,5,True,True,0.05,10,0.3,10,0.0,0.5,1.0,10,True,5,12,0.0,0.1,3,odvg_appended_phrase,4.0,0.25,20,0.5,0.5,1.0,2.0,True,False
epoch,1785350122.607918,125,518.7649230710231,6.431307534534228e-05,6.431307534534228e-05,6.431307534534228e-05,6.431307534534228e-06,6.431307534534228e-05,1.9666610956192017,12286,1.2501006126403809,1.4331194162368774,0.7165597081184387,0.013272315263748169,0.47602108120918274,0.03875979408621788,0.029617927968502045,0.11847171187400818,0.04752849414944649,0.04752849414944649,0.11847171187400818,0.029617927968502045,1.373200535774231,0.016381679102778435,0.5135276317596436,0.044512756168842316,0.059758543968200684,0.059758543968200684,,,0.12674842774868011,0.03168710693717003,0.0,0.0,0,0.45,True,True,1.0,2.0,1.0,2.0,0.20266416668891907,0.10278952121734619,0.04670307559643576,0.5530857473533717,16248,331652,29377,347900,0.5,0.16781836130306022,0.3830547707390135,0.4993362154066106,0.5,0.19014875582939034,0.38659495523709025,0.4683936412839977,0.5,0.1992715389590496,0.4047724410252919,0.500391462708922,0.1992715389590496,0.4047724410252919,0.500391462708922,29377,17395,17395,1739500,100.0,100.0,0.5441340208053589,0.6033365726470947,0.32424986362457275,0.776610791683197,0.7946692705154419,0.6116349697113037,0.29312047362327576,0.05854922235793203,0.9042742399350258,17395,2683,17395,0,20.0,108.83044831315055,mean,geometric_mean,odvg_phrase_grounding,3.5,2.0,4.0,iou,0.25,0.25,2.0,True,False,False,True,True,0.1,0.25,0.05,0.25,128,5,True,True,0.05,10,0.3,10,0.0,0.5,1.0,10,True,5,12,0.0,0.1,3,odvg_appended_phrase,4.0,0.25,20,0.5,0.5,1.0,2.0,True,False
epoch,1785350635.031602,126,506.494522661902,6.38306457451918e-05,6.38306457451918e-05,6.38306457451918e-05,6.383064574519181e-06,6.38306457451918e-05,1.9607691764831543,12286,1.2452927827835083,1.4309521913528442,0.7154760956764221,0.013112226501107216,0.47277989983558655,0.03925328329205513,0.029670482501387596,0.11868193000555038,0.04749921336770058,0.04749921336770058,0.11868193000555038,0.029670482501387596,,,,,,,,,,,,,,,,,,,0.20577314496040344,0.10347135365009308,0.04685829261281978,0.5549239200735269,16302,331598,29377,347900,0.5,0.16853320624978724,0.38724171971270044,0.5020253940157265,0.5,0.1885148245225857,0.386969397828233,0.46631718691493346,0.5,0.19957790107907547,0.4080743438744596,0.503557204615856,0.19957790107907547,0.4080743438744596,0.503557204615856,29377,17395,17395,1739500,100.0,100.0,0.5454967617988586,0.6005548238754272,0.32720300555229187,0.7783504128456116,0.7996731996536255,0.6141198873519897,0.2943459153175354,0.05919596727846288,0.9036084508943218,17395,2683,17395,0,20.0,92.82001228816807,mean,geometric_mean,odvg_phrase_grounding,3.5,2.0,4.0,iou,0.25,0.25,2.0,True,False,False,True,True,0.1,0.25,0.05,0.25,128,5,True,True,0.05,10,0.3,10,0.0,0.5,1.0,10,True,5,12,0.0,0.1,3,odvg_appended_phrase,4.0,0.25,20,0.5,0.5,1.0,2.0,True,False
epoch,1785351153.7636077,127,505.2489151149057,6.33469736120506e-05,6.33469736120506e-05,6.33469736120506e-05,6.33469736120506e-06,6.33469736120506e-05,1.9605120420455933,12286,1.2457257509231567,1.4295763969421387,0.7147881984710693,0.013297325000166893,0.4739905297756195,0.03879931941628456,0.029617231339216232,0.11846892535686493,0.046932317316532135,0.046932317316532135,0.11846892535686493,0.029617231339216232,,,,,,,,,,,,,,,,,,,0.20603047311306,0.10488826036453247,0.04663983903420523,0.5523368621710862,16226,331674,29377,347900,0.5,0.16781836130306022,0.38622051264594753,0.5009361064778568,0.5,0.1871532151002485,0.38591415052592165,0.4657725431459986,0.5,0.19968002178575076,0.40916363141232936,0.5022296354290772,0.19968002178575076,0.40916363141232936,0.5022296354290772,29377,17395,17395,1739500,100.0,100.0,0.5460318922996521,0.6085569262504578,0.3235560953617096,0.7779883146286011,0.7966436147689819,0.6158899664878845,0.29744356870651245,0.06355310431679828,0.8968109438781571,17395,2683,17395,0,20.0,92.66974292090163,mean,geometric_mean,odvg_phrase_grounding,3.5,2.0,4.0,iou,0.25,0.25,2.0,True,False,False,True,True,0.1,0.25,0.05,0.25,128,5,True,True,0.05,10,0.3,10,0.0,0.5,1.0,10,True,5,12,0.0,0.1,3,odvg_appended_phrase,4.0,0.25,20,0.5,0.5,1.0,2.0,True,False
epoch,1785351670.569083,128,503.8614676441066,6.286211198601856e-05,6.286211198601856e-05,6.286211198601856e-05,6.286211198601856e-06,6.286211198601856e-05,1.9526758193969727,12286,1.2417917251586914,1.4217654466629028,0.7108827233314514,0.012971737422049046,0.4714416265487671,0.039238493889570236,0.029644863680005074,0.1185794547200203,0.047212474048137665,0.047212474048137665,0.1185794547200203,0.029644863680005074,,,,,,,,,,,,,,,,,,,0.20532481372356415,0.10477928072214127,0.04638401839609083,0.5493072812063859,16137,331763,29377,347900,0.5,0.16730775776968376,0.38189740273002687,0.49392381795282025,0.5,0.18735745651359909,0.38295265003233825,0.46223235864792184,0.5,0.19831841236341355,0.40460223984749977,0.4953875480818327,0.19831841236341355,0.40460223984749977,0.4953875480818327,29377,17395,17395,1739500,100.0,100.0,0.5454552173614502,0.6059966087341309,0.329164981842041,0.7770084142684937,0.7979031205177307,0.6136773824691772,0.2944820821285248,0.0643701012627913,0.895107587306227,17395,2683,17395,0,20.0,91.60280717606656,mean,geometric_mean,odvg_phrase_grounding,3.5,2.0,4.0,iou,0.25,0.25,2.0,True,False,False,True,True,0.1,0.25,0.05,0.25,128,5,True,True,0.05,10,0.3,10,0.0,0.5,1.0,10,True,5,12,0.0,0.1,3,odvg_appended_phrase,4.0,0.25,20,0.5,0.5,1.0,2.0,True,False
epoch,1785352179.3100784,129,501.65516612608917,6.237611403763685e-05,6.237611403763685e-05,6.237611403763685e-05,6.237611403763685e-06,6.237611403763685e-05,1.9448559284210205,12286,1.2366424798965454,1.4164232015609741,0.7082116007804871,0.01292736828327179,0.46822527050971985,0.03965366631746292,0.029482651501893997,0.11793060600757599,0.04710302874445915,0.04710302874445915,0.11793060600757599,0.029482651501893997,,,,,,,,,,,,,,,,,,,0.20329952239990234,0.10367821156978607,0.04674044265593561,0.5535282704156312,16261,331639,29377,347900,0.5,0.16669503352963203,0.3820335636722606,0.4972597610375464,0.5,0.18551928379344385,0.3804336726010144,0.46236851959015557,0.5,0.19872689519011472,0.40575960785648635,0.4980767266909487,0.19872689519011472,0.40575960785648635,0.4980767266909487,29377,17395,17395,1739500,100.0,100.0,0.5473871231079102,0.6044300198554993,0.3355046808719635,0.7784968018531799,0.8028048872947693,0.6173877716064453,0.2960479259490967,0.06385950119081407,0.896565004802976,17395,2683,17395,0,20.0,92.06108587211929,mean,geometric_mean,odvg_phrase_grounding,3.5,2.0,4.0,iou,0.25,0.25,2.0,True,False,False,True,True,0.1,0.25,0.05,0.25,128,5,True,True,0.05,10,0.3,10,0.0,0.5,1.0,10,True,5,12,0.0,0.1,3,odvg_appended_phrase,4.0,0.25,20,0.5,0.5,1.0,2.0,True,False
epoch,1785352706.7130177,130,521.2147381391842,6.188903306205722e-05,6.188903306205722e-05,6.188903306205722e-05,6.188903306205722e-06,6.188903306205722e-05,1.9438306093215942,12286,1.234121322631836,1.419413447380066,0.709706723690033,0.01282399520277977,0.4678380787372589,0.03930769860744476,0.029250536113977432,0.11700214445590973,0.04748380184173584,0.04748380184173584,0.11700214445590973,0.029250536113977432,1.3728843927383423,0.015940163284540176,0.5113541483879089,0.0456630103290081,0.0602477565407753,0.0602477565407753,,,0.12642709910869598,0.031606774777173996,0.0,0.0,0,0.45,True,True,1.0,2.0,1.0,2.0,0.20480568706989288,0.10419271141290665,0.046605346363897675,0.5519283793443851,16214,331686,29377,347900,0.5,0.16815876365864452,0.3824760867345202,0.4970214793886374,0.5,0.1855533240290023,0.3823399257922865,0.4617557953501038,0.5,0.19988426319910133,0.40484052149640876,0.49821288763318244,0.19988426319910133,0.40484052149640876,0.49821288763318244,29377,17395,17395,1739500,100.0,100.0,0.5464774370193481,0.6042184233665466,0.33185166120529175,0.7786879539489746,0.799468994140625,0.6151070594787598,0.2977159023284912,0.06317868013437467,0.8972883189018963,17395,2683,17395,0,20.0,109.40176032599993,mean,geometric_mean,odvg_phrase_grounding,3.5,2.0,4.0,iou,0.25,0.25,2.0,True,False,False,True,True,0.1,0.25,0.05,0.25,128,5,True,True,0.05,10,0.3,10,0.0,0.5,1.0,10,True,5,12,0.0,0.1,3,odvg_appended_phrase,4.0,0.25,20,0.5,0.5,1.0,2.0,True,False
epoch,1785353214.6809914,131,500.9419632470235,6.140092247319755e-05,6.140092247319755e-05,6.140092247319755e-05,6.140092247319756e-06,6.140092247319755e-05,1.9450761079788208,12286,1.2366857528686523,1.4167821407318115,0.7083910703659058,0.01286881323903799,0.4690021872520447,0.039384324103593826,0.029575657099485397,0.11830262839794159,0.04704873263835907,0.04704873263835907,0.11830262839794159,0.029575657099485397,,,,,,,,,,,,,,,,,,,0.20648358762264252,0.1051919236779213,0.046912906007473415,0.555570684549137,16321,331579,29377,347900,0.5,0.16761411988970965,0.3843482996902339,0.49882561187323415,0.5,0.18756169792694966,0.38227184532116965,0.4608367089900262,0.5,0.20175647615481498,0.4068148551587977,0.5007999455356231,0.20175647615481498,0.4068148551587977,0.5007999455356231,29377,17395,17395,1739500,100.0,100.0,0.5485016703605652,0.6098197102546692,0.3307918310165405,0.7789692878723145,0.800217866897583,0.6168771386146545,0.3016645610332489,0.06130645406551749,0.9006180481850959,17395,2683,17395,0,20.0,91.02779045794159,mean,geometric_mean,odvg_phrase_grounding,3.5,2.0,4.0,iou,0.25,0.25,2.0,True,False,False,True,True,0.1,0.25,0.05,0.25,128,5,True,True,0.05,10,0.3,10,0.0,0.5,1.0,10,True,5,12,0.0,0.1,3,odvg_appended_phrase,4.0,0.25,20,0.5,0.5,1.0,2.0,True,False
epoch,1785353731.9919105,132,503.25309334602207,6.091183579788444e-05,6.091183579788444e-05,6.091183579788444e-05,6.091183579788445e-06,6.091183579788444e-05,1.9506630897521973,12286,1.238097906112671,1.425130009651184,0.712565004825592,0.01296763215214014,0.4714694917201996,0.03867373242974281,0.029428742825984955,0.11771497130393982,0.04650561138987541,0.04650561138987541,0.11771497130393982,0.029428742825984955,,,,,,,,,,,,,,,,,,,0.2037234604358673,0.10426006466150284,0.04703075596435757,0.5569663342070327,16362,331538,29377,347900,0.5,0.16775028083194335,0.38683323688599924,0.5052592163937775,0.5,0.18528100214453483,0.38162508084555946,0.46236851959015557,0.5,0.20080334955917895,0.40889130952786196,0.5057357796915954,0.20080334955917895,0.40889130952786196,0.5057357796915954,29377,17395,17395,1739500,100.0,100.0,0.5469890832901001,0.605737030506134,0.3251504898071289,0.782545804977417,0.7962691783905029,0.6144943237304688,0.30357080698013306,0.057527989523436074,0.9063815770108412,17395,2683,17395,0,20.0,92.50843483791687,mean,geometric_mean,odvg_phrase_grounding,3.5,2.0,4.0,iou,0.25,0.25,2.0,True,False,False,True,True,0.1,0.25,0.05,0.25,128,5,True,True,0.05,10,0.3,10,0.0,0.5,1.0,10,True,5,12,0.0,0.1,3,odvg_appended_phrase,4.0,0.25,20,0.5,0.5,1.0,2.0,True,False
epoch,1785354241.1093392,133,501.6158309618477,6.042182666998329e-05,6.042182666998329e-05,6.042182666998329e-05,6.04218266699833e-06,6.042182666998329e-05,1.9389920234680176,12286,1.2285789251327515,1.420828104019165,0.7104140520095825,0.012579729780554771,0.4653405547142029,0.03951740264892578,0.02925545535981655,0.1170218214392662,0.047054387629032135,0.047054387629032135,0.1170218214392662,0.02925545535981655,,,,,,,,,,,,,,,,,,,0.20764118432998657,0.10625743865966797,0.046774935326243175,0.5539367532423325,16273,331627,29377,347900,0.5,0.16795452224529395,0.38458658133914286,0.4997446982333118,0.5,0.1867106920379889,0.38084215542771555,0.46155155393675323,0.5,0.20073526908806208,0.405963849269837,0.5007318650645063,0.20073526908806208,0.405963849269837,0.5007318650645063,29377,17395,17395,1739500,100.0,100.0,0.5500854253768921,0.6101996898651123,0.3312346637248993,0.7831900715827942,0.8019198775291443,0.6182047128677368,0.3030602037906647,0.06426795962540433,0.8960409743120896,17395,2683,17395,0,20.0,91.27117026387714,mean,geometric_mean,odvg_phrase_grounding,3.5,2.0,4.0,iou,0.25,0.25,2.0,True,False,False,True,True,0.1,0.25,0.05,0.25,128,5,True,True,0.05,10,0.3,10,0.0,0.5,1.0,10,True,5,12,0.0,0.1,3,odvg_appended_phrase,4.0,0.25,20,0.5,0.5,1.0,2.0,True,False
epoch,1785354756.3710063,134,501.3100239811465,5.993094882451693e-05,5.993094882451693e-05,5.993094882451693e-05,5.993094882451693e-06,5.993094882451693e-05,1.9368308782577515,12286,1.2291433811187744,1.41537344455719,0.707686722278595,0.012806382961571217,0.46635720133781433,0.03905666619539261,0.02936197631061077,0.11744790524244308,0.0466863177716732,0.0466863177716732,0.11744790524244308,0.02936197631061077,,,,,,,,,,,,,,,,,,,0.20543904602527618,0.10500798374414444,0.04685541822362748,0.5548898798379684,16301,331599,29377,347900,0.5,0.16965653402321543,0.3853695067569868,0.5016169111890254,0.5,0.18694897368689792,0.38060387377880656,0.4615175137011948,0.5,0.20213091874595773,0.40957211423903056,0.502535997549103,0.20213091874595773,0.40957211423903056,0.502535997549103,29377,17395,17395,1739500,100.0,100.0,0.5482048988342285,0.6071745753288269,0.32749542593955994,0.7807199954986572,0.7976988554000854,0.6177962422370911,0.29945194721221924,0.06290636239912262,0.8981761977519749,17395,2683,17395,0,20.0,92.54731881478801,mean,geometric_mean,odvg_phrase_grounding,3.5,2.0,4.0,iou,0.25,0.25,2.0,True,False,False,True,True,0.1,0.25,0.05,0.25,128,5,True,True,0.05,10,0.3,10,0.0,0.5,1.0,10,True,5,12,0.0,0.1,3,odvg_appended_phrase,4.0,0.25,20,0.5,0.5,1.0,2.0,True,False
epoch,1785355287.2388566,135,523.5939418030903,5.9439256091772765e-05,5.9439256091772765e-05,5.9439256091772765e-05,5.943925609177276e-06,5.9439256091772765e-05,1.944858431816101,12286,1.2330032587051392,1.4237083196640015,0.7118541598320007,0.012980468571186066,0.469448059797287,0.03847874328494072,0.02928529493510723,0.11714117974042892,0.04648222029209137,0.04648222029209137,0.11714117974042892,0.02928529493510723,1.3713269233703613,0.016176583245396614,0.5102463364601135,0.045804448425769806,0.05973835289478302,0.05973835289478302,,,0.12758708000183105,0.031896770000457764,0.0,0.0,0,0.45,True,True,1.0,2.0,1.0,2.0,0.20351535081863403,0.10461461544036865,0.04685829261281978,0.5549239200735269,16302,331598,29377,347900,0.5,0.16877148789869625,0.3853354665214283,0.5005957041222725,0.5,0.18613200803349558,0.3813867991966504,0.46121115158116893,0.5,0.20124587262143853,0.4096742349457058,0.5021615549579603,0.20124587262143853,0.4096742349457058,0.5021615549579603,29377,17395,17395,1739500,100.0,100.0,0.5480284094810486,0.6068050861358643,0.32654163241386414,0.7839609980583191,0.797256350517273,0.6136093139648438,0.3045920133590698,0.058685393891316884,0.9043603274009637,17395,2683,17395,0,20.0,111.70925930305384,mean,geometric_mean,odvg_phrase_grounding,3.5,2.0,4.0,iou,0.25,0.25,2.0,True,False,False,True,True,0.1,0.25,0.05,0.25,128,5,True,True,0.05,10,0.3,10,0.0,0.5,1.0,10,True,5,12,0.0,0.1,3,odvg_appended_phrase,4.0,0.25,20,0.5,0.5,1.0,2.0,True,False
epoch,1785355796.8534276,136,501.25425148312934,5.8946802391399825e-05,5.8946802391399825e-05,5.8946802391399825e-05,5.894680239139983e-06,5.8946802391399825e-05,1.9357374906539917,12286,1.2303671836853027,1.4107376337051392,0.7053688168525696,0.012832184322178364,0.4683637320995331,0.038575027137994766,0.029301734641194344,0.11720693856477737,0.04608696326613426,0.04608696326613426,0.11720693856477737,0.029301734641194344,,,,,,,,,,,,,,,,,,,0.20755860209465027,0.10611065477132797,0.04707674619143432,0.5575109779759676,16378,331522,29377,347900,0.5,0.1671375565918916,0.3850971848725193,0.5001872212955714,0.5,0.185212921673418,0.38002518977431327,0.4627770024168567,0.5,0.20005446437689348,0.40916363141232936,0.501582870953467,0.20005446437689348,0.40916363141232936,0.501582870953467,29377,17395,17395,1739500,100.0,100.0,0.5497575998306274,0.6117081642150879,0.32835420966148376,0.7844785451889038,0.7994349598884583,0.6190216541290283,0.3062940537929535,0.06151067615306072,0.900632432253752,17395,2683,17395,0,20.0,91.28296973998658,mean,geometric_mean,odvg_phrase_grounding,3.5,2.0,4.0,iou,0.25,0.25,2.0,True,False,False,True,True,0.1,0.25,0.05,0.25,128,5,True,True,0.05,10,0.3,10,0.0,0.5,1.0,10,True,5,12,0.0,0.1,3,odvg_appended_phrase,4.0,0.25,20,0.5,0.5,1.0,2.0,True,False
epoch,1785356306.1878605,137,501.724583378993,5.845364172649581e-05,5.845364172649581e-05,5.845364172649581e-05,5.845364172649582e-06,5.845364172649581e-05,1.9207215309143066,12286,1.2200483083724976,1.4013501405715942,0.7006750702857971,0.012589244171977043,0.46138855814933777,0.03950231149792671,0.029362421482801437,0.11744968593120575,0.04636061564087868,0.04636061564087868,0.11744968593120575,0.029362421482801437,,,,,,,,,,,,,,,,,,,0.20557337999343872,0.10568875074386597,0.04696464501293475,0.5561834087891888,16339,331561,29377,347900,0.5,0.16638867140960614,0.3843142594546754,0.499370255642169,0.5,0.18630220921128773,0.3773700514007557,0.4588964155631957,0.5,0.19971406202130917,0.407393539163291,0.5004255029444804,0.19971406202130917,0.407393539163291,0.5004255029444804,29377,17395,17395,1739500,100.0,100.0,0.5511606931686401,0.6143875122070312,0.33246755599975586,0.7842137217521667,0.799468994140625,0.6188855171203613,0.307723730802536,0.06270210833117251,0.8986854489293564,17395,2683,17395,0,20.0,92.22469007107429,mean,geometric_mean,odvg_phrase_grounding,3.5,2.0,4.0,iou,0.25,0.25,2.0,True,False,False,True,True,0.1,0.25,0.05,0.25,128,5,True,True,0.05,10,0.3,10,0.0,0.5,1.0,10,True,5,12,0.0,0.1,3,odvg_appended_phrase,4.0,0.25,20,0.5,0.5,1.0,2.0,True,False
epoch,1785356823.8196685,138,510.0371831441298,5.795982817768505e-05,5.795982817768505e-05,5.795982817768505e-05,5.795982817768505e-06,5.795982817768505e-05,1.9239659309387207,12286,1.2196582555770874,1.4086207151412964,0.7043103575706482,0.01275718491524458,0.4633759558200836,0.038449063897132874,0.02926800213754177,0.11707200855016708,0.04613018408417702,0.04613018408417702,0.11707200855016708,0.02926800213754177,,,,,,,,,,,,,,,,,,,0.21012671291828156,0.10791967809200287,0.047542670552863195,0.5630254961364333,16540,331358,29377,347898,0.5,0.16887360860537154,0.38754808183272627,0.504272049562583,0.5,0.19072743983388366,0.3867991966504408,0.47002757259080236,0.5,0.201994757803724,0.41072948224801714,0.5058719406338292,0.201994757803724,0.41072948224801714,0.5058719406338292,29377,17395,17395,1739500,100.0,100.0,0.551882266998291,0.6169925928115845,0.3358437120914459,0.7848045825958252,0.799094557762146,0.6261020302772522,0.3079279661178589,0.06307653414081893,0.899255183515557,17395,2683,17395,0,19.99988502443231,100.06885158806108,mean,geometric_mean,odvg_phrase_grounding,3.5,2.0,4.0,iou,0.25,0.25,2.0,True,False,False,True,True,0.1,0.25,0.05,0.25,128,5,True,True,0.05,10,0.3,10,0.0,0.5,1.0,10,True,5,12,0.0,0.1,3,odvg_appended_phrase,4.0,0.25,20,0.5,0.5,1.0,2.0,True,False
epoch,1785357348.4297082,139,511.6213451018557,5.746541589718793e-05,5.746541589718793e-05,5.746541589718793e-05,5.746541589718793e-06,5.746541589718793e-05,1.9143502712249756,12286,1.2148669958114624,1.398963212966919,0.6994816064834595,0.012544240802526474,0.46161484718322754,0.038455039262771606,0.02905709110200405,0.1162283644080162,0.04592949524521828,0.04592949524521828,0.1162283644080162,0.02905709110200405,,,,,,,,,,,,,,,,,,,0.2122938185930252,0.11010466516017914,0.047321341312683604,0.5604043979984341,16463,331435,29377,347898,0.5,0.16843108554311195,0.38819484630833645,0.50498689450931,0.5,0.1930421758518569,0.3892841338462062,0.4697552507063349,0.5,0.20185859686149027,0.41253361473261396,0.5063144636960888,0.20185859686149027,0.41253361473261396,0.5063144636960888,29377,17395,17395,1739500,100.0,100.0,0.5524146556854248,0.6185125112533569,0.33030861616134644,0.7857387065887451,0.7993327975273132,0.6210641264915466,0.3104129135608673,0.06065972849311252,0.9023293635783065,17395,2683,17395,0,19.99988502443231,96.66041093505919,mean,geometric_mean,odvg_phrase_grounding,3.5,2.0,4.0,iou,0.25,0.25,2.0,True,False,False,True,True,0.1,0.25,0.05,0.25,128,5,True,True,0.05,10,0.3,10,0.0,0.5,1.0,10,True,5,12,0.0,0.1,3,odvg_appended_phrase,4.0,0.25,20,0.5,0.5,1.0,2.0,True,False
epoch,1785357882.706156,140,521.6037336550653,5.6970459102882527e-05,5.6970459102882527e-05,5.6970459102882527e-05,5.6970459102882535e-06,5.6970459102882527e-05,1.9083198308944702,12286,1.211949348449707,1.3927371501922607,0.6963685750961304,0.012302295304834843,0.45901569724082947,0.03911028057336807,0.02898011915385723,0.11592047661542892,0.04619710519909859,0.04619710519909859,0.11592047661542892,0.02898011915385723,1.3648464679718018,0.015908243134617805,0.5077385902404785,0.04590321332216263,0.05867015942931175,0.05867015942931175,,,0.12726187705993652,0.03181546926498413,0.0,0.0,0,0.45,True,True,1.0,2.0,1.0,2.0,0.2138260453939438,0.11014549434185028,0.04744466800804829,0.5618681281274467,16506,331394,29377,347900,0.5,0.16975865472989074,0.3890798924328556,0.504510331211492,0.5,0.19549307281206385,0.3917009905708547,0.4718317050753991,0.5,0.20291384416380162,0.413248459679341,0.5057698199271539,0.20291384416380162,0.413248459679341,0.5057698199271539,29377,17395,17395,1739500,100.0,100.0,0.5531301498413086,0.6175552010536194,0.3381211459636688,0.7826957702636719,0.8037920594215393,0.6229703426361084,0.3056813180446625,0.06110221450866171,0.9019179400256732,17395,2683,17395,0,20.0,110.19958674395457,mean,geometric_mean,odvg_phrase_grounding,3.5,2.0,4.0,iou,0.25,0.25,2.0,True,False,False,True,True,0.1,0.25,0.05,0.25,128,5,True,True,0.05,10,0.3,10,0.0,0.5,1.0,10,True,5,12,0.0,0.1,3,odvg_appended_phrase,4.0,0.25,20,0.5,0.5,1.0,2.0,True,False
epoch,1785358397.4975505,141,500.76951275998726,5.6475012072359006e-05,5.6475012072359006e-05,5.6475012072359006e-05,5.647501207235901e-06,5.6475012072359006e-05,1.9057472944259644,12286,1.2086960077285767,1.3941051959991455,0.6970525979995728,0.012201778590679169,0.45791763067245483,0.0389210544526577,0.029153330251574516,0.11661332100629807,0.0460108257830143,0.0460108257830143,0.11661332100629807,0.029153330251574516,,,,,,,,,,,,,,,,,,,0.21541987359523773,0.1108776330947876,0.04757415226833075,0.563399938727576,16551,331348,29377,347899,0.5,0.17047349967661776,0.3890798924328556,0.507437791469517,0.5,0.19579943493208973,0.39486673247778875,0.4785035912448514,0.5,0.20461585594172313,0.41471218980835345,0.509582326309698,0.20461585594172313,0.41471218980835345,0.509582326309698,29377,17395,17395,1739500,100.0,100.0,0.5529859662055969,0.6167288422584534,0.33646664023399353,0.7817102074623108,0.8026687502861023,0.6248766183853149,0.3068046569824219,0.06147667965773895,0.9016178908780503,17395,2683,17395,0,19.999942512216155,92.55329330195673,mean,geometric_mean,odvg_phrase_grounding,3.5,2.0,4.0,iou,0.25,0.25,2.0,True,False,False,True,True,0.1,0.25,0.05,0.25,128,5,True,True,0.05,10,0.3,10,0.0,0.5,1.0,10,True,5,12,0.0,0.1,3,odvg_appended_phrase,4.0,0.25,20,0.5,0.5,1.0,2.0,True,False
epoch,1785358913.0044913,142,501.9197678670753,5.597912913696743e-05,5.597912913696743e-05,5.597912913696743e-05,5.597912913696744e-06,5.597912913696743e-05,1.9008448123931885,12286,1.2050608396530151,1.3915685415267944,0.6957842707633972,0.0123191699385643,0.45740947127342224,0.038321904838085175,0.028990034013986588,0.11596013605594635,0.04580486938357353,0.04580486938357353,0.11596013605594635,0.028990034013986588,,,,,,,,,,,,,,,,,,,0.21514326333999634,0.11127477884292603,0.047413594867431644,0.561493685536304,16495,331401,29377,347896,0.5,0.16798856248085237,0.38652687476597336,0.5050209347448684,0.5,0.19549307281206385,0.3924498757531402,0.4750995676890084,0.5,0.201994757803724,0.41219321237702966,0.5057698199271539,0.201994757803724,0.41219321237702966,0.5057698199271539,29377,17395,17395,1739500,100.0,100.0,0.5534442067146301,0.6154782772064209,0.34263351559638977,0.7837985157966614,0.8048813939094543,0.6244340538978577,0.30612385272979736,0.0629403683615537,0.8992041385817032,17395,2683,17395,0,19.999770048864615,92.03914097184315,mean,geometric_mean,odvg_phrase_grounding,3.5,2.0,4.0,iou,0.25,0.25,2.0,True,False,False,True,True,0.1,0.25,0.05,0.25,128,5,True,True,0.05,10,0.3,10,0.0,0.5,1.0,10,True,5,12,0.0,0.1,3,odvg_appended_phrase,4.0,0.25,20,0.5,0.5,1.0,2.0,True,False
epoch,1785359423.6389275,143,504.0068405191414,5.548286467585977e-05,5.548286467585977e-05,5.548286467585977e-05,5.548286467585977e-06,5.548286467585977e-05,1.8827866315841675,12286,1.1959848403930664,1.3736025094985962,0.6868012547492981,0.012071561068296432,0.452748566865921,0.038631606847047806,0.02870197594165802,0.11480790376663208,0.04581083357334137,0.04581083357334137,0.11480790376663208,0.02870197594165802,,,,,,,,,,,,,,,,,,,0.21566060185432434,0.11089332401752472,0.047591672247820474,0.5636041801409266,16557,331340,29377,347897,0.5,0.16839704530755353,0.38819484630833645,0.5054294175715696,0.5,0.1945059059808694,0.39326684140654256,0.472138067195425,0.5,0.20148415427034755,0.4129420975593151,0.5066548660516731,0.20148415427034755,0.4129420975593151,0.5066548660516731,29377,17395,17395,1739500,100.0,100.0,0.5545123815536499,0.6157070994377136,0.3410218358039856,0.7870206832885742,0.8072301745414734,0.625999927520752,0.30962997674942017,0.06239574737982534,0.9003262706004755,17395,2683,17395,0,19.99982753664846,92.4019388910383,mean,geometric_mean,odvg_phrase_grounding,3.5,2.0,4.0,iou,0.25,0.25,2.0,True,False,False,True,True,0.1,0.25,0.05,0.25,128,5,True,True,0.05,10,0.3,10,0.0,0.5,1.0,10,True,5,12,0.0,0.1,3,odvg_appended_phrase,4.0,0.25,20,0.5,0.5,1.0,2.0,True,False
epoch,1785359947.3864887,144,509.78022708999924,5.498627311002656e-05,5.498627311002656e-05,5.498627311002656e-05,5.498627311002657e-06,5.498627311002656e-05,1.8901923894882202,12286,1.2009050846099854,1.3785737752914429,0.6892868876457214,0.012114829383790493,0.4558153748512268,0.03833140432834625,0.028661271557211876,0.1146450862288475,0.0458470843732357,0.0458470843732357,0.1146450862288475,0.028661271557211876,,,,,,,,,,,,,,,,,,,0.21717248857021332,0.11134558916091919,0.04755854630957754,0.5631956973142254,16545,331342,29377,347887,0.5,0.16829492460087825,0.38921605337508935,0.5070293086428158,0.5,0.19528883139871328,0.3977261122646969,0.47765258535589067,0.5,0.2024372808659836,0.41433774721721073,0.508152636416244,0.2024372808659836,0.41433774721721073,0.508152636416244,29377,17395,17395,1739500,100.0,100.0,0.5526464581489563,0.6132486462593079,0.33600959181785583,0.7832603454589844,0.8049834966659546,0.6231405735015869,0.3048643469810486,0.05994487618736155,0.9038020011271038,17395,2683,17395,0,19.999252658810004,93.8997792918235,mean,geometric_mean,odvg_phrase_grounding,3.5,2.0,4.0,iou,0.25,0.25,2.0,True,False,False,True,True,0.1,0.25,0.05,0.25,128,5,True,True,0.05,10,0.3,10,0.0,0.5,1.0,10,True,5,12,0.0,0.1,3,odvg_appended_phrase,4.0,0.25,20,0.5,0.5,1.0,2.0,True,False
epoch,1785360498.6659992,145,538.1453817700967,5.448940889632911e-05,5.448940889632911e-05,5.448940889632911e-05,5.4489408896329115e-06,5.448940889632911e-05,1.8948252201080322,12286,1.2025460004806519,1.384559154510498,0.692279577255249,0.012486954219639301,0.45924681425094604,0.03700483962893486,0.02872728370130062,0.11490913480520248,0.04504936560988426,0.04504936560988426,0.11490913480520248,0.02872728370130062,1.3618594408035278,0.01623465307056904,0.5118119716644287,0.04338940232992172,0.057669371366500854,0.057669371366500854,,,0.12674300372600555,0.03168575093150139,0.0,0.0,0,0.45,True,True,1.0,2.0,1.0,2.0,0.21507985889911652,0.11112765967845917,0.04756005013280594,0.5631956973142254,16545,331331,29377,347876,0.5,0.16771624059638493,0.3897266569084658,0.5099227286652823,0.5,0.19607175681655717,0.3970453075535283,0.4814650917384348,0.5,0.20182455662593185,0.41423562651053547,0.5117609013854376,0.20182455662593185,0.41423562651053547,0.5117609013854376,29377,17395,17395,1739500,100.0,100.0,0.5516160726547241,0.6143808364868164,0.3326607942581177,0.7835190296173096,0.8026347160339355,0.6208938956260681,0.306974858045578,0.05769819831184275,0.9070723698230859,17395,2683,17395,0,19.9986202931877,116.3825254929252,mean,geometric_mean,odvg_phrase_grounding,3.5,2.0,4.0,iou,0.25,0.25,2.0,True,False,False,True,True,0.1,0.25,0.05,0.25,128,5,True,True,0.05,10,0.3,10,0.0,0.5,1.0,10,True,5,12,0.0,0.1,3,odvg_appended_phrase,4.0,0.25,20,0.5,0.5,1.0,2.0,True,False
epoch,1785361013.8677485,146,508.1034255879931,5.399232652152754e-05,5.399232652152754e-05,5.399232652152754e-05,5.399232652152755e-06,5.399232652152754e-05,1.8846110105514526,12286,1.194679856300354,1.3798648118972778,0.6899324059486389,0.01208200678229332,0.4523310661315918,0.03863256052136421,0.028600508347153664,0.11440203338861465,0.04539915546774864,0.04539915546774864,0.11440203338861465,0.028600508347153664,,,,,,,,,,,,,,,,,,,0.21716150641441345,0.11158853769302368,0.047399033388631245,0.5611873234162781,16486,331327,29377,347813,0.5,0.1692480511965143,0.38782040371719373,0.5076420328828676,0.5,0.195424992340947,0.3970112673179698,0.48034176396500666,0.5,0.20145011403478913,0.41113796507471834,0.5081185961806856,0.20145011403478913,0.41113796507471834,0.5081185961806856,29377,17395,17395,1739500,100.0,100.0,0.5531688928604126,0.6143034100532532,0.33864298462867737,0.783608615398407,0.8044728636741638,0.6228001713752747,0.30639615654945374,0.061612847958996575,0.9010712411608006,17395,2683,17395,0,19.994998562805403,92.68894410692155,mean,geometric_mean,odvg_phrase_grounding,3.5,2.0,4.0,iou,0.25,0.25,2.0,True,False,False,True,True,0.1,0.25,0.05,0.25,128,5,True,True,0.05,10,0.3,10,0.0,0.5,1.0,10,True,5,12,0.0,0.1,3,odvg_appended_phrase,4.0,0.25,20,0.5,0.5,1.0,2.0,True,False
epoch,1785361525.0178647,147,504.76095110108145,5.349508049630593e-05,5.349508049630593e-05,5.349508049630593e-05,5.349508049630593e-06,5.349508049630593e-05,1.877597689628601,12286,1.189436435699463,1.3763190507888794,0.6881595253944397,0.01186978816986084,0.45027562975883484,0.038452859967947006,0.028608253225684166,0.11443301290273666,0.04579232260584831,0.04579232260584831,0.11443301290273666,0.028608253225684166,,,,,,,,,,,,,,,,,,,0.21897387504577637,0.11287097632884979,0.047707476931037454,0.5649317493277054,16596,331274,29377,347870,0.5,0.16969057425877387,0.3907478639752187,0.5080164754740103,0.5,0.19467610715866154,0.39752187085134627,0.4798311604316302,0.5,0.20325424651938592,0.41515471287061306,0.5094121251319059,0.20325424651938592,0.41515471287061306,0.5094121251319059,29377,17395,17395,1739500,100.0,100.0,0.5560754537582397,0.6160983443260193,0.34729453921318054,0.7859429121017456,0.8084215521812439,0.6300166845321655,0.3099363446235657,0.06508493520446013,0.8966933149511896,17395,2683,17395,0,19.998275366484624,91.385001932038,mean,geometric_mean,odvg_phrase_grounding,3.5,2.0,4.0,iou,0.25,0.25,2.0,True,False,False,True,True,0.1,0.25,0.05,0.25,128,5,True,True,0.05,10,0.3,10,0.0,0.5,1.0,10,True,5,12,0.0,0.1,3,odvg_appended_phrase,4.0,0.25,20,0.5,0.5,1.0,2.0,True,False
epoch,1785362041.4569738,148,503.38262794399634,5.299772534929434e-05,5.299772534929434e-05,5.299772534929434e-05,5.299772534929434e-06,5.299772534929434e-05,1.8779242038726807,12286,1.1882033348083496,1.3794392347335815,0.6897196173667908,0.011918283998966217,0.44980189204216003,0.03850388154387474,0.02849605865776539,0.11398423463106155,0.04529482498764992,0.04529482498764992,0.11398423463106155,0.02849605865776539,,,,,,,,,,,,,,,,,,,0.22336898744106293,0.1148592010140419,0.047827524254401725,0.5663614392211594,16638,331237,29377,347875,0.5,0.17105218368111108,0.39054362256186814,0.5100929298430745,0.5,0.1986928549545563,0.4003131701671376,0.4818054940940191,0.5,0.20478605711951528,0.41614187970180755,0.5112502978520611,0.20478605711951528,0.41614187970180755,0.5112502978520611,29377,17395,17395,1739500,100.0,100.0,0.5563309788703918,0.6216952800750732,0.3456788659095764,0.7841281890869141,0.8080130815505981,0.6309698224067688,0.30915340781211853,0.06460838318560935,0.8976046383024034,17395,2683,17395,0,19.99856280540385,92.13796029589139,mean,geometric_mean,odvg_phrase_grounding,3.5,2.0,4.0,iou,0.25,0.25,2.0,True,False,False,True,True,0.1,0.25,0.05,0.25,128,5,True,True,0.05,10,0.3,10,0.0,0.5,1.0,10,True,5,12,0.0,0.1,3,odvg_appended_phrase,4.0,0.25,20,0.5,0.5,1.0,2.0,True,False
epoch,1785362561.7654681,149,506.75008585490286,5.250031562108934e-05,5.250031562108934e-05,5.250031562108934e-05,5.250031562108934e-06,5.250031562108934e-05,1.8710390329360962,12286,1.185481309890747,1.3711202144622803,0.6855601072311401,0.011897241696715355,0.44889411330223083,0.038336124271154404,0.028556669130921364,0.11422667652368546,0.04510219022631645,0.04510219022631645,0.11422667652368546,0.028556669130921364,,,,,,,,,,,,,,,,,,,0.2238515019416809,0.11542917788028717,0.04786180285399649,0.5666337611056268,16646,331147,29377,347793,0.5,0.17088198250331893,0.3928923988153998,0.511556659972087,0.5,0.19739932600333596,0.3992919631003847,0.48194165503625286,0.5,0.20533070088845015,0.4177077305374953,0.5125438268032815,0.20533070088845015,0.4177077305374953,0.5125438268032815,29377,17395,17395,1739500,100.0,100.0,0.5556432604789734,0.618155300617218,0.34735578298568726,0.7843528985977173,0.8077747821807861,0.6302890181541443,0.31000441312789917,0.06365525704851749,0.8990062412400308,17395,2683,17395,0,19.993848807128487,95.66323588392697,mean,geometric_mean,odvg_phrase_grounding,3.5,2.0,4.0,iou,0.25,0.25,2.0,True,False,False,True,True,0.1,0.25,0.05,0.25,128,5,True,True,0.05,10,0.3,10,0.0,0.5,1.0,10,True,5,12,0.0,0.1,3,odvg_appended_phrase,4.0,0.25,20,0.5,0.5,1.0,2.0,True,False
epoch,1785363093.1396472,150,518.464417923009,5.200290585827294e-05,5.200290585827294e-05,5.200290585827294e-05,5.200290585827295e-06,5.200290585827294e-05,1.8635625839233398,12286,1.180167317390442,1.36679208278656,0.68339604139328,0.011679020710289478,0.44612637162208557,0.038537800312042236,0.028502894565463066,0.11401157826185226,0.04542742669582367,0.04542742669582367,0.11401157826185226,0.028502894565463066,1.3675382137298584,0.015953535214066505,0.5097566246986389,0.04603190720081329,0.05766874924302101,0.05766874924302101,,,0.12591738998889923,0.03147934749722481,0.0,0.0,0,0.45,True,True,1.0,2.0,1.0,2.0,0.22142401337623596,0.11370976269245148,0.04781142263997953,0.5660210368655751,16628,331155,29377,347783,0.5,0.16948633284542328,0.39183715151308846,0.5126799877455152,0.5,0.19831841236341355,0.40089185417163087,0.48156721244511014,0.5,0.20461585594172313,0.41617591993736597,0.5137011948122681,0.20461585594172313,0.41617591993736597,0.5137011948122681,29377,17395,17395,1739500,100.0,100.0,0.5556586980819702,0.6203761696815491,0.345208078622818,0.7828633189201355,0.8075024485588074,0.6286210417747498,0.3061578869819641,0.06260000490917461,0.9004169431992929,17395,2683,17395,0,19.993273929290027,108.90540807694197,mean,geometric_mean,odvg_phrase_grounding,3.5,2.0,4.0,iou,0.25,0.25,2.0,True,False,False,True,True,0.1,0.25,0.05,0.25,128,5,True,True,0.05,10,0.3,10,0.0,0.5,1.0,10,True,5,12,0.0,0.1,3,odvg_appended_phrase,4.0,0.25,20,0.5,0.5,1.0,2.0,True,False
epoch,1785363614.6563368,151,513.1189002702013,5.1505550607430935e-05,5.1505550607430935e-05,5.1505550607430935e-05,5.150555060743094e-06,5.1505550607430935e-05,1.8640131950378418,12286,1.1802414655685425,1.3675415515899658,0.6837707757949829,0.011820552870631218,0.4484553635120392,0.037469297647476196,0.028543654829263687,0.11417461931705475,0.04497361555695534,0.04497361555695534,0.11417461931705475,0.028543654829263687,,,,,,,,,,,,,,,,,,,0.22144953906536102,0.11385933309793472,0.04763219104628663,0.5639445824965109,16567,331244,29377,347811,0.5,0.17013309732103346,0.3893522143173231,0.5097865677230486,0.5,0.19855669401232257,0.4002450896960207,0.48316710351635633,0.5,0.2048200973550737,0.41403138509718485,0.5110120162031522,0.2048200973550737,0.41403138509718485,0.5110120162031522,29377,17395,17395,1739500,100.0,100.0,0.5553198456764221,0.6176667213439941,0.34674909710884094,0.7829761505126953,0.8110426664352417,0.6260679960250854,0.305613249540329,0.062123413528574534,0.9007720983615247,17395,2683,17395,0,19.994883587237712,98.66677468107082,mean,geometric_mean,odvg_phrase_grounding,3.5,2.0,4.0,iou,0.25,0.25,2.0,True,False,False,True,True,0.1,0.25,0.05,0.25,128,5,True,True,0.05,10,0.3,10,0.0,0.5,1.0,10,True,5,12,0.0,0.1,3,odvg_appended_phrase,4.0,0.25,20,0.5,0.5,1.0,2.0,True,False
epoch,1785364134.1367776,152,512.7054766179062,5.100830440917124e-05,5.100830440917124e-05,5.100830440917124e-05,5.100830440917124e-06,5.100830440917124e-05,1.8672579526901245,12286,1.1807465553283691,1.3730212450027466,0.6865106225013733,0.011858339421451092,0.4487677216529846,0.037491071969270706,0.028343800455331802,0.11337520182132721,0.04474620521068573,0.04474620521068573,0.11337520182132721,0.028343800455331802,,,,,,,,,,,,,,,,,,,0.2227589190006256,0.11477603763341904,0.0479269618643824,0.5671784048745617,16662,330992,29377,347654,0.5,0.16829492460087825,0.3919733124553222,0.5119311025632297,0.5,0.19954386084351702,0.40528304455866837,0.4881369779078871,0.5,0.2034925281682949,0.4184906559553392,0.5138033155189434,0.2034925281682949,0.4184906559553392,0.5138033155189434,29377,17395,17395,1739500,100.0,100.0,0.5585048198699951,0.6202976703643799,0.35139063000679016,0.7871994972229004,0.8125744462013245,0.6330803036689758,0.30956190824508667,0.0659018987944141,0.8959027813494056,17395,2683,17395,0,19.9858580051739,92.72200675006025,mean,geometric_mean,odvg_phrase_grounding,3.5,2.0,4.0,iou,0.25,0.25,2.0,True,False,False,True,True,0.1,0.25,0.05,0.25,128,5,True,True,0.05,10,0.3,10,0.0,0.5,1.0,10,True,5,12,0.0,0.1,3,odvg_appended_phrase,4.0,0.25,20,0.5,0.5,1.0,2.0,True,False
epoch,1785364644.037883,153,503.52364345709793,5.0511221792142945e-05,5.0511221792142945e-05,5.0511221792142945e-05,5.051122179214295e-06,5.0511221792142945e-05,1.862000584602356,12286,1.1761828660964966,1.3716402053833008,0.6858201026916504,0.011730046011507511,0.44673699140548706,0.03747553750872612,0.02837545983493328,0.11350183933973312,0.04471870884299278,0.04471870884299278,0.11350183933973312,0.02837545983493328,,,,,,,,,,,,,,,,,,,0.22273793816566467,0.11534295976161957,0.047684648591749805,0.5643871055587705,16580,331121,29377,347701,0.5,0.16917997072539742,0.3903393811485176,0.5085951594785036,0.5,0.19773972835892023,0.40221942335840966,0.4819756952718113,0.5,0.20410525240834668,0.4162780406440413,0.5099227286652823,0.20410525240834668,0.4162780406440413,0.5099227286652823,29377,17395,17395,1739500,100.0,100.0,0.5572580099105835,0.6233503818511963,0.34736087918281555,0.785273015499115,0.8131531476974487,0.6285529732704163,0.30850666761398315,0.06416586771164579,0.897914940442036,17395,2683,17395,0,19.98855993101466,91.00851036189124,mean,geometric_mean,odvg_phrase_grounding,3.5,2.0,4.0,iou,0.25,0.25,2.0,True,False,False,True,True,0.1,0.25,0.05,0.25,128,5,True,True,0.05,10,0.3,10,0.0,0.5,1.0,10,True,5,12,0.0,0.1,3,odvg_appended_phrase,4.0,0.25,20,0.5,0.5,1.0,2.0,True,False
epoch,1785365158.3037512,154,507.9411641450133,5.001435726705666e-05,5.001435726705666e-05,5.001435726705666e-05,5.001435726705667e-06,5.001435726705666e-05,1.856690764427185,12286,1.1731581687927246,1.3670644760131836,0.6835322380065918,0.011723845265805721,0.44512537121772766,0.03760091960430145,0.028428420424461365,0.11371368169784546,0.04442724213004112,0.04442724213004112,0.11371368169784546,0.028428420424461365,,,,,,,,,,,,,,,,,,,0.2234216332435608,0.11604908853769302,0.04783280086728224,0.5662252782789257,16634,331119,29377,347753,0.5,0.16900976954760527,0.39149674915750415,0.5094121251319059,0.5,0.19760356741668653,0.401300336998332,0.4810566089117337,0.5,0.2033563672260612,0.4163120808795997,0.5109098954964768,0.2033563672260612,0.4163120808795997,0.5109098954964768,29377,17395,17395,1739500,100.0,100.0,0.557222843170166,0.6214360594749451,0.34866294264793396,0.7867665886878967,0.8098512291908264,0.6262041926383972,0.314974308013916,0.05997891435947156,0.9042182804513631,17395,2683,17395,0,19.991549295774647,92.23148144502193,mean,geometric_mean,odvg_phrase_grounding,3.5,2.0,4.0,iou,0.25,0.25,2.0,True,False,False,True,True,0.1,0.25,0.05,0.25,128,5,True,True,0.05,10,0.3,10,0.0,0.5,1.0,10,True,5,12,0.0,0.1,3,odvg_appended_phrase,4.0,0.25,20,0.5,0.5,1.0,2.0,True,False
epoch,1785365694.5355098,155,529.5399506359827,4.951776532070668e-05,4.951776532070668e-05,4.951776532070668e-05,4.9517765320706686e-06,4.951776532070668e-05,1.8541316986083984,12286,1.1742005348205566,1.3598606586456299,0.6799303293228149,0.011701980605721474,0.4461776316165924,0.03742314130067825,0.02832610160112381,0.11330440640449524,0.04455558583140373,0.04455558583140373,0.11330440640449524,0.02832610160112381,1.3625001907348633,0.01598333939909935,0.5097861886024475,0.045071229338645935,0.057016465812921524,0.057016465812921524,,,0.12622597813606262,0.031556494534015656,0.0,0.0,0,0.45,True,True,1.0,2.0,1.0,2.0,0.2254210114479065,0.1164514571428299,0.04778526963497563,0.5657146747455493,16619,331166,29377,347785,0.5,0.16986077543656602,0.3937093644688021,0.5112843380876195,0.5,0.1981482111856214,0.4009258944071893,0.48289478163188887,0.5,0.2041392926439051,0.4191714606665078,0.512271504918814,0.2041392926439051,0.4191714606665078,0.512271504918814,29377,17395,17395,1739500,100.0,100.0,0.5566874742507935,0.6205174922943115,0.3494611084461212,0.7856690883636475,0.8094427585601807,0.6288933753967285,0.3087449371814728,0.06317870065117925,0.8995398852606392,17395,2683,17395,0,19.993388904857717,116.41900627897121,mean,geometric_mean,odvg_phrase_grounding,3.5,2.0,4.0,iou,0.25,0.25,2.0,True,False,False,True,True,0.1,0.25,0.05,0.25,128,5,True,True,0.05,10,0.3,10,0.0,0.5,1.0,10,True,5,12,0.0,0.1,3,odvg_appended_phrase,4.0,0.25,20,0.5,0.5,1.0,2.0,True,False
epoch,1785366215.912519,156,507.58253453602083,4.9021500409996023e-05,4.9021500409996023e-05,4.9021500409996023e-05,4.9021500409996025e-06,4.9021500409996023e-05,1.8549386262893677,12286,1.1744158267974854,1.3610495328903198,0.6805247664451599,0.011889184825122356,0.4480151832103729,0.03654984384775162,0.028241481631994247,0.11296592652797699,0.044178687036037445,0.044178687036037445,0.11296592652797699,0.028241481631994247,,,,,,,,,,,,,,,,,,,0.2285638153553009,0.1175513043999672,0.04815057621972259,0.5700377846614698,16746,331038,29377,347784,0.5,0.1704054192055009,0.3960921809578922,0.5145522007012289,0.5,0.2011777921503217,0.4061340504476291,0.487966776730095,0.5,0.20556898253735917,0.42043094938216974,0.5152330054123975,0.20556898253735917,0.42043094938216974,0.5152330054123975,29377,17395,17395,1739500,100.0,100.0,0.5557848215103149,0.6204196810722351,0.3394242227077484,0.7886669039726257,0.8078768849372864,0.62872314453125,0.31095755100250244,0.058685359869780185,0.906659456741435,17395,2683,17395,0,19.993331417073872,91.90198542317376,mean,geometric_mean,odvg_phrase_grounding,3.5,2.0,4.0,iou,0.25,0.25,2.0,True,False,False,True,True,0.1,0.25,0.05,0.25,128,5,True,True,0.05,10,0.3,10,0.0,0.5,1.0,10,True,5,12,0.0,0.1,3,odvg_appended_phrase,4.0,0.25,20,0.5,0.5,1.0,2.0,True,False
epoch,1785366732.4143565,157,502.4692116850056,4.8525616955964514e-05,4.8525616955964514e-05,4.8525616955964514e-05,4.852561695596452e-06,4.8525616955964514e-05,1.8549941778182983,12286,1.1725342273712158,1.364920973777771,0.6824604868888855,0.011929363012313843,0.4518149495124817,0.034750089049339294,0.028216326609253883,0.11286530643701553,0.04280950129032135,0.04280950129032135,0.11286530643701553,0.028216326609253883,,,,,,,,,,,,,,,,,,,0.2295350581407547,0.11859414726495743,0.04786143391625184,0.5665316403989515,16643,331090,29377,347733,0.5,0.1709500629744358,0.3949348129489056,0.5139735166967355,0.5,0.19971406202130917,0.4072573782210573,0.48987302992136705,0.5,0.20641998842631992,0.42111175409333834,0.5158457296524492,0.20641998842631992,0.42111175409333834,0.5158457296524492,29377,17395,17395,1739500,100.0,100.0,0.5522577166557312,0.6126339435577393,0.33558598160743713,0.7850593328475952,0.8031452894210815,0.6196003556251526,0.3092895746231079,0.053068715226201046,0.9143500891430949,17395,2683,17395,0,19.99039954009773,92.46482492494397,mean,geometric_mean,odvg_phrase_grounding,3.5,2.0,4.0,iou,0.25,0.25,2.0,True,False,False,True,True,0.1,0.25,0.05,0.25,128,5,True,True,0.05,10,0.3,10,0.0,0.5,1.0,10,True,5,12,0.0,0.1,3,odvg_appended_phrase,4.0,0.25,20,0.5,0.5,1.0,2.0,True,False
epoch,1785367247.1294057,158,501.89791286177933,4.8030169337821034e-05,4.8030169337821034e-05,4.8030169337821034e-05,4.8030169337821036e-06,4.8030169337821034e-05,1.8412407636642456,12286,1.166930913925171,1.3486219644546509,0.6743109822273254,0.011915352195501328,0.44824400544166565,0.03501703962683678,0.02806614153087139,0.11226456612348557,0.04306339845061302,0.04306339845061302,0.11226456612348557,0.02806614153087139,,,,,,,,,,,,,,,,,,,0.2329387217760086,0.11942659318447113,0.048480419377206437,0.5735779691595466,16850,330713,29377,347563,0.5,0.16873744766313784,0.3979984341491643,0.5191135922660585,0.5,0.19899921707458215,0.40855090717227766,0.4909623174592368,0.5,0.20536474112400857,0.4235626510535453,0.5198965176839023,0.20536474112400857,0.4235626510535453,0.5198965176839023,29377,17395,17395,1739500,100.0,100.0,0.5555802583694458,0.6208688616752625,0.342791885137558,0.7852696180343628,0.8079790472984314,0.628110408782959,0.30843856930732727,0.054532439623412365,0.9131801688670059,17395,2683,17395,0,19.98062661684392,90.9449804588221,mean,geometric_mean,odvg_phrase_grounding,3.5,2.0,4.0,iou,0.25,0.25,2.0,True,False,False,True,True,0.1,0.25,0.05,0.25,128,5,True,True,0.05,10,0.3,10,0.0,0.5,1.0,10,True,5,12,0.0,0.1,3,odvg_appended_phrase,4.0,0.25,20,0.5,0.5,1.0,2.0,True,False
epoch,1785367775.158849,159,514.915407873923,4.753521188698007e-05,4.753521188698007e-05,4.753521188698007e-05,4.753521188698007e-06,4.753521188698007e-05,1.840035080909729,12286,1.1618144512176514,1.3564404249191284,0.6782202124595642,0.011551731266081333,0.4440802335739136,0.03588973358273506,0.028249595314264297,0.11299838125705719,0.0436590351164341,0.0436590351164341,0.11299838125705719,0.028249595314264297,,,,,,,,,,,,,,,,,,,0.23187477886676788,0.11945287883281708,0.048687931733897995,0.576062906355312,16923,330658,29377,347581,0.5,0.17047349967661776,0.398372876740307,0.5214964087551486,0.5,0.20179051639037343,0.41083160295469245,0.4953194676107159,0.5,0.20604554583517717,0.42546890424481737,0.5231643802975117,0.20604554583517717,0.42546890424481737,0.5231643802975117,29377,17395,17395,1739500,100.0,100.0,0.55925452709198,0.622879147529602,0.34738317131996155,0.7887387871742249,0.8116894364356995,0.6346802115440369,0.313374400138855,0.05861730518872488,0.9076427717099893,17395,2683,17395,0,19.981661396953147,95.24167102691717,mean,geometric_mean,odvg_phrase_grounding,3.5,2.0,4.0,iou,0.25,0.25,2.0,True,False,False,True,True,0.1,0.25,0.05,0.25,128,5,True,True,0.05,10,0.3,10,0.0,0.5,1.0,10,True,5,12,0.0,0.1,3,odvg_appended_phrase,4.0,0.25,20,0.5,0.5,1.0,2.0,True,False
epoch,1785368314.3459094,160,532.4619633259717,4.7040798881103756e-05,4.7040798881103756e-05,4.7040798881103756e-05,4.704079888110376e-06,4.7040798881103756e-05,1.8398635387420654,12286,1.1618225574493408,1.3560870885849,0.67804354429245,0.011565438471734524,0.4426998794078827,0.03659692034125328,0.02829742431640625,0.113189697265625,0.04349351301789284,0.04349351301789284,0.113189697265625,0.02829742431640625,1.360074520111084,0.01609794981777668,0.5093735456466675,0.04490701109170914,0.05589733272790909,0.05589733272790909,,,0.126282200217247,0.03157055005431175,0.0,0.0,0,0.45,True,True,1.0,2.0,1.0,2.0,0.22900447249412537,0.11893101036548615,0.04830419012170251,0.5716376757327161,16793,330858,29377,347651,0.5,0.17067774108996833,0.3960921809578922,0.5160499710657998,0.5,0.19930557919460803,0.4076658610477584,0.4907580760458862,0.5,0.20580726418626816,0.42240528304455865,0.5172073390747864,0.20580726418626816,0.42240528304455865,0.5172073390747864,29377,17395,17395,1739500,100.0,100.0,0.5584213733673096,0.6221383213996887,0.3502882719039917,0.787677526473999,0.8108724355697632,0.6318548321723938,0.3124212920665741,0.06021715643967773,0.9046977986499781,17395,2683,17395,0,19.985685541822363,111.11387504311278,mean,geometric_mean,odvg_phrase_grounding,3.5,2.0,4.0,iou,0.25,0.25,2.0,True,False,False,True,True,0.1,0.25,0.05,0.25,128,5,True,True,0.05,10,0.3,10,0.0,0.5,1.0,10,True,5,12,0.0,0.1,3,odvg_appended_phrase,4.0,0.25,20,0.5,0.5,1.0,2.0,True,False
epoch,1785368820.774256,161,500.0641241259873,4.654698453814976e-05,4.654698453814976e-05,4.654698453814976e-05,4.654698453814976e-06,4.654698453814976e-05,1.8426321744918823,12286,1.1629751920700073,1.3593193292617798,0.6796596646308899,0.01174929179251194,0.443600594997406,0.03640204668045044,0.028098149225115776,0.1123925969004631,0.043366871774196625,0.043366871774196625,0.1123925969004631,0.028098149225115776,,,,,,,,,,,,,,,,,,,0.2237934172153473,0.11631091684103012,0.04799401800350867,0.568063450999081,16688,331022,29377,347710,0.5,0.1682608843653198,0.393300881642101,0.5150287639990468,0.5,0.19753548694556966,0.4053851652653436,0.4874561731967185,0.5,0.20410525240834668,0.419579943493209,0.5158797698880077,0.20410525240834668,0.419579943493209,0.5158797698880077,29377,17395,17395,1739500,100.0,100.0,0.557594358921051,0.6201053261756897,0.34685614705085754,0.7869769334793091,0.8091704249382019,0.6291316151618958,0.31381693482398987,0.0610681641628148,0.90293260950318,17395,2683,17395,0,19.989077321069274,91.02816375694238,mean,geometric_mean,odvg_phrase_grounding,3.5,2.0,4.0,iou,0.25,0.25,2.0,True,False,False,True,True,0.1,0.25,0.05,0.25,128,5,True,True,0.05,10,0.3,10,0.0,0.5,1.0,10,True,5,12,0.0,0.1,3,odvg_appended_phrase,4.0,0.25,20,0.5,0.5,1.0,2.0,True,False
epoch,1785369336.250115,162,506.849565646844,4.6053823010425545e-05,4.6053823010425545e-05,4.6053823010425545e-05,4.605382301042554e-06,4.6053823010425545e-05,1.8399182558059692,12286,1.1581289768218994,1.3635802268981934,0.6817901134490967,0.011609516106545925,0.4433650076389313,0.03563971444964409,0.02813149429857731,0.11252597719430923,0.04276914522051811,0.04276914522051811,0.11252597719430923,0.02813149429857731,,,,,,,,,,,,,,,,,,,0.2263287752866745,0.1175137534737587,0.04805988864347506,0.5688463764169248,16711,331001,29377,347712,0.5,0.17009905708547504,0.3953092555400483,0.5153691663546311,0.5,0.19756952718112808,0.40586172856316166,0.489396466623549,0.5,0.20499029853286585,0.4208734724444293,0.5163222929502672,0.20499029853286585,0.4208734724444293,0.5163222929502672,29377,17395,17395,1739500,100.0,100.0,0.5565547943115234,0.6211602687835693,0.3438599407672882,0.7880606651306152,0.8079450130462646,0.6266807317733765,0.31282976269721985,0.05783435535645165,0.9077132063837475,17395,2683,17395,0,19.989192296636965,94.47070565191098,mean,geometric_mean,odvg_phrase_grounding,3.5,2.0,4.0,iou,0.25,0.25,2.0,True,False,False,True,True,0.1,0.25,0.05,0.25,128,5,True,True,0.05,10,0.3,10,0.0,0.5,1.0,10,True,5,12,0.0,0.1,3,odvg_appended_phrase,4.0,0.25,20,0.5,0.5,1.0,2.0,True,False
epoch,1785369849.815554,163,507.062988525955,4.556136837865002e-05,4.556136837865002e-05,4.556136837865002e-05,4.556136837865003e-06,4.556136837865002e-05,1.8366204500198364,12286,1.1593433618545532,1.3545498847961426,0.6772749423980713,0.011658793315291405,0.4457423686981201,0.034907326102256775,0.02798943966627121,0.11195775866508484,0.042407505214214325,0.042407505214214325,0.11195775866508484,0.02798943966627121,,,,,,,,,,,,,,,,,,,0.22825229167938232,0.11850246042013168,0.048468170028238354,0.5737481703373387,16855,330899,29377,347754,0.5,0.16979269496544916,0.3963985430779181,0.5168669367192021,0.5,0.19750144671001124,0.40718929774994045,0.48977090921469174,0.5,0.20471797664839841,0.4226776049290261,0.5179562242570719,0.20471797664839841,0.4226776049290261,0.5179562242570719,29377,17395,17395,1739500,100.0,100.0,0.5565354228019714,0.6190230250358582,0.34133321046829224,0.7904021739959717,0.8064812421798706,0.627599835395813,0.3156891465187073,0.053851665058474274,0.9141942651649817,17395,2683,17395,0,19.991606783558495,96.43593935994431,mean,geometric_mean,odvg_phrase_grounding,3.5,2.0,4.0,iou,0.25,0.25,2.0,True,False,False,True,True,0.1,0.25,0.05,0.25,128,5,True,True,0.05,10,0.3,10,0.0,0.5,1.0,10,True,5,12,0.0,0.1,3,odvg_appended_phrase,4.0,0.25,20,0.5,0.5,1.0,2.0,True,False
epoch,1785370365.5757718,164,509.1083553179633,4.5069674646023066e-05,4.5069674646023066e-05,4.5069674646023066e-05,4.506967464602307e-06,4.5069674646023066e-05,1.8279943466186523,12286,1.152253270149231,1.3514848947525024,0.6757424473762512,0.01147933304309845,0.439790278673172,0.03603821247816086,0.02787172608077526,0.11148690432310104,0.04294806718826294,0.04294806718826294,0.11148690432310104,0.02787172608077526,,,,,,,,,,,,,,,,,,,0.22874639928340912,0.11748051643371582,0.04827770683049736,0.5713653538482486,16785,330891,29377,347676,0.5,0.1692820914320727,0.39646662354903495,0.5164924941280594,0.5,0.19910133778125744,0.4055553664431358,0.4899070701569255,0.5,0.20410525240834668,0.4224393232801171,0.518126425434864,0.20410525240834668,0.4224393232801171,0.518126425434864,29377,17395,17395,1739500,100.0,100.0,0.5581496953964233,0.62248295545578,0.3434486389160156,0.7890447974205017,0.8075024485588074,0.6322292685508728,0.31701672077178955,0.0608639147026242,0.9037312605882201,17395,2683,17395,0,19.98712273641851,91.87934466009028,mean,geometric_mean,odvg_phrase_grounding,3.5,2.0,4.0,iou,0.25,0.25,2.0,True,False,False,True,True,0.1,0.25,0.05,0.25,128,5,True,True,0.05,10,0.3,10,0.0,0.5,1.0,10,True,5,12,0.0,0.1,3,odvg_appended_phrase,4.0,0.25,20,0.5,0.5,1.0,2.0,True,False
epoch,1785370904.0676913,165,529.3755365109537,4.457879573230333e-05,4.457879573230333e-05,4.457879573230333e-05,4.457879573230333e-06,4.457879573230333e-05,1.8221079111099243,12286,1.150917410850525,1.3423794507980347,0.6711897253990173,0.01136817503720522,0.4369531273841858,0.03703117370605469,0.02793406881392002,0.11173627525568008,0.04340893030166626,0.04340893030166626,0.11173627525568008,0.02793406881392002,1.3703837394714355,0.016302747651934624,0.5115550756454468,0.046454690396785736,0.05529940500855446,0.05529940500855446,,,0.12631668150424957,0.03157917037606239,0.0,0.0,0,0.45,True,True,1.0,2.0,1.0,2.0,0.22854876518249512,0.11858212947845459,0.04826643648395914,0.5710249514926643,16775,330775,29377,347550,0.5,0.17105218368111108,0.3970793477890867,0.5161861320080335,0.5,0.19859073424788098,0.40582768832760324,0.4900432310991592,0.5,0.20519453994621642,0.4222010416312081,0.5176839023726044,0.20519453994621642,0.4222010416312081,0.5176839023726044,29377,17395,17395,1739500,100.0,100.0,0.5587731003761292,0.6241697072982788,0.34489706158638,0.7880606651306152,0.8079450130462646,0.6325696706771851,0.31582531332969666,0.06154471918452076,0.902706813118885,17395,2683,17395,0,19.979879275653925,110.36515534878708,mean,geometric_mean,odvg_phrase_grounding,3.5,2.0,4.0,iou,0.25,0.25,2.0,True,False,False,True,True,0.1,0.25,0.05,0.25,128,5,True,True,0.05,10,0.3,10,0.0,0.5,1.0,10,True,5,12,0.0,0.1,3,odvg_appended_phrase,4.0,0.25,20,0.5,0.5,1.0,2.0,True,False
epoch,1785371420.9262428,166,510.35438933991827,4.40887854678954e-05,4.40887854678954e-05,4.40887854678954e-05,4.40887854678954e-06,4.40887854678954e-05,1.8130218982696533,12286,1.1446306705474854,1.3367834091186523,0.6683917045593262,0.011273331940174103,0.43480798602104187,0.03675723075866699,0.027860766276717186,0.11144306510686874,0.04304302856326103,0.04304302856326103,0.11144306510686874,0.027860766276717186,,,,,,,,,,,,,,,,,,,0.2318078875541687,0.11952118575572968,0.048450772311871275,0.5731694863328454,16838,330690,29377,347528,0.5,0.17067774108996833,0.39554753718895735,0.5182285461415393,0.5,0.20216495898151615,0.40810838411001804,0.491609081934847,0.5,0.20740715525751438,0.4215202369200395,0.5197603567416686,0.20740715525751438,0.4215202369200395,0.5197603567416686,29377,17395,17395,1739500,100.0,100.0,0.5606878995895386,0.6254952549934387,0.3517368733882904,0.7921395897865295,0.8133233189582825,0.6338291764259338,0.3162337839603424,0.06065969009308847,0.9042964692235544,17395,2683,17395,0,19.978614544409314,93.142503606854,mean,geometric_mean,odvg_phrase_grounding,3.5,2.0,4.0,iou,0.25,0.25,2.0,True,False,False,True,True,0.1,0.25,0.05,0.25,128,5,True,True,0.05,10,0.3,10,0.0,0.5,1.0,10,True,5,12,0.0,0.1,3,odvg_appended_phrase,4.0,0.25,20,0.5,0.5,1.0,2.0,True,False
epoch,1785371939.4505572,167,510.92406581901014,4.3599697587946704e-05,4.3599697587946704e-05,4.3599697587946704e-05,4.359969758794671e-06,4.3599697587946704e-05,1.8165228366851807,12286,1.1460063457489014,1.3410314321517944,0.6705157160758972,0.011239617131650448,0.4352422058582306,0.03684870898723602,0.027919458225369453,0.11167783290147781,0.04315688833594322,0.04315688833594322,0.11167783290147781,0.027919458225369453,,,,,,,,,,,,,,,,,,,0.23091277480125427,0.11963251978158951,0.04858550000863026,0.5749055383463254,16889,330725,29377,347614,0.5,0.1717670286278381,0.3962623821356844,0.5195901555638766,0.5,0.20202879803928242,0.40936787282567993,0.4925281682949246,0.5,0.2074411954930728,0.42247336351567555,0.5203730809817204,0.2074411954930728,0.42247336351567555,0.5203730809817204,29377,17395,17395,1739500,100.0,100.0,0.5599972009658813,0.6250302195549011,0.35152703523635864,0.7888379693031311,0.8104299306869507,0.6336590051651001,0.31531471014022827,0.05875346681877469,0.9072790470270892,17395,2683,17395,0,19.983558493820063,92.11000440083444,mean,geometric_mean,odvg_phrase_grounding,3.5,2.0,4.0,iou,0.25,0.25,2.0,True,False,False,True,True,0.1,0.25,0.05,0.25,128,5,True,True,0.05,10,0.3,10,0.0,0.5,1.0,10,True,5,12,0.0,0.1,3,odvg_appended_phrase,4.0,0.25,20,0.5,0.5,1.0,2.0,True,False
epoch,1785372454.9142303,168,509.6375345250126,4.311158572645476e-05,4.311158572645476e-05,4.311158572645476e-05,4.311158572645477e-06,4.311158572645476e-05,1.819495439529419,12286,1.1457926034927368,1.3474063873291016,0.6737031936645508,0.011218290776014328,0.4341336488723755,0.037165649235248566,0.027987658977508545,0.11195063591003418,0.04360055550932884,0.04360055550932884,0.11195063591003418,0.027987658977508545,,,,,,,,,,,,,,,,,,,0.22953593730926514,0.11858228594064713,0.04847881676479979,0.5737141301017803,16854,330803,29377,347657,0.5,0.1706096606188515,0.3980665146202812,0.518126425434864,0.5,0.1998161827279845,0.4088572692923035,0.48881778261905573,0.5,0.20611362630629404,0.4242094155291555,0.520100759097253,0.20611362630629404,0.4242094155291555,0.520100759097253,29377,17395,17395,1739500,100.0,100.0,0.5613265633583069,0.6253839731216431,0.35695385932922363,0.7893167734146118,0.814344584941864,0.6339653730392456,0.3156891465187073,0.06025124293746531,0.9049613030935438,17395,2683,17395,0,19.98603046852544,92.54047842510045,mean,geometric_mean,odvg_phrase_grounding,3.5,2.0,4.0,iou,0.25,0.25,2.0,True,False,False,True,True,0.1,0.25,0.05,0.25,128,5,True,True,0.05,10,0.3,10,0.0,0.5,1.0,10,True,5,12,0.0,0.1,3,odvg_appended_phrase,4.0,0.25,20,0.5,0.5,1.0,2.0,True,False
epoch,1785372966.6004562,169,505.1811788980849,4.262450341038574e-05,4.262450341038574e-05,4.262450341038574e-05,4.262450341038574e-06,4.262450341038574e-05,1.8097211122512817,12286,1.1398147344589233,1.339812994003296,0.669906497001648,0.01121107954531908,0.43381941318511963,0.036157168447971344,0.02761227823793888,0.11044911295175552,0.0431005023419857,0.0431005023419857,0.11044911295175552,0.02761227823793888,,,,,,,,,,,,,,,,,,,0.22960412502288818,0.11931679397821426,0.04823842157048903,0.5707526296081968,16767,330819,29377,347586,0.5,0.16975865472989074,0.3950028934200225,0.5191476325016169,0.5,0.2002927460258025,0.40855090717227766,0.48915818497464003,0.5,0.20533070088845015,0.42179255880450695,0.5198284372127855,0.20533070088845015,0.42179255880450695,0.5198284372127855,29377,17395,17395,1739500,100.0,100.0,0.5610907077789307,0.623913049697876,0.3569541275501251,0.7907609939575195,0.814242422580719,0.6319910287857056,0.3192974030971527,0.06123839917750873,0.9031024233126047,17395,2683,17395,0,19.981948835872377,92.64002000982873,mean,geometric_mean,odvg_phrase_grounding,3.5,2.0,4.0,iou,0.25,0.25,2.0,True,False,False,True,True,0.1,0.25,0.05,0.25,128,5,True,True,0.05,10,0.3,10,0.0,0.5,1.0,10,True,5,12,0.0,0.1,3,odvg_appended_phrase,4.0,0.25,20,0.5,0.5,1.0,2.0,True,False
epoch,1785373511.4155977,170,537.506114773918,4.213850405380449e-05,4.213850405380449e-05,4.213850405380449e-05,4.21385040538045e-06,4.213850405380449e-05,1.8017526865005493,12286,1.1354292631149292,1.3326454162597656,0.6663227081298828,0.011149188503623009,0.4338962733745575,0.035316698253154755,0.02766737900674343,0.11066951602697372,0.042389534413814545,0.042389534413814545,0.11066951602697372,0.02766737900674343,1.355143666267395,0.01601989008486271,0.5086784362792969,0.044627610594034195,0.05439552664756775,0.05439552664756775,,,0.12554574012756348,0.03138643503189087,0.0,0.0,0,0.45,True,True,1.0,2.0,1.0,2.0,0.23485437035560608,0.12228089570999146,0.04875852864358612,0.577016032950948,16951,330701,29377,347652,0.5,0.17132450556557852,0.39939408380705993,0.518909350852708,0.5,0.20253940157265887,0.41535895428396363,0.49848520951764985,0.5,0.20727099431528065,0.42802192191169963,0.5205432821595125,0.20727099431528065,0.42802192191169963,0.5205432821595125,29377,17395,17395,1739500,100.0,100.0,0.5618936419487,0.6288515329360962,0.35627663135528564,0.7898668050765991,0.8133914470672607,0.6337270736694336,0.31977397203445435,0.05671104071848554,0.9105118858342048,17395,2683,17395,0,19.98574302960621,116.43905157200061,mean,geometric_mean,odvg_phrase_grounding,3.5,2.0,4.0,iou,0.25,0.25,2.0,True,False,False,True,True,0.1,0.25,0.05,0.25,128,5,True,True,0.05,10,0.3,10,0.0,0.5,1.0,10,True,5,12,0.0,0.1,3,odvg_appended_phrase,4.0,0.25,20,0.5,0.5,1.0,2.0,True,False
epoch,1785374045.861772,171,519.391951387981,4.1653640952017185e-05,4.1653640952017185e-05,4.1653640952017185e-05,4.165364095201719e-06,4.1653640952017185e-05,1.8095645904541016,12286,1.1407314538955688,1.3376660346984863,0.6688330173492432,0.011181705631315708,0.4364139437675476,0.035332873463630676,0.027789682149887085,0.11115872859954834,0.04258743301033974,0.04258743301033974,0.11115872859954834,0.027789682149887085,,,,,,,,,,,,,,,,,,,0.23259247839450836,0.1207154244184494,0.04831376611418048,0.5715355550260408,16790,330730,29377,347520,0.5,0.17101814344555263,0.3943901691799707,0.5150968444701637,0.5,0.20104163120808796,0.41042312012799126,0.49191544405487286,0.5,0.20791775879089083,0.4229158865779351,0.5172073390747864,0.20791775879089083,0.4229158865779351,0.5172073390747864,29377,17395,17395,1739500,100.0,100.0,0.5599790811538696,0.621928870677948,0.35740286111831665,0.7882583737373352,0.8137658834457397,0.6318888664245605,0.31582531332969666,0.06035331139851974,0.9044874587836639,17395,2683,17395,0,19.978154642138545,96.62559977406636,mean,geometric_mean,odvg_phrase_grounding,3.5,2.0,4.0,iou,0.25,0.25,2.0,True,False,False,True,True,0.1,0.25,0.05,0.25,128,5,True,True,0.05,10,0.3,10,0.0,0.5,1.0,10,True,5,12,0.0,0.1,3,odvg_appended_phrase,4.0,0.25,20,0.5,0.5,1.0,2.0,True,False
epoch,1785374561.4213307,172,506.48452342906967,4.116996727572687e-05,4.116996727572687e-05,4.116996727572687e-05,4.116996727572688e-06,4.116996727572687e-05,1.8069771528244019,12286,1.1364883184432983,1.3409795761108398,0.6704897880554199,0.011312101036310196,0.4351300299167633,0.035051409155130386,0.02770012430846691,0.11080049723386765,0.04191070422530174,0.04191070422530174,0.11080049723386765,0.02770012430846691,,,,,,,,,,,,,,,,,,,0.23351448774337769,0.12049968540668488,0.04876925954165528,0.5769819927153896,16950,330605,29377,347555,0.5,0.17009905708547504,0.3999727678115533,0.5208836845150968,0.5,0.20134799332811382,0.41185281002144536,0.49620451373523505,0.5,0.20543282159512544,0.4268985941382714,0.5223474146441094,0.20543282159512544,0.4268985941382714,0.5223474146441094,29377,17395,17395,1739500,100.0,100.0,0.5601156949996948,0.6261031627655029,0.3534672260284424,0.7898668050765991,0.8116554021835327,0.6331143379211426,0.31858256459236145,0.05613234520575294,0.9113393239678226,17395,2683,17395,0,19.980166714573155,92.12143934285268,mean,geometric_mean,odvg_phrase_grounding,3.5,2.0,4.0,iou,0.25,0.25,2.0,True,False,False,True,True,0.1,0.25,0.05,0.25,128,5,True,True,0.05,10,0.3,10,0.0,0.5,1.0,10,True,5,12,0.0,0.1,3,odvg_appended_phrase,4.0,0.25,20,0.5,0.5,1.0,2.0,True,False
epoch,1785375073.23288,173,504.33428874006495,4.068753606520261e-05,4.068753606520261e-05,4.068753606520261e-05,4.0687536065202616e-06,4.068753606520261e-05,1.8055869340896606,12286,1.1355855464935303,1.3400052785873413,0.6700026392936707,0.011275571770966053,0.4342789053916931,0.03521031513810158,0.02765621617436409,0.11062486469745636,0.042111702263355255,0.042111702263355255,0.11062486469745636,0.02765621617436409,,,,,,,,,,,,,,,,,,,0.23352737724781036,0.12041863054037094,0.04872663628748341,0.5761990672975457,16927,330460,29377,347387,0.5,0.1703032984988256,0.3980324743847227,0.5181945059059808,0.5,0.20059910814582838,0.4088572692923035,0.4922898866460156,0.5,0.20533070088845015,0.42506042141811623,0.5194880348572012,0.20533070088845015,0.42506042141811623,0.5194880348572012,29377,17395,17395,1739500,100.0,100.0,0.5596702098846436,0.6230682730674744,0.354594349861145,0.7891544699668884,0.8101235628128052,0.6352928876876831,0.3165401518344879,0.05909382039013744,0.9069817692982128,17395,2683,17395,0,19.970508766887036,91.63190610101447,mean,geometric_mean,odvg_phrase_grounding,3.5,2.0,4.0,iou,0.25,0.25,2.0,True,False,False,True,True,0.1,0.25,0.05,0.25,128,5,True,True,0.05,10,0.3,10,0.0,0.5,1.0,10,True,5,12,0.0,0.1,3,odvg_appended_phrase,4.0,0.25,20,0.5,0.5,1.0,2.0,True,False
epoch,1785375591.722574,174,511.86579162208363,4.020640022446318e-05,4.020640022446318e-05,4.020640022446318e-05,4.020640022446318e-06,4.020640022446318e-05,1.8037580251693726,12286,1.134743332862854,1.3380277156829834,0.6690138578414917,0.011149333789944649,0.4341575503349304,0.035345204174518585,0.02750040404498577,0.11000161617994308,0.04196825250983238,0.04196825250983238,0.11000161617994308,0.02750040404498577,,,,,,,,,,,,,,,,,,,0.2327481210231781,0.11967215687036514,0.04877353765737345,0.5768117915375974,16945,330477,29377,347422,0.5,0.17112026415222795,0.3994621642781768,0.5220070122885251,0.5,0.20012254484801034,0.4095380740034721,0.49518330666848215,0.5,0.2091432072709943,0.4259454675426354,0.5228920584130442,0.2091432072709943,0.4259454675426354,0.5228920584130442,29377,17395,17395,1739500,100.0,100.0,0.5586074590682983,0.6248677372932434,0.35137292742729187,0.788102924823761,0.8090342879295349,0.6345780491828918,0.3151785433292389,0.05776625764529442,0.9089690263952928,17395,2683,17395,0,19.972520839321643,93.30396367004141,mean,geometric_mean,odvg_phrase_grounding,3.5,2.0,4.0,iou,0.25,0.25,2.0,True,False,False,True,True,0.1,0.25,0.05,0.25,128,5,True,True,0.05,10,0.3,10,0.0,0.5,1.0,10,True,5,12,0.0,0.1,3,odvg_appended_phrase,4.0,0.25,20,0.5,0.5,1.0,2.0,True,False
epoch,1785376132.888574,175,532.3836260722019,3.972661251547543e-05,3.972661251547543e-05,3.972661251547543e-05,3.9726612515475435e-06,3.972661251547543e-05,1.792119026184082,12286,1.128260612487793,1.3277153968811035,0.6638576984405518,0.01095013041049242,0.42937299609184265,0.03599441424012184,0.02752399817109108,0.11009599268436432,0.04264769330620766,0.04264769330620766,0.11009599268436432,0.02752399817109108,1.371525526046753,0.016239404678344727,0.5128848552703857,0.046099960803985596,0.054954469203948975,0.054954469203948975,,,0.12914231419563293,0.032285578548908234,0.0,0.0,0,0.45,True,True,1.0,2.0,1.0,2.0,0.23226837813854218,0.11950121074914932,0.049124211156663135,0.5808285393334922,17063,330281,29377,347344,0.5,0.16935017190318957,0.39745379038022943,0.5226537767641352,0.5,0.19906729754569902,0.4063382918609797,0.49051979439697724,0.5,0.20716887360860536,0.4233243694046363,0.523504782653096,0.20716887360860536,0.4233243694046363,0.523504782653096,29377,17395,17395,1739500,100.0,100.0,0.560748815536499,0.6260298490524292,0.35464078187942505,0.7882966995239258,0.8119617104530334,0.6416924595832825,0.3142254054546356,0.06086392024979026,0.9051509498969093,17395,2683,17395,0,19.96803679218166,112.82743743318133,mean,geometric_mean,odvg_phrase_grounding,3.5,2.0,4.0,iou,0.25,0.25,2.0,True,False,False,True,True,0.1,0.25,0.05,0.25,128,5,True,True,0.05,10,0.3,10,0.0,0.5,1.0,10,True,5,12,0.0,0.1,3,odvg_appended_phrase,4.0,0.25,20,0.5,0.5,1.0,2.0,True,False
epoch,1785376653.5405946,176,513.5482250161003,3.924822555236833e-05,3.924822555236833e-05,3.924822555236833e-05,3.924822555236833e-06,3.924822555236833e-05,1.785244345664978,12286,1.1250197887420654,1.3204501867294312,0.6602250933647156,0.010969417169690132,0.4290245771408081,0.03548453748226166,0.027494875714182854,0.10997950285673141,0.04222122207283974,0.04222122207283974,0.10997950285673141,0.027494875714182854,,,,,,,,,,,,,,,,,,,0.23555462062358856,0.12182553112506866,0.0487648860548677,0.5760969465908704,16924,330129,29377,347053,0.5,0.169145930489839,0.39650066378459337,0.5207815638084216,0.5,0.20192667733260714,0.4117166490792116,0.49501310549069,0.5,0.20648806889743676,0.4240392143513633,0.5215985294618238,0.20648806889743676,0.4240392143513633,0.5215985294618238,29377,17395,17395,1739500,100.0,100.0,0.5611929297447205,0.6260354518890381,0.35208314657211304,0.7900530099868774,0.8129829168319702,0.6370970606803894,0.31984204053878784,0.061000114089519,0.9042530285348142,17395,2683,17395,0,19.951307847082496,92.68776862393133,mean,geometric_mean,odvg_phrase_grounding,3.5,2.0,4.0,iou,0.25,0.25,2.0,True,False,False,True,True,0.1,0.25,0.05,0.25,128,5,True,True,0.05,10,0.3,10,0.0,0.5,1.0,10,True,5,12,0.0,0.1,3,odvg_appended_phrase,4.0,0.25,20,0.5,0.5,1.0,2.0,True,False
epoch,1785377178.1929803,177,510.6592981200665,3.877129179566333e-05,3.877129179566333e-05,3.877129179566333e-05,3.877129179566334e-06,3.877129179566333e-05,1.7880911827087402,12286,1.1233574151992798,1.3294649124145508,0.6647324562072754,0.011005713604390621,0.42903652787208557,0.03522070124745369,0.027410613372921944,0.10964245349168777,0.04188816249370575,0.04188816249370575,0.10964245349168777,0.027410613372921944,,,,,,,,,,,,,,,,,,,0.23464447259902954,0.12181657552719116,0.04896894588947331,0.5783776423732853,16991,329984,29377,346975,0.5,0.16999693637879973,0.397419750144671,0.521530448990707,0.5,0.20219899921707457,0.41413350580386016,0.4959321918507676,0.5,0.20747523572863125,0.42533274330258364,0.5222793341729924,0.20747523572863125,0.42533274330258364,0.5222793341729924,29377,17395,17395,1739500,100.0,100.0,0.5621101260185242,0.629098653793335,0.3553074300289154,0.7916713356971741,0.8120979070663452,0.6392756104469299,0.3184123635292053,0.06089796807364467,0.9047391030121269,17395,2683,17395,0,19.94682379994251,93.12074874900281,mean,geometric_mean,odvg_phrase_grounding,3.5,2.0,4.0,iou,0.25,0.25,2.0,True,False,False,True,True,0.1,0.25,0.05,0.25,128,5,True,True,0.05,10,0.3,10,0.0,0.5,1.0,10,True,5,12,0.0,0.1,3,odvg_appended_phrase,4.0,0.25,20,0.5,0.5,1.0,2.0,True,False
epoch,1785377698.094657,178,513.1068809770513,3.829586354652145e-05,3.829586354652145e-05,3.829586354652145e-05,3.829586354652145e-06,3.829586354652145e-05,1.7824413776397705,12286,1.1203336715698242,1.3242181539535522,0.6621090769767761,0.010882769711315632,0.4241389334201813,0.036681462079286575,0.027422677725553513,0.10969071090221405,0.04253321513533592,0.04253321513533592,0.10969071090221405,0.027422677725553513,,,,,,,,,,,,,,,,,,,0.23347163200378418,0.12085531651973724,0.04855127403132396,0.5733056472750792,16842,330049,29377,346891,0.5,0.169622493787657,0.3955815774245158,0.5180923851993056,0.5,0.19971406202130917,0.410320999421316,0.4920516049971066,0.5,0.20638594819076148,0.42506042141811623,0.5185689484971236,0.20638594819076148,0.42506042141811623,0.5185689484971236,29377,17395,17395,1739500,100.0,100.0,0.5620240569114685,0.6288636922836304,0.357281893491745,0.7905622720718384,0.8135616183280945,0.6381863355636597,0.3191272020339966,0.06488068828858051,0.8983358234530726,17395,2683,17395,0,19.941994826099453,91.32961255218834,mean,geometric_mean,odvg_phrase_grounding,3.5,2.0,4.0,iou,0.25,0.25,2.0,True,False,False,True,True,0.1,0.25,0.05,0.25,128,5,True,True,0.05,10,0.3,10,0.0,0.5,1.0,10,True,5,12,0.0,0.1,3,odvg_appended_phrase,4.0,0.25,20,0.5,0.5,1.0,2.0,True,False
