type,time,epoch,epoch_time,lr,lr_head,lr_vision,lr_text,lr_transformer,train_loss,train_loss_main,train_loss_aux,train_loss_aux_contrib,train_loss_bbox,train_loss_giou,train_loss_score,train_loss_rank_raw,train_loss_rank,train_loss_text_negative,train_loss_text_negative_contrib,train_text_negative_queries,score_negative_iou_ignore_thr,duplicate_suppression_enabled,duplicate_loss_weight,duplicate_margin,duplicate_background_weight,duplicate_classification_weight,duplicate_max_pairs,duplicate_start_epoch,hard_negative_mining_enabled,hard_negative_loss_weight,hard_negative_topk,hard_negative_max_iou,hard_negative_start_epoch,matcher_score_alpha,matcher_cost_score_effective,train_negative_text_regression_matches,val_loss,val_loss_bbox,val_loss_giou,val_loss_score,val_loss_rank_raw,val_loss_rank,val_loss_text_negative,val_loss_text_negative_contrib,val_text_negative_queries,val_score_negative_iou_ignore_thr,val_duplicate_suppression_enabled,val_hard_negative_mining_enabled,val_matcher_score_alpha,val_matcher_cost_score_effective,map50,map50_95,precision,recall,tp,fp,num_gt,num_pred,raw_oracle_num_gt,raw_oracle_num_samples,raw_oracle_positive_samples,raw_oracle_num_pred,raw_oracle_avg_pred_per_sample,raw_oracle_avg_pred_per_positive_sample,raw_best_iou_mean,raw_best_iou_median,raw_best_iou_p25,raw_best_iou_p75,raw_oracle_recall25,raw_oracle_recall50,raw_oracle_recall75,raw_oracle_gap50,raw_oracle_retention50,valid_samples,skipped_empty_gt,avg_selected_per_sample,eval_loop_time,eval_metric_time,raw_oracle_metric_time,lambda_bbox,lambda_giou,lambda_score,classification_type,ia_bce_alpha,classification_focal_alpha,classification_focal_gamma,normalize_classification_by_num_gt,dense_score_assignment_enabled,pairwise_ranking_enabled,duplicate_suppression_active,hard_negative_mining_active,lambda_rank_max,lambda_aux,pos_weight,quality_warmup_epoch,aux_score_enabled,matcher_score_start_epoch,matcher_score_warmup_epoch,matcher_score_alpha_min,negative_sample_ratio,max_query_loss_weight,lambda_text_negative,text_negative_topk,text_negative_hard_mix,negative_text_as_empty_target,use_negative_queries_in_val
epoch,1783568925.086401,1,1079.9245858489885,9.99892558349174e-05,9.99892558349174e-05,0.0001,9.998089980500698e-06,9.99892558349174e-05,3.067030191421509,2.781790256500244,3.1434552669525146,0.28523948788642883,0.18558178842067719,0.8375667333602905,0.16481180489063263,0.0,0.0,0.5164965987205505,0.013432208448648453,22856,0.5,True,0.2,0.15,0.1,0.5,256,5,True,0.1,20,0.25,8,0.0,0.0,0,,,,,,,,,,,,,,,0.00570417707785964,0.002467959653586149,0.003506371685465236,0.22101088759103035,15326,4355574,69345,4370900,69345,43709,38008,4370900,100.0,100.0,0.3142136335372925,0.2954649031162262,0.11352629214525223,0.47527843713760376,0.5600836277008057,0.22127045691013336,0.042641863226890564,0.00025956931910300907,0.9988269138016539,43709,5701,100.0,365.15068245795555,3.023916124016978,0.08998805901501328,4.997688000299846,2.0,1.004623999400308,iou,0.25,0.25,2.0,True,False,True,False,False,0.25,0.35,1.0,10,True,10,20,0.0,0.15,4.0,0.25,20,0.5,True,True
epoch,1783569919.950551,2,991.3160050699953,9.997582497463836e-05,9.997582497463836e-05,0.0001,9.995702492598646e-06,9.997582497463836e-05,2.79064679145813,2.1447672843933105,2.491244077682495,0.6458790898323059,0.12162569910287857,0.7069323062896729,0.12114329636096954,0.0,0.0,0.0061971452087163925,0.0005454372148960829,22856,0.5,True,0.2,0.15,0.1,0.5,256,5,True,0.1,20,0.25,8,0.0,0.0,0,,,,,,,,,,,,,,,0.012014681473374367,0.004432521294802427,0.005351832318564871,0.3370827024298796,23375,4344288,69345,4367663,69345,43709,38008,4370900,100.0,100.0,0.3858281075954437,0.3853178024291992,0.1730017364025116,0.567293107509613,0.671800434589386,0.33732786774635315,0.07696300745010376,0.0002451653164735612,0.9992732135707866,43709,5701,99.92594202566977,357.70619721797993,3.107522759004496,0.10586443700594828,4.990766255446354,2.0,1.0184674891072933,iou,0.25,0.25,2.0,True,False,True,False,False,0.25,0.35,1.0,10,True,10,20,0.0,0.15,4.0,0.25,20,0.5,True,True
epoch,1783570924.0395007,3,987.5671847999911,9.995702336324347e-05,9.995702336324347e-05,0.0001,9.992360577795361e-06,9.995702336324347e-05,2.802386522293091,1.9935050010681152,2.311082124710083,0.8088772296905518,0.10952111333608627,0.6702669262886047,0.10300593078136444,0.0,0.0,0.0022090913262218237,0.0003579184995032847,22856,0.5,True,0.2,0.15,0.1,0.5,256,5,True,0.1,20,0.25,8,0.0,0.0,0,,,,,,,,,,,,,,,0.02417849376797676,0.012060219421982765,0.005978356302736873,0.3638041675679573,25228,4194661,69345,4219889,69345,43709,38008,4370900,100.0,100.0,0.4006677269935608,0.4024657607078552,0.1917238086462021,0.5801888704299927,0.6913115382194519,0.3640204668045044,0.08659600466489792,0.0002162992365470906,0.9994058047382725,43709,5701,96.54508224850717,351.06389504496474,2.989764195983298,0.09266148798633367,4.979277440298257,2.0,1.0414451194034853,iou,0.25,0.25,2.0,True,False,True,False,False,0.25,0.35,1.0,10,True,10,20,0.0,0.15,4.0,0.25,20,0.5,True,True
epoch,1783571925.4642441,4,983.4764271479798,9.993285306254129e-05,9.993285306254129e-05,0.0001,9.98806488760375e-06,9.993285306254129e-05,2.6764426231384277,1.9046053886413574,2.205235481262207,0.7718315720558167,0.1030367836356163,0.6497523784637451,0.08708745986223221,0.0,0.0,0.0009813586948439479,0.00021982773614581674,22856,0.5,True,0.2,0.15,0.1,0.5,256,5,True,0.1,20,0.25,8,0.0,0.0,0,,,,,,,,,,,,,,,0.024942632764577866,0.011715560220181942,0.006869414622268879,0.3828394260581152,26548,3838119,69345,3864667,69345,43709,38008,4370900,100.0,100.0,0.40777111053466797,0.4156695306301117,0.1937977522611618,0.5910014510154724,0.6906049251556396,0.3829115331172943,0.09082125872373581,7.210705917909399e-05,0.9998116874187829,43709,5701,88.41810611086962,349.0356663429993,2.7368109789676964,0.09529353299876675,4.963292387221365,2.0,1.0734152255572698,iou,0.25,0.25,2.0,True,False,True,False,False,0.25,0.35,1.0,10,True,10,20,0.0,0.15,4.0,0.25,20,0.5,True,True
epoch,1783572973.884279,5,1035.606459497998,9.990331672307766e-05,9.990331672307766e-05,0.0001,9.982816259477131e-06,9.990331672307766e-05,2.6133482456207275,1.8617653846740723,2.147369146347046,0.7515771389007568,0.09958561509847641,0.6429058909416199,0.07418593764305115,0.0,0.0,0.0009259270154871047,0.00023148175387177616,22856,0.5,True,0.2,0.15,0.1,0.5,256,5,True,0.1,20,0.25,8,0.0,0.0,0,1.7666442394256592,0.09162861108779907,0.6132634282112122,0.07764659076929092,0.0,0.0,2.0940061062901805e-07,5.235015265725451e-08,5701,0.5,True,True,0.0,0.0,0.018638543784618378,0.00922728143632412,0.0068955666739994185,0.3815127262239527,26456,3810212,69345,3836668,69345,43709,38008,4370900,100.0,100.0,0.4122686982154846,0.41707149147987366,0.1996997445821762,0.594535768032074,0.6984642148017883,0.3816569447517395,0.0939505398273468,0.000144218527786788,0.9996221252363674,43709,5701,87.77752865542566,393.5482353530242,2.379197155009024,0.10698386200238019,4.942909649383465,2.0,1.11418070123307,iou,0.25,0.25,2.0,True,False,True,True,False,0.25,0.35,1.0,10,True,10,20,0.0,0.15,4.0,0.25,20,0.5,True,True
epoch,1783573966.3058133,6,985.8600527200033,9.986841758384507e-05,9.986841758384507e-05,0.0001,9.976615716645957e-06,9.986841758384507e-05,2.5340065956115723,1.8051398992538452,2.082482099533081,0.7288681268692017,0.09572726488113403,0.6282972097396851,0.06405524164438248,0.0,0.0,0.0005701741320081055,0.00014254353300202638,22856,0.5,True,0.2,0.15,0.1,0.5,256,5,True,0.1,20,0.25,8,0.0,0.0,0,,,,,,,,,,,,,,,0.022654591128230095,0.011716680601239204,0.007105058614896691,0.3904535294541784,27076,3783730,69345,3810806,69345,43709,38008,4370900,100.0,100.0,0.4209110140800476,0.42492976784706116,0.20883610844612122,0.602570652961731,0.7071166038513184,0.3905256390571594,0.10868844389915466,7.210960298104085e-05,0.9998153524486763,43709,5701,87.185842732618,342.8116096809972,2.1624457899597473,0.08141802798490971,4.918254893141276,2.0,1.163490213717448,iou,0.25,0.25,2.0,True,False,True,True,False,0.25,0.35,1.0,10,True,10,20,0.0,0.15,4.0,0.25,20,0.5,True,True
epoch,1783574961.9601805,7,986.4777925210074,9.98281594719274e-05,9.98281594719274e-05,0.0001,9.969464467918335e-06,9.98281594719274e-05,2.469543218612671,1.7622877359390259,2.020724058151245,0.7072527408599854,0.09256821870803833,0.6171326041221619,0.056321799755096436,0.0,0.0,0.0005664981435984373,0.00014162453589960933,22856,0.5,True,0.2,0.15,0.1,0.5,256,5,True,0.1,20,0.25,8,0.0,0.0,0,,,,,,,,,,,,,,,0.022629423066973686,0.011357223615050316,0.0076167955475000115,0.4183286466219627,29009,3779548,69345,3808557,69345,43709,38008,4370900,100.0,100.0,0.43452203273773193,0.4388602077960968,0.21774250268936157,0.6248592138290405,0.7169082164764404,0.41842958331108093,0.12584900856018066,0.00010093668911825837,0.9997587725793202,43709,5701,87.13438879864559,348.1618788879714,2.658957596984692,0.09119454299798235,4.889480123265569,2.0,1.2210397534688617,iou,0.25,0.25,2.0,True,False,True,True,False,0.25,0.35,1.0,10,True,10,20,0.0,0.15,4.0,0.25,20,0.5,True,True
epoch,1783576055.0471022,8,1086.4171970919706,9.978254680208029e-05,9.978254680208029e-05,0.0001,9.961363907444379e-06,9.978254680208029e-05,2.4208731651306152,1.731297492980957,1.9702215194702148,0.6895777583122253,0.08967989683151245,0.6091119050979614,0.05082308128476143,0.2800871431827545,0.0008921430562622845,0.0006015808321535587,0.00015039520803838968,22856,0.5,True,0.2,0.15,0.1,0.5,256,5,True,0.1,20,0.25,8,0.0,0.0,0,,,,,,,,,,,,,,,0.024280983954668045,0.012045090086758137,0.007972022831218067,0.43786862787511716,30364,3778456,69345,3808820,69345,43709,38008,4370900,100.0,100.0,0.44145917892456055,0.4503229856491089,0.22342096269130707,0.6391118764877319,0.7233686447143555,0.4380272626876831,0.12832936644554138,0.0001586348125659498,0.9996378426046073,43709,5701,87.14040586606878,361.95965393597726,2.2558502640458755,0.08297910500550643,4.856762745781211,2.0,1.2864745084375788,iou,0.25,0.25,2.0,True,False,True,True,True,0.25,0.35,1.0,10,True,10,20,0.0,0.15,4.0,0.25,20,0.5,True,True
epoch,1783577150.8058345,9,1089.395873328962,9.973158457624699e-05,9.973158457624699e-05,0.0001,9.952315614444399e-06,9.973158457624699e-05,2.380920886993408,1.7043187618255615,1.9331494569778442,0.6766017079353333,0.08705848455429077,0.6000751852989197,0.04757659137248993,0.27519404888153076,0.0033427977468818426,0.0006400346755981445,0.00016000866889953613,22856,0.5,True,0.2,0.15,0.1,0.5,256,5,True,0.1,20,0.25,8,0.0,0.0,0,,,,,,,,,,,,,,,0.026890596374869347,0.014519436284899712,0.00796612825707194,0.43907996250630904,30448,3791735,69345,3822183,69345,43709,38008,4370900,100.0,100.0,0.4465526342391968,0.4549640715122223,0.2321208268404007,0.6441512107849121,0.7330881953239441,0.4391809105873108,0.13398225605487823,0.00010094808100175046,0.9997701446520826,43709,5701,87.44613237548332,369.06235195399495,2.774256705015432,0.08957550802733749,4.820304474200023,2.0,1.3593910515999537,iou,0.25,0.25,2.0,True,False,True,True,True,0.25,0.35,1.0,10,True,10,20,0.0,0.15,4.0,0.25,20,0.5,True,True
epoch,1783578310.9567235,10,1146.78659073601,9.967527838300985e-05,9.967527838300985e-05,0.0001,9.942321352901047e-06,9.967527838300985e-05,2.359628915786743,1.6936050653457642,1.9029111862182617,0.6660192608833313,0.08523546904325485,0.5955833792686462,0.04597325623035431,0.2619560658931732,0.0068112388253211975,0.0006538023008033633,0.00016345057520084083,22856,0.5,True,0.2,0.15,0.1,0.5,256,5,True,0.1,20,0.25,8,0.0,0.0,0,1.6207971572875977,0.07942082732915878,0.573185920715332,0.04759473726153374,0.2669603228569031,0.006941196043044329,2.3555187453894177e-06,5.888796863473544e-07,5701,0.5,True,True,0.0,0.0,0.02754773199558258,0.015576282516121864,0.00819021214381932,0.45198644458865095,31343,3795542,69345,3826885,69345,43709,38008,4370900,100.0,100.0,0.44887733459472656,0.4635613262653351,0.22968937456607819,0.6500592231750488,0.7301174998283386,0.4522748589515686,0.1379479467868805,0.000288414362917655,0.9993623029067187,43709,5701,87.55370747443318,425.5237535610213,2.323764588974882,0.10291622800286859,4.7803300858899105,2.0,1.4393398282201786,iou,0.25,0.25,2.0,True,False,True,True,True,0.25,0.35,1.0,10,True,10,20,0.0,0.15,4.0,0.25,20,0.5,True,True
epoch,1783579405.439732,11,1079.2301565069938,9.961363439697749e-05,9.961363439697749e-05,0.0001,9.931383071215411e-06,9.961363439697749e-05,2.3491642475128174,1.692047119140625,1.8774811029434204,0.6571195125579834,0.08415564894676208,0.5912634134292603,0.04797182232141495,0.2413642555475235,0.01058445405215025,0.0006540373433381319,0.00016350933583453298,22856,0.5,True,0.2,0.15,0.1,0.5,256,5,True,0.1,20,0.25,8,0.007250000000000001,0.007250000000000001,0,,,,,,,,,,,,,,,0.025078313425183296,0.01480142492800951,0.008403019538558773,0.4647487201672795,32228,3803060,69345,3835288,69345,43709,38008,4370900,100.0,100.0,0.45530965924263,0.47386354207992554,0.23788763582706451,0.6566805243492126,0.7393323183059692,0.4647631347179413,0.14331242442131042,1.4414550661756564e-05,0.9999689851677447,43709,5701,87.74595621039145,348.6347054030048,2.308510024973657,0.09063345997128636,4.7370860362476375,2.0,1.5258279275047246,iou,0.25,0.25,2.0,True,False,True,True,True,0.25,0.35,1.0,10,True,10,20,0.0,0.15,4.0,0.25,20,0.5,True,True
epoch,1783580489.701066,12,1077.780389425985,9.954665937810763e-05,9.954665937810763e-05,0.0001,9.919502901827181e-06,9.954665937810763e-05,2.3265485763549805,1.677238941192627,1.8551768064498901,0.6493116617202759,0.08132535219192505,0.5838631987571716,0.05042671412229538,0.22228719294071198,0.014408125542104244,0.0007423294009640813,0.00018558235024102032,22856,0.5,True,0.2,0.15,0.1,0.5,256,5,True,0.1,20,0.25,8,0.028000000000000004,0.028000000000000004,0,,,,,,,,,,,,,,,0.02010868489742279,0.011071507818996906,0.008453834115805947,0.4674021198356046,32412,3801588,69345,3834000,69345,43709,38008,4370900,100.0,100.0,0.45899802446365356,0.47505563497543335,0.23812392354011536,0.6613285541534424,0.7388708591461182,0.4675463140010834,0.1528588980436325,0.00014419416547878372,0.9996915938353896,43709,5701,87.71648859502619,360.27381504001096,2.338994838006329,0.09119956602808088,4.690838939219355,2.0,1.6183221215612904,iou,0.25,0.25,2.0,True,False,True,True,True,0.25,0.35,1.0,10,True,10,20,0.0,0.15,4.0,0.25,20,0.5,True,True
epoch,1783581588.1566415,13,1092.1313853510073,9.947436067096585e-05,9.947436067096585e-05,0.0001,9.906683160798918e-06,9.947436067096585e-05,2.3068974018096924,1.667094111442566,1.8280037641525269,0.6398031115531921,0.07903673499822617,0.5788851976394653,0.05186222493648529,0.20503348112106323,0.018043871968984604,0.0006532322149723768,0.0001633080537430942,22856,0.5,True,0.2,0.15,0.1,0.5,256,5,True,0.1,20,0.25,8,0.06075,0.06075,0,,,,,,,,,,,,,,,0.02136281505227089,0.011859864927828312,0.008694049690799635,0.4803086019179465,33307,3797704,69345,3831011,69345,43709,38008,4370900,100.0,100.0,0.4667309522628784,0.4853322207927704,0.2438705563545227,0.6732053160667419,0.7449275255203247,0.48048165440559387,0.16185738146305084,0.0001730524876473738,0.9996398353900495,43709,5701,87.64810450936878,362.77058377698995,2.3576867210213095,0.0916812579962425,4.641873923536962,2.0,1.7162521529260766,iou,0.25,0.25,2.0,True,False,True,True,True,0.25,0.35,1.0,10,True,10,20,0.0,0.15,4.0,0.25,20,0.5,True,True
epoch,1783582667.7293007,14,1072.6536701599834,9.939674620392009e-05,9.939674620392009e-05,0.0001,9.892926347364535e-06,9.939674620392009e-05,2.268455743789673,1.6406768560409546,1.7936687469482422,0.6277831792831421,0.07582493871450424,0.5673508048057556,0.05387537181377411,0.19350796937942505,0.021775703877210617,0.0005386593984439969,0.00013466484961099923,22856,0.5,True,0.2,0.15,0.1,0.5,256,5,True,0.1,20,0.25,8,0.10400000000000002,0.10400000000000002,0,,,,,,,,,,,,,,,0.022999173030257225,0.012956937775015831,0.009035683092117743,0.500064892926671,34677,3803107,69345,3837784,69345,43709,38008,4370900,100.0,100.0,0.4746917486190796,0.5001632571220398,0.25372907519340515,0.6799213290214539,0.7533059120178223,0.500079333782196,0.16376090049743652,1.444085552504415e-05,0.9999711228708137,43709,5701,87.80306115445332,341.68418079504045,2.3060855320072733,0.08646042901091278,4.59049287480466,2.0,1.8190142503906799,iou,0.25,0.25,2.0,True,False,True,True,True,0.25,0.35,1.0,10,True,10,20,0.0,0.15,4.0,0.25,20,0.5,True,True
epoch,1783583801.0102503,15,1127.0550409309799,9.931382448827132e-05,9.931382448827132e-05,0.0001,9.878235143442069e-06,9.931382448827132e-05,2.2580738067626953,1.6378263235092163,1.7721426486968994,0.620249330997467,0.07435758411884308,0.5639796853065491,0.055788882076740265,0.18581229448318481,0.02554299496114254,0.00040145599632523954,0.00010036399908130988,22856,0.5,True,0.2,0.15,0.1,0.5,256,5,True,0.1,20,0.25,8,0.15625,0.15625,0,1.5742295980453491,0.06985966861248016,0.5396124720573425,0.05945267900824547,0.1810692399740219,0.024890005588531494,2.1926445015196805e-07,5.481611253799201e-08,5701,0.5,True,True,0.15625,0.15625,0.019393745809793472,0.010238125920295715,0.009100476384848014,0.5031653327565073,34892,3799193,69345,3834085,69345,43709,38008,4370900,100.0,100.0,0.4778916835784912,0.50246661901474,0.25395023822784424,0.6882463097572327,0.7533780336380005,0.5032806992530823,0.17369672656059265,0.00011536649657495346,0.9997707710692141,43709,5701,87.71843327461164,401.66017291496973,2.334725799970329,0.10197950503788888,4.537012574273818,2.0,1.9259748514523651,iou,0.25,0.25,2.0,True,False,True,True,True,0.25,0.35,1.0,10,True,10,20,0.0,0.15,4.0,0.25,20,0.5,True,True
epoch,1783584922.353445,16,1113.611959286034,9.922560461732009e-05,9.922560461732009e-05,0.0001,9.862612413110834e-06,9.922560461732009e-05,2.2303566932678223,1.6184117794036865,1.7484228610992432,0.6119478344917297,0.0722956508398056,0.5548891425132751,0.05672286078333855,0.17674922943115234,0.02863345295190811,0.00047414968139491975,0.00011853742034872994,22856,0.5,True,0.2,0.15,0.1,0.5,256,5,True,0.1,20,0.25,8,0.216,0.216,0,,,,,,,,,,,,,,,0.02219974249601364,0.012353729456663132,0.009366346182542437,0.5159420289855072,35778,3784068,69345,3819846,69345,43709,38008,4370900,100.0,100.0,0.48655837774276733,0.5128835439682007,0.2627401351928711,0.6965435147285461,0.7610642313957214,0.5160141587257385,0.1850169450044632,7.212974023129703e-05,0.9998602175172685,43709,5701,87.39266512617539,371.38406980602304,2.3169364069472067,0.09848681098083034,4.481762745781211,2.0,2.036474508437579,iou,0.25,0.25,2.0,True,False,True,True,True,0.25,0.35,1.0,10,True,10,20,0.0,0.15,4.0,0.25,20,0.5,True,True
epoch,1783586029.8056538,17,1101.027863625961,9.91320962653694e-05,9.91320962653694e-05,0.0001,9.846061202053064e-06,9.91320962653694e-05,2.2249209880828857,1.616890549659729,1.7372291088104248,0.6080321073532104,0.07118941098451614,0.5525223612785339,0.05772237107157707,0.17294205725193024,0.03202865272760391,0.00037668406730517745,9.417101682629436e-05,22856,0.5,True,0.2,0.15,0.1,0.5,256,5,True,0.1,20,0.25,8,0.28174999999999994,0.28174999999999994,0,,,,,,,,,,,,,,,0.020913016051054,0.01120625901967287,0.009404404272364128,0.5192010959694282,36004,3792415,69345,3828419,69345,43709,38008,4370900,100.0,100.0,0.4871642589569092,0.5142238140106201,0.2688884437084198,0.6940715312957764,0.7660682201385498,0.5192010998725891,0.18334415555000305,3.90316090559395e-09,0.9999999924823717,43709,5701,87.58880322130453,377.02122847898863,2.759387500002049,0.11188965098699555,4.425084022891929,2.0,2.1498319542161415,iou,0.25,0.25,2.0,True,False,True,True,True,0.25,0.35,1.0,10,True,10,20,0.0,0.15,4.0,0.25,20,0.5,True,True
epoch,1783587086.4371138,18,1049.797721111041,9.903330968666379e-05,9.903330968666379e-05,0.0001,9.828584736960147e-06,9.903330968666379e-05,2.193229913711548,1.594941258430481,1.709388017654419,0.5982850790023804,0.0687503069639206,0.5439314246177673,0.05758332088589668,0.16967426240444183,0.03497735410928726,0.0004082567465957254,0.00010206418664893135,22856,0.5,True,0.2,0.15,0.1,0.5,256,5,True,0.1,20,0.25,8,0.3520000000000001,0.3520000000000001,0,,,,,,,,,,,,,,,0.022600114345550537,0.012232176028192043,0.009622735647808033,0.5298291152930997,36741,3781404,69345,3818145,69345,43709,38008,4370900,100.0,100.0,0.49430394172668457,0.5235888957977295,0.2746342420578003,0.7071444988250732,0.7711731195449829,0.5298291444778442,0.19477972388267517,2.9184744509969107e-08,0.9999999449166872,43709,5701,87.35374865588322,331.80298229894834,2.2975802929722704,0.08277201402233914,4.367325848780173,2.0,2.2653483024396537,iou,0.25,0.25,2.0,True,False,True,True,True,0.25,0.35,1.0,10,True,10,20,0.0,0.15,4.0,0.25,20,0.5,True,True
epoch,1783588136.6376789,19,1043.5700511829928,9.892925571426483e-05,9.892925571426483e-05,0.0001,9.810186424903581e-06,9.892925571426483e-05,2.1742241382598877,1.5820897817611694,1.6918147802352905,0.592135488986969,0.06718329340219498,0.537906289100647,0.05777152627706528,0.16811490058898926,0.037661612033843994,0.00035350024700164795,8.837506175041199e-05,22856,0.5,True,0.2,0.15,0.1,0.5,256,5,True,0.1,20,0.25,8,0.4252500000000001,0.4252500000000001,0,,,,,,,,,,,,,,,0.024538453668355942,0.013393198139965534,0.009798712500239188,0.5390727521811234,37382,3777609,69345,3814991,69345,43709,38008,4370900,100.0,100.0,0.498158723115921,0.5305984020233154,0.2827780246734619,0.7098827362060547,0.7750666737556458,0.539216935634613,0.19646693766117096,0.00014418345348965467,0.999732605851261,43709,5701,87.28158960397172,330.7464745839825,2.28500587499002,0.08305468299658969,4.308844321795884,2.0,2.3823113564082323,iou,0.25,0.25,2.0,True,False,True,True,True,0.25,0.35,1.0,10,True,10,20,0.0,0.15,4.0,0.25,20,0.5,True,True
epoch,1783589221.7554266,20,1077.5624575869879,9.88199457588632e-05,9.88199457588632e-05,0.0001,9.790869852670758e-06,9.88199457588632e-05,2.167292833328247,1.5785768032073975,1.6820567846298218,0.58871990442276,0.06660334020853043,0.535405158996582,0.057373858988285065,0.16626431047916412,0.03954022377729416,0.0005313740111887455,0.00013284350279718637,22856,0.5,True,0.2,0.15,0.1,0.5,256,5,True,0.1,20,0.25,8,0.5,0.5,0,1.5240763425827026,0.06260678917169571,0.5121765732765198,0.061281684786081314,0.16219215095043182,0.03856918215751648,1.0011549420596566e-06,2.5028873551491415e-07,5701,0.5,True,True,0.5,0.5,0.026398828253149986,0.01433431077748537,0.009906320860675947,0.5455187828971086,37829,3780844,69345,3818673,69345,43709,38008,4370900,100.0,100.0,0.5025807023048401,0.5364720225334167,0.2875863015651703,0.7144810557365417,0.7792342901229858,0.5456629991531372,0.20259571075439453,0.00014421625602856203,0.9997357045351208,43709,5701,87.36582854789631,364.7580966539681,2.2716114899958484,0.08531026099808514,4.25,2.0,2.5,iou,0.25,0.25,2.0,True,False,True,True,True,0.25,0.35,1.0,10,True,10,20,0.0,0.15,4.0,0.25,20,0.5,True,True
epoch,1783590293.7753775,21,1065.3855684499722,9.870539180752728e-05,9.870539180752728e-05,0.0001,9.770638786065706e-06,9.870539180752728e-05,2.147186756134033,1.5663877725601196,1.6594170331954956,0.5807957053184509,0.0643167793750763,0.5295475125312805,0.05866603925824165,0.16995275020599365,0.041938669979572296,0.000528331845998764,0.000132082961499691,22856,0.5,True,0.2,0.15,0.1,0.5,256,5,True,0.1,20,0.25,8,0.5747500000000001,0.5747500000000001,0,,,,,,,,,,,,,,,0.024841956794261932,0.013461540453135967,0.009807498230167877,0.5408032302256832,37502,3786307,69345,3823809,69345,43709,38008,4370900,100.0,100.0,0.5023245215415955,0.5316433906555176,0.2917802929878235,0.7131621241569519,0.7819453477859497,0.5408320426940918,0.2024659365415573,2.8812468408578873e-05,0.9999467256631743,43709,5701,87.48333295202362,351.8718245269847,2.323114938044455,0.08926515001803637,4.191155678204116,2.0,2.6176886435917672,iou,0.25,0.25,2.0,True,False,True,True,True,0.25,0.35,1.0,10,True,10,20,0.0,0.15,4.0,0.25,20,0.5,True,True
epoch,1783591344.7881818,22,1044.7885355579783,9.858560642238878e-05,9.858560642238878e-05,0.0001,9.749497169174947e-06,9.858560642238878e-05,2.137312650680542,1.562308669090271,1.6428632736206055,0.5750023722648621,0.06387205421924591,0.5270991921424866,0.05824391543865204,0.1707209348678589,0.04268023371696472,0.0003201373328920454,8.003433322301134e-05,22856,0.5,True,0.2,0.15,0.1,0.5,256,5,True,0.1,20,0.25,8,0.648,0.648,0,,,,,,,,,,,,,,,0.026777522638440132,0.014960845932364464,0.009928903340246055,0.5464705458216166,37895,3778740,69345,3816635,69345,43709,38008,4370900,100.0,100.0,0.5067154765129089,0.5391029119491577,0.29186365008354187,0.7219274044036865,0.7811089754104614,0.5465137958526611,0.2133246809244156,4.3250031044550497e-05,0.9999208619592538,43709,5701,87.31920199501246,330.88886758399894,2.6212943880236708,0.08151519403327256,4.132674151219827,2.0,2.7346516975603463,iou,0.25,0.25,2.0,True,False,True,True,True,0.25,0.35,1.0,10,True,10,20,0.0,0.15,4.0,0.25,20,0.5,True,True
epoch,1783592398.264892,23,1043.8465375080123,9.846060273926501e-05,9.846060273926501e-05,0.0001,9.727449123598582e-06,9.846060273926501e-05,2.1164896488189697,1.5466454029083252,1.6281267404556274,0.5698429346084595,0.06268396228551865,0.5210451483726501,0.05739479511976242,0.17091955244541168,0.04272988811135292,0.0005564006860367954,0.00013910017150919884,22856,0.5,True,0.2,0.15,0.1,0.5,256,5,True,0.1,20,0.25,8,0.71825,0.71825,0,,,,,,,,,,,,,,,0.032746706157922745,0.019322950392961502,0.009994866519039882,0.5514312495493546,38239,3787625,69345,3825864,69345,43709,38008,4370900,100.0,100.0,0.5105881094932556,0.5428721904754639,0.2964261770248413,0.7284298539161682,0.785305380821228,0.5514312386512756,0.22298651933670044,-1.0898078994792115e-08,1.0000000197632601,43709,5701,87.53034844082454,330.3277748620021,2.4273736780160107,0.08190301200374961,4.074915977108072,2.0,2.8501680457838576,iou,0.25,0.25,2.0,True,False,True,True,True,0.25,0.35,1.0,10,True,10,20,0.0,0.15,4.0,0.25,20,0.5,True,True
epoch,1783593457.258485,24,1043.884996977984,9.83303944662185e-05,9.83303944662185e-05,0.0001,9.704498947646783e-06,9.83303944662185e-05,2.1071574687957764,1.5407754182815552,1.6182321310043335,0.5663814544677734,0.062169402837753296,0.5178358554840088,0.05717497318983078,0.17261658608913422,0.043154146522283554,0.0005304891965351999,0.00013262229913379997,22856,0.5,True,0.2,0.15,0.1,0.5,256,5,True,0.1,20,0.25,8,0.7839999999999999,0.7839999999999999,0,,,,,,,,,,,,,,,0.034253787249326706,0.020006146281957626,0.01011159211837111,0.5586992573365058,38743,3792800,69345,3831543,69345,43709,38008,4370900,100.0,100.0,0.5131675004959106,0.5483928322792053,0.29730817675590515,0.7291191816329956,0.7852765321731567,0.5587713718414307,0.22111183404922485,7.211450492483618e-05,0.999870940945512,43709,5701,87.6602759157153,331.1554275229573,2.3012689039460383,0.082765175960958,4.018237254218789,2.0,2.963525491562421,iou,0.25,0.25,2.0,True,False,True,True,True,0.25,0.35,1.0,10,True,10,20,0.0,0.15,4.0,0.25,20,0.5,True,True
epoch,1783594547.526651,25,1077.494837397011,9.81949958820537e-05,9.81949958820537e-05,0.0001,9.680651115501824e-06,9.81949958820537e-05,2.0901143550872803,1.5290858745574951,1.6029472351074219,0.5610319972038269,0.060769855976104736,0.5132560729980469,0.05687864497303963,0.17639707028865814,0.044099267572164536,0.00026402651565149426,6.600662891287357e-05,22856,0.5,True,0.2,0.15,0.1,0.5,256,5,True,0.1,20,0.25,8,0.84375,0.84375,0,1.4977658987045288,0.05880412831902504,0.49712061882019043,0.05971599370241165,0.17299364507198334,0.043248411267995834,2.3483788424982777e-07,5.870947106245694e-08,5701,0.5,True,True,0.84375,0.84375,0.03377737104892731,0.019558921456336975,0.01019135782856601,0.5643233109813253,39133,3800689,69345,3839822,69345,43709,38008,4370900,100.0,100.0,0.5176149606704712,0.5547472834587097,0.30021044611930847,0.7353883385658264,0.7892710566520691,0.5643810033798218,0.2298940122127533,5.769239849651164e-05,0.9998977775684316,43709,5701,87.84968770733717,366.32895388104953,2.2771020469954237,0.0861037609865889,3.962987425726183,2.0,3.0740251485476344,iou,0.25,0.25,2.0,True,False,True,True,True,0.25,0.35,1.0,10,True,10,20,0.0,0.15,4.0,0.25,20,0.5,True,True
epoch,1783595599.5311525,26,1045.0381443340448,9.805442183475118e-05,9.805442183475118e-05,0.0001,9.655910276345835e-06,9.805442183475118e-05,2.070620059967041,1.5147976875305176,1.5880547761917114,0.555818498134613,0.05907096341252327,0.5078479051589966,0.0568414032459259,0.1790713667869568,0.0447678416967392,0.00029412267031148076,7.353066757787019e-05,22856,0.5,True,0.2,0.15,0.1,0.5,256,5,True,0.1,20,0.25,8,0.8960000000000001,0.8960000000000001,0,,,,,,,,,,,,,,,0.04240916296839714,0.02660892903804779,0.010354588134334482,0.5714182709640204,39625,3787181,69345,3826806,69345,43709,38008,4370900,100.0,100.0,0.5212075710296631,0.5611453652381897,0.3020462095737457,0.7399947047233582,0.7893142700195312,0.5716057419776917,0.23652750253677368,0.00018747101367122543,0.999672027413471,43709,5701,87.5519000663479,332.32311841699993,2.2646844380069524,0.0815815799869597,3.90950712519534,2.0,3.18098574960932,iou,0.25,0.25,2.0,True,False,True,True,True,0.25,0.35,1.0,10,True,10,20,0.0,0.15,4.0,0.25,20,0.5,True,True
epoch,1783596659.3867798,27,1045.0667686169618,9.790868773983932e-05,9.790868773983932e-05,0.0001,9.630281253454431e-06,9.790868773983932e-05,2.066187620162964,1.5129436254501343,1.580690860748291,0.5532423853874207,0.05895671248435974,0.5064148306846619,0.056301988661289215,0.17935217916965485,0.04483804479241371,0.0002031712792813778,5.079281982034445e-05,22856,0.5,True,0.2,0.15,0.1,0.5,256,5,True,0.1,20,0.25,8,0.9392499999999999,0.9392499999999999,0,,,,,,,,,,,,,,,0.04596565291285515,0.02887107990682125,0.010354070532228091,0.5720816208811017,39671,3791769,69345,3831440,69345,43709,38008,4370900,100.0,100.0,0.5229110717773438,0.560768723487854,0.3074132204055786,0.7432751059532166,0.7933664917945862,0.572096049785614,0.24027687311172485,1.442890451230916e-05,0.9999747788775718,43709,5701,87.65791942162942,331.4259884139756,2.7555568020325154,0.09193698602030054,3.8581260764630385,2.0,3.283747847073923,iou,0.25,0.25,2.0,True,False,True,True,True,0.25,0.35,1.0,10,True,10,20,0.0,0.15,4.0,0.25,20,0.5,True,True
epoch,1783597719.93611,28,1045.1703957199934,9.775780957870394e-05,9.775780957870394e-05,0.0001,9.603769043256404e-06,9.775780957870394e-05,2.0500195026397705,1.5024311542510986,1.5645337104797363,0.5475855469703674,0.05744728073477745,0.5007053017616272,0.05706844478845596,0.1828702986240387,0.045717574656009674,0.0002371808368479833,5.9295209211995825e-05,22856,0.5,True,0.2,0.15,0.1,0.5,256,5,True,0.1,20,0.25,8,0.972,0.972,0,,,,,,,,,,,,,,,0.040431149303913116,0.02378985844552517,0.01039869628129636,0.5746484966471987,39849,3792266,69345,3832115,69345,43709,38008,4370900,100.0,100.0,0.5237643122673035,0.5621086955070496,0.3132205903530121,0.7411437630653381,0.7961063981056213,0.5748359560966492,0.2370033860206604,0.00018745944945042226,0.999673890529181,43709,5701,87.67336246539614,331.86022938101087,2.2903941149706952,0.09299443301279098,3.8091610607806454,2.0,3.381677878438709,iou,0.25,0.25,2.0,True,False,True,True,True,0.25,0.35,1.0,10,True,10,20,0.0,0.15,4.0,0.25,20,0.5,True,True
epoch,1783598773.173001,29,1045.6156380350003,9.760180389683564e-05,9.760180389683564e-05,0.0001,9.576378814359665e-06,9.760180389683564e-05,2.0419390201568604,1.4969534873962402,1.5571120977401733,0.5449890494346619,0.05649259313941002,0.4981124699115753,0.05693848431110382,0.18604852259159088,0.04651213064789772,0.00036552257370203733,9.138064342550933e-05,22856,0.5,True,0.2,0.15,0.1,0.5,256,5,True,0.1,20,0.25,8,0.99275,0.99275,0,,,,,,,,,,,,,,,0.03669862076640129,0.021138351410627365,0.010388431186657943,0.572182565433701,39678,3779763,69345,3819441,69345,43709,38008,4370900,100.0,100.0,0.5242875218391418,0.560695230960846,0.30822670459747314,0.7436782121658325,0.7929338812828064,0.5723267793655396,0.24115653336048126,0.0001442139318384994,0.9997480216948814,43709,5701,87.38339929991535,332.6431742819841,2.2971633530105464,0.08227865799563006,3.7629139637523625,2.0,3.474172072495275,iou,0.25,0.25,2.0,True,False,True,True,True,0.25,0.35,1.0,10,True,10,20,0.0,0.15,4.0,0.25,20,0.5,True,True
epoch,1783599858.889017,30,1079.2209353829967,9.744068780201544e-05,9.744068780201544e-05,0.0001,9.548115906543605e-06,9.744068780201544e-05,2.0241751670837402,1.4842723608016968,1.5425732135772705,0.5399004817008972,0.05547213926911354,0.4926984906196594,0.056586313992738724,0.18854369223117828,0.04713592305779457,0.00036215182626619935,9.053795656654984e-05,22856,0.5,True,0.2,0.15,0.1,0.5,256,5,True,0.1,20,0.25,8,1.0,1.0,0,1.4735163450241089,0.055549271404743195,0.482799232006073,0.05860959738492966,0.18770980834960938,0.046927452087402344,4.926289776108206e-08,1.2315724440270515e-08,5701,0.5,True,True,1.0,1.0,0.04376459866762161,0.027170931920409203,0.010564919023359444,0.5808205350061287,40277,3772057,69345,3812334,69345,43709,38008,4370900,100.0,100.0,0.530919075012207,0.5695123076438904,0.3199995756149292,0.748675525188446,0.803460955619812,0.5809070467948914,0.24810728430747986,8.651178876262211e-05,0.9998510746439728,43709,5701,87.2208012079892,366.4424866249901,2.281271993997507,0.08590953500242904,3.7196699141100895,2.0,3.560660171779821,iou,0.25,0.25,2.0,True,False,True,True,True,0.25,0.35,1.0,10,True,10,20,0.0,0.15,4.0,0.25,20,0.5,True,True
epoch,1783600910.455666,31,1044.999423819012,9.727447896243877e-05,9.727447896243877e-05,0.0001,9.518985829718107e-06,9.727447896243877e-05,2.026660203933716,1.4878119230270386,1.5395711660385132,0.5388502478599548,0.055310219526290894,0.4927043318748474,0.056729353964328766,0.19319553673267365,0.04829888418316841,0.000148689781781286,3.71724454453215e-05,22856,0.5,True,0.2,0.15,0.1,0.5,256,5,True,0.1,20,0.25,8,1.0,1.0,0,,,,,,,,,,,,,,,0.04654969274997711,0.030115997418761253,0.010498039450102196,0.5774316821688659,40042,3774194,69345,3814236,69345,43709,38008,4370900,100.0,100.0,0.529776930809021,0.5671043395996094,0.3157407343387604,0.7506017088890076,0.7996827363967896,0.577460527420044,0.25086164474487305,2.8845251178077902e-05,0.9999500480988598,43709,5701,87.26431627353634,331.7962076209951,2.2597931129857898,0.08243887004209682,3.6796955257999766,2.0,3.640608948400047,iou,0.25,0.25,2.0,True,False,True,True,True,0.25,0.35,1.0,10,True,10,20,0.0,0.15,4.0,0.25,20,0.5,True,True
epoch,1783601972.3028533,32,1045.3339995759889,9.71031956047779e-05,9.71031956047779e-05,0.0001,9.488994262849364e-06,9.71031956047779e-05,2.0190584659576416,1.483149528503418,1.5311652421951294,0.5359071493148804,0.05540434643626213,0.48979121446609497,0.05643441528081894,0.19206209480762482,0.048015523701906204,0.000206301236175932,5.1575309043983e-05,22856,0.5,True,0.2,0.15,0.1,0.5,256,5,True,0.1,20,0.25,8,1.0,1.0,0,,,,,,,,,,,,,,,0.051319465041160583,0.03291017934679985,0.01048643627436312,0.5811666306150407,40301,3802854,69345,3843155,69345,43709,38008,4370900,100.0,100.0,0.5308618545532227,0.5715747475624084,0.31741783022880554,0.7519251108169556,0.800591230392456,0.581296443939209,0.25299587845802307,0.00012981332416828195,0.9997766830925567,43709,5701,87.92594202566977,331.4258108220529,2.3243084310088307,0.08425960899330676,3.643237254218789,2.0,3.713525491562421,iou,0.25,0.25,2.0,True,False,True,True,True,0.25,0.35,1.0,10,True,10,20,0.0,0.15,4.0,0.25,20,0.5,True,True
epoch,1783603034.6529038,33,1044.780740945018,9.692685651218315e-05,9.692685651218315e-05,0.0001,9.458147052852762e-06,9.692685651218315e-05,2.005236864089966,1.4726582765579224,1.521653175354004,0.5325796604156494,0.05403422564268112,0.4860731065273285,0.05629850551486015,0.19415681064128876,0.04853920266032219,7.721143629169092e-05,1.930285907292273e-05,22856,0.5,True,0.2,0.15,0.1,0.5,256,5,True,0.1,20,0.25,8,1.0,1.0,0,,,,,,,,,,,,,,,0.05244496464729309,0.03338484838604927,0.010494369339325627,0.584267070444877,40516,3820221,69345,3860737,69345,43709,38008,4370900,100.0,100.0,0.5337058901786804,0.5729283094406128,0.322380006313324,0.7545905709266663,0.8044415712356567,0.5842815041542053,0.2563559114933014,1.4433709328298683e-05,0.9999752966519979,43709,5701,88.32819327827221,330.66489846701734,2.297225997026544,0.08146045199828222,3.610519876734431,2.0,3.7789602465311383,iou,0.25,0.25,2.0,True,False,True,True,True,0.25,0.35,1.0,10,True,10,20,0.0,0.15,4.0,0.25,20,0.5,True,True
epoch,1783604096.7096496,34,1045.366943296045,9.674548102222322e-05,9.674548102222322e-05,0.0001,9.426450213453011e-06,9.674548102222322e-05,2.000882148742676,1.469936728477478,1.516993761062622,0.5309469699859619,0.05352778732776642,0.48314061760902405,0.056689027696847916,0.19897331297397614,0.049743328243494034,0.00034928982495330274,8.732245623832569e-05,22856,0.5,True,0.2,0.15,0.1,0.5,256,5,True,0.1,20,0.25,8,1.0,1.0,0,,,,,,,,,,,,,,,0.05430704727768898,0.035323403775691986,0.010666435913288162,0.5901506957963805,40924,3795784,69345,3836708,69345,43709,38008,4370900,100.0,100.0,0.5365729331970215,0.579653263092041,0.3257468640804291,0.7592188119888306,0.8034321069717407,0.5901507139205933,0.26342201232910156,1.812421279723253e-08,0.9999999692888404,43709,5701,87.77844379875998,332.0570970280096,2.2671506429906003,0.08162435900885612,3.5817451068587243,2.0,3.8365097862825515,iou,0.25,0.25,2.0,True,False,True,True,True,0.25,0.35,1.0,10,True,10,20,0.0,0.15,4.0,0.25,20,0.5,True,True
epoch,1783605191.135377,35,1078.2368445079774,9.655908902476448e-05,9.655908902476448e-05,0.0001,9.393909924011755e-06,9.655908902476448e-05,1.9929949045181274,1.4650346040725708,1.5084514617919922,0.5279585719108582,0.05323431268334389,0.4818976819515228,0.05616110563278198,0.19630154967308044,0.04907538741827011,0.00019146442355122417,4.786610588780604e-05,22856,0.5,True,0.2,0.15,0.1,0.5,256,5,True,0.1,20,0.25,8,1.0,1.0,0,1.4566024541854858,0.053819406777620316,0.47486791014671326,0.05680618807673454,0.19536671042442322,0.048841677606105804,4.205229231502017e-08,1.0513073078755042e-08,5701,0.5,True,True,1.0,1.0,0.05929679423570633,0.0381791889667511,0.010702031991727898,0.591044776119403,40986,3788754,69345,3829740,69345,43709,38008,4370900,100.0,100.0,0.5367557406425476,0.5776554346084595,0.3281955122947693,0.7561140060424805,0.8067200183868408,0.5911456942558289,0.2594274878501892,0.00010091813642587599,0.9998292838171596,43709,5701,87.61902582992062,365.17369161499664,2.6312988229910843,0.08610577002400532,3.557090350616535,2.0,3.88581929876693,iou,0.25,0.25,2.0,True,False,True,True,True,0.25,0.35,1.0,10,True,10,20,0.0,0.15,4.0,0.25,20,0.5,True,True
epoch,1783606250.7847571,36,1042.9489872470149,9.636770095978992e-05,9.636770095978992e-05,0.0001,9.360532528322895e-06,9.636770095978992e-05,1.9775303602218628,1.4536703824996948,1.4967395067214966,0.5238577723503113,0.05200215429067612,0.4774682819843292,0.05617721006274223,0.19815213978290558,0.049538034945726395,0.00011892774637090042,2.9731936592725106e-05,22856,0.5,True,0.2,0.15,0.1,0.5,256,5,True,0.1,20,0.25,8,1.0,1.0,0,,,,,,,,,,,,,,,0.05942951515316963,0.039018984884023666,0.010681448588066743,0.5921840074987382,41065,3803451,69345,3844516,69345,43709,38008,4370900,100.0,100.0,0.5394649505615234,0.583399772644043,0.3255409300327301,0.7626054286956787,0.8065614104270935,0.5921984314918518,0.26908934116363525,1.4423993113577005e-05,0.9999756433108455,43709,5701,87.95707977762017,330.62194528401596,2.3095620090025477,0.08182374201714993,3.5367076127786348,2.0,3.9265847744427305,iou,0.25,0.25,2.0,True,False,True,True,True,0.25,0.35,1.0,10,True,10,20,0.0,0.15,4.0,0.25,20,0.5,True,True
epoch,1783607315.4258084,37,1044.515466523997,9.617133781515759e-05,9.617133781515759e-05,0.0001,9.326324533375856e-06,9.617133781515759e-05,1.9683713912963867,1.4462778568267822,1.4916791915893555,0.5220880508422852,0.05125822499394417,0.4750845432281494,0.05571204796433449,0.19919456541538239,0.049798641353845596,0.00012001184222754091,3.0002960556885228e-05,22856,0.5,True,0.2,0.15,0.1,0.5,256,5,True,0.1,20,0.25,8,1.0,1.0,0,,,,,,,,,,,,,,,0.060082484036684036,0.039566732943058014,0.010814424639545172,0.599956738048886,41604,3805480,69345,3847084,69345,43709,38008,4370900,100.0,100.0,0.5430084466934204,0.5861093401908875,0.3336353003978729,0.7642902135848999,0.8105559349060059,0.5999855995178223,0.27080538868904114,2.886146893621433e-05,0.9999518963972479,43709,5701,88.01583197968382,331.53379232401494,2.314129200007301,0.08139996399404481,3.520722559701743,2.0,3.9585548805965147,iou,0.25,0.25,2.0,True,False,True,True,True,0.25,0.35,1.0,10,True,10,20,0.0,0.15,4.0,0.25,20,0.5,True,True
epoch,1783608375.3215556,38,1045.4126819960074,9.597002112429912e-05,9.597002112429912e-05,0.0001,9.291292608087032e-06,9.597002112429912e-05,1.9586411714553833,1.4397794008255005,1.4824628829956055,0.5188626646995544,0.05087833106517792,0.47213953733444214,0.055725738406181335,0.20020544528961182,0.050051361322402954,0.00042347153066657484,0.00010586788266664371,22856,0.5,True,0.2,0.15,0.1,0.5,256,5,True,0.1,20,0.25,8,1.0,1.0,0,,,,,,,,,,,,,,,0.06029590219259262,0.03899814561009407,0.010704522579683344,0.599524118537746,41574,3842205,69345,3883779,69345,43709,38008,4370900,100.0,100.0,0.541998565196991,0.5875359773635864,0.3311881721019745,0.7611374855041504,0.811478853225708,0.5995385646820068,0.2670704424381256,1.4446144260826799e-05,0.9999759045620885,43709,5701,88.85536159600997,332.2051007459522,2.3538145950296894,0.08316576696233824,3.509233744553647,2.0,3.9815325108927064,iou,0.25,0.25,2.0,True,False,True,True,True,0.25,0.35,1.0,10,True,10,20,0.0,0.15,4.0,0.25,20,0.5,True,True
epoch,1783609432.8961685,39,1044.690682380984,9.57637729638583e-05,9.57637729638583e-05,0.0001,9.255443581999669e-06,9.57637729638583e-05,1.9527372121810913,1.4360193014144897,1.4763343334197998,0.5167174339294434,0.050541896373033524,0.46994903683662415,0.05582631379365921,0.2012329250574112,0.0503082312643528,0.00017517457308713347,4.379364327178337e-05,22856,0.5,True,0.2,0.15,0.1,0.5,256,5,True,0.1,20,0.25,8,1.0,1.0,0,,,,,,,,,,,,,,,0.06100141257047653,0.03953788802027702,0.010801677307506034,0.6059413079529887,42019,3848025,69345,3890044,69345,43709,38008,4370900,100.0,100.0,0.5450045466423035,0.5932870507240295,0.3356301784515381,0.7656877040863037,0.8098060488700867,0.6061143279075623,0.2733578383922577,0.0001730199545735278,0.9997145423782163,43709,5701,88.99869592074859,331.1938475439674,2.348410851031076,0.08150596398627385,3.502311999700154,2.0,3.995376000599692,iou,0.25,0.25,2.0,True,False,True,True,True,0.25,0.35,1.0,10,True,10,20,0.0,0.15,4.0,0.25,20,0.5,True,True
epoch,1783610529.4244914,40,1080.9511418680195,9.55526159512701e-05,9.55526159512701e-05,0.0001,9.218784443952433e-06,9.55526159512701e-05,1.9503915309906006,1.433970332145691,1.4754959344863892,0.5164235830307007,0.050089675933122635,0.4691453278064728,0.056170642375946045,0.19958710670471191,0.04989677667617798,0.00010704930900828913,2.6762327252072282e-05,22856,0.5,True,0.2,0.15,0.1,0.5,256,5,True,0.1,20,0.25,8,1.0,1.0,0,1.441125750541687,0.05212116986513138,0.4673995077610016,0.056437231600284576,0.1997797191143036,0.0499449297785759,4.525213626038749e-08,1.1313034065096872e-08,5701,0.5,True,True,1.0,1.0,0.058610253036022186,0.03812571242451668,0.010826220552206818,0.6036628451943182,41861,3824770,69345,3866631,69345,43709,38008,4370900,100.0,100.0,0.5440562963485718,0.5870784521102905,0.33352407813072205,0.7654381394386292,0.8111904263496399,0.6036916971206665,0.27218976616859436,2.8851926348272272e-05,0.9999522075150513,43709,5701,88.46303964858495,366.3123877160251,2.45740888902219,0.08578626398229972,3.5,2.0,4.0,iou,0.25,0.25,2.0,True,False,True,True,True,0.25,0.35,1.0,10,True,10,20,0.0,0.15,4.0,0.25,20,0.5,True,True
epoch,1783611583.6780372,41,1044.7075956339831,9.533657324228052e-05,9.533657324228052e-05,0.0001,9.181322340716926e-06,9.533657324228052e-05,1.9381661415100098,1.4254786968231201,1.464820384979248,0.5126879215240479,0.04969128966331482,0.467326819896698,0.05533933639526367,0.20082183182239532,0.05020545795559883,0.00016719839186407626,4.1799597966019064e-05,22856,0.5,True,0.2,0.15,0.1,0.5,256,5,True,0.1,20,0.25,8,1.0,1.0,0,,,,,,,,,,,,,,,0.0638178139925003,0.041007742285728455,0.010998086047363187,0.6107145432258995,42350,3808320,69345,3850670,69345,43709,38008,4370900,100.0,100.0,0.5486835241317749,0.5973330736160278,0.34119534492492676,0.7698341012001038,0.8140457272529602,0.6107722520828247,0.2799625098705292,5.7708856925242635e-05,0.999905514933384,43709,5701,88.09787457960603,331.68201707996195,2.2810266879969276,0.08290539897279814,3.5,2.0,4.0,iou,0.25,0.25,2.0,True,False,True,True,True,0.25,0.35,1.0,10,True,10,20,0.0,0.15,4.0,0.25,20,0.5,True,True
epoch,1783612640.1951818,42,1042.4987468369654,9.511566852840714e-05,9.511566852840714e-05,0.0001,9.143064575604398e-06,9.511566852840714e-05,1.933894395828247,1.4224216938018799,1.4613457918167114,0.5114716291427612,0.04973845183849335,0.4643092453479767,0.05591045320034027,0.200287327170372,0.050071831792593,0.0001361134636681527,3.402836591703817e-05,22856,0.5,True,0.2,0.15,0.1,0.5,256,5,True,0.1,20,0.25,8,1.0,1.0,0,,,,,,,,,,,,,,,0.06336650252342224,0.04155886918306351,0.01091586489678893,0.6050328069795948,41956,3801624,69345,3843580,69345,43709,38008,4370900,100.0,100.0,0.5473724603652954,0.5921621918678284,0.3374464809894562,0.7709949612617493,0.8146225214004517,0.605104923248291,0.2815920412540436,7.211626869618737e-05,0.9998808202248478,43709,5701,87.93566542359697,330.8634935200098,2.2800325870048255,0.08173362899105996,3.5,2.0,4.0,iou,0.25,0.25,2.0,True,False,True,True,True,0.25,0.35,1.0,10,True,10,20,0.0,0.15,4.0,0.25,20,0.5,True,True
epoch,1783613691.4519868,43,1045.0396586480201,9.488992603434123e-05,9.488992603434123e-05,0.0001,9.104018607041961e-06,9.488992603434123e-05,1.9274053573608398,1.4178448915481567,1.4558857679367065,0.5095605850219727,0.048953473567962646,0.4617547392845154,0.0564023032784462,0.20305046439170837,0.050762616097927094,0.0001125409544329159,2.8135238608228974e-05,22856,0.5,True,0.2,0.15,0.1,0.5,256,5,True,0.1,20,0.25,8,1.0,1.0,0,,,,,,,,,,,,,,,0.061454854905605316,0.04083861783146858,0.010990609174364438,0.6091859542865383,42244,3801401,69345,3843645,69345,43709,38008,4370900,100.0,100.0,0.5489720702171326,0.5938481092453003,0.3415178954601288,0.7720376253128052,0.8157761693000793,0.6093590259552002,0.2845771014690399,0.00017307166866187274,0.9997159775086771,43709,5701,87.93715253151525,331.4766049250029,2.2850041589699686,0.08157461101654917,3.5,2.0,4.0,iou,0.25,0.25,2.0,True,False,True,True,True,0.25,0.35,1.0,10,True,10,20,0.0,0.15,4.0,0.25,20,0.5,True,True
epoch,1783614743.374156,44,1045.5430019350024,9.465937051529114e-05,9.465937051529114e-05,0.0001,9.064192047118552e-06,9.465937051529114e-05,1.9137028455734253,1.4073976278305054,1.4465879201889038,0.5063049793243408,0.04822301119565964,0.4588773548603058,0.056008778512477875,0.20082882046699524,0.05020720511674881,0.00030632803100161254,7.658200775040314e-05,22856,0.5,True,0.2,0.15,0.1,0.5,256,5,True,0.1,20,0.25,8,1.0,1.0,0,,,,,,,,,,,,,,,0.06439025700092316,0.04273390397429466,0.011094373433025854,0.6106857019251568,42348,3774722,69345,3817070,69345,43709,38008,4370900,100.0,100.0,0.5518922805786133,0.5996085405349731,0.34490087628364563,0.7753593325614929,0.8185881972312927,0.6108298897743225,0.28630760312080383,0.00014418784916570004,0.9997639476201484,43709,5701,87.32915417877325,332.32342041900847,2.262073142977897,0.08192039898131043,3.5,2.0,4.0,iou,0.25,0.25,2.0,True,False,True,True,True,0.25,0.35,1.0,10,True,10,20,0.0,0.15,4.0,0.25,20,0.5,True,True
epoch,1783615837.7882457,45,1080.5714970189729,9.442402725426767e-05,9.442402725426767e-05,0.0001,9.02359266010094e-06,9.442402725426767e-05,1.9101245403289795,1.4050709009170532,1.4429982900619507,0.5050498843193054,0.04759037494659424,0.45835769176483154,0.056054726243019104,0.20502126216888428,0.05125531554222107,0.00020030615269206464,5.007653817301616e-05,22856,0.5,True,0.2,0.15,0.1,0.5,256,5,True,0.1,20,0.25,8,1.0,1.0,0,1.4182922840118408,0.05026335269212723,0.45802056789398193,0.056468088179826736,0.20464207231998444,0.05116051807999611,7.773968718538526e-06,1.9434921796346316e-06,5701,0.5,True,True,1.0,1.0,0.05769415199756622,0.036922600120306015,0.010942492239509048,0.6114788376955801,42403,3832674,69345,3875077,69345,43709,38008,4370900,100.0,100.0,0.5524859428405762,0.5969682931900024,0.3492586612701416,0.7725653052330017,0.8195832371711731,0.6115076541900635,0.28418776392936707,2.8816494483385746e-05,0.9999528763143258,43709,5701,88.65627216362763,366.92105094197905,2.3312331939814612,0.0870584090007469,3.5,2.0,4.0,iou,0.25,0.25,2.0,True,False,True,True,True,0.25,0.35,1.0,10,True,10,20,0.0,0.15,4.0,0.25,20,0.5,True,True
epoch,1783616889.3324237,46,1044.9620148540125,9.418392205931145e-05,9.418392205931145e-05,0.0001,8.98222836092007e-06,9.418392205931145e-05,1.8946154117584229,1.3933968544006348,1.4320533275604248,0.5012170672416687,0.047047682106494904,0.45321157574653625,0.05630344897508621,0.20023787021636963,0.05005946755409241,0.00012556693400256336,3.139173350064084e-05,22856,0.5,True,0.2,0.15,0.1,0.5,256,5,True,0.1,20,0.25,8,1.0,1.0,0,,,,,,,,,,,,,,,0.06346137821674347,0.041225045919418335,0.010911633601149122,0.6141178167135338,42586,3860221,69345,3902807,69345,43709,38008,4370900,100.0,100.0,0.5534559488296509,0.5999326705932617,0.35160961747169495,0.775802731513977,0.8207657337188721,0.614262044429779,0.2881678640842438,0.00014422771624522657,0.9997652016471584,43709,5701,89.29069528014826,331.4016203189967,2.353659750020597,0.08218695200048387,3.5,2.0,4.0,iou,0.25,0.25,2.0,True,False,True,True,True,0.25,0.35,1.0,10,True,10,20,0.0,0.15,4.0,0.25,20,0.5,True,True
epoch,1783617941.13354,47,1045.6068947740132,9.393908126066285e-05,9.393908126066285e-05,0.0001,8.940107213628023e-06,9.393908126066285e-05,1.889564871788025,1.390031099319458,1.4272358417510986,0.499532550573349,0.046402234584093094,0.4515025317668915,0.05676557123661041,0.20087291300296783,0.05021822825074196,0.00013476669846568257,3.369167461642064e-05,22856,0.5,True,0.2,0.15,0.1,0.5,256,5,True,0.1,20,0.25,8,1.0,1.0,0,,,,,,,,,,,,,,,0.06438484787940979,0.042320072650909424,0.010962331978541752,0.6127911168793713,42494,3833871,69345,3876365,69345,43709,38008,4370900,100.0,100.0,0.5538648366928101,0.6006402969360352,0.34666672348976135,0.7760570645332336,0.8200158476829529,0.6128488183021545,0.29213353991508484,5.770142278327395e-05,0.9999058472153979,43709,5701,88.68573977899288,331.52824671100825,2.3202318170224316,0.09998910501599312,3.5,2.0,4.0,iou,0.25,0.25,2.0,True,False,True,True,True,0.25,0.35,1.0,10,True,10,20,0.0,0.15,4.0,0.25,20,0.5,True,True
epoch,1783618997.5868824,48,1047.3184305930045,9.368953170787456e-05,9.368953170787456e-05,0.0001,8.897237429825923e-06,9.368953170787456e-05,1.88546621799469,1.3874584436416626,1.422879695892334,0.4980081617832184,0.04650934413075447,0.4508356750011444,0.05639868229627609,0.20128373801708221,0.050320934504270554,0.00016633204359095544,4.158301089773886e-05,22856,0.5,True,0.2,0.15,0.1,0.5,256,5,True,0.1,20,0.25,8,1.0,1.0,0,,,,,,,,,,,,,,,0.06924688816070557,0.045015204697847366,0.011132742634795951,0.6166558511788882,42762,3798340,69345,3841102,69345,43709,38008,4370900,100.0,100.0,0.5551364421844482,0.603185772895813,0.35008522868156433,0.7754586338996887,0.8214290738105774,0.616756796836853,0.29007136821746826,0.0001009456579648127,0.9998363282602113,43709,5701,87.87897229403555,333.0539944829652,2.2976832569693215,0.08159980201162398,3.5,2.0,4.0,iou,0.25,0.25,2.0,True,False,True,True,True,0.25,0.35,1.0,10,True,10,20,0.0,0.15,4.0,0.25,20,0.5,True,True
epoch,1783620077.952103,49,1067.679706358991,9.34353007668672e-05,9.34353007668672e-05,0.0001,8.853627367063064e-06,9.34353007668672e-05,1.8774691820144653,1.3826740980148315,1.4137086868286133,0.4947984218597412,0.0459209606051445,0.447763592004776,0.0570698007941246,0.20016896724700928,0.05004224181175232,9.336364746559411e-05,2.3340911866398528e-05,22856,0.5,True,0.2,0.15,0.1,0.5,256,5,True,0.1,20,0.25,8,1.0,1.0,0,,,,,,,,,,,,,,,0.06412895768880844,0.042362190783023834,0.011049967324668319,0.6144639123224458,42610,3813510,69345,3856120,69345,43709,38008,4370900,100.0,100.0,0.5557292699813843,0.6008792519569397,0.35030245780944824,0.7799294590950012,0.821818470954895,0.6145359873771667,0.2940082252025604,7.207505472095477e-05,0.9998827162994497,43709,5701,88.22256285890778,353.4122385769733,2.778114372980781,0.08939287601970136,3.5,2.0,4.0,iou,0.25,0.25,2.0,True,False,True,True,True,0.25,0.35,1.0,10,True,10,20,0.0,0.15,4.0,0.25,20,0.5,True,True
epoch,1783621166.8996572,50,1081.8176736889873,9.317641631692839e-05,9.317641631692839e-05,0.0001,8.809285527207592e-06,9.317641631692839e-05,1.8663899898529053,1.373833179473877,1.4072962999343872,0.49255385994911194,0.04555399343371391,0.44525212049484253,0.05646044388413429,0.20043113827705383,0.05010778456926346,0.00012498926662374288,3.124731665593572e-05,22856,0.5,True,0.2,0.15,0.1,0.5,256,5,True,0.1,20,0.25,8,1.0,1.0,0,1.4021300077438354,0.04984988644719124,0.4515577256679535,0.0558638721704483,0.20259541273117065,0.050648853182792664,1.2201563777125557e-06,3.050390944281389e-07,5701,0.5,True,True,1.0,1.0,0.06318996101617813,0.04047369211912155,0.011145016268627914,0.6229720960415315,43200,3832972,69345,3876172,69345,43709,38008,4370900,100.0,100.0,0.5586981177330017,0.6062894463539124,0.36037373542785645,0.7774496674537659,0.8270242810249329,0.6229720711708069,0.29295551776885986,-2.4870724590897453e-08,1.000000039922696,43709,5701,88.68132421240477,368.3004699680023,2.3184010210097767,0.08648506400641054,3.5,2.0,4.0,iou,0.25,0.25,2.0,True,False,True,True,True,0.25,0.35,1.0,10,True,10,20,0.0,0.15,4.0,0.25,20,0.5,True,True
epoch,1783622219.1511252,51,1044.354462837975,9.291290674765542e-05,9.291290674765542e-05,0.0001,8.764220554789041e-06,9.291290674765542e-05,1.869071125984192,1.376131296157837,1.408405065536499,0.49294063448905945,0.045558732002973557,0.4442616105079651,0.05725838243961334,0.2027059942483902,0.05067649856209755,0.00019675322982948273,4.9188307457370684e-05,22856,0.5,True,0.2,0.15,0.1,0.5,256,5,True,0.1,20,0.25,8,1.0,1.0,0,,,,,,,,,,,,,,,0.06517806649208069,0.04294741526246071,0.011189343482397716,0.6189919965390439,42924,3793226,69345,3836150,69345,43709,38008,4370900,100.0,100.0,0.558469295501709,0.6056193709373474,0.356865257024765,0.7794341444969177,0.8254091739654541,0.6190208196640015,0.2975701093673706,2.8823124957555457e-05,0.9999534375516268,43709,5701,87.76567754924615,332.51898767304374,2.300944235001225,0.08271112601505592,3.5,2.0,4.0,iou,0.25,0.25,2.0,True,False,True,True,True,0.25,0.35,1.0,10,True,10,20,0.0,0.15,4.0,0.25,20,0.5,True,True
epoch,1783623280.4351087,52,1053.0831753649982,9.264480095584202e-05,9.264480095584202e-05,0.0001,8.718441235313081e-06,9.264480095584202e-05,1.8495097160339355,1.3614490032196045,1.394464135169983,0.48806360363960266,0.044753823429346085,0.44016534090042114,0.05654425919055939,0.2014077752828598,0.05035194382071495,0.00013081308861728758,3.2703272154321894e-05,22856,0.5,True,0.2,0.15,0.1,0.5,256,5,True,0.1,20,0.25,8,1.0,1.0,0,,,,,,,,,,,,,,,0.06916826218366623,0.045411594212055206,0.011282197559488451,0.6217174994592256,43113,3778217,69345,3821330,69345,43709,38008,4370900,100.0,100.0,0.5611002445220947,0.610387921333313,0.35861092805862427,0.783484697341919,0.8303843140602112,0.6217607855796814,0.30234336853027344,4.3286120455787724e-05,0.9999303813919119,43709,5701,87.42661694387884,338.91250027000206,2.2345383830252104,0.0842754429904744,3.5,2.0,4.0,iou,0.25,0.25,2.0,True,False,True,True,True,0.25,0.35,1.0,10,True,10,20,0.0,0.15,4.0,0.25,20,0.5,True,True
epoch,1783624334.0976768,53,1046.3151369930129,9.237212834230957e-05,9.237212834230957e-05,0.0001,8.671956493548747e-06,9.237212834230957e-05,1.8513281345367432,1.362604022026062,1.3963590860366821,0.48872601985931396,0.04479629546403885,0.44158512353897095,0.056018419563770294,0.20284642279148102,0.050711605697870255,7.484896923415363e-05,1.8712242308538407e-05,22856,0.5,True,0.2,0.15,0.1,0.5,256,5,True,0.1,20,0.25,8,1.0,1.0,0,,,,,,,,,,,,,,,0.06882166862487793,0.04512271285057068,0.011163493923704337,0.6145792775254164,42618,3775004,69345,3817622,69345,43709,38008,4370900,100.0,100.0,0.5563082098960876,0.6057214736938477,0.3506368100643158,0.7814018130302429,0.820635974407196,0.6146802306175232,0.30134832859039307,0.00010095309210678138,0.9998357632357797,43709,5701,87.34178315678693,334.0930383320083,2.239952114003245,0.08253972203237936,3.5,2.0,4.0,iou,0.25,0.25,2.0,True,False,True,True,True,0.25,0.35,1.0,10,True,10,20,0.0,0.15,4.0,0.25,20,0.5,True,True
epoch,1783625387.1311824,54,1046.4446912360145,9.209491880868288e-05,9.209491880868288e-05,0.0001,8.62477539178855e-06,9.209491880868288e-05,1.8367632627487183,1.3507925271987915,1.388495683670044,0.48597365617752075,0.044045012444257736,0.4382368326187134,0.05559239909052849,0.2008274644613266,0.05020686611533165,0.00046201542136259377,0.00011550385534064844,22856,0.5,True,0.2,0.15,0.1,0.5,256,5,True,0.1,20,0.25,8,1.0,1.0,0,,,,,,,,,,,,,,,0.07362957298755646,0.048712607473134995,0.011265304969244216,0.6209820462902876,43062,3779471,69345,3822533,69345,43709,38008,4370900,100.0,100.0,0.5599651336669922,0.605603814125061,0.3601453900337219,0.7839838266372681,0.8263176679611206,0.6211406588554382,0.30006489157676697,0.0001586125651505954,0.9997446430806142,43709,5701,87.45413987965865,332.71803044195985,2.2323353239917196,0.08173860498936847,3.5,2.0,4.0,iou,0.25,0.25,2.0,True,False,True,True,True,0.25,0.35,1.0,10,True,10,20,0.0,0.15,4.0,0.25,20,0.5,True,True
epoch,1783626483.586456,55,1079.3914580820128,9.181320275411117e-05,9.181320275411117e-05,0.0001,8.576907128081765e-06,9.181320275411117e-05,1.8315669298171997,1.34778892993927,1.3822146654129028,0.48377442359924316,0.04306858032941818,0.43525928258895874,0.056763906031847,0.202275812625885,0.05056895315647125,0.00028365053003653884,7.091263250913471e-05,22856,0.5,True,0.2,0.15,0.1,0.5,256,5,True,0.1,20,0.25,8,1.0,1.0,0,1.3950881958007812,0.048588015139102936,0.4505128860473633,0.0552685409784317,0.20431408286094666,0.051078520715236664,1.792373005571335e-08,4.480932513928337e-09,5701,0.5,True,True,1.0,1.0,0.07334783673286438,0.049195148050785065,0.011283811753249284,0.6222654841733363,43151,3781000,69345,3824151,69345,43709,38008,4370900,100.0,100.0,0.5602132081985474,0.6100521683692932,0.3550398051738739,0.7843306064605713,0.8244285583496094,0.6223952770233154,0.3016367554664612,0.00012979284997916007,0.9997914623475295,43709,5701,87.49115742753209,365.99076167703606,2.2286253439961,0.08561544003896415,3.5,2.0,4.0,iou,0.25,0.25,2.0,True,False,True,True,True,0.25,0.35,1.0,10,True,10,20,0.0,0.15,4.0,0.25,20,0.5,True,True
epoch,1783627533.8464203,56,1044.0259909460437,9.152701107193449e-05,9.152701107193449e-05,0.0001,8.528361034441245e-06,9.152701107193449e-05,1.825514793395996,1.3425233364105225,1.379976749420166,0.482992023229599,0.04283063858747482,0.4337700605392456,0.05663015693426132,0.20085464417934418,0.050213661044836044,6.158305041026324e-05,1.539576260256581e-05,22856,0.5,True,0.2,0.15,0.1,0.5,256,5,True,0.1,20,0.25,8,1.0,1.0,0,,,,,,,,,,,,,,,0.07533325254917145,0.05048080161213875,0.011306644144379277,0.6247169947364626,43321,3788143,69345,3831464,69345,43709,38008,4370900,100.0,100.0,0.5635486841201782,0.6129454374313354,0.36160391569137573,0.7879924774169922,0.8290720582008362,0.6247169971466064,0.3076501488685608,2.4101438622636806e-09,0.999999996142023,43709,5701,87.65846850763,331.2818072200171,2.602279737009667,0.0902090779854916,3.5,2.0,4.0,iou,0.25,0.25,2.0,True,False,True,True,True,0.25,0.35,1.0,10,True,10,20,0.0,0.15,4.0,0.25,20,0.5,True,True
epoch,1783628591.220175,57,1044.4856933719711,9.123637514629586e-05,9.123637514629586e-05,0.0001,8.479146575024136e-06,9.123637514629586e-05,1.8113678693771362,1.3330538272857666,1.3666198253631592,0.4783162772655487,0.042465392500162125,0.4303063452243805,0.05637044087052345,0.200746551156044,0.050186637789011,6.321403634501621e-05,1.5803509086254053e-05,22856,0.5,True,0.2,0.15,0.1,0.5,256,5,True,0.1,20,0.25,8,1.0,1.0,0,,,,,,,,,,,,,,,0.07880327850580215,0.05298740416765213,0.011452221060596072,0.6312351287043045,43773,3778455,69345,3822228,69345,43709,38008,4370900,100.0,100.0,0.5650853514671326,0.6115818619728088,0.3708312213420868,0.7862198352813721,0.8295767307281494,0.6312351226806641,0.30857306718826294,-6.0236404753055695e-09,1.0000000095426256,43709,5701,87.44716191173443,332.3513798000058,2.2562093809829094,0.08284138899762183,3.5,2.0,4.0,iou,0.25,0.25,2.0,True,False,True,True,True,0.25,0.35,1.0,10,True,10,20,0.0,0.15,4.0,0.25,20,0.5,True,True
epoch,1783629648.9080358,58,1044.9047376110102,9.09413268486997e-05,9.09413268486997e-05,0.0001,8.429273344286811e-06,9.09413268486997e-05,1.808634638786316,1.3314831256866455,1.3633003234863281,0.4771548807621002,0.04228781908750534,0.4308861196041107,0.05599001422524452,0.19925501942634583,0.049813754856586456,0.0001232916401932016,3.08229100483004e-05,22856,0.5,True,0.2,0.15,0.1,0.5,256,5,True,0.1,20,0.25,8,1.0,1.0,0,,,,,,,,,,,,,,,0.08217121660709381,0.05501393601298332,0.011405202247921135,0.6277020693633283,43528,3772976,69345,3816504,69345,43709,38008,4370900,100.0,100.0,0.5649371147155762,0.6140379309654236,0.3659636080265045,0.7871894240379333,0.8302977681159973,0.6278463006019592,0.3081260323524475,0.000144231238630943,0.9997702761989795,43709,5701,87.31620490059255,331.5703723350307,2.3276820390019566,0.08148036804050207,3.5,2.0,4.0,iou,0.25,0.25,2.0,True,False,True,True,True,0.25,0.35,1.0,10,True,10,20,0.0,0.15,4.0,0.25,20,0.5,True,True
epoch,1783630710.818513,59,1044.5706975889625,9.064189853451673e-05,9.064189853451673e-05,0.0001,8.378751065114426e-06,9.064189853451673e-05,1.8099561929702759,1.33344566822052,1.3614633083343506,0.47651243209838867,0.04236727952957153,0.4310041069984436,0.05610809102654457,0.2013976275920868,0.0503494068980217,8.438664372079074e-05,2.1096660930197686e-05,22856,0.5,True,0.2,0.15,0.1,0.5,256,5,True,0.1,20,0.25,8,1.0,1.0,0,,,,,,,,,,,,,,,0.08114676177501678,0.05450751259922981,0.011532225970832245,0.633513591462975,43931,3765481,69345,3809412,69345,43709,38008,4370900,100.0,100.0,0.5665244460105896,0.6177303791046143,0.3644345998764038,0.7881161570549011,0.8296200037002563,0.633600115776062,0.31330305337905884,8.65243130869775e-05,0.999863440187379,43709,5701,87.15394998741678,331.0010177930235,2.2020253960508853,0.08164961898000911,3.5,2.0,4.0,iou,0.25,0.25,2.0,True,False,True,True,True,0.25,0.35,1.0,10,True,10,20,0.0,0.15,4.0,0.25,20,0.5,True,True
epoch,1783631796.027305,60,1078.704588558001,9.033812303943587e-05,9.033812303943587e-05,0.0001,8.327589586925405e-06,9.033812303943587e-05,1.799599289894104,1.325912594795227,1.3533942699432373,0.4736882746219635,0.04166397452354431,0.42684265971183777,0.056755729019641876,0.20268774032592773,0.050671935081481934,0.00018661119975149632,4.665279993787408e-05,22856,0.5,True,0.2,0.15,0.1,0.5,256,5,True,0.1,20,0.25,8,1.0,1.0,0,1.3782156705856323,0.04795089364051819,0.44376546144485474,0.05498490110039711,0.20524679124355316,0.05131169781088829,1.0167648945014207e-08,2.5419122362535518e-09,5701,0.5,True,True,1.0,1.0,0.08021432906389236,0.05334356427192688,0.011459453727806676,0.6296200158627154,43661,3766381,69345,3810042,69345,43709,38008,4370900,100.0,100.0,0.5661122798919678,0.6143659949302673,0.3663802742958069,0.7901856899261475,0.8319849967956543,0.6296777129173279,0.31249549984931946,5.7697054612448895e-05,0.9999083704990206,43709,5701,87.1683634949324,365.81181258300785,2.261591274989769,0.08734084101160988,3.5,2.0,4.0,iou,0.25,0.25,2.0,True,False,True,True,True,0.25,0.35,1.0,10,True,10,20,0.0,0.15,4.0,0.25,20,0.5,True,True
epoch,1783632848.7123969,61,1044.583780223038,9.003003367586338e-05,9.003003367586338e-05,0.0001,8.275798883751296e-06,9.003003367586338e-05,1.7922221422195435,1.3204243183135986,1.347997784614563,0.4717988669872284,0.04099499061703682,0.42389240860939026,0.05719337612390518,0.20570583641529083,0.05142645910382271,0.0001788280496839434,4.470701242098585e-05,22856,0.5,True,0.2,0.15,0.1,0.5,256,5,True,0.1,20,0.25,8,1.0,1.0,0,,,,,,,,,,,,,,,0.07379007339477539,0.04893513768911362,0.011451201440110739,0.6289278246448915,43613,3764983,69345,3808596,69345,43709,38008,4370900,100.0,100.0,0.567940890789032,0.6186992526054382,0.3641321361064911,0.7936147451400757,0.8335856795310974,0.629086434841156,0.3163890838623047,0.00015861019626450812,0.9997478721722802,43709,5701,87.13528106339655,332.4307576319552,2.222304523049388,0.09208822599612176,3.5,2.0,4.0,iou,0.25,0.25,2.0,True,False,True,True,True,0.25,0.35,1.0,10,True,10,20,0.0,0.15,4.0,0.25,20,0.5,True,True
epoch,1783633898.9150696,62,1043.7979081019876,8.971766422926983e-05,8.971766422926983e-05,0.0001,8.223389052292297e-06,8.971766422926983e-05,1.7877790927886963,1.317440390586853,1.3438254594802856,0.4703383147716522,0.04081977903842926,0.4208534359931946,0.05798973888158798,0.2051393687725067,0.05128484219312668,0.00010720214777393267,2.6800536943483166e-05,22856,0.5,True,0.2,0.15,0.1,0.5,256,5,True,0.1,20,0.25,8,1.0,1.0,0,,,,,,,,,,,,,,,0.07875028252601624,0.053224533796310425,0.011551304010261065,0.6350710217030788,44039,3768431,69345,3812470,69345,43709,38008,4370900,100.0,100.0,0.5699905157089233,0.6220691800117493,0.36702513694763184,0.7937852740287781,0.8317542672157288,0.6351431012153625,0.31421154737472534,7.207951228371812e-05,0.9998865145316925,43709,5701,87.22391269532591,331.4459766919608,2.2005855049937963,0.08221650903578848,3.5,2.0,4.0,iou,0.25,0.25,2.0,True,False,True,True,True,0.25,0.35,1.0,10,True,10,20,0.0,0.15,4.0,0.25,20,0.5,True,True
epoch,1783634950.3217077,63,1044.9847387109767,8.940104895448513e-05,8.940104895448513e-05,0.0001,8.170370309948898e-06,8.940104895448513e-05,1.7722225189208984,1.305376648902893,1.333847165107727,0.4668464660644531,0.040193110704422,0.41695907711982727,0.05762172117829323,0.20319780707359314,0.050799451768398285,7.181120599852875e-05,1.7952801499632187e-05,22856,0.5,True,0.2,0.15,0.1,0.5,256,5,True,0.1,20,0.25,8,1.0,1.0,0,,,,,,,,,,,,,,,0.07836165279150009,0.0525285005569458,0.011611692044144846,0.6380993582810585,44249,3766479,69345,3810728,69345,43709,38008,4370900,100.0,100.0,0.5715963840484619,0.6236103773117065,0.372753381729126,0.7958078980445862,0.8346816897392273,0.638113796710968,0.3210180997848511,1.4438429909557904e-05,0.9999773732679281,43709,5701,87.18405820311607,331.33059106295696,2.253825230989605,0.08265313704032451,3.5,2.0,4.0,iou,0.25,0.25,2.0,True,False,True,True,True,0.25,0.35,1.0,10,True,10,20,0.0,0.15,4.0,0.25,20,0.5,True,True
epoch,1783636001.7080793,64,1045.2196440269472,8.908022257194207e-05,8.908022257194207e-05,0.0001,8.116752992829967e-06,8.908022257194207e-05,1.7772358655929565,1.3086514472961426,1.3388018608093262,0.4685807228088379,0.04023167863488197,0.4179883599281311,0.057752203196287155,0.20609286427497864,0.05152321606874466,0.00012834902736358345,3.208725684089586e-05,22856,0.5,True,0.2,0.15,0.1,0.5,256,5,True,0.1,20,0.25,8,1.0,1.0,0,,,,,,,,,,,,,,,0.07678017020225525,0.051473308354616165,0.011574407052476735,0.635864157473502,44094,3765518,69345,3809612,69345,43709,38008,4370900,100.0,100.0,0.5700840950012207,0.624101996421814,0.36889755725860596,0.7935492396354675,0.8312062621116638,0.6359362602233887,0.3183647096157074,7.210274988667109e-05,0.9998866195334398,43709,5701,87.1585257040884,330.81022927496815,2.21879724500468,0.08165528398239985,3.5,2.0,4.0,iou,0.25,0.25,2.0,True,False,True,True,True,0.25,0.35,1.0,10,True,10,20,0.0,0.15,4.0,0.25,20,0.5,True,True
epoch,1783637089.8454816,65,1081.0723472189857,8.87552202638689e-05,8.87552202638689e-05,0.0001,8.062547553737716e-06,8.87552202638689e-05,1.7600549459457397,1.2959530353546143,1.3260047435760498,0.46410197019577026,0.03961470350623131,0.41502922773361206,0.05683942511677742,0.20390672981739044,0.05097668245434761,2.4126427888404578e-05,6.0316069721011445e-06,22856,0.5,True,0.2,0.15,0.1,0.5,256,5,True,0.1,20,0.25,8,1.0,1.0,0,1.367120385169983,0.04705008119344711,0.4384324252605438,0.05547226220369339,0.20629048347473145,0.05157262086868286,1.5616339510415855e-07,3.904084877603964e-08,5701,0.5,True,True,1.0,1.0,0.08306430280208588,0.05591525882482529,0.011608419036278142,0.6393539548633643,44336,3774961,69345,3819297,69345,43709,38008,4370900,100.0,100.0,0.5716366171836853,0.6236206293106079,0.37491992115974426,0.7946009039878845,0.8328934907913208,0.639426052570343,0.32185450196266174,7.2097706978691e-05,0.9998872462160575,43709,5701,87.38010478391178,367.8464080049889,2.2601322830305435,0.08648371801245958,3.5,2.0,4.0,iou,0.25,0.25,2.0,True,False,True,True,True,0.25,0.35,1.0,10,True,10,20,0.0,0.15,4.0,0.25,20,0.5,True,True
epoch,1783638147.5831962,66,1043.8475130820298,8.842607767043112e-05,8.842607767043112e-05,0.0001,8.007764560129898e-06,8.842607767043112e-05,1.7517002820968628,1.2903608083724976,1.318108081817627,0.46133777499198914,0.0390855148434639,0.4118405282497406,0.05740688741207123,0.20373252034187317,0.05093313008546829,5.942527059232816e-05,1.485631764808204e-05,22856,0.5,True,0.2,0.15,0.1,0.5,256,5,True,0.1,20,0.25,8,1.0,1.0,0,,,,,,,,,,,,,,,0.08202986419200897,0.055162589997053146,0.011671849642258071,0.642295767539116,44540,3771479,69345,3816019,69345,43709,38008,4370900,100.0,100.0,0.57411789894104,0.627587080001831,0.3776322603225708,0.7974026799201965,0.8341336846351624,0.642425537109375,0.32586345076560974,0.00012976957025900848,0.9997980006043301,43709,5701,87.30510878766387,331.0733221679693,2.6823812070069835,0.09012310398975387,3.5,2.0,4.0,iou,0.25,0.25,2.0,True,False,True,True,True,0.25,0.35,1.0,10,True,10,20,0.0,0.15,4.0,0.25,20,0.5,True,True
epoch,1783639198.7205014,67,1044.7959827739978,8.809283088582323e-05,8.809283088582323e-05,0.0001,7.95241469205966e-06,8.809283088582323e-05,1.753644585609436,1.291852355003357,1.3193989992141724,0.46178972721099854,0.03897493705153465,0.41163837909698486,0.05770443379878998,0.2051820456981659,0.05129551142454147,4.1408427932765335e-05,1.0352106983191334e-05,22856,0.5,True,0.2,0.15,0.1,0.5,256,5,True,0.1,20,0.25,8,1.0,1.0,0,,,,,,,,,,,,,,,0.08080107718706131,0.05496413633227348,0.011695964666824073,0.6436224673732786,44632,3771385,69345,3816017,69345,43709,38008,4370900,100.0,100.0,0.5740551352500916,0.6260790824890137,0.37338677048683167,0.800455629825592,0.8324176073074341,0.6436945796012878,0.33083856105804443,7.211222800929118e-05,0.9998879713604952,43709,5701,87.30506303049715,330.7683221999905,2.2371171669801697,0.08168854599352926,3.5,2.0,4.0,iou,0.25,0.25,2.0,True,False,True,True,True,0.25,0.35,1.0,10,True,10,20,0.0,0.15,4.0,0.25,20,0.5,True,True
epoch,1783640250.8760643,68,1044.0588460640283,8.77555164543105e-05,8.77555164543105e-05,0.0001,7.896508740093457e-06,8.77555164543105e-05,1.7435176372528076,1.284733533859253,1.3108114004135132,0.4587830603122711,0.03854098170995712,0.4086932837963104,0.05796647071838379,0.2038225531578064,0.0509556382894516,0.00013456196757033467,3.364049189258367e-05,22856,0.5,True,0.2,0.15,0.1,0.5,256,5,True,0.1,20,0.25,8,1.0,1.0,0,,,,,,,,,,,,,,,0.084445059299469,0.05722101405262947,0.011709756540531021,0.6443290792414738,44681,3771026,69345,3815707,69345,43709,38008,4370900,100.0,100.0,0.5756625533103943,0.6272774338722229,0.3824673593044281,0.7968440651893616,0.8367726802825928,0.6444011926651001,0.32558944821357727,7.211342362634099e-05,0.9998880923492272,43709,5701,87.29797066965614,331.9174920539954,2.2142899640020914,0.08191857900237665,3.5,2.0,4.0,iou,0.25,0.25,2.0,True,False,True,True,True,0.25,0.35,1.0,10,True,10,20,0.0,0.15,4.0,0.25,20,0.5,True,True
epoch,1783641310.0344296,69,1045.2356622440275,8.741417136622152e-05,8.741417136622152e-05,0.0001,7.840057603207392e-06,8.741417136622152e-05,1.7379026412963867,1.2807934284210205,1.3060251474380493,0.45710909366607666,0.03842054307460785,0.4062310755252838,0.05823509767651558,0.20406542718410492,0.05101635679602623,8.705733489478007e-05,2.1764333723695017e-05,22856,0.5,True,0.2,0.15,0.1,0.5,256,5,True,0.1,20,0.25,8,1.0,1.0,0,,,,,,,,,,,,,,,0.08507146686315536,0.057706188410520554,0.011700374045309716,0.6442425553392458,44675,3773579,69345,3818254,69345,43709,38008,4370900,100.0,100.0,0.574920117855072,0.6286964416503906,0.37611016631126404,0.7987430095672607,0.836138129234314,0.6443002223968506,0.32755064964294434,5.766705760479329e-05,0.9999104966045328,43709,5701,87.35624242146926,331.3392772569787,2.2350653460016474,0.08176068600732833,3.5,2.0,4.0,iou,0.25,0.25,2.0,True,False,True,True,True,0.25,0.35,1.0,10,True,10,20,0.0,0.15,4.0,0.25,20,0.5,True,True
epoch,1783642402.9000666,70,1078.7209007630008,8.706883305389183e-05,8.706883305389183e-05,0.0001,7.783072286662455e-06,8.706883305389183e-05,1.7290314435958862,1.275073528289795,1.297014832496643,0.45395511388778687,0.03792708367109299,0.4039384424686432,0.05822896584868431,0.2066706269979477,0.05166765674948692,0.00028227787697687745,7.056946924421936e-05,22856,0.5,True,0.2,0.15,0.1,0.5,256,5,True,0.1,20,0.25,8,1.0,1.0,0,1.3594938516616821,0.04638538137078285,0.43206438422203064,0.056623343378305435,0.2124619036912918,0.05311547592282295,2.955061404463777e-07,7.387653511159442e-08,5701,0.5,True,True,1.0,1.0,0.0809980034828186,0.05389421060681343,0.011786743493177897,0.6481505515898767,44946,3768321,69345,3813267,69345,43709,38008,4370900,100.0,100.0,0.5770437717437744,0.6334706544876099,0.3789428770542145,0.7991401553153992,0.8360949158668518,0.6482370495796204,0.32561829686164856,8.64979897436946e-05,0.9998665642610218,43709,5701,87.24214692626232,366.0456408910104,2.2299205500166863,0.08581671299180016,3.5,2.0,4.0,iou,0.25,0.25,2.0,True,False,True,True,True,0.25,0.35,1.0,10,True,10,20,0.0,0.15,4.0,0.25,20,0.5,True,True
epoch,1783643452.3199165,71,1042.843695087009,8.671953938755897e-05,8.671953938755897e-05,0.0001,7.725563899859017e-06,8.671953938755897e-05,1.7341663837432861,1.2786732912063599,1.3014085292816162,0.45549315214157104,0.038279324769973755,0.4067501127719879,0.057729363441467285,0.20232149958610535,0.05058037489652634,4.288811396691017e-05,1.0722028491727542e-05,22856,0.5,True,0.2,0.15,0.1,0.5,256,5,True,0.1,20,0.25,8,1.0,1.0,0,,,,,,,,,,,,,,,0.08377967029809952,0.056003302335739136,0.011734404009788292,0.6448338020044704,44716,3765959,69345,3810675,69345,43709,38008,4370900,100.0,100.0,0.5733222365379333,0.6272367835044861,0.3723108768463135,0.7973440289497375,0.8322445750236511,0.6448915004730225,0.32626721262931824,5.769846855208094e-05,0.9999105299596758,43709,5701,87.18284563819809,329.8043681139825,2.24735875998158,0.08226266602287069,3.5,2.0,4.0,iou,0.25,0.25,2.0,True,False,True,True,True,0.25,0.35,1.0,10,True,10,20,0.0,0.15,4.0,0.25,20,0.5,True,True
epoch,1783644508.8677225,72,1050.0282744119759,8.636632867120965e-05,8.636632867120965e-05,0.0001,7.667543654171031e-06,8.636632867120965e-05,1.7265539169311523,1.2737714052200317,1.2936697006225586,0.4527847170829773,0.037403084337711334,0.4029364585876465,0.058761116117239,0.20489034056663513,0.05122258514165878,7.346783968387172e-05,1.836695992096793e-05,22856,0.5,True,0.2,0.15,0.1,0.5,256,5,True,0.1,20,0.25,8,1.0,1.0,0,,,,,,,,,,,,,,,0.08365149796009064,0.056381553411483765,0.011775779697163462,0.6464056528949456,44825,3761717,69345,3806542,69345,43709,38008,4370900,100.0,100.0,0.5776658654212952,0.6341558694839478,0.37954971194267273,0.8014392256736755,0.8380272388458252,0.6464633345603943,0.3321075737476349,5.768166544872777e-05,0.999910773492687,43709,5701,87.08828845317898,333.6445601589512,2.6653667369973846,0.09104047296568751,3.5,2.0,4.0,iou,0.25,0.25,2.0,True,False,True,True,True,0.25,0.35,1.0,10,True,10,20,0.0,0.15,4.0,0.25,20,0.5,True,True
epoch,1783645591.0749636,73,1075.4273021129775,8.600923963837922e-05,8.600923963837922e-05,0.0001,7.609022860760356e-06,8.600923963837922e-05,1.7142612934112549,1.264302134513855,1.285602331161499,0.4499600827693939,0.0370749831199646,0.40022870898246765,0.058163560926914215,0.20482034981250763,0.05120508745312691,4.243330113240518e-05,1.0608325283101294e-05,22856,0.5,True,0.2,0.15,0.1,0.5,256,5,True,0.1,20,0.25,8,1.0,1.0,0,,,,,,,,,,,,,,,0.08734370768070221,0.058369241654872894,0.011797627512666647,0.6483957026461894,44963,3766227,69345,3811190,69345,43709,38008,4370900,100.0,100.0,0.5780147314071655,0.632936418056488,0.3823257386684418,0.8020139336585999,0.8372341394424438,0.6484245657920837,0.3331170380115509,2.8863145894342246e-05,0.9999554872726651,43709,5701,87.19462810862751,362.77125747600803,2.70498513802886,0.0890784400398843,3.5,2.0,4.0,iou,0.25,0.25,2.0,True,False,True,True,True,0.25,0.35,1.0,10,True,10,20,0.0,0.15,4.0,0.25,20,0.5,True,True
epoch,1783646652.3317115,74,1045.5956933120033,8.564831144790417e-05,8.564831144790417e-05,0.0001,7.550012928371619e-06,8.564831144790417e-05,1.7147901058197021,1.2640633583068848,1.2877994775772095,0.45072925090789795,0.03722701221704483,0.4019249975681305,0.05735307186841965,0.20468173921108246,0.051170434802770615,2.9673348763026297e-05,7.418337190756574e-06,22856,0.5,True,0.2,0.15,0.1,0.5,256,5,True,0.1,20,0.25,8,1.0,1.0,0,,,,,,,,,,,,,,,0.08883095532655716,0.05942676588892937,0.011758825288339438,0.6459153507823203,44791,3764348,69345,3809139,69345,43709,38008,4370900,100.0,100.0,0.575813889503479,0.63010573387146,0.3810122013092041,0.7973731756210327,0.8368158936500549,0.6461460590362549,0.3239022195339203,0.00023070825393456396,0.9996429472087492,43709,5701,87.14770413416001,330.03255952498876,2.2719168700277805,0.08282674400834367,3.5,2.0,4.0,iou,0.25,0.25,2.0,True,False,True,True,True,0.25,0.35,1.0,10,True,10,20,0.0,0.15,4.0,0.25,20,0.5,True,True
epoch,1783647748.300039,75,1082.9541035819566,8.52835836796279e-05,8.52835836796279e-05,0.0001,7.490525361108059e-06,8.52835836796279e-05,1.703137993812561,1.2558138370513916,1.2781481742858887,0.4473317265510559,0.036743707954883575,0.39724549651145935,0.05797431617975235,0.20409980416297913,0.05102495104074478,0.00011923163401661441,2.9807908504153602e-05,22856,0.5,True,0.2,0.15,0.1,0.5,256,5,True,0.1,20,0.25,8,1.0,1.0,0,1.347012996673584,0.04565221816301346,0.4282723665237427,0.05657431110739708,0.2056422233581543,0.051410555839538574,2.256341069539758e-08,5.640852673849395e-09,5701,0.5,True,True,1.0,1.0,0.0887298658490181,0.059876926243305206,0.01188832365294618,0.6533131444228135,45304,3765494,69345,3810798,69345,43709,38008,4370900,100.0,100.0,0.5811095237731934,0.6369989514350891,0.3874380886554718,0.8047313094139099,0.8391520380973816,0.6533564329147339,0.33716922998428345,4.328849192036799e-05,0.9999337444467681,43709,5701,87.18565970395113,368.9424795380328,2.2073317960021086,0.08756905101472512,3.5,2.0,4.0,iou,0.25,0.25,2.0,True,False,True,True,True,0.25,0.35,1.0,10,True,10,20,0.0,0.15,4.0,0.25,20,0.5,True,True
epoch,1783648818.885082,76,1063.973493062018,8.491509633006026e-05,8.491509633006026e-05,0.0001,7.430571756188786e-06,8.491509633006026e-05,1.7048989534378052,1.2567943334579468,1.2805267572402954,0.4481056034564972,0.03679962083697319,0.39712467789649963,0.05818936973810196,0.20476789772510529,0.05119197443127632,5.6625700381118804e-05,1.4156425095279701e-05,22856,0.5,True,0.2,0.15,0.1,0.5,256,5,True,0.1,20,0.25,8,1.0,1.0,0,,,,,,,,,,,,,,,0.0918072760105133,0.06189364939928055,0.011887249956897026,0.6542216453962074,45367,3771075,69345,3816442,69345,43709,38008,4370900,100.0,100.0,0.580328643321991,0.6339075565338135,0.38830897212028503,0.8015733361244202,0.8404643535614014,0.6544235348701477,0.3326123058795929,0.00020188947394028656,0.9996915002850862,43709,5701,87.31478642842436,345.0962773790234,2.18656993098557,0.08202593302121386,3.5,2.0,4.0,iou,0.25,0.25,2.0,True,False,True,True,True,0.25,0.35,1.0,10,True,10,20,0.0,0.15,4.0,0.25,20,0.5,True,True
epoch,1783649884.647194,77,1051.3864613840124,8.454288980799164e-05,8.454288980799164e-05,0.0001,7.370163801687867e-06,8.454288980799164e-05,1.6920254230499268,1.2479652166366577,1.269242525100708,0.4440605342388153,0.03634446859359741,0.3944985866546631,0.057850249111652374,0.20204858481884003,0.05051214620471001,4.996474672225304e-05,1.249118668056326e-05,22856,0.5,True,0.2,0.15,0.1,0.5,256,5,True,0.1,20,0.25,8,1.0,1.0,0,,,,,,,,,,,,,,,0.09562742710113525,0.06421806663274765,0.011838174687757577,0.6503424904463191,45098,3764442,69345,3809540,69345,43709,38008,4370900,100.0,100.0,0.579737663269043,0.6342368125915527,0.3840177059173584,0.8002446889877319,0.8432186841964722,0.6504001617431641,0.3330881893634796,5.767129684497441e-05,0.9999113295164466,43709,5701,87.15687844608662,338.50325142097427,2.1745449649752118,0.08139991696225479,3.5,2.0,4.0,iou,0.25,0.25,2.0,True,False,True,True,True,0.25,0.35,1.0,10,True,10,20,0.0,0.15,4.0,0.25,20,0.5,True,True
epoch,1783650947.514597,78,1048.672886646993,8.416700493006156e-05,8.416700493006156e-05,0.0001,7.309313274255727e-06,8.416700493006156e-05,1.6817080974578857,1.2400166988372803,1.262856125831604,0.4416932165622711,0.03582417219877243,0.3919842541217804,0.05757443979382515,0.20317579805850983,0.05079394951462746,3.4439184673829004e-05,8.609796168457251e-06,22856,0.5,True,0.2,0.15,0.1,0.5,256,5,True,0.1,20,0.25,8,1.0,1.0,0,,,,,,,,,,,,,,,0.09379912912845612,0.06345177441835403,0.011920135381547705,0.6551734083207152,45433,3766017,69345,3811450,69345,43709,38008,4370900,100.0,100.0,0.5818412899971008,0.6355963945388794,0.3872637450695038,0.8028309941291809,0.842339038848877,0.6553897261619568,0.3378181457519531,0.0002163178412415423,0.9996699401400319,43709,5701,87.20057654030063,332.52347991400165,2.2397449470008723,0.08221963699907064,3.5,2.0,4.0,iou,0.25,0.25,2.0,True,False,True,True,True,0.25,0.35,1.0,10,True,10,20,0.0,0.15,4.0,0.25,20,0.5,True,True
epoch,1783652002.3849726,79,1048.595312651014,8.378748291628273e-05,8.378748291628273e-05,0.0001,7.2480320368232555e-06,8.378748291628273e-05,1.6810431480407715,1.2386701107025146,1.2652997970581055,0.44237369298934937,0.0358039066195488,0.3913908004760742,0.057469308376312256,0.20228694379329681,0.050571735948324203,0.00011964455916313455,2.9911139790783636e-05,22856,0.5,True,0.2,0.15,0.1,0.5,256,5,True,0.1,20,0.25,8,1.0,1.0,0,,,,,,,,,,,,,,,0.0988646149635315,0.06664025783538818,0.011881412121407775,0.6528084216598169,45269,3764800,69345,3810069,69345,43709,38008,4370900,100.0,100.0,0.5804033279418945,0.6368718147277832,0.3836915194988251,0.8020352721214294,0.8392530083656311,0.6530535817146301,0.33034825325012207,0.00024516005481323155,0.9996245942726942,43709,5701,87.16898121668306,333.5218270450132,2.267099660995882,0.08152796502690762,3.5,2.0,4.0,iou,0.25,0.25,2.0,True,False,True,True,True,0.25,0.35,1.0,10,True,10,20,0.0,0.15,4.0,0.25,20,0.5,True,True
epoch,1783653099.0078087,80,1081.2893539770157,8.340436538552078e-05,8.340436538552078e-05,0.0001,7.1863320362891125e-06,8.340436538552078e-05,1.6753385066986084,1.2359364032745361,1.2573978900909424,0.4394007921218872,0.03553324565291405,0.389113187789917,0.057999834418296814,0.2040809988975525,0.05102024972438812,3.813273360719904e-05,9.53318340179976e-06,22856,0.5,True,0.2,0.15,0.1,0.5,256,5,True,0.1,20,0.25,8,1.0,1.0,0,1.3446823358535767,0.04567083343863487,0.42835602164268494,0.05551299825310707,0.2099962681531906,0.05249906703829765,1.1170430802565079e-08,2.7926077006412697e-09,5701,0.5,True,True,1.0,1.0,0.09816832840442657,0.06651510298252106,0.011873338804708393,0.6523758021486769,45239,3764894,69345,3810133,69345,43709,38008,4370900,100.0,100.0,0.581445038318634,0.6392053365707397,0.38747161626815796,0.8032787442207336,0.8398586511611938,0.6523758172988892,0.3371548056602478,1.5150212306913602e-08,0.999999976776864,43709,5701,87.17044544601798,364.96397764701396,2.2314258689875714,0.08574863203102723,3.5,2.0,4.0,iou,0.25,0.25,2.0,True,False,True,True,True,0.25,0.35,1.0,10,True,10,20,0.0,0.15,4.0,0.25,20,0.5,True,True
epoch,1783654154.3440843,81,1047.1910611289786,8.30176943509303e-05,8.30176943509303e-05,0.0001,7.124225301190655e-06,8.30176943509303e-05,1.6761925220489502,1.2373878955841064,1.2564109563827515,0.4388068914413452,0.035121239721775055,0.3878322243690491,0.058915119618177414,0.2082902491092682,0.05207256227731705,9.511987445876002e-05,2.3779968614690006e-05,22856,0.5,True,0.2,0.15,0.1,0.5,256,5,True,0.1,20,0.25,8,1.0,1.0,0,,,,,,,,,,,,,,,0.09526648372411728,0.06554583460092545,0.011926202013651025,0.6550003605162593,45421,3763084,69345,3808505,69345,43709,38008,4370900,100.0,100.0,0.5827279090881348,0.6396406292915344,0.38866156339645386,0.8055869936943054,0.841964066028595,0.65513014793396,0.33722689747810364,0.00012978741770064417,0.9998018906348457,43709,5701,87.13319911231096,332.18634411500534,2.253283553000074,0.08245652500772849,3.5,2.0,4.0,iou,0.25,0.25,2.0,True,False,True,True,True,0.25,0.35,1.0,10,True,10,20,0.0,0.15,4.0,0.25,20,0.5,True,True
epoch,1783655207.3488138,82,1046.7447186650243,8.262751221534762e-05,8.262751221534762e-05,0.0001,7.061723939358947e-06,8.262751221534762e-05,1.67073392868042,1.2332969903945923,1.253311038017273,0.4374389052391052,0.03492791950702667,0.38695427775382996,0.05859944969415665,0.20925745368003845,0.05231436342000961,4.313809040468186e-05,1.0784522601170465e-05,22856,0.5,True,0.2,0.15,0.1,0.5,256,5,True,0.1,20,0.25,8,1.0,1.0,0,,,,,,,,,,,,,,,0.09665940701961517,0.06591774523258209,0.01194777435236302,0.6564568462037638,45522,3764560,69345,3810082,69345,43709,38008,4370900,100.0,100.0,0.5827305912971497,0.6383686661720276,0.39124250411987305,0.805926501750946,0.8407959938049316,0.6565001010894775,0.3367798626422882,4.325488571377267e-05,0.9999341129031938,43709,5701,87.16927863826672,330.42436342994915,2.6072880220017396,0.08270523801911622,3.5,2.0,4.0,iou,0.25,0.25,2.0,True,False,True,True,True,0.25,0.35,1.0,10,True,10,20,0.0,0.15,4.0,0.25,20,0.5,True,True
epoch,1783656263.5545986,83,1047.639981239976,8.223386176664086e-05,8.223386176664086e-05,0.0001,6.998840135558318e-06,8.223386176664086e-05,1.6599068641662598,1.2250502109527588,1.2468312978744507,0.43485552072525024,0.03427629545331001,0.3835131525993347,0.058840010315179825,0.20705974102020264,0.05176493525505066,5.0816652219509706e-05,1.2704163054877426e-05,22856,0.5,True,0.2,0.15,0.1,0.5,256,5,True,0.1,20,0.25,8,1.0,1.0,0,,,,,,,,,,,,,,,0.09762575477361679,0.06645481288433075,0.011974254723004892,0.6585045785564929,45664,3767851,69345,3813515,69345,43709,38008,4370900,100.0,100.0,0.5834285616874695,0.639312744140625,0.3897692561149597,0.8037353754043579,0.8423678874969482,0.6585766673088074,0.33666449785232544,7.208875231445866e-05,0.9998905385570233,43709,5701,87.24782081493514,331.92044392903335,2.594301885983441,0.0813268800266087,3.5,2.0,4.0,iou,0.25,0.25,2.0,True,False,True,True,True,0.25,0.35,1.0,10,True,10,20,0.0,0.15,4.0,0.25,20,0.5,True,True
epoch,1783657318.3439949,84,1048.3948528789915,8.183678617301775e-05,8.183678617301775e-05,0.0001,6.935586149110915e-06,8.183678617301775e-05,1.6589336395263672,1.2249565124511719,1.2453436851501465,0.4339791238307953,0.03421482816338539,0.3835751414299011,0.058773912489414215,0.20682641863822937,0.05170660465955734,7.934502355055884e-05,1.983625588763971e-05,22856,0.5,True,0.2,0.15,0.1,0.5,256,5,True,0.1,20,0.25,8,1.0,1.0,0,,,,,,,,,,,,,,,0.09644098579883575,0.06577299535274506,0.011861915673669812,0.651986444588651,45212,3766314,69345,3811526,69345,43709,38008,4370900,100.0,100.0,0.5814482569694519,0.638887882232666,0.38675084710121155,0.8023637533187866,0.8398730754852295,0.6521450877189636,0.3387843370437622,0.00015864313031266342,0.9997567364482226,43709,5701,87.20231531263585,332.56705600599525,2.2305284519679844,0.08143469702918082,3.5,2.0,4.0,iou,0.25,0.25,2.0,True,False,True,True,True,0.25,0.35,1.0,10,True,10,20,0.0,0.15,4.0,0.25,20,0.5,True,True
epoch,1783658442.2448497,85,1117.5867656749906,8.143632897829178e-05,8.143632897829178e-05,0.0001,6.871974311506729e-06,8.143632897829178e-05,1.661411166191101,1.2285689115524292,1.2432173490524292,0.43284186720848083,0.034329455345869064,0.38422057032585144,0.059151217341423035,0.20966748893260956,0.05241687223315239,4.674394949688576e-05,1.168598737422144e-05,22856,0.5,True,0.2,0.15,0.1,0.5,256,5,True,0.1,20,0.25,8,1.0,1.0,0,1.3449660539627075,0.04548193886876106,0.4268679618835449,0.05591222271323204,0.21618038415908813,0.054045096039772034,5.1375046439261496e-08,1.2843761609815374e-08,5701,0.5,True,True,1.0,1.0,0.09596319496631622,0.06576866656541824,0.011935499598681178,0.6566154733578484,45533,3769389,69345,3814922,69345,43709,38008,4370900,100.0,100.0,0.5835291743278503,0.6409320831298828,0.3892657458782196,0.8062773942947388,0.8440551161766052,0.6566154956817627,0.33871224522590637,2.232391427270386e-08,0.9999999660015422,43709,5701,87.28001098172001,402.0890068610315,2.3985438449890353,0.12094109097961336,3.5,2.0,4.0,iou,0.25,0.25,2.0,True,False,True,True,True,0.25,0.35,1.0,10,True,10,20,0.0,0.15,4.0,0.25,20,0.5,True,True
epoch,1783659496.2760754,86,1047.7414432400255,8.103253409710708e-05,8.103253409710708e-05,0.0001,6.80801702399954e-06,8.103253409710708e-05,1.647053599357605,1.2174574136734009,1.2351255416870117,0.4295939803123474,0.03395618870854378,0.38121020793914795,0.05846494063735008,0.20678897202014923,0.05169724300503731,4.3608673877315596e-05,1.0902168469328899e-05,22856,0.5,True,0.2,0.15,0.1,0.5,256,5,True,0.1,20,0.25,8,1.0,1.0,0,,,,,,,,,,,,,,,0.09806230664253235,0.0669572725892067,0.01191920405390908,0.6552887735236859,45441,3766978,69345,3812419,69345,43709,38008,4370900,100.0,100.0,0.5834523439407349,0.6412636637687683,0.38815081119537354,0.8049370050430298,0.8426706790924072,0.6553031802177429,0.3400677740573883,1.4406694057056413e-05,0.9999780152233471,43709,5701,87.22274588757465,332.1826314780046,2.221354286011774,0.0816629990004003,3.5,2.0,4.0,iou,0.25,0.25,2.0,True,False,True,True,True,0.25,0.35,1.0,10,True,10,20,0.0,0.15,4.0,0.25,20,0.5,True,True
epoch,1783660550.3372824,87,1047.8083454529988,8.062544581012274e-05,8.062544581012274e-05,0.0001,6.7437267551892704e-06,8.062544581012274e-05,1.6403522491455078,1.2130975723266602,1.2297337055206299,0.4272525906562805,0.033605385571718216,0.37857645750045776,0.05882884934544563,0.20778292417526245,0.05194573104381561,0.0001120746965170838,2.801867412927095e-05,22856,0.5,True,0.2,0.15,0.1,0.5,256,5,True,0.1,20,0.25,8,1.0,1.0,0,,,,,,,,,,,,,,,0.09942666441202164,0.06807341426610947,0.011932982631772806,0.6559377027903959,45486,3766302,69345,3811788,69345,43709,38008,4370900,100.0,100.0,0.5844001173973083,0.6411952972412109,0.3923375904560089,0.8057109713554382,0.8453385233879089,0.6560386419296265,0.33773162961006165,0.00010093913923059361,0.9998461384242037,43709,5701,87.20830950147567,332.1839132850291,2.2408396980026737,0.0813223629957065,3.5,2.0,4.0,iou,0.25,0.25,2.0,True,False,True,True,True,0.25,0.35,1.0,10,True,10,20,0.0,0.15,4.0,0.25,20,0.5,True,True
epoch,1783661613.3831048,88,1048.259441960021,8.021510875915689e-05,8.021510875915689e-05,0.0001,6.679116038591211e-06,8.021510875915689e-05,1.637553095817566,1.2118066549301147,1.2268376350402832,0.4257466197013855,0.03324982896447182,0.37725937366485596,0.05927974730730057,0.20876266062259674,0.052190665155649185,0.00013598392251878977,3.399598062969744e-05,22856,0.5,True,0.2,0.15,0.1,0.5,256,5,True,0.1,20,0.25,8,1.0,1.0,0,,,,,,,,,,,,,,,0.09858688712120056,0.0674598291516304,0.011961225004200975,0.6569471483163891,45556,3763084,69345,3808640,69345,43709,38008,4370900,100.0,100.0,0.5843835473060608,0.6391556262969971,0.393153578042984,0.8051807284355164,0.8440694808959961,0.6569904088973999,0.33848151564598083,4.326058101078445e-05,0.9999341534055521,43709,5701,87.1362877210643,333.0153611029964,2.234187972964719,0.08214480796596035,3.5,2.0,4.0,iou,0.25,0.25,2.0,True,False,True,True,True,0.25,0.35,1.0,10,True,10,20,0.0,0.15,4.0,0.25,20,0.5,True,True
epoch,1783662666.8423562,89,1047.007290619018,7.980156794229125e-05,7.980156794229125e-05,0.0001,6.61419747019258e-06,7.980156794229125e-05,1.6364387273788452,1.2115854024887085,1.225818395614624,0.4248539209365845,0.033264242112636566,0.37770459055900574,0.059088289737701416,0.20914816856384277,0.05228704214096069,0.00014633532555308193,3.658383138827048e-05,22856,0.5,True,0.2,0.15,0.1,0.5,256,5,True,0.1,20,0.25,8,1.0,1.0,0,,,,,,,,,,,,,,,0.10148023068904877,0.06909836828708649,0.011968524053927202,0.6593409762780301,45722,3774465,69345,3820187,69345,43709,38008,4370900,100.0,100.0,0.5855520963668823,0.6449381113052368,0.3941401243209839,0.8065183758735657,0.8439252972602844,0.6593842506408691,0.340543657541275,4.327436283901864e-05,0.9999343715552852,43709,5701,87.40046672310051,332.35659740504343,2.238136092957575,0.08205110096605495,3.5,2.0,4.0,iou,0.25,0.25,2.0,True,False,True,True,True,0.25,0.35,1.0,10,True,10,20,0.0,0.15,4.0,0.25,20,0.5,True,True
epoch,1783663762.0650134,90,1082.3052851940156,7.938486870893657e-05,7.938486870893657e-05,9.996054457573188e-05,6.54898370599692e-06,7.938486870893657e-05,1.6294126510620117,1.205944299697876,1.2234718799591064,0.4234682619571686,0.03323224559426308,0.37632375955581665,0.05855410173535347,0.2104937583208084,0.0526234395802021,6.624923116760328e-05,1.656230779190082e-05,22856,0.5,True,0.2,0.15,0.1,0.5,256,5,True,0.1,20,0.25,8,1.0,1.0,0,1.3350974321365356,0.04518521949648857,0.4245104491710663,0.05498059466481209,0.21566620469093323,0.05391655117273331,1.197042109879476e-07,2.99260527469869e-08,5701,0.5,True,True,1.0,1.0,0.10565214604139328,0.07103787362575531,0.011955629646618022,0.6600331674958541,45770,3782552,69345,3828322,69345,43709,38008,4370900,100.0,100.0,0.5849034786224365,0.6395212411880493,0.3950365483760834,0.8060764670372009,0.8455692529678345,0.6600331664085388,0.33941885828971863,-1.0873152378465534e-09,1.0000000016473645,43709,5701,87.5865839987188,366.1260403820197,2.6019170209765434,0.08516887197038159,3.5,2.0,4.0,iou,0.25,0.25,2.0,True,False,True,True,True,0.25,0.35,1.0,10,True,10,20,0.0,0.15,4.0,0.25,20,0.5,True,True
epoch,1783664823.8410437,91,1045.529948068026,7.896505675485955e-05,7.896505675485955e-05,9.984221308046179e-05,6.483487459556768e-06,7.896505675485955e-05,1.6201974153518677,1.1999276876449585,1.21597421169281,0.4202677309513092,0.03280249983072281,0.37362465262413025,0.05872165411710739,0.20811805129051208,0.05202951282262802,0.0002994704118464142,7.486760296160355e-05,22856,0.5,True,0.2,0.15,0.1,0.5,256,5,True,0.1,20,0.25,8,1.0,1.0,0,,,,,,,,,,,,,,,0.09929680824279785,0.06704398989677429,0.011978993167149142,0.6627298291152931,45957,3790509,69345,3836466,69345,43709,38008,4370900,100.0,100.0,0.5865743160247803,0.6459116339683533,0.39414530992507935,0.8082082867622375,0.845468282699585,0.6628451943397522,0.343730628490448,0.00011536522445909636,0.9998259544982083,43709,5701,87.77290718158731,330.17432481900323,2.623474835010711,0.08164170797681436,3.5,2.0,4.0,iou,0.25,0.25,2.0,True,False,True,True,True,0.25,0.35,1.0,10,True,10,20,0.0,0.15,4.0,0.25,20,0.5,True,True
epoch,1783665877.4121156,92,1047.362742337049,7.85421781171718e-05,7.85421781171718e-05,9.964521310596218e-05,6.417721499495148e-06,7.85421781171718e-05,1.6285165548324585,1.2070101499557495,1.221417784690857,0.4215058386325836,0.03280677646398544,0.3739407956600189,0.060026299208402634,0.20869402587413788,0.05217350646853447,0.00012261794472578913,3.065448618144728e-05,22856,0.5,True,0.2,0.15,0.1,0.5,256,5,True,0.1,20,0.25,8,1.0,1.0,0,,,,,,,,,,,,,,,0.0997205525636673,0.06852223724126816,0.011995271152959026,0.660336001153652,45791,3771630,69345,3817421,69345,43709,38008,4370900,100.0,100.0,0.5868104100227356,0.6471368670463562,0.3931138217449188,0.8100975751876831,0.8454394936561584,0.6603504419326782,0.34559088945388794,1.444077902623686e-05,0.9999781316432772,43709,5701,87.33718456153196,332.31369673798326,2.6192338690161705,0.0816844700020738,3.5,2.0,4.0,iou,0.25,0.25,2.0,True,False,True,True,True,0.25,0.35,1.0,10,True,10,20,0.0,0.15,4.0,0.25,20,0.5,True,True
epoch,1783666932.4592488,93,1048.607188916998,7.81162791692814e-05,7.81162791692814e-05,9.936989025712936e-05,6.351698647016278e-06,7.81162791692814e-05,1.611345887184143,1.1948211193084717,1.2089344263076782,0.41652438044548035,0.03227880597114563,0.36990225315093994,0.05959518998861313,0.20830729603767395,0.05207682400941849,6.922884494997561e-05,1.7307211237493902e-05,22856,0.5,True,0.2,0.15,0.1,0.5,256,5,True,0.1,20,0.25,8,1.0,1.0,0,,,,,,,,,,,,,,,0.10102126002311707,0.0688607469201088,0.012005076599555915,0.6628019323671498,45962,3782585,69345,3828547,69345,43709,38008,4370900,100.0,100.0,0.5868955850601196,0.6439871788024902,0.396389901638031,0.8078147172927856,0.8463912606239319,0.6628740429878235,0.344047874212265,7.211062067369323e-05,0.9998912151992727,43709,5701,87.59173167997437,332.5159648139961,2.2714601140469313,0.08214612101437524,3.5,2.0,4.0,iou,0.25,0.25,2.0,True,False,True,True,True,0.25,0.35,1.0,10,True,10,20,0.0,0.15,4.0,0.25,20,0.5,True,True
epoch,1783667991.9305346,94,1049.0760715429788,7.768740661580737e-05,7.768740661580737e-05,9.901672754379552e-05,6.285431773406067e-06,7.768740661580737e-05,1.6103367805480957,1.1947144269943237,1.2083765268325806,0.4156249165534973,0.03277997300028801,0.3702786862850189,0.05914074927568436,0.20770911872386932,0.05192727968096733,0.00010088098497362807,2.522024624340702e-05,22856,0.5,True,0.2,0.15,0.1,0.5,256,5,True,0.1,20,0.25,8,1.0,1.0,0,,,,,,,,,,,,,,,0.10216507315635681,0.06935767084360123,0.011995940849387727,0.6614175499315019,45866,3777594,69345,3823460,69345,43709,38008,4370900,100.0,100.0,0.5877867341041565,0.6476156115531921,0.39798176288604736,0.8075591921806335,0.848496675491333,0.6615185141563416,0.34585046768188477,0.00010096422483962808,0.9998473750580233,43709,5701,87.47534832643163,333.44795985199744,2.2512450920185074,0.0824100140016526,3.5,2.0,4.0,iou,0.25,0.25,2.0,True,False,True,True,True,0.25,0.35,1.0,10,True,10,20,0.0,0.15,4.0,0.25,20,0.5,True,True
epoch,1783669083.2987957,95,1085.5362411850365,7.725560748745818e-05,7.725560748745818e-05,9.858634453336533e-05,6.2189337975228255e-06,7.725560748745818e-05,1.5977202653884888,1.184841275215149,1.2025445699691772,0.41287779808044434,0.032310374081134796,0.36810117959976196,0.058458004146814346,0.20678716897964478,0.051696792244911194,7.395718421321362e-05,1.8489296053303406e-05,22856,0.5,True,0.2,0.15,0.1,0.5,256,5,True,0.1,20,0.25,8,1.0,1.0,0,1.3312933444976807,0.0453447550535202,0.4207201600074768,0.05589254945516586,0.21486489474773407,0.05371622368693352,2.606811300154277e-08,6.5170282503856924e-09,5701,0.5,True,True,1.0,1.0,0.10416203737258911,0.07036082446575165,0.012026255351295586,0.663681592039801,46023,3780854,69345,3826877,69345,43709,38008,4370900,100.0,100.0,0.5899375081062317,0.6521031856536865,0.40012601017951965,0.8084307312965393,0.8499963879585266,0.6637536883354187,0.34812891483306885,7.209629561766295e-05,0.9998913809491613,43709,5701,87.55352444576631,369.2769382780534,2.2670421619550325,0.08576585102127865,3.5,2.0,4.0,iou,0.25,0.25,2.0,True,False,True,True,True,0.25,0.35,1.0,10,True,10,20,0.0,0.15,4.0,0.25,20,0.5,True,True
epoch,1783670138.3126318,96,1048.4399859730038,7.682092913587421e-05,7.682092913587421e-05,9.807949626388423e-05,6.152217683278711e-06,7.682092913587421e-05,1.592841386795044,1.181844711303711,1.1993277072906494,0.41100013256073,0.03198763728141785,0.3655018210411072,0.05897153541445732,0.2081904262304306,0.05204760655760765,9.412084909854457e-05,2.3530212274636142e-05,22856,0.5,True,0.2,0.15,0.1,0.5,256,5,True,0.1,20,0.25,8,1.0,1.0,0,,,,,,,,,,,,,,,0.10182318836450577,0.0691453367471695,0.012006602808153919,0.6623837335063811,45933,3779712,69345,3825645,69345,43709,38008,4370900,100.0,100.0,0.5890799164772034,0.648455798625946,0.4021208882331848,0.8083353638648987,0.8510779142379761,0.6624558568000793,0.34505730867385864,7.212329369821191e-05,0.9998911273967045,43709,5701,87.52533803106911,332.61643768299837,2.221317026007455,0.08111232600640506,3.5,2.0,4.0,iou,0.25,0.25,2.0,True,False,True,True,True,0.25,0.35,1.0,10,True,10,20,0.0,0.15,4.0,0.25,20,0.5,True,True
epoch,1783671194.6112337,97,1047.2479392220266,7.638341922843504e-05,7.638341922843504e-05,9.749707191944508e-05,6.0852964371123865e-06,7.638341922843504e-05,1.5899896621704102,1.1800527572631836,1.1985875368118286,0.409939169883728,0.03166547045111656,0.36535295844078064,0.05880233272910118,0.2084694653749466,0.05211736634373665,9.145255717157852e-06,2.286313929289463e-06,22856,0.5,True,0.2,0.15,0.1,0.5,256,5,True,0.1,20,0.25,8,1.0,1.0,0,,,,,,,,,,,,,,,0.10515248775482178,0.07141837477684021,0.01202026268362435,0.6618213281418992,45894,3772159,69345,3818053,69345,43709,38008,4370900,100.0,100.0,0.587899923324585,0.6464584469795227,0.4001625180244446,0.8074014782905579,0.8485254645347595,0.6619799733161926,0.347739577293396,0.00015864517429342584,0.9997603474716936,43709,5701,87.35164382621429,331.5272911139764,2.225332501984667,0.0814014439820312,3.5,2.0,4.0,iou,0.25,0.25,2.0,True,False,True,True,True,0.25,0.35,1.0,10,True,10,20,0.0,0.15,4.0,0.25,20,0.5,True,True
epoch,1783672255.4373116,98,1054.4354935190058,7.594312574303233e-05,7.594312574303233e-05,9.684009327025716e-05,6.018183105453388e-06,7.594312574303233e-05,1.58827543258667,1.1802105903625488,1.1955620050430298,0.40806394815444946,0.03194573149085045,0.3655771315097809,0.058608438819646835,0.20974721014499664,0.05243680253624916,9.997872984968126e-05,2.4994682462420315e-05,22856,0.5,True,0.2,0.15,0.1,0.5,256,5,True,0.1,20,0.25,8,1.0,1.0,0,,,,,,,,,,,,,,,0.10466038435697556,0.07084362208843231,0.011993396585551553,0.6614896531833586,45871,3778817,69345,3824688,69345,43709,38008,4370900,100.0,100.0,0.5883944630622864,0.6474733948707581,0.3995335102081299,0.8061546683311462,0.8517557382583618,0.661590576171875,0.3445093333721161,0.00010092298851638315,0.999847454011361,43709,5701,87.5034432267954,337.40105513401795,2.7342035149922594,0.10863566200714558,3.5,2.0,4.0,iou,0.25,0.25,2.0,True,False,True,True,True,0.25,0.35,1.0,10,True,10,20,0.0,0.15,4.0,0.25,20,0.5,True,True
