type,time,epoch,epoch_time,lr,train_loss,train_loss_bbox,train_loss_giou,train_loss_score,train_loss_rank_raw,train_loss_rank,train_loss_text_negative,train_text_negative_queries,map50,map50_95,precision,recall,tp,fp,num_gt,num_pred,raw_oracle_num_gt,raw_oracle_num_samples,raw_oracle_positive_samples,raw_oracle_num_pred,raw_oracle_avg_pred_per_sample,raw_oracle_avg_pred_per_positive_sample,raw_best_iou_mean,raw_best_iou_median,raw_best_iou_p25,raw_best_iou_p75,raw_oracle_recall25,raw_oracle_recall50,raw_oracle_recall75,raw_oracle_gap50,raw_oracle_retention50,valid_samples,skipped_empty_gt,avg_selected_per_sample,eval_loop_time,eval_metric_time,raw_oracle_metric_time,lambda_bbox,lambda_giou,lambda_score,lambda_rank_max,pos_weight,quality_warmup_epoch,rank_start_epoch,rank_warmup_epoch,rank_alpha_min,negative_sample_ratio,max_query_loss_weight,use_negative_queries_in_val
epoch,1782704658.497361,1,1321.6559292166494,9.999998660024705e-05,2.8391642570495605,0.19222041964530945,0.8171098232269287,0.16168422996997833,0.0,0.0,0.7808861136436462,7621,0.011367235332727432,0.006673904601484537,0.012891006121964085,0.11030365948611472,7650,585787,69354,593437,69354,38008,38008,3800800,100.0,100.0,0.33431345224380493,0.31126683950424194,0.11201204359531403,0.5082246661186218,0.5717478394508362,0.26203247904777527,0.06390403211116791,0.15172881956166057,0.42095414998536695,38008,0,15.61347611029257,92.31728792004287,0.4285963377915323,0.0820278450846672,4.99,2.0,1.52,0.0,2.0,15,30,50,0.0,0.05,4.0,False
epoch,1782706057.0574226,2,1395.901769160293,9.997495205947232e-05,2.3286571502685547,0.13598127663135529,0.7149137854576111,0.1439233124256134,0.0,0.0,0.6783923506736755,7621,2.070443868637085,0.11076230555772781,0.6542375087738037,0.13660532236099243,0.0,0.0,0.0,0,0.0037451661191880703,0.0010726026957854629,0.013564112450994016,0.09992213859330391,6930,503977,69354,510907,69354,38008,38008,3800800,100.0,100.0,0.3837730884552002,0.37723809480667114,0.1487054079771042,0.5757318735122681,0.6422700881958008,0.34798282384872437,0.09249646961688995,0.24806068525542047,0.287146754797134,38008,0,13.44209113870764,189.8553988886997,0.37486033560708165,0.07909472100436687,4.98,2.0,1.54,0.0,2.0,15,30,50,0.0,0.05,4.0,False
epoch,1782707285.2587743,3,1221.0071317781694,9.990213712044223e-05,2.1354970932006836,0.11811283230781555,0.6710461378097534,0.13229675590991974,0.0,0.0,0.6230827569961548,7621,0.013853910379111767,0.007276733871549368,0.016659835526192098,0.12776480087666175,8861,523017,69354,531878,69354,38008,38008,3800800,100.0,100.0,0.40956059098243713,0.41299065947532654,0.16770900785923004,0.6145238280296326,0.6640856862068176,0.4009285569190979,0.11553767323493958,0.27316375604243615,0.3186722389107419,38008,0,13.993843401389181,65.55533956177533,0.43070511519908905,0.10219003912061453,4.97,2.0,1.56,0.0,2.0,15,30,50,0.0,0.05,4.0,False
epoch,1782708643.5349574,4,1341.4908191580325,9.97816150665754e-05,2.015361785888672,0.10779592394828796,0.6442669630050659,0.12162051349878311,0.0,0.0,0.5749000310897827,7621,1.8385944366455078,0.09255238622426987,0.5973303318023682,0.11700800061225891,0.0,0.0,0.0,0,0.021893510594964027,0.012403516098856926,0.02219709871498061,0.1777835452893849,12330,543148,69354,555478,69354,38008,38008,3800800,100.0,100.0,0.4320557117462158,0.4480130970478058,0.18314777314662933,0.6487002372741699,0.6869106292724609,0.4446607232093811,0.13780027627944946,0.2668771779199962,0.39981841437718,38008,0,14.614765312565776,194.65185268456116,0.4448877559043467,0.10037601925432682,4.96,2.0,1.58,0.0,2.0,15,30,50,0.0,0.05,4.0,False
epoch,1782709900.739211,5,1238.656730712857,9.96135071953452e-05,1.911378026008606,0.09858854860067368,0.6219977736473083,0.11210711300373077,0.0,0.0,0.5341185927391052,7621,0.03196877986192703,0.01775318756699562,0.024786758505406594,0.19156789803039478,13286,522726,69354,536012,69354,38008,38008,3800800,100.0,100.0,0.446092426776886,0.4627175033092499,0.20138783752918243,0.6675567030906677,0.7068806290626526,0.4604204595088959,0.1561698019504547,0.2688525614785011,0.4160716451104916,38008,0,14.10260997684698,66.21379761118442,0.3822339419275522,0.07903847796842456,4.95,2.0,1.6,0.0,2.0,15,30,50,0.0,0.05,4.0,False
epoch,1782711298.399096,6,1380.987320153974,9.93979826962018e-05,1.8188117742538452,0.09037517011165619,0.6017881631851196,0.1041862964630127,0.0,0.0,0.495071142911911,7621,1.673655390739441,0.0790567547082901,0.5588724613189697,0.10207957029342651,0.0,0.0,0.0,0,0.035808779299259186,0.019052501767873764,0.028699029347906753,0.2174640251463506,15082,510441,69354,525523,69354,38008,38008,3800800,100.0,100.0,0.4629543721675873,0.48890766501426697,0.209524005651474,0.6917209029197693,0.7156617045402527,0.48735472559928894,0.1800617128610611,0.26989070045293834,0.4462130225144325,38008,0,13.826641759629553,186.81313852686435,0.3952696402557194,0.0788659998215735,4.94,2.0,1.62,0.0,2.0,15,30,50,0.0,0.05,4.0,False
epoch,1782712621.8552263,7,1306.8250487940386,9.913525848029428e-05,1.7475903034210205,0.08487642556428909,0.5850372314453125,0.09699594229459763,0.0,0.0,0.4605613052845001,7621,0.04337393492460251,0.022431502118706703,0.036395447714170935,0.25734636790956544,17848,472543,69354,490391,69354,38008,38008,3800800,100.0,100.0,0.47747567296028137,0.5107124447822571,0.22617080807685852,0.7092084884643555,0.7319837212562561,0.5109726786613464,0.19784006476402283,0.253626310751781,0.5036401722764613,38008,0,12.902310039991582,60.44494755985215,0.36304030707105994,0.0769910798408091,4.93,2.0,1.6400000000000001,0.0,2.0,15,30,50,0.0,0.05,4.0,False
epoch,1782714020.9101512,8,1382.5411119768396,9.882559896216383e-05,1.6953837871551514,0.08105733245611191,0.5736992359161377,0.08987002074718475,0.0,0.0,0.4277234375476837,7621,1.5784157514572144,0.07243464887142181,0.5369104146957397,0.08928714692592621,0.0,0.0,0.0,0,0.051507964730262756,0.025605108588933945,0.039333457302836834,0.27449029616172105,19037,464953,69354,483990,69354,38008,38008,3800800,100.0,100.0,0.48544660210609436,0.5221375823020935,0.24202731251716614,0.7119778394699097,0.7429131865501404,0.5255212187767029,0.20150244235992432,0.25103092261498183,0.522320101176264,38008,0,12.733898126710166,180.26165831601247,0.3747956561855972,0.07938304683193564,4.92,2.0,1.66,0.0,2.0,15,30,50,0.0,0.05,4.0,False
epoch,1782715280.368558,9,1243.0967368250713,9.846931579362807e-05,1.641893982887268,0.07676679641008377,0.5610858798027039,0.08500020205974579,0.0,0.0,0.3994031846523285,7621,0.05653838813304901,0.02725253999233246,0.04884089058420268,0.29317703376878046,20333,395978,69354,416311,69354,38008,38008,3800800,100.0,100.0,0.49560508131980896,0.537467896938324,0.2511669993400574,0.7270534038543701,0.7511030435562134,0.5415549278259277,0.21857427060604095,0.24837789405714727,0.5413615844024163,38008,0,10.953246684908441,56.72674660384655,0.32688412675634027,0.07617642218247056,4.91,2.0,1.68,0.0,2.0,15,30,50,0.0,0.05,4.0,False
epoch,1782716673.557344,10,1380.5187695357017,9.806676755012405e-05,1.6014997959136963,0.07365789264440536,0.5517681837081909,0.0806116908788681,0.0,0.0,0.373684823513031,7621,1.493203043937683,0.06613754481077194,0.5149372220039368,0.08191431313753128,0.0,0.0,0.0,0,0.06285000592470169,0.029490003362298012,0.057056639949452446,0.3020734204227586,20950,346229,69354,367179,69354,38008,38008,3800800,100.0,100.0,0.5036481618881226,0.5466703772544861,0.2640116214752197,0.7373713254928589,0.7594226598739624,0.5535945892333984,0.2326037436723709,0.25152116881063985,0.5456581879549455,38008,0,9.660571458640286,184.70119777321815,0.32437612395733595,0.08834095997735858,4.9,2.0,1.7,0.0,2.0,15,30,50,0.0,0.05,4.0,False
epoch,1782717930.2974517,11,1238.5517276800238,9.761835936982583e-05,1.5619314908981323,0.07035502046346664,0.5425527691841125,0.07720443606376648,0.0,0.0,0.3471829891204834,7621,0.06800374388694763,0.030671868473291397,0.0662495039833949,0.31294517980217434,21704,305906,69354,327610,69354,38008,38008,3800800,100.0,100.0,0.5097111463546753,0.554092526435852,0.27052220702171326,0.7431439161300659,0.7654785513877869,0.5619142651557922,0.24077919125556946,0.2489690853536179,0.5569269178731554,38008,0,8.61950115765102,52.61407506186515,0.3328572171740234,0.07677266607061028,4.89,2.0,1.72,0.0,2.0,15,30,50,0.0,0.05,4.0,False
epoch,1782719259.4330354,12,1315.4296367773786,9.712454254589977e-05,1.5242104530334473,0.06781191378831863,0.5323775410652161,0.07386955618858337,0.0,0.0,0.31047719717025757,7621,1.4367811679840088,0.0620444230735302,0.5017367601394653,0.07501713931560516,0.0,0.0,0.0,0,0.07715275883674622,0.03677986562252045,0.07161312929202293,0.31530985956109236,21868,283495,69354,305363,69354,38008,38008,3800800,100.0,100.0,0.5166748762130737,0.5635006427764893,0.2834351062774658,0.7485395073890686,0.7733224034309387,0.5702771544456482,0.24819044768810272,0.25496729488455583,0.5529063493129003,38008,0,8.034177015365186,171.28156891977414,0.2896634438075125,0.07827187795192003,4.88,2.0,1.74,0.0,2.0,15,30,50,0.0,0.05,4.0,False
epoch,1782720473.90801,13,1202.0771101010032,9.658581407230766e-05,1.4856709241867065,0.0652494803071022,0.5236961841583252,0.06847316771745682,0.0,0.0,0.13894769549369812,7621,0.08456578850746155,0.040932875126600266,0.08063357022045746,0.32032759465928423,22216,253302,69354,275518,69354,38008,38008,3800800,100.0,100.0,0.5227906107902527,0.5694237351417542,0.2956712543964386,0.7532286643981934,0.7809643149375916,0.5770106911659241,0.2547077238559723,0.25668309650663984,0.5551501896992953,38008,0,7.248947589981056,47.991833033040166,0.2767324079759419,0.07753478130325675,4.87,2.0,1.76,0.0,2.0,15,30,50,0.0,0.05,4.0,False
epoch,1782721831.4029562,14,1342.8787872032262,9.600271614361536e-05,1.4541130065917969,0.06311842054128647,0.5159531831741333,0.0648602545261383,0.0,0.0,0.026140596717596054,7621,1.3796478509902954,0.05845668539404869,0.48407745361328125,0.07156959921121597,0.0,0.0,0.0,0,0.09366094321012497,0.04474659264087677,0.08705559221125961,0.3272197710297892,22694,237990,69354,260684,69354,38008,38008,3800800,100.0,100.0,0.5306870341300964,0.5788950324058533,0.30904245376586914,0.7584905028343201,0.7882746458053589,0.5919341444969177,0.2629264295101166,0.2647143734671285,0.5527975942457111,38008,0,6.858661334455904,169.7847614060156,0.27475068205967546,0.07832813495770097,4.86,2.0,1.78,0.0,2.0,15,30,50,0.0,0.05,4.0,False
epoch,1782723066.9604666,15,1223.9055776908062,9.537583560930973e-05,1.4274715185165405,0.061137743294239044,0.5086609125137329,0.06313071399927139,0.0,0.0,0.012040485627949238,7621,0.10245832800865173,0.050959717482328415,0.0940872800493866,0.3274360527150561,22709,218652,69354,241361,69354,38008,38008,3800800,100.0,100.0,0.5351861119270325,0.583961546421051,0.3133288621902466,0.7648878693580627,0.7938835620880127,0.5943709015846252,0.2726014256477356,0.26693484886956914,0.550895159642058,38008,0,6.350268364554831,45.490472432691604,0.2611396932043135,0.08580435020849109,4.85,2.0,1.8,0.0,2.0,15,30,50,0.0,0.05,4.0,False
epoch,1782724504.3650255,16,1420.9811346968636,9.470580338317347e-05,1.4018784761428833,0.05897703766822815,0.49998319149017334,0.06399022042751312,0.0,0.0,0.006685860455036163,7621,1.3462486267089844,0.05598906800150871,0.47422510385513306,0.06967656314373016,0.0,0.0,0.0,0,0.11201774328947067,0.05754761025309563,0.09773341651070909,0.3320644807797676,23030,212611,69354,235641,69354,38008,38008,3800800,100.0,100.0,0.5403664708137512,0.5898312926292419,0.32331615686416626,0.770151674747467,0.7988868951797485,0.598220705986023,0.28096431493759155,0.26615622520625537,0.5550869059813621,38008,0,6.199773731845927,167.22724751522765,0.250260123051703,0.0780849102884531,4.84,2.0,1.82,0.0,2.0,15,30,50,0.0,0.05,4.0,False
epoch,1782725784.3630655,17,1268.9874214157462,9.399329380831217e-05,1.3890408277511597,0.0577130988240242,0.49628114700317383,0.06398081034421921,0.0,0.0,0.004249148536473513,7621,0.12141139060258865,0.0596071295440197,0.09769651303261738,0.3439888110274822,23857,220338,69354,244195,69354,38008,38008,3800800,100.0,100.0,0.5458707213401794,0.5963655710220337,0.33225083351135254,0.7759818434715271,0.8033711314201355,0.607477605342865,0.28632810711860657,0.2634887943153828,0.5662576002836059,38008,0,6.424831614396969,45.84818809712306,0.24462377093732357,0.07684070942923427,4.83,2.0,1.84,0.0,2.0,15,30,50,0.0,0.05,4.0,False
epoch,1782727139.5778544,18,1341.852338370867,9.323902397847252e-05,1.3656498193740845,0.05566168949007988,0.48841026425361633,0.06480598449707031,0.0,0.0,0.004647527821362019,7621,1.3154534101486206,0.052941206842660904,0.4640199840068817,0.07109507918357849,0.0,0.0,0.0,0,0.1215280294418335,0.06053272634744644,0.10063225795441941,0.3401101594716959,23588,210810,69354,234398,69354,38008,38008,3800800,100.0,100.0,0.5496770739555359,0.5970557928085327,0.34347712993621826,0.7760689854621887,0.8078409433364868,0.6159558296203613,0.2873806953430176,0.2758456701486654,0.552166475445682,38008,0,6.167070090507262,170.70362761290744,0.32226060703396797,0.10067918291315436,4.82,2.0,1.8599999999999999,0.0,2.0,15,30,50,0.0,0.05,4.0,False
epoch,1782728388.3098922,19,1236.82002202468,9.244375301633499e-05,1.3490149974822998,0.05428384244441986,0.4821970760822296,0.06569942086935043,0.0,0.0,0.0026171873323619366,7621,0.12307754904031754,0.061065591871738434,0.10622195160453736,0.3395766646480376,23551,198164,69354,221715,69354,38008,38008,3800800,100.0,100.0,0.5532420873641968,0.6044162511825562,0.34133055806159973,0.7827926278114319,0.8114168047904968,0.6169363260269165,0.29669520258903503,0.2773596613788789,0.5504241691114523,38008,0,5.833377183750789,46.7116759410128,0.23989546578377485,0.07817439967766404,4.81,2.0,1.88,0.0,2.0,15,30,50,0.0,0.05,4.0,False
epoch,1782729728.217276,20,1325.656969168689,9.1608281309507e-05,1.3280954360961914,0.05248485878109932,0.4746323525905609,0.06679059565067291,0.0,0.0,0.002029875060543418,7621,1.2856512069702148,0.05042962729930878,0.45255282521247864,0.07288520783185959,0.0,0.0,0.0,0,0.13138054311275482,0.06445329636335373,0.1099505172781328,0.3495400409493324,24242,196239,69354,220481,69354,38008,38008,3800800,100.0,100.0,0.5599191784858704,0.6132025718688965,0.35094231367111206,0.7886669039726257,0.8161749839782715,0.6270726919174194,0.307898610830307,0.27753265096808705,0.5574155045414799,38008,0,5.800910334666386,166.65489364089444,0.24319705087691545,0.07959117414429784,4.8,2.0,1.9,0.0,2.0,15,30,50,0.0,0.05,4.0,False
epoch,1782730989.183017,21,1248.3745845700614,9.07334497049858e-05,1.3188234567642212,0.05180360749363899,0.4706462025642395,0.06739199161529541,0.0,0.0,0.0016789297806099057,7621,0.12653636932373047,0.06216375157237053,0.11307528623079241,0.34632465322836464,24019,188397,69354,212416,69354,38008,38008,3800800,100.0,100.0,0.5589656233787537,0.6103271245956421,0.3511955142021179,0.7896811366081238,0.8148484826087952,0.6263806223869324,0.3074660301208496,0.28005596915856773,0.5528980955838548,38008,0,5.588718164596927,43.9117699242197,0.2307097059674561,0.07750438619405031,4.79,2.0,1.92,0.0,2.0,15,30,50,0.0,0.05,4.0,False
epoch,1782732341.3699722,22,1346.7191358297132,8.982013866290159e-05,1.3014546632766724,0.05035971850156784,0.4645192623138428,0.06788505613803864,0.0,0.0,0.001112923608161509,7621,1.2746756076812744,0.04925095662474632,0.44811320304870605,0.07372664660215378,0.0,0.0,0.0,0,0.13467419147491455,0.06650347262620926,0.11355400306347369,0.35060703059664905,24316,189820,69354,214136,69354,38008,38008,3800800,100.0,100.0,0.5633732080459595,0.6159131526947021,0.3567531704902649,0.7935459017753601,0.8198950290679932,0.6297257542610168,0.3145745098590851,0.2791187236643678,0.5567614604044365,38008,0,5.633971795411492,167.10395835805684,0.23707681940868497,0.07860082620754838,4.78,2.0,1.94,0.0,2.0,15,30,50,0.0,0.05,4.0,False
epoch,1782733616.8395312,23,1264.1955369827338,8.886926737039257e-05,1.284420132637024,0.04878579452633858,0.45778346061706543,0.06946231424808502,0.0,0.0,0.000906083092559129,7621,0.13904225826263428,0.06705557554960251,0.12256115407702114,0.35623035441358825,24706,176875,69354,201581,69354,38008,38008,3800800,100.0,100.0,0.5684192180633545,0.6235830187797546,0.36626046895980835,0.7987056970596313,0.8223894834518433,0.6351039409637451,0.3236871659755707,0.27887358655015687,0.5609008721832568,38008,0,5.303646600715639,44.2039700159803,0.28747785184532404,0.0986975859850645,4.77,2.0,1.96,0.0,2.0,15,30,50,0.0,0.05,4.0,False
epoch,1782735013.9829407,24,1384.0121460030787,8.788179281650402e-05,1.2670707702636719,0.04735717549920082,0.45191168785095215,0.06960947066545486,0.0,0.0,0.0008719168254174292,7621,1.2527669668197632,0.04781550168991089,0.43850159645080566,0.0748291015625,0.0,0.0,0.0,0,0.14181016385555267,0.0697556734085083,0.11857198760955968,0.36261787351847047,25149,186950,69354,212099,69354,38008,38008,3800800,100.0,100.0,0.5717592239379883,0.6286118030548096,0.36954206228256226,0.8018221259117126,0.8273783922195435,0.6404244899749756,0.32933932542800903,0.2778066164565051,0.566214876530783,38008,0,5.580377815196801,172.89298680331558,0.2829093658365309,0.10090849408879876,4.76,2.0,1.98,0.0,2.0,15,30,50,0.0,0.05,4.0,False
epoch,1782736248.1372762,25,1222.0045260027982,8.685870882904211e-05,1.249527931213379,0.0461076945066452,0.44478097558021545,0.07047709822654724,0.0,0.0,0.0007989849545992911,7621,0.1481396108865738,0.0724215880036354,0.12345555141472923,0.37256683104074745,25839,183459,69354,209298,69354,38008,38008,3800800,100.0,100.0,0.5774372220039368,0.6366385817527771,0.3806343972682953,0.8045341968536377,0.8321654200553894,0.6515846252441406,0.3351500928401947,0.2790177942033932,0.5717857920621613,38008,0,5.506682803620291,44.215586489997804,0.2399763441644609,0.07802536990493536,4.75,2.0,2.0,0.0,2.0,15,30,50,0.0,0.05,4.0,False
epoch,1782737573.2750049,26,1311.8988805771805,8.580104507435189e-05,1.2411513328552246,0.04517444223165512,0.441843181848526,0.07096031308174133,0.0,0.0,0.0005937158712185919,7621,1.2362074851989746,0.04620584845542908,0.4324081838130951,0.0754341185092926,0.0,0.0,0.0,0,0.15231886506080627,0.07590056955814362,0.12792763288476042,0.3717305418577155,25781,175747,69354,201528,69354,38008,38008,3800800,100.0,100.0,0.5778742432594299,0.6376199722290039,0.3779276907444,0.8038606643676758,0.8320356607437134,0.6510799527168274,0.3332035541534424,0.2793494108591119,0.5709445365451012,38008,0,5.302252157440539,167.34915306512266,0.23471424402669072,0.07938143983483315,4.74,2.0,2.02,0.0,2.0,15,30,50,0.0,0.05,4.0,False
epoch,1782738837.2411795,27,1251.4017870468087,8.470986602102631e-05,1.2203850746154785,0.04368054121732712,0.4329996109008789,0.07243955135345459,0.0,0.0,0.00047135326894931495,7621,0.15307071805000305,0.07574538141489029,0.12714680505249756,0.3801222712460709,26363,180980,69354,207343,69354,38008,38008,3800800,100.0,100.0,0.5820992588996887,0.642372190952301,0.38387179374694824,0.8094395399093628,0.8352077603340149,0.6551893353462219,0.3428497314453125,0.275067064100151,0.5801716400728696,38008,0,5.455246263944432,43.443433991167694,0.23052827501669526,0.07686557481065392,4.73,2.0,2.04,0.0,2.0,15,30,50,0.0,0.05,4.0,False
epoch,1782740164.1227622,28,1320.039329522755,8.3586269868589e-05,1.212187647819519,0.042934589087963104,0.4299476444721222,0.07264233380556107,0.0,0.0,0.0004358912701718509,7621,1.2275409698486328,0.04528384283185005,0.4290260970592499,0.07560601085424423,0.0,0.0,0.0,0,0.1553727388381958,0.07514317333698273,0.13094114256754744,0.37999250223491077,26354,174912,69354,201266,69354,38008,38008,3800800,100.0,100.0,0.5816760659217834,0.6381951570510864,0.3900223970413208,0.806852400302887,0.8381203413009644,0.6598321795463562,0.3364189565181732,0.27983967731144543,0.5758926496979291,38008,0,5.295358871816459,167.3145429478027,0.23479047929868102,0.08089170418679714,4.72,2.0,2.06,0.0,2.0,15,30,50,0.0,0.05,4.0,False
epoch,1782741385.3022077,29,1214.8642809400335,8.243138744222911e-05,1.1954123973846436,0.041749272495508194,0.4227907955646515,0.07365071028470993,0.0,0.0,0.0006584194488823414,7621,0.1629965454339981,0.07912074774503708,0.13245585051559103,0.3872739856388961,26859,175918,69354,202777,69354,38008,38008,3800800,100.0,100.0,0.5861487984657288,0.6432766318321228,0.39532244205474854,0.8078000545501709,0.8424316048622131,0.6651670932769775,0.3443636894226074,0.27789310763808145,0.5822206022414191,38008,0,5.335113660282046,48.049538030754775,0.2219065511599183,0.0801371717825532,4.71,2.0,2.08,0.0,2.0,15,30,50,0.0,0.05,4.0,False
epoch,1782742739.5494804,30,1341.8297467571683,8.124638105470052e-05,1.1853138208389282,0.040875017642974854,0.4187169373035431,0.0741761177778244,0.0,0.0,0.0003987623786088079,7621,1.2149924039840698,0.04442836344242096,0.42227017879486084,0.07697085291147232,0.0,0.0,0.0,0,0.1606583297252655,0.0786457285284996,0.1327444240147094,0.3830781209447184,26568,173576,69354,200144,69354,38008,38008,3800800,100.0,100.0,0.5882015228271484,0.6512323021888733,0.3997915983200073,0.8119481801986694,0.842143177986145,0.6644750237464905,0.3510395884513855,0.2813969028017721,0.5765124455465911,38008,0,5.2658387707850975,165.85188828408718,0.23785686865448952,0.07944991160184145,4.7,2.0,2.1,0.0,2.0,15,30,50,0.0,0.05,4.0,False
epoch,1782743900.9603674,31,1153.4314804538153,8.003244333653102e-05,1.178189754486084,0.040104564279317856,0.4157336354255676,0.07482627034187317,0.0,0.0,0.00040187363629229367,7621,0.16606558859348297,0.08171860873699188,0.13514430208011663,0.3849237246589959,26696,170841,69354,197537,69354,38008,38008,3800800,100.0,100.0,0.589505672454834,0.6507694125175476,0.3982885181903839,0.8131875395774841,0.8447818160057068,0.6658447980880737,0.35471639037132263,0.28092107342907785,0.5780982681914422,38008,0,5.197247947800463,43.05316451005638,0.25507808197289705,0.08029852574691176,4.69,2.0,2.12,0.0,2.0,15,30,50,0.0,0.05,4.0,False
epoch,1782745331.7525685,32,1418.0831378200091,7.879079603571857e-05,1.162682294845581,0.039224132895469666,0.4086245000362396,0.07563615590333939,0.0,0.0,0.0006732053589075804,7621,1.2015661001205444,0.043273404240608215,0.41643431782722473,0.07765339314937592,0.0,0.0,0.0,0,0.16935373842716217,0.08341500163078308,0.13610448223182994,0.3930847535830666,27262,173040,69354,200302,69354,38008,38008,3800800,100.0,100.0,0.5930908918380737,0.6545650959014893,0.40971803665161133,0.8148684501647949,0.8446088433265686,0.6771779656410217,0.3561150133609772,0.2840932120579551,0.5804748139006113,38008,0,5.269995790359924,174.70834021596238,0.23853568779304624,0.0796378212980926,4.68,2.0,2.14,0.0,2.0,15,30,50,0.0,0.05,4.0,False
epoch,1782746553.6650171,33,1208.7983883512206,7.752268878812271e-05,1.1533410549163818,0.03837154805660248,0.40457960963249207,0.07638400793075562,0.0,0.0,0.0005563304875977337,7621,0.17164002358913422,0.0841958299279213,0.14424690234104154,0.3929549845719065,27253,161680,69354,188933,69354,38008,38008,3800800,100.0,100.0,0.5955338478088379,0.6591470837593079,0.41087669134140015,0.8198597431182861,0.8474781513214111,0.6764569878578186,0.360801100730896,0.28350200328591213,0.5809016561663487,38008,0,4.970874552725742,43.86826223367825,0.22791469004005194,0.08353701280429959,4.67,2.0,2.16,0.0,2.0,15,30,50,0.0,0.05,4.0,False
epoch,1782747879.5940437,34,1313.4785511032678,7.622939785978889e-05,1.136902928352356,0.03703025355935097,0.3977292478084564,0.07746998965740204,0.0,0.0,0.0004165373102296144,7621,1.194474697113037,0.04254848137497902,0.4118764400482178,0.0791032686829567,0.0,0.0,0.0,0,0.17600466310977936,0.08629444241523743,0.14431088613413992,0.39831877036652535,27625,163802,69354,191427,69354,38008,38008,3800800,100.0,100.0,0.5973494052886963,0.6608780026435852,0.4124467372894287,0.8214573860168457,0.8485162854194641,0.6793119311332703,0.3649969696998596,0.2809931607667449,0.586356211500695,38008,0,5.036492317406862,167.7879027808085,0.22876551002264023,0.08140581799671054,4.66,2.0,2.18,0.0,2.0,15,30,50,0.0,0.05,4.0,False
epoch,1782749070.3729887,35,1177.6121823750436,7.491222486247099e-05,1.1330875158309937,0.0366092212498188,0.39554813504219055,0.07807164639234543,0.0,0.0,0.00021514880063477904,7621,0.17754268646240234,0.08805826306343079,0.14929457355973186,0.3988378464111659,27661,157617,69354,185278,69354,38008,38008,3800800,100.0,100.0,0.5986461043357849,0.6655896306037903,0.4109535813331604,0.8216518759727478,0.8480981588363647,0.6792254447937012,0.37054818868637085,0.2803875983825353,0.5871950903316108,38008,0,4.874710587244791,42.52676959801465,0.21412749169394374,0.07722275331616402,4.65,2.0,2.2,0.0,2.0,15,30,50,0.0,0.05,4.0,False
epoch,1782750464.3889449,36,1380.152628398966,7.357249544364525e-05,1.1241827011108398,0.03589840605854988,0.3912436366081238,0.078886017203331,0.0,0.0,0.00018805627769324929,7621,1.188784122467041,0.0419582799077034,0.40862423181533813,0.07966203987598419,0.0,0.0,0.0,0,0.17845001816749573,0.0881851315498352,0.15227808457188388,0.3968047985696571,27520,153202,69354,180722,69354,38008,38008,3800800,100.0,100.0,0.5992738604545593,0.6646725535392761,0.4148138165473938,0.822101354598999,0.8501456379890442,0.6775240302085876,0.37014448642730713,0.28071923163893053,0.5856689665272741,38008,0,4.75484108608714,166.510231141001,0.2526098806411028,0.09142464119940996,4.64,2.0,2.2199999999999998,0.0,2.0,15,30,50,0.0,0.05,4.0,False
epoch,1782751707.7891164,37,1230.486876170151,7.221155795233383e-05,1.1098860502243042,0.03493482246994972,0.3850005269050598,0.07952515780925751,0.0,0.0,0.00019981419609393924,7621,0.1837717741727829,0.09152507781982422,0.14971171334545863,0.40472070825042533,28069,159418,69354,187487,69354,38008,38008,3800800,100.0,100.0,0.5995227098464966,0.6609970331192017,0.4167194664478302,0.8224616646766663,0.8511261343955994,0.6803500652313232,0.3701877295970917,0.2756293569808979,0.5948712713253254,38008,0,4.932829930540938,43.84345003962517,0.23136631771922112,0.078490583691746,4.63,2.0,2.24,0.0,2.0,15,30,50,0.0,0.05,4.0,False
epoch,1782753049.455843,38,1329.9258336941712,7.083078208208067e-05,1.0998890399932861,0.034090835601091385,0.38034409284591675,0.08039899170398712,0.0,0.0,0.00013574764307122678,7621,1.1838268041610718,0.04160930588841438,0.4052974283695221,0.08008731156587601,0.0,0.0,0.0,0,0.18682730197906494,0.09171587228775024,0.15479754301933651,0.4026155665138276,27923,152461,69354,180384,69354,38008,38008,3800800,100.0,100.0,0.6022918224334717,0.6663410663604736,0.41981813311576843,0.8239156007766724,0.8533321619033813,0.6850217580795288,0.37415289878845215,0.2824061915657012,0.5877412823244736,38008,0,4.745948221427068,168.16098043927923,0.22607477894052863,0.07962508592754602,4.62,2.0,2.26,0.0,2.0,15,30,50,0.0,0.05,4.0,False
epoch,1782754265.9550023,39,1203.8311069197953,6.943155749244563e-05,1.0885823965072632,0.03339039161801338,0.375137060880661,0.08086787909269333,0.0,0.0,0.00017309520626440644,7621,0.1901066154241562,0.09408952295780182,0.15510001526950679,0.41008449404504427,28441,154931,69354,183372,69354,38008,38008,3800800,100.0,100.0,0.6044397354125977,0.6705381274223328,0.4261307716369629,0.8243658542633057,0.8556103706359863,0.6883525252342224,0.3773682713508606,0.27826803118917814,0.5957477876695618,38008,0,4.8245632498421385,42.35709350416437,0.21536308294162154,0.07896602898836136,4.61,2.0,2.2800000000000002,0.0,2.0,15,30,50,0.0,0.05,4.0,False
epoch,1782755621.2783513,40,1343.6756960540079,6.801529241040401e-05,1.077832818031311,0.03261147066950798,0.3704116940498352,0.08130290359258652,0.0,0.0,0.00023075813078321517,7621,1.1776448488235474,0.04127811640501022,0.4018648862838745,0.08001532405614853,0.0,0.0,0.0,0,0.19304794073104858,0.09655845165252686,0.1539336887882123,0.4154482798396632,28813,158365,69354,187178,69354,38008,38008,3800800,100.0,100.0,0.6064362525939941,0.6702512502670288,0.4273512363433838,0.8241865038871765,0.8585373759269714,0.6898087859153748,0.37938690185546875,0.27436050607571155,0.6022658573250328,38008,0,4.924700063144601,168.68826122395694,0.22833417495712638,0.07986882887780666,4.6,2.0,2.3,0.0,2.0,15,30,50,0.0,0.05,4.0,False
epoch,1782756840.1120934,41,1205.7619963199832,6.658341221305928e-05,1.0674911737442017,0.03169162943959236,0.36506760120391846,0.08271226286888123,0.0,0.0,0.0002083973231492564,7621,0.1935148686170578,0.09601962566375732,0.15894901144641,0.4140640770539551,28717,151951,69354,180668,69354,38008,38008,3800800,100.0,100.0,0.6072287559509277,0.6707459688186646,0.4287435710430145,0.8275582790374756,0.8566052317619324,0.6941056251525879,0.38271763920783997,0.2800415480986328,0.596543324314552,38008,0,4.753420332561566,42.04929223982617,0.2107371292077005,0.07733403192833066,4.59,2.0,2.32,0.0,2.0,15,30,50,0.0,0.05,4.0,False
epoch,1782758199.233837,42,1352.547390453983,6.513735799309541e-05,1.0616999864578247,0.031232867389917374,0.36179473996162415,0.08336133509874344,0.0,0.0,0.00022598794021178037,7621,1.1815263032913208,0.04124350845813751,0.4017048180103302,0.08086321502923965,0.0,0.0,0.0,0,0.19206878542900085,0.09454961121082306,0.15781297678160283,0.41014216916111546,28445,151800,69354,180245,69354,38008,38008,3800800,100.0,100.0,0.6048574447631836,0.6670781970024109,0.4287930428981781,0.8240172863006592,0.8541973233222961,0.6922888159751892,0.37583988904953003,0.28214664681407375,0.5924437311375177,38008,0,4.74229109661124,168.78185269702226,0.22078185435384512,0.07852400001138449,4.58,2.0,2.34,0.0,2.0,15,30,50,0.0,0.05,4.0,False
epoch,1782759414.9703948,43,1209.4244833528064,6.36785851084123e-05,1.0510284900665283,0.030582070350646973,0.3571009039878845,0.0835028663277626,0.0,0.0,0.0002727606624830514,7621,0.20003032684326172,0.10121695697307587,0.15972336211330335,0.42091299708740665,29192,153574,69354,182766,69354,38008,38008,3800800,100.0,100.0,0.6088619232177734,0.6731403470039368,0.4353737235069275,0.8280433416366577,0.8568935990333557,0.6958791017532349,0.3826599717140198,0.2749661046658282,0.6048651210058414,38008,0,4.8086192380551465,42.31538357865065,0.22667904570698738,0.07847748324275017,4.57,2.0,2.36,0.0,2.0,15,30,50,0.0,0.05,4.0,False
epoch,1782760799.5556865,44,1373.0069044139236,6.220856171740447e-05,1.0404958724975586,0.0298425555229187,0.3513686954975128,0.084737628698349,0.0,0.0,0.00015356324729509652,7621,1.1772319078445435,0.04085979983210564,0.3987501561641693,0.08126497268676758,0.0,0.0,0.0,0,0.2035483717918396,0.10060933977365494,0.16079608103437873,0.4226432505695418,29312,152981,69354,182293,69354,38008,38008,3800800,100.0,100.0,0.608292818069458,0.6706881523132324,0.4353700578212738,0.82672119140625,0.8588113188743591,0.6942209601402283,0.3799492418766022,0.2715777095706865,0.6088022039613591,38008,0,4.796174489581141,184.3502863906324,0.2302976599894464,0.08070731302723289,4.56,2.0,2.38,0.0,2.0,15,30,50,0.0,0.05,4.0,False
epoch,1782762079.3948948,45,1274.0349554466084,6.072876730135667e-05,1.0313924551010132,0.029186856001615524,0.3472517430782318,0.08503740280866623,0.0,0.0,0.00014376096078194678,7621,0.20939494669437408,0.10287954658269882,0.16398203210456472,0.42582980073247395,29533,150566,69354,180099,69354,38008,38008,3800800,100.0,100.0,0.6097566485404968,0.6737890243530273,0.4379969537258148,0.8267815709114075,0.8607290387153625,0.6990079879760742,0.3798339068889618,0.27317818724360027,0.6091916087617719,38008,0,4.738449800042097,41.81912436289713,0.23741767182946205,0.08690094063058496,4.55,2.0,2.4,0.0,2.0,15,30,50,0.0,0.05,4.0,False
epoch,1782763488.1747546,46,1394.3778030360118,5.9240691175443894e-05,1.0252881050109863,0.028619976714253426,0.34410223364830017,0.08559885621070862,0.0,0.0,0.00016302276344504207,7621,1.1766152381896973,0.04054250568151474,0.39776554703712463,0.08141372352838516,0.0,0.0,0.0,0,0.21130067110061646,0.10379934310913086,0.16368475691913503,0.4274014476454134,29642,151450,69354,181092,69354,38008,38008,3800800,100.0,100.0,0.6097379326820374,0.6694300174713135,0.4365703761577606,0.8279432058334351,0.8626034259796143,0.697205662727356,0.3791850507259369,0.2698042150819426,0.6130206200183285,38008,0,4.764575878762366,168.43004390224814,0.25905574625357985,0.09387086611241102,4.54,2.0,2.42,0.0,2.0,15,30,50,0.0,0.05,4.0,False
epoch,1782764759.6043928,47,1257.9910876969807,5.774583098983424e-05,1.0146137475967407,0.027804555371403694,0.3386737108230591,0.08660329133272171,0.0,0.0,7.566493150079623e-05,7621,0.2120983898639679,0.10405323654413223,0.16839894417165727,0.4277474983418404,29666,146499,69354,176165,69354,38008,38008,3800800,100.0,100.0,0.6104586720466614,0.671953558921814,0.43820151686668396,0.8270836472511292,0.8623439073562622,0.6997577548027039,0.3832511603832245,0.27201025646086346,0.6112793969142127,38008,0,4.634945274679015,41.25212713191286,0.20943984016776085,0.07699967315420508,4.53,2.0,2.44,0.0,2.0,15,30,50,0.0,0.05,4.0,False
epoch,1782766108.155598,48,1336.7311139199883,5.6245691222402966e-05,1.0064327716827393,0.027166074141860008,0.33424070477485657,0.08746372163295746,0.0,0.0,9.609734843252227e-05,7621,1.1762467622756958,0.040343593806028366,0.3954830765724182,0.08249066770076752,0.0,0.0,0.0,0,0.2106345295906067,0.10454608500003815,0.16953554110265898,0.4254693312570292,29508,144544,69354,174052,69354,38008,38008,3800800,100.0,100.0,0.6109898686408997,0.6732905507087708,0.43352967500686646,0.8288102149963379,0.8602532148361206,0.6999740600585938,0.38499581813812256,0.27450472880156457,0.607835854976417,38008,0,4.579351715428331,176.53977113310248,0.23732468811795115,0.08791166869923472,4.52,2.0,2.46,0.0,2.0,15,30,50,0.0,0.05,4.0,False
epoch,1782767354.361738,49,1232.9758825888857,5.47417816645752e-05,1.0010730028152466,0.026725532487034798,0.3309386372566223,0.08817067742347717,0.0,0.0,9.612239227863029e-05,7621,0.211453378200531,0.10473421961069107,0.16757778572523374,0.4256423566052427,29520,146637,69354,176157,69354,38008,38008,3800800,100.0,100.0,0.61104816198349,0.6733947992324829,0.43774300813674927,0.8269619345664978,0.8663811683654785,0.6964702606201172,0.38351067900657654,0.2708279040148745,0.6111421846300558,38008,0,4.634734792675227,42.34375162003562,0.21773972967639565,0.08213653694838285,4.51,2.0,2.48,0.0,2.0,15,30,50,0.0,0.05,4.0,False
epoch,1782768676.8558168,50,1309.0804166542366,5.3235615901820654e-05,0.992203414440155,0.026277219876646996,0.32628336548805237,0.08855623751878738,0.0,0.0,0.00010323160677216947,7621,1.1777386665344238,0.04026874154806137,0.3955193758010864,0.08219609409570694,0.0,0.0,0.0,0,0.2176232635974884,0.10771846771240234,0.169020752781504,0.4323903451855697,29988,147434,69354,177422,69354,38008,38008,3800800,100.0,100.0,0.6120242476463318,0.6754611134529114,0.439166396856308,0.8292015790939331,0.8630071878433228,0.7002912759780884,0.3862646818161011,0.2679009307925187,0.6174435695798942,38008,0,4.66801725952431,166.125042560976,0.226110203191638,0.07837455905973911,4.5,2.0,2.5,0.0,2.0,15,30,50,0.0,0.05,4.0,False
epoch,1782769942.8903844,51,1251.5728650549427,5.1728709790330044e-05,0.983985424041748,0.025635695084929466,0.32292357087135315,0.0891103595495224,0.0,0.0,0.00010309348726877943,7621,0.2158699929714203,0.10684553533792496,0.17130612408379062,0.43168382501369784,29939,144830,69354,174769,69354,38008,38008,3800800,100.0,100.0,0.6133986115455627,0.6778631806373596,0.44139885902404785,0.8314162492752075,0.8635262846946716,0.7000605463981628,0.3908065855503082,0.268376721384465,0.6166378425905116,38008,0,4.598216165017891,43.740088797640055,0.23018793761730194,0.08636570489034057,4.5,2.0,2.5,0.0,2.0,15,30,50,0.0,0.05,4.0,False
epoch,1782771294.0280588,52,1344.4648215831257,5.022257993140611e-05,0.9737610220909119,0.025251487269997597,0.3178057372570038,0.08980778604745865,0.0,0.0,8.17651380202733e-05,7621,1.1743577718734741,0.04024067148566246,0.39359524846076965,0.0824333056807518,0.0,0.0,0.0,0,0.21951784193515778,0.10983765125274658,0.16999712356812913,0.434596418375292,30141,147162,69354,177303,69354,38008,38008,3800800,100.0,100.0,0.6131629943847656,0.6768890023231506,0.4440787136554718,0.8302608728408813,0.8640453219413757,0.7027280330657959,0.38646653294563293,0.2681316146905039,0.6184418408346051,38008,0,4.664886339717954,164.79158570431173,0.21720696473494172,0.07878090906888247,4.5,2.0,2.5,0.0,2.0,15,30,50,0.0,0.05,4.0,False
epoch,1782772531.8182712,53,1224.9246153989807,4.8718742145104706e-05,0.9657363295555115,0.0247380081564188,0.3149142563343048,0.08983461558818817,0.0,0.0,6.957730511203408e-05,7621,0.2202683687210083,0.11094103008508682,0.1735786998969275,0.4322173198373562,29976,142718,69354,172694,69354,38008,38008,3800800,100.0,100.0,0.6137644648551941,0.6765062808990479,0.44151559472084045,0.8314743041992188,0.8670588731765747,0.7012284994125366,0.3892205059528351,0.26901117957518045,0.6163715824434574,38008,0,4.543622395285203,42.41976856999099,0.21659793611615896,0.0773129160515964,4.5,2.0,2.5,0.0,2.0,15,30,50,0.0,0.05,4.0,False
epoch,1782773870.067708,54,1325.4027167409658,4.721870994466229e-05,0.9550310373306274,0.024112261831760406,0.30960947275161743,0.0909227803349495,0.0,0.0,6.448959902627394e-05,7621,1.1747229099273682,0.04025859013199806,0.39393460750579834,0.0822758600115776,0.0,0.0,0.0,0,0.22213110327720642,0.11121020466089249,0.17279634390174237,0.4361392277301958,30248,144802,69354,175050,69354,38008,38008,3800800,100.0,100.0,0.6133877038955688,0.6751680970191956,0.44452911615371704,0.8283125162124634,0.8660351037979126,0.702814519405365,0.3842748701572418,0.2666752916751692,0.6205609242381661,38008,0,4.605609345400969,165.03976606298238,0.22489883517846465,0.08323842519894242,4.5,2.0,2.5,0.0,2.0,15,30,50,0.0,0.05,4.0,False
epoch,1782775138.9563906,55,1255.92330931779,4.572399301324489e-05,0.947641134262085,0.02369559556245804,0.30653515458106995,0.09117599576711655,0.0,0.0,8.410828013438731e-05,7621,0.22371256351470947,0.11124695837497711,0.17251753560946867,0.43903740231277216,30449,146049,69354,176498,69354,38008,38008,3800800,100.0,100.0,0.6122093200683594,0.6753171682357788,0.44407883286476135,0.8268727660179138,0.8672606945037842,0.7039536237716675,0.38394325971603394,0.2649162214588953,0.6236737584508509,38008,0,4.643706588086719,46.77862584171817,0.2548976163379848,0.09906095080077648,4.5,2.0,2.5,0.0,2.0,15,30,50,0.0,0.05,4.0,False
epoch,1782776466.3988132,56,1313.4196570306085,4.423609568455195e-05,0.9384444952011108,0.023202741518616676,0.3020097017288208,0.09200514853000641,0.0,0.0,6.857419066363946e-05,7621,1.1768970489501953,0.040370915085077286,0.393871545791626,0.08299432694911957,0.0,0.0,0.0,0,0.22346055507659912,0.11150852590799332,0.1739567016106358,0.43713412348242353,30317,143962,69354,174279,69354,38008,38008,3800800,100.0,100.0,0.6129485368728638,0.6776874661445618,0.44220420718193054,0.8280129432678223,0.8641462922096252,0.7032471299171448,0.3890186548233032,0.26611300643472124,0.6215938962081876,38008,0,4.585324142285835,170.99202965479344,0.2445399989373982,0.09259810019284487,4.5,2.0,2.5,0.0,2.0,15,30,50,0.0,0.05,4.0,False
epoch,1782777681.323879,57,1201.6326647498645,4.275651542880397e-05,0.9317710995674133,0.02274227887392044,0.2987446188926697,0.09277612715959549,0.0,0.0,5.642033647745848e-05,7621,0.22483378648757935,0.11179904639720917,0.17657151137516303,0.43923926521902124,30463,142062,69354,172525,69354,38008,38008,3800800,100.0,100.0,0.6132509708404541,0.678767204284668,0.4412820637226105,0.8294144868850708,0.8643049001693726,0.7036364078521729,0.3854139745235443,0.2643971426331516,0.6242418105677402,38008,0,4.539175962955167,45.536328511312604,0.24057050934061408,0.08024062216281891,4.5,2.0,2.5,0.0,2.0,15,30,50,0.0,0.05,4.0,False
epoch,1782779122.725701,58,1429.3036725171842,4.128674134563775e-05,0.923191487789154,0.02220297046005726,0.2942068874835968,0.09394620358943939,0.0,0.0,4.1674105887068436e-05,7621,1.1776801347732544,0.04024100676178932,0.39375606179237366,0.08363362401723862,0.0,0.0,0.0,0,0.22208350896835327,0.10990867763757706,0.17376029025109935,0.43642760331055164,30268,143926,69354,174194,69354,38008,38008,3800800,100.0,100.0,0.6132955551147461,0.6768960952758789,0.4422484040260315,0.8290070295333862,0.8674625754356384,0.7010698914527893,0.38613489270210266,0.26464228814223767,0.6225165402641473,38008,0,4.58308777099558,200.67203381564468,0.24408143991604447,0.10818043584004045,4.5,2.0,2.5,0.0,2.0,15,30,50,0.0,0.05,4.0,False
epoch,1782780390.614518,59,1261.9446919620968,3.9828252665426225e-05,0.9116811156272888,0.021628176793456078,0.28906598687171936,0.09448874741792679,0.0,0.0,5.373083695303649e-05,7621,0.22430023550987244,0.11087287962436676,0.17488923585704655,0.4376820370850996,30355,143212,69354,173567,69354,38008,38008,3800800,100.0,100.0,0.6138754487037659,0.6759958267211914,0.4436781108379364,0.8298266530036926,0.8683421015739441,0.7031894326210022,0.3858465254306793,0.2655073955359026,0.6224240820197265,38008,0,4.5665912439486425,46.814599219709635,0.23645092314109206,0.08086461899802089,4.5,2.0,2.5,0.0,2.0,15,30,50,0.0,0.05,4.0,False
epoch,1782781802.657915,60,1406.2110072379,3.838251726053087e-05,0.9061325192451477,0.02135639451444149,0.28577062487602234,0.09539429098367691,0.0,0.0,3.861942241201177e-05,7621,1.1813554763793945,0.04055434465408325,0.3943301737308502,0.08408017456531525,0.0,0.0,0.0,0,0.22240683436393738,0.1107335090637207,0.1779353562005277,0.4356201516855553,30212,139580,69354,169792,69354,38008,38008,3800800,100.0,100.0,0.6124019622802734,0.6756501197814941,0.44066140055656433,0.8264303207397461,0.8656169772148132,0.7031317353248596,0.38828331232070923,0.26751158363930433,0.6195427254955159,38008,0,4.467270048410861,168.7030750978738,0.21681875502690673,0.07957476982846856,4.5,2.0,2.5,0.0,2.0,15,30,50,0.0,0.05,4.0,False
epoch,1782789078.0853136,1,926.8762528388761,9.999998660024705e-05,4.212243556976318,2.8554091453552246,2.7136664390563965,1.3568332195281982,0.18353495001792908,0.8464060425758362,0.1623404324054718,0.0,0.0,0.7810403108596802,7621,0.0030247760005295277,0.001064492273144424,0.004750052620500947,0.26031663638723074,18054,3782746,69354,3800800,69354,38008,38008,3800800,100.0,100.0,0.3422161936759949,0.3287416696548462,0.13572150468826294,0.5084717273712158,0.6040170788764954,0.26085013151168823,0.05431554093956947,0.0005334951244574948,0.9979547829960224,38008,0,100.0,288.2636069711298,2.0251022838056087,0.09418636420741677,4.99,2.0,1.52,0.1,0.5,2.0,15,30,50,0.0,0.05,4.0,False
epoch,1782789927.6475103,2,836.5434929151088,9.997495205947232e-05,3.370873212814331,2.2791078090667725,2.1835312843322754,1.0917656421661377,0.12416417896747589,0.7198916077613831,0.14349794387817383,0.0,0.0,0.6743661761283875,7621,1.9868454933166504,0.09883243590593338,0.6419297456741333,0.13688279688358307,0.0,0.0,0.0,0,0.0032778428867459297,0.000912656367290765,0.006259734792675226,0.34305159039132566,23792,3777008,69354,3800800,69354,38008,38008,3800800,100.0,100.0,0.3880515694618225,0.3851722776889801,0.1749667227268219,0.5741299390792847,0.6654987335205078,0.3433111310005188,0.07975026965141296,0.0002595406091931429,0.9992440075903255,38008,0,100.0,281.6724884873256,2.1377339200116694,0.08537581888958812,4.98,2.0,1.54,0.1,0.5,2.0,15,30,50,0.0,0.05,4.0,False
epoch,1782790748.5244362,3,813.0923967598937,9.990213712044223e-05,3.100236654281616,2.0952274799346924,2.0100250244140625,1.0050125122070312,0.1085023432970047,0.675141453742981,0.13185177743434906,0.0,0.0,0.6172099113464355,7621,0.0040979813784360886,0.0011894374620169401,0.007158756051357609,0.3923205582951236,27209,3773591,69354,3800800,69354,38008,38008,3800800,100.0,100.0,0.41445115208625793,0.42535868287086487,0.1946200579404831,0.6029136776924133,0.6929376721382141,0.3924647569656372,0.10306543111801147,0.0001441986705136289,0.9996325818612899,38008,0,100.0,265.9425262110308,2.02252234891057,0.10358649212867022,4.97,2.0,1.56,0.1,0.5,2.0,15,30,50,0.0,0.05,4.0,False
epoch,1782791614.9348402,4,855.2287064758129,9.97816150665754e-05,2.9014487266540527,1.958141803741455,1.8866149187088013,0.9433074593544006,0.09678798913955688,0.6429958939552307,0.1215713694691658,0.0,0.0,0.5678708553314209,7621,1.762553095817566,0.08171410858631134,0.5855884552001953,0.11776908487081528,0.0,0.0,0.0,0,0.009159326553344727,0.0041938163340091705,0.007928857082719428,0.434524324480203,30136,3770664,69354,3800800,69354,38008,38008,3800800,100.0,100.0,0.4374271631240845,0.44994959235191345,0.2136043906211853,0.6379744410514832,0.7145802974700928,0.4346540868282318,0.13001413643360138,0.0001297623480288057,0.999701458350534,38008,0,100.0,286.87248239992186,2.010385063942522,0.08283846778795123,4.96,2.0,1.58,0.1,0.5,2.0,15,30,50,0.0,0.05,4.0,False
epoch,1782792427.7065556,5,800.9987951563671,9.96135071953452e-05,2.7546112537384033,1.8576490879058838,1.7939199209213257,0.8969599604606628,0.08872146159410477,0.6191706657409668,0.11258693039417267,0.0,0.0,0.526345431804657,7621,0.011100714094936848,0.004644213244318962,0.008572932014312777,0.46982149551575975,32584,3768216,69354,3800800,69354,38008,38008,3800800,100.0,100.0,0.4561343789100647,0.47660741209983826,0.2313772588968277,0.6637753248214722,0.731767475605011,0.4700666069984436,0.14953716099262238,0.0002451114826838574,0.9994785601039627,38008,0,100.0,259.9722945569083,1.9962845570407808,0.07491045771166682,4.95,2.0,1.6,0.1,0.5,2.0,15,30,50,0.0,0.05,4.0,False
epoch,1782793263.156405,6,818.1358324578032,9.93979826962018e-05,2.619171380996704,1.7610714435577393,1.716196060180664,0.858098030090332,0.08055083453655243,0.5965802073478699,0.10493285208940506,0.0,0.0,0.48933276534080505,7621,1.5910826921463013,0.06859522312879562,0.5419154167175293,0.10394557565450668,0.0,0.0,0.0,0,0.012323773466050625,0.004201249685138464,0.00922305830351505,0.5054502984687257,35055,3765745,69354,3800800,69354,38008,38008,3800800,100.0,100.0,0.4759025573730469,0.5043687224388123,0.24838784337043762,0.68877112865448,0.7483202219009399,0.5056089162826538,0.17500072717666626,0.00015861781392811913,0.9996862835903008,38008,0,100.0,276.42988983681425,2.0174874919466674,0.08046815916895866,4.94,2.0,1.62,0.1,0.5,2.0,15,30,50,0.0,0.05,4.0,False
epoch,1782794070.19,7,800.2799928970635,9.913525848029428e-05,2.514742612838745,1.689595103263855,1.6503006219863892,0.8251503109931946,0.07536451518535614,0.5782894492149353,0.09845639020204544,0.0,0.0,0.4560420513153076,7621,0.02103443816304207,0.009743066504597664,0.009616659650599874,0.5270207918793437,36551,3764249,69354,3800800,69354,38008,38008,3800800,100.0,100.0,0.48976999521255493,0.5220125913619995,0.2649037539958954,0.7047476768493652,0.7620757222175598,0.5271217226982117,0.19360095262527466,0.0001009308188679725,0.9998085246452161,38008,0,100.0,266.1760582686402,2.017976973205805,0.07579395174980164,4.93,2.0,1.6400000000000001,0.1,0.5,2.0,15,30,50,0.0,0.05,4.0,False
epoch,1782794910.3091707,8,826.8289709710516,9.882559896216383e-05,2.4321231842041016,1.630811095237732,1.6026161909103394,0.8013080954551697,0.07126233726739883,0.5635010004043579,0.09228778630495071,0.0,0.0,0.4237821400165558,7621,1.4897767305374146,0.062327295541763306,0.5146210193634033,0.09270176291465759,0.0,0.0,0.0,0,0.023737527430057526,0.012110769748687744,0.009800042096400757,0.5370706808547452,37248,3763552,69354,3800800,69354,38008,38008,3800800,100.0,100.0,0.49904510378837585,0.5302379727363586,0.27959302067756653,0.7176498174667358,0.7734665870666504,0.5370851159095764,0.20959137380123138,1.4435054831229976e-05,0.9999731233385479,38008,0,100.0,278.71634010458365,2.065642534289509,0.08328963117673993,4.92,2.0,1.66,0.1,0.5,2.0,15,30,50,0.0,0.05,4.0,False
epoch,1782795740.9708352,9,817.0363700697199,9.846931579362807e-05,2.3573780059814453,1.5786230564117432,1.55751371383667,0.778756856918335,0.06746797263622284,0.5505020618438721,0.08711086958646774,0.0,0.0,0.3634673058986664,7621,0.020047703757882118,0.009063082747161388,0.010126552304777941,0.5549643856158261,38489,3762311,69354,3800800,69354,38008,38008,3800800,100.0,100.0,0.51148521900177,0.5479574799537659,0.28805097937583923,0.7361034154891968,0.7810796499252319,0.5549787878990173,0.23054185509681702,1.440228319127268e-05,0.9999740489483466,38008,0,100.0,270.3474648371339,2.1164160170592368,0.07888766517862678,4.91,2.0,1.68,0.1,0.5,2.0,15,30,50,0.0,0.05,4.0,False
epoch,1782796591.7616374,10,843.9903206867166,9.806676755012405e-05,2.2814276218414307,1.5252001285552979,1.512458324432373,0.7562291622161865,0.06425394117832184,0.539137065410614,0.07769520580768585,0.0,0.0,0.053617171943187714,7621,1.4031795263290405,0.055942293256521225,0.4924726188182831,0.0847749188542366,0.0,0.0,0.0,0,0.02400679886341095,0.012443045154213905,0.010385708271942748,0.5691668829483519,39474,3761326,69354,3800800,69354,38008,38008,3800800,100.0,100.0,0.5194011926651001,0.557181715965271,0.3033957779407501,0.7392305731773376,0.7901058197021484,0.5692245364189148,0.23587679862976074,5.76534705628573e-05,0.999898715767023,38008,0,100.0,287.0673485449515,2.0709625836461782,0.08464514883235097,4.9,2.0,1.7,0.1,0.5,2.0,15,30,50,0.0,0.05,4.0,False
epoch,1782797421.013908,11,809.553250787314,9.761835936982583e-05,2.224311351776123,1.4841275215148926,1.4803680181503296,0.7401840090751648,0.06136493384838104,0.528288722038269,0.07411368936300278,0.0,0.0,0.012800085358321667,7621,0.025948096066713333,0.013668027706444263,0.0105622500526205,0.5788418836692909,40145,3760655,69354,3800800,69354,38008,38008,3800800,100.0,100.0,0.5280125737190247,0.5670499801635742,0.3163556754589081,0.751086413860321,0.8008189797401428,0.5792167782783508,0.2516076862812042,0.0003748946090599281,0.9993527559574944,38008,0,100.0,262.8459155349992,2.105423945002258,0.07634453009814024,4.89,2.0,1.72,0.1,0.5,2.0,15,30,50,0.0,0.05,4.0,False
epoch,1782798253.8514688,12,820.3162303580903,9.712454254589977e-05,2.170208215713501,1.4451695680618286,1.4500765800476074,0.7250382900238037,0.058615829795598984,0.5169422626495361,0.07197725772857666,0.0,0.0,0.006488123908638954,7621,1.3342351913452148,0.05168578028678894,0.47130247950553894,0.08011731505393982,0.0,0.0,0.0,0,0.02318963035941124,0.0124895591288805,0.010757735213639234,0.5895550364795109,40888,3759912,69354,3800800,69354,38008,38008,3800800,100.0,100.0,0.5381540060043335,0.5806474685668945,0.33174389600753784,0.7626187205314636,0.8065576553344727,0.5897569060325623,0.26886698603630066,0.00020186955305134813,0.9996577071824231,38008,0,100.0,277.51748869381845,2.0443325052037835,0.10721221100538969,4.88,2.0,1.74,0.1,0.5,2.0,15,30,50,0.0,0.05,4.0,False
epoch,1782799063.3532736,13,804.3349203099497,9.658581407230766e-05,2.1356427669525146,1.4216902256011963,1.4279032945632935,0.7139516472816467,0.0569612942636013,0.5108612179756165,0.06963860988616943,0.0,0.0,0.0034254263155162334,7621,0.02303355000913143,0.011654273606836796,0.011051357608924436,0.6056463938633676,42004,3758796,69354,3800800,69354,38008,38008,3800800,100.0,100.0,0.5431527495384216,0.587050199508667,0.3387306332588196,0.7645927667617798,0.8113879561424255,0.6057473421096802,0.2713181674480438,0.00010094824631257104,0.9998333492542271,38008,0,100.0,263.2559438496828,2.071429423056543,0.07880465080961585,4.87,2.0,1.76,0.1,0.5,2.0,15,30,50,0.0,0.05,4.0,False
epoch,1782799900.9314945,14,831.1258844062686,9.600271614361536e-05,2.097360849380493,1.3942513465881348,1.4062199592590332,0.7031099796295166,0.055090948939323425,0.5024640560150146,0.06830383092164993,0.0,0.0,0.003973860759288073,7621,1.297133207321167,0.04917299747467041,0.4614993631839752,0.07592896372079849,0.0,0.0,0.0,0,0.021901454776525497,0.010924499481916428,0.011132130077878341,0.61007295902183,42311,3758489,69354,3800800,69354,38008,38008,3800800,100.0,100.0,0.5469727516174316,0.5895230174064636,0.3417867422103882,0.7689378261566162,0.8150214552879333,0.6102315783500671,0.27624937891960144,0.00015861932823713065,0.999740066994458,38008,0,100.0,282.4626226639375,2.0534729859791696,0.08154317224398255,4.86,2.0,1.78,0.1,0.5,2.0,15,30,50,0.0,0.05,4.0,False
epoch,1782800727.1779022,15,819.0950609748252,9.537583560930973e-05,2.0535480976104736,1.3621561527252197,1.382780909538269,0.6913904547691345,0.05275971069931984,0.4924147427082062,0.06746792793273926,0.0,0.0,0.002886255271732807,7621,0.023687172681093216,0.012317860499024391,0.011239739002315303,0.6159702396401073,42720,3758080,69354,3800800,69354,38008,38008,3800800,100.0,100.0,0.5532529950141907,0.5982143878936768,0.3507915437221527,0.7766339182853699,0.818481981754303,0.6161288619041443,0.288981169462204,0.00015862226403695612,0.9997425501809042,38008,0,100.0,263.4824663880281,2.078214710112661,0.07670954009518027,4.85,2.0,1.8,0.1,0.5,2.0,15,30,50,0.0,0.05,4.0,False
epoch,1782801569.4592063,16,825.589974898845,9.470580338317347e-05,2.024932622909546,1.3425946235656738,1.3646756410598755,0.6823378205299377,0.05137068033218384,0.4848705530166626,0.06825127452611923,0.0,0.0,0.006390079390257597,7621,1.2566959857940674,0.046597614884376526,0.4465286135673523,0.07588253170251846,0.0,0.0,0.0,0,0.028367958962917328,0.01562425959855318,0.011473374026520733,0.6287741154079073,43608,3757192,69354,3800800,69354,38008,38008,3800800,100.0,100.0,0.5610479712486267,0.6074212789535522,0.3652130663394928,0.7848619222640991,0.8262104392051697,0.6288750171661377,0.30029991269111633,0.00010090175823040948,0.9998395519690302,38008,0,100.0,276.9530479898676,2.062326173763722,0.08058180194348097,4.84,2.0,1.82,0.1,0.5,2.0,15,30,50,0.0,0.05,4.0,False
epoch,1782802386.2844439,17,804.604297936894,9.399329380831217e-05,2.0024008750915527,1.3283530473709106,1.348103404045105,0.6740517020225525,0.05007864534854889,0.4796730577945709,0.06908813863992691,0.0,0.0,0.0032100363168865442,7621,0.02651534229516983,0.014701537787914276,0.01162676278678173,0.6371802635752805,44191,3756609,69354,3800800,69354,38008,38008,3800800,100.0,100.0,0.5667305588722229,0.6154168248176575,0.3697616457939148,0.7896046042442322,0.8303053975105286,0.6371802687644958,0.307898610830307,5.189215390721813e-09,0.9999999918559698,38008,0,100.0,263.66056828107685,2.0831147599965334,0.07667555008083582,4.83,2.0,1.84,0.1,0.5,2.0,15,30,50,0.0,0.05,4.0,False
epoch,1782803214.0099022,18,821.6589650749229,9.323902397847252e-05,1.9724265336990356,1.3079150915145874,1.329021692276001,0.6645108461380005,0.04859080910682678,0.4718284606933594,0.06992001831531525,0.0,0.0,0.003700858447700739,7621,1.235377550125122,0.04477554187178612,0.4376218020915985,0.0775897428393364,0.0,0.0,0.0,0,0.02777477167546749,0.015533270314335823,0.01172042727846769,0.6423133489056146,44547,3756253,69354,3800800,69354,38008,38008,3800800,100.0,100.0,0.5700089931488037,0.6211884021759033,0.37677884101867676,0.7901040315628052,0.8312137722969055,0.6423854231834412,0.3116186559200287,7.20742778265171e-05,0.9998878021274684,38008,0,100.0,279.56760612595826,2.0962044200859964,0.08313249610364437,4.82,2.0,1.8599999999999999,0.1,0.5,2.0,15,30,50,0.0,0.05,4.0,False
epoch,1782804042.6204317,19,821.2992922170088,9.244375301633499e-05,1.945186734199524,1.2892394065856934,1.3118880987167358,0.6559440493583679,0.04703746736049652,0.464772492647171,0.0709819495677948,0.0,0.0,0.002131521701812744,7621,0.027929261326789856,0.015058408491313457,0.011914596926962744,0.6529544078207458,45285,3755515,69354,3800800,69354,38008,38008,3800800,100.0,100.0,0.5768545866012573,0.6292381882667542,0.38650161027908325,0.7979097366333008,0.837399423122406,0.6530409455299377,0.32260575890541077,8.653770919198056e-05,0.9998674850179237,38008,0,100.0,262.5362161640078,2.035542896948755,0.07580866012722254,4.81,2.0,1.88,0.1,0.5,2.0,15,30,50,0.0,0.05,4.0,False
epoch,1782804874.1679854,20,825.0371298170649,9.1608281309507e-05,1.9153064489364624,1.269698977470398,1.2912110090255737,0.6456055045127869,0.0455099418759346,0.45695701241493225,0.07228362560272217,0.0,0.0,0.002470677951350808,7621,1.2036758661270142,0.04249870404601097,0.4245759844779968,0.07922592759132385,0.0,0.0,0.0,0,0.027877988293766975,0.015152530744671822,0.011945643022521574,0.6546558237448453,45403,3755397,69354,3800800,69354,38008,38008,3800800,100.0,100.0,0.5797404050827026,0.6317770481109619,0.38792356848716736,0.801177978515625,0.8407013416290283,0.654670238494873,0.3269313871860504,1.4414750027724743e-05,0.9999779816628585,38008,0,100.0,279.00833737198263,2.142659326083958,0.09399385983124375,4.8,2.0,1.9,0.1,0.5,2.0,15,30,50,0.0,0.05,4.0,False
epoch,1782805698.7077413,21,810.177146627102,9.07334497049858e-05,1.8939026594161987,1.2560714483261108,1.2756685018539429,0.6378342509269714,0.04454681649804115,0.4510398507118225,0.0732353925704956,0.0,0.0,0.0019351091468706727,7621,0.027224544435739517,0.01477495115250349,0.012065354662176384,0.661216368197941,45858,3754942,69354,3800800,69354,38008,38008,3800800,100.0,100.0,0.5849122405052185,0.6418130993843079,0.3956366181373596,0.8063287734985352,0.8422874212265015,0.6613028645515442,0.3395766615867615,8.649635360313823e-05,0.9998692031166964,38008,0,100.0,262.6147039500065,2.0970043297857046,0.07778772991150618,4.79,2.0,1.92,0.1,0.5,2.0,15,30,50,0.0,0.05,4.0,False
epoch,1782806526.2465255,22,819.9624251192436,8.982013866290159e-05,1.8632798194885254,1.2352933883666992,1.255975365638733,0.6279876828193665,0.043068528175354004,0.44272980093955994,0.07420940697193146,0.0,0.0,0.0015799833927303553,7621,1.1750134229660034,0.04066881909966469,0.4110792577266693,0.08167949318885803,0.0,0.0,0.0,0,0.030245093628764153,0.01688009314239025,0.012340559882130078,0.6762984110505522,46904,3753896,69354,3800800,69354,38008,38008,3800800,100.0,100.0,0.5926432609558105,0.6496158242225647,0.4106253981590271,0.8103909492492676,0.848300039768219,0.6763128042221069,0.34880468249320984,1.439317155471631e-05,0.9999787181738024,38008,0,100.0,278.74984772736207,2.0568991587497294,0.08202178636565804,4.78,2.0,1.94,0.1,0.5,2.0,15,30,50,0.0,0.05,4.0,False
epoch,1782807360.39318,23,818.2686075968668,8.886926737039257e-05,1.843347430229187,1.2223541736602783,1.2419874668121338,0.6209937334060669,0.042047660797834396,0.43741387128829956,0.07497932761907578,0.0,0.0,0.0015814797952771187,7621,0.028894104063510895,0.01581721566617489,0.0123289833719217,0.6756639847737693,46860,3753940,69354,3800800,69354,38008,38008,3800800,100.0,100.0,0.5930797457695007,0.6507565379142761,0.4160221219062805,0.8102301955223083,0.849165141582489,0.6757216453552246,0.34701675176620483,5.766058145528774e-05,0.9999146681450096,38008,0,100.0,271.9693986750208,2.1273566051386297,0.07862326689064503,4.77,2.0,1.96,0.1,0.5,2.0,15,30,50,0.0,0.05,4.0,False
epoch,1782808212.4143953,24,846.5542204440571,8.788179281650402e-05,1.8241766691207886,1.2090919017791748,1.230164647102356,0.615082323551178,0.04085464030504227,0.4323151409626007,0.0757550597190857,0.0,0.0,0.0012527421349659562,7621,1.1726391315460205,0.040106240659952164,0.40981626510620117,0.08186932653188705,0.0,0.0,0.0,0,0.029732223600149155,0.016112836077809334,0.012317406861713323,0.6750295584969864,46816,3753984,69354,3800800,69354,38008,38008,3800800,100.0,100.0,0.594688355922699,0.6511627435684204,0.41417235136032104,0.8123520016670227,0.8509818911552429,0.6750727891921997,0.35059261322021484,4.3230695213281045e-05,0.9999359614312628,38008,0,100.0,280.2565028802492,2.070134439971298,0.08219676604494452,4.76,2.0,1.98,0.1,0.5,2.0,15,30,50,0.0,0.05,4.0,False
epoch,1782809049.2005887,25,829.4473131345585,8.685870882904211e-05,1.8089702129364014,1.199206829071045,1.219526767730713,0.6097633838653564,0.04030268266797066,0.42734843492507935,0.07653431594371796,0.0,0.0,0.0006770798354409635,7621,0.030389342457056046,0.01694473996758461,0.012467375289412755,0.6832482625371283,47386,3753414,69354,3800800,69354,38008,38008,3800800,100.0,100.0,0.6006187200546265,0.6598495244979858,0.4203275144100189,0.8184233903884888,0.8537503480911255,0.6833059191703796,0.36506906151771545,5.765663325130177e-05,0.9999156210540057,38008,0,100.0,279.4605796029791,2.0634173657745123,0.0777445281855762,4.75,2.0,2.0,0.1,0.5,2.0,15,30,50,0.0,0.05,4.0,False
epoch,1782809903.3818018,26,835.1349116610363,8.580104507435189e-05,1.7878735065460205,1.185396432876587,1.2049530744552612,0.6024765372276306,0.03902500122785568,0.42189592123031616,0.07753753662109375,0.0,0.0,0.003358587622642517,7621,1.1499152183532715,0.038571666926145554,0.3984132409095764,0.08428654074668884,0.0,0.0,0.0,0,0.029697109013795853,0.0166696198284626,0.012550515680909282,0.6878045967067509,47702,3753098,69354,3800800,69354,38008,38008,3800800,100.0,100.0,0.6042983531951904,0.6667390465736389,0.42199721932411194,0.8230720162391663,0.8572829365730286,0.6878190040588379,0.37100958824157715,1.4407352087020264e-05,0.9999790535707767,38008,0,100.0,276.964126303792,2.143129074946046,0.0860526766628027,4.74,2.0,2.02,0.1,0.5,2.0,15,30,50,0.0,0.05,4.0,False
epoch,1782810740.3111,27,828.211797285825,8.470986602102631e-05,1.7653998136520386,1.1706844568252563,1.1894294023513794,0.5947147011756897,0.038170650601387024,0.4148123562335968,0.07868333905935287,0.0,0.0,0.0012119694147258997,7621,0.027722954750061035,0.015200342051684856,0.012654178067775206,0.6934855956397612,48096,3752704,69354,3800800,69354,38008,38008,3800800,100.0,100.0,0.6071271896362305,0.6691327691078186,0.4309852421283722,0.823265790939331,0.8579317927360535,0.6934856176376343,0.3724082112312317,2.1997873078660746e-08,0.9999999682792656,38008,0,100.0,265.4648188361898,2.120626786723733,0.07737488904967904,4.73,2.0,2.04,0.1,0.5,2.0,15,30,50,0.0,0.05,4.0,False
epoch,1782811578.4822726,28,832.6211769250222,8.3586269868589e-05,1.7550357580184937,1.1633228063583374,1.1834213733673096,0.5917106866836548,0.03756904602050781,0.411337286233902,0.07928244024515152,0.0,0.0,0.0009193324367515743,7621,1.1475214958190918,0.03834836184978485,0.39639028906822205,0.08433832973241806,0.0,0.0,0.0,0,0.027599237859249115,0.015316938050091267,0.012616028204588507,0.6913948726821812,47951,3752849,69354,3800800,69354,38008,38008,3800800,100.0,100.0,0.6069563031196594,0.671963095664978,0.4291761815547943,0.8226876854896545,0.8571963906288147,0.6913948655128479,0.3766329288482666,-7.16933334921066e-09,1.000000010369376,38008,0,100.0,278.8212560666725,2.0439736619591713,0.08282882999628782,4.72,2.0,2.06,0.1,0.5,2.0,15,30,50,0.0,0.05,4.0,False
epoch,1782812399.0182407,29,813.2204244141467,8.243138744222911e-05,1.740018367767334,1.153952956199646,1.1721374988555908,0.5860687494277954,0.036746393889188766,0.40732234716415405,0.07991905510425568,0.0,0.0,0.001031000749208033,7621,0.029343081638216972,0.016549978405237198,0.012678646600715639,0.694826542088416,48189,3752611,69354,3800800,69354,38008,38008,3800800,100.0,100.0,0.6092943549156189,0.6701262593269348,0.4341525137424469,0.8272940516471863,0.8594745993614197,0.6949563026428223,0.3798050582408905,0.00012976055440627743,0.9998132824266608,38008,0,100.0,265.291506501846,2.0956526561640203,0.0936519536189735,4.71,2.0,2.08,0.1,0.5,2.0,15,30,50,0.0,0.05,4.0,False
epoch,1782813255.285181,30,851.0261888848618,8.124638105470052e-05,1.7242214679718018,1.143205165863037,1.1620351076126099,0.5810175538063049,0.03593612089753151,0.4026558995246887,0.08047278970479965,0.0,0.0,0.0012746758293360472,7621,1.1350047588348389,0.03737187758088112,0.38965997099876404,0.08573171496391296,0.0,0.0,0.0,0,0.02961178869009018,0.016549907624721527,0.012808356135550411,0.7019350001441877,48682,3752118,69354,3800800,69354,38008,38008,3800800,100.0,100.0,0.6129030585289001,0.6766323447227478,0.4401426315307617,0.8284962177276611,0.8616229891777039,0.7020647525787354,0.384029746055603,0.0001297524345476031,0.9998151845195603,38008,0,100.0,277.3260500947945,2.0861044456250966,0.0801312318071723,4.7,2.0,2.1,0.1,0.5,2.0,15,30,50,0.0,0.05,4.0,False
epoch,1782814109.279796,31,841.8451559040695,8.003244333653102e-05,1.7009968757629395,1.128183126449585,1.1456232070922852,0.5728116035461426,0.035010069608688354,0.3953475058078766,0.08169463276863098,0.8505384922027588,0.00010070371354231611,0.0007741039735265076,7621,0.030019842088222504,0.017012672498822212,0.012847821511260788,0.7040978169968567,48832,3751968,69354,3800800,69354,38008,38008,3800800,100.0,100.0,0.6165153384208679,0.6813454031944275,0.4451945126056671,0.8294474482536316,0.8663523197174072,0.7042131423950195,0.39256566762924194,0.00011532539816283549,0.9998362350952857,38008,0,100.0,278.7894165827893,2.1063539390452206,0.07658513495698571,4.69,2.0,2.12,0.1,0.5,2.0,15,30,50,0.0,0.05,4.0,False
epoch,1782814967.2391481,32,845.3256879979745,7.879079603571857e-05,1.6876229047775269,1.1192822456359863,1.1366841793060303,0.5683420896530151,0.0343664214015007,0.39099186658859253,0.08227372169494629,0.8475490808486938,0.00039597522118128836,0.0005380746442824602,7621,1.123157262802124,0.03659506142139435,0.3828819692134857,0.08679340034723282,0.835641622543335,0.00039041193667799234,0.0,0,0.030881505459547043,0.017865385860204697,0.012862555251525994,0.7049052686218531,48888,3751912,69354,3800800,69354,38008,38008,3800800,100.0,100.0,0.6187938451766968,0.6844251155853271,0.4458627998828888,0.8337164521217346,0.8665253520011902,0.7050061821937561,0.40020763874053955,0.0001009135719030052,0.9998568614368898,38008,0,100.0,283.75780862383544,2.120139872189611,0.08355839410796762,4.68,2.0,2.14,0.1,0.5,2.0,15,30,50,0.0,0.05,4.0,False
epoch,1782815821.5443099,33,840.7097575538792,7.752268878812271e-05,1.67450749874115,1.1109256744384766,1.1271607875823975,0.5635803937911987,0.033731184899806976,0.3864024579524994,0.08320344239473343,0.8468546271324158,0.0008780196658335626,0.0006260969094000757,7621,0.02983042225241661,0.01687086746096611,0.012877815196800674,0.7057415578048851,48946,3751854,69354,3800800,69354,38008,38008,3800800,100.0,100.0,0.6187459826469421,0.688412070274353,0.44225162267684937,0.8337942957878113,0.8624736666679382,0.7058136463165283,0.40224066376686096,7.208851164319796e-05,0.9998978646672256,38008,0,100.0,279.52056413609535,2.110631562769413,0.08720833901315928,4.67,2.0,2.16,0.1,0.5,2.0,15,30,50,0.0,0.05,4.0,False
epoch,1782816684.7274778,34,856.4537724461406,7.622939785978889e-05,1.6533406972885132,1.0965458154678345,1.113592505455017,0.5567962527275085,0.032881759107112885,0.3792686462402344,0.08405742794275284,0.8440370559692383,0.0015341214602813125,0.0006839560810476542,7621,1.1165943145751953,0.03599763289093971,0.3776359260082245,0.08810169994831085,0.8324002623558044,0.0015129713574424386,0.0,0,0.031498752534389496,0.017804857343435287,0.01309461166070301,0.7176226317155463,49770,3751030,69354,3800800,69354,38008,38008,3800800,100.0,100.0,0.6238419413566589,0.692269504070282,0.46046385169029236,0.8372103571891785,0.8692216873168945,0.7176226377487183,0.40538397431373596,6.033171962016581e-09,0.9999999915928349,38008,0,100.0,280.0218994617462,2.0840582228265703,0.0820203609764576,4.66,2.0,2.18,0.1,0.5,2.0,15,30,50,0.0,0.05,4.0,False
epoch,1782817504.770402,35,812.1741884006187,7.491222486247099e-05,1.6440387964248657,1.090517520904541,1.1070420742034912,0.5535210371017456,0.031965725123882294,0.37643110752105713,0.08484326303005219,0.8417046070098877,0.002356771845370531,0.0010333108948543668,7621,0.03064504638314247,0.017370348796248436,0.012990159966322879,0.7118983764454826,49373,3751427,69354,3800800,69354,38008,38008,3800800,100.0,100.0,0.6225922703742981,0.6902431845664978,0.45224300026893616,0.8365916609764099,0.8681691288948059,0.7120137214660645,0.40322116017341614,0.00011534502058185847,0.9998380016885849,38008,0,100.0,263.6658131321892,2.108266316819936,0.07710892800241709,4.65,2.0,2.2,0.1,0.5,2.0,15,30,50,0.0,0.05,4.0,False
epoch,1782818370.4736645,36,850.7227237219922,7.357249544364525e-05,1.6331236362457275,1.0833475589752197,1.0995502471923828,0.5497751235961914,0.031345661729574203,0.37249302864074707,0.08539968729019165,0.8376930356025696,0.003329323837533593,0.0014626261545345187,7621,1.1160944700241089,0.03553711622953415,0.3763030469417572,0.08797960728406906,0.8256857991218567,0.0032816058956086636,0.0,0,0.03038974106311798,0.017024578526616096,0.013079088612923595,0.7167719237534965,49711,3751089,69354,3800800,69354,38008,38008,3800800,100.0,100.0,0.6252309679985046,0.6912415027618408,0.46000611782073975,0.8363208770751953,0.8720333576202393,0.7167863249778748,0.40815237164497375,1.4401224378235433e-05,0.9999799086228679,38008,0,100.0,294.6040064091794,2.1139110629446805,0.08245029207319021,4.64,2.0,2.2199999999999998,0.1,0.5,2.0,15,30,50,0.0,0.05,4.0,False
epoch,1782819208.908658,37,832.0985098374076,7.221155795233383e-05,1.617909550666809,1.0740795135498047,1.087656855583191,0.5438284277915955,0.03066413477063179,0.36728253960609436,0.08620697259902954,0.8322334885597229,0.00443680677562952,0.00047964381519705057,7621,0.030050761997699738,0.01682838425040245,0.013036729109661124,0.7144505003316319,49550,3751250,69354,3800800,69354,38008,38008,3800800,100.0,100.0,0.6245175004005432,0.6935241222381592,0.45651575922966003,0.8371982574462891,0.8694667816162109,0.7145370244979858,0.40996915102005005,8.652416635390736e-05,0.9998789087711519,38008,0,100.0,280.6058241841383,2.182258555665612,0.08063994674012065,4.63,2.0,2.24,0.1,0.5,2.0,15,30,50,0.0,0.05,4.0,False
epoch,1782820049.0057452,38,834.9812078760006,7.083078208208067e-05,1.6055551767349243,1.06556236743927,1.0799851417541504,0.5399925708770752,0.030037028715014458,0.3626349866390228,0.08665420860052109,0.8287019729614258,0.005685559473931789,0.0013284208253026009,7621,1.115706205368042,0.03523104637861252,0.3734121322631836,0.08871374279260635,0.8195013403892517,0.00562243489548564,0.0,0,0.030803542584180832,0.01730642281472683,0.013167227952010103,0.7216022147244572,50046,3750754,69354,3800800,69354,38008,38008,3800800,100.0,100.0,0.6280167698860168,0.6964494585990906,0.4631447196006775,0.8388044834136963,0.8713556528091431,0.721731960773468,0.40926262736320496,0.00012974604901083708,0.9998202295920611,38008,0,100.0,287.66875754715875,2.1385675030760467,0.08611185988411307,4.62,2.0,2.26,0.1,0.5,2.0,15,30,50,0.0,0.05,4.0,False
epoch,1782820877.162706,39,822.8113710554317,6.943155749244563e-05,1.5939521789550781,1.058919906616211,1.0700663328170776,0.5350331664085388,0.029499132186174393,0.3578673303127289,0.08778318762779236,0.8239690065383911,0.007047915365546942,0.0007474210578948259,7621,0.030813414603471756,0.017572032287716866,0.013163807619448537,0.7214147705972258,50033,3750767,69354,3800800,69354,38008,38008,3800800,100.0,100.0,0.6291210055351257,0.6975446343421936,0.46615204215049744,0.8418527245521545,0.8728840351104736,0.721472442150116,0.41748133301734924,5.767155289015946e-05,0.999920064094592,38008,0,100.0,271.24137647263706,2.168112142942846,0.08190535008907318,4.61,2.0,2.2800000000000002,0.1,0.5,2.0,15,30,50,0.0,0.05,4.0,False
epoch,1782821721.8216336,40,839.5508404038846,6.801529241040401e-05,1.585625410079956,1.054471731185913,1.0623068809509277,0.5311534404754639,0.029045632109045982,0.3546110987663269,0.08830594271421432,0.8207194805145264,0.008535509929060936,0.0005206505884416401,7621,1.1222567558288574,0.035347867757081985,0.3727860748767853,0.08941308408975601,0.8110598921775818,0.008435026742517948,0.0,0,0.031018970534205437,0.017305415123701096,0.013143022521574406,0.7202756870548201,49954,3750846,69354,3800800,69354,38008,38008,3800800,100.0,100.0,0.6287384033203125,0.6952584981918335,0.46449968218803406,0.8433719277381897,0.8726389408111572,0.720434308052063,0.4159241020679474,0.00015862099724284207,0.9997798258696595,38008,0,100.0,292.4938807100989,2.115062135271728,0.08303331304341555,4.6,2.0,2.3,0.1,0.5,2.0,15,30,50,0.0,0.05,4.0,False
epoch,1782822562.156227,41,827.1050832439214,6.658341221305928e-05,1.5700229406356812,1.0441813468933105,1.0516866445541382,0.5258433222770691,0.028260977938771248,0.3486369550228119,0.08925281465053558,0.8169585466384888,0.010122433304786682,0.0008771070279181004,7621,0.032363418489694595,0.018364422023296356,0.013222742580509367,0.7246445770972114,50257,3750543,69354,3800800,69354,38008,38008,3800800,100.0,100.0,0.6323287487030029,0.6991538405418396,0.4682319462299347,0.8450069427490234,0.874801754951477,0.7247743606567383,0.4217781126499176,0.0001297835595268637,0.999820932463161,38008,0,100.0,269.6519859400578,2.128975698258728,0.08122208155691624,4.59,2.0,2.32,0.1,0.5,2.0,15,30,50,0.0,0.05,4.0,False
epoch,1782823414.757747,42,841.8074443531223,6.513735799309541e-05,1.5612730979919434,1.0386472940444946,1.0452520847320557,0.5226260423660278,0.027618948370218277,0.34509509801864624,0.08982401341199875,0.8111515045166016,0.011774051934480667,0.0007442425703629851,7621,1.1234056949615479,0.0352109856903553,0.36998966336250305,0.08996745944023132,0.8016865849494934,0.011636663228273392,0.0,0,0.03090950846672058,0.017183002084493637,0.013184329614817933,0.7225394353606137,50111,3750689,69354,3800800,69354,38008,38008,3800800,100.0,100.0,0.6311852931976318,0.7013214826583862,0.4655603766441345,0.8425838351249695,0.8755226731300354,0.7226403951644897,0.42130231857299805,0.00010095980387603287,0.9998602903954006,38008,0,100.0,291.12779984483495,2.044814884196967,0.08160355314612389,4.58,2.0,2.34,0.1,0.5,2.0,15,30,50,0.0,0.05,4.0,False
epoch,1782824250.5504286,43,829.3440813040361,6.36785851084123e-05,1.551043152809143,1.0330091714859009,1.0360666513442993,0.5180333256721497,0.02728540264070034,0.3408142626285553,0.09031593799591064,0.8076183199882507,0.013539543375372887,0.0006628597038798034,7621,0.03245273232460022,0.018302973359823227,0.013244316985897706,0.7258269169766705,50339,3750461,69354,3800800,69354,38008,38008,3800800,100.0,100.0,0.633905291557312,0.7028072476387024,0.47230198979377747,0.840808629989624,0.8797041177749634,0.7259566783905029,0.4254693388938904,0.0001297614138324743,0.9998212546041726,38008,0,100.0,273.94860400492325,2.2982408329844475,0.07963968021795154,4.57,2.0,2.36,0.1,0.5,2.0,15,30,50,0.0,0.05,4.0,False
epoch,1782825086.376567,44,830.283810782712,6.220856171740447e-05,1.5390177965164185,1.0251522064208984,1.0277323722839355,0.5138661861419678,0.02654002606868744,0.3359615206718445,0.09110724180936813,0.8036558032035828,0.015373578295111656,0.0007925718673504889,7621,1.116231083869934,0.03463952615857124,0.363589346408844,0.0906943678855896,0.7967991232872009,0.015242453664541245,0.0,0,0.03257765993475914,0.018197517842054367,0.01338270890338876,0.7334111947400294,50865,3749935,69354,3800800,69354,38008,38008,3800800,100.0,100.0,0.6373482346534729,0.7069490551948547,0.47918078303337097,0.8450304269790649,0.8797041177749634,0.7335121035575867,0.42998242378234863,0.00010090881755731029,0.9998624306033017,38008,0,100.0,278.2698301761411,2.1091892388649285,0.08149717329069972,4.56,2.0,2.38,0.1,0.5,2.0,15,30,50,0.0,0.05,4.0,False
epoch,1782825904.292608,45,812.4034075038508,6.072876730135667e-05,1.5281257629394531,1.0190001726150513,1.018251895904541,0.5091259479522705,0.02597069926559925,0.33135461807250977,0.09201353043317795,0.8005266785621643,0.017291387543082237,0.0003690067969728261,7621,0.03208602964878082,0.017797274515032768,0.013353241422858346,0.7317962914900367,50753,3750047,69354,3800800,69354,38008,38008,3800800,100.0,100.0,0.6354416608810425,0.7035004496574402,0.4770474433898926,0.8443350791931152,0.8779882788658142,0.7319260835647583,0.4290163516998291,0.00012979207472163523,0.9998226705160042,38008,0,100.0,260.9310835772194,2.0905888150446117,0.07653287798166275,4.55,2.0,2.4,0.1,0.5,2.0,15,30,50,0.0,0.05,4.0,False
epoch,1782826748.1810033,46,832.8415752770379,5.9240691175443894e-05,1.5203198194503784,1.014548659324646,1.0115392208099365,0.5057696104049683,0.02543582208454609,0.32752060890197754,0.09287159144878387,0.7977712154388428,0.019279276952147484,0.0006952685071155429,7621,1.1256517171859741,0.03473544120788574,0.3641640841960907,0.09112894535064697,0.7900540828704834,0.019092733040452003,0.0,0,0.03166147321462631,0.0174435805529356,0.013423489791622816,0.7356461054877873,51020,3749780,69354,3800800,69354,38008,38008,3800800,100.0,100.0,0.6372695565223694,0.7064616680145264,0.481905072927475,0.8444796800613403,0.8781180381774902,0.7357037663459778,0.43171265721321106,5.766085819047806e-05,0.9999216248973729,38008,0,100.0,280.17948924191296,2.0807872829027474,0.08134564105421305,4.54,2.0,2.42,0.1,0.5,2.0,15,30,50,0.0,0.05,4.0,False
epoch,1782827584.7238433,47,830.9887326029129,5.774583098983424e-05,1.5061368942260742,1.0053787231445312,1.001517653465271,0.5007588267326355,0.024780645966529846,0.32143524289131165,0.09382984787225723,0.794447124004364,0.021306440234184265,0.0005378291243687272,7621,0.03168299049139023,0.017433982342481613,0.013418227741528099,0.7353577299074314,51000,3749800,69354,3800800,69354,38008,38008,3800800,100.0,100.0,0.6378540992736816,0.7072503566741943,0.4808165431022644,0.8453561067581177,0.8772240877151489,0.7353721261024475,0.4322749972343445,1.4396195016086466e-05,0.9999804232517047,38008,0,100.0,262.0931504769251,2.1054435200057924,0.07995840068906546,4.53,2.0,2.44,0.1,0.5,2.0,15,30,50,0.0,0.05,4.0,False
epoch,1782828422.5099463,48,832.3028219831176,5.6245691222402966e-05,1.4975265264511108,1.0002249479293823,0.9946072697639465,0.49730363488197327,0.024121619760990143,0.31791916489601135,0.09428589046001434,0.7923910021781921,0.02341417782008648,0.00027706302353180945,7621,1.1297636032104492,0.03457238897681236,0.3622983396053314,0.0917440801858902,0.7854578495025635,0.023209335282444954,0.0,0,0.031709298491477966,0.017438292503356934,0.013431909071774363,0.7361075064163567,51052,3749748,69354,3800800,69354,38008,38008,3800800,100.0,100.0,0.6393152475357056,0.7110079526901245,0.48224425315856934,0.8467708230018616,0.8799924850463867,0.7361075282096863,0.4337601363658905,2.1793329585406696e-08,0.9999999703938233,38008,0,100.0,279.2422824166715,2.141132546123117,0.0847706189379096,4.52,2.0,2.46,0.1,0.5,2.0,15,30,50,0.0,0.05,4.0,False
epoch,1782829246.0343099,49,817.6100547118112,5.47417816645752e-05,1.4912806749343872,0.9969624876976013,0.988641619682312,0.494320809841156,0.023733241483569145,0.3146499693393707,0.09479057788848877,0.789760172367096,0.02554522641003132,0.00046632668818347156,7621,0.032270852476358414,0.01750221475958824,0.013391917491054514,0.7339158520056521,50900,3749900,69354,3800800,69354,38008,38008,3800800,100.0,100.0,0.6364937424659729,0.7051827907562256,0.47872570157051086,0.8452930450439453,0.8782910704612732,0.7339302897453308,0.42986705899238586,1.4437739678685446e-05,0.9999803281866406,38008,0,100.0,268.6382488156669,2.156117233913392,0.0816577272489667,4.51,2.0,2.48,0.1,0.5,2.0,15,30,50,0.0,0.05,4.0,False
epoch,1782830096.9136949,50,845.4309161216952,5.3235615901820654e-05,1.4822583198547363,0.9915167689323425,0.9814826846122742,0.4907413423061371,0.023168113082647324,0.3099111318588257,0.09588561952114105,0.7876560688018799,0.027725553140044212,0.001074184663593769,7621,1.13850998878479,0.034567512571811676,0.3628470301628113,0.09191243350505829,0.7806941270828247,0.027480440214276314,0.0,0,0.031728845089673996,0.017200443893671036,0.013450852452115344,0.7371456585056377,51124,3749676,69354,3800800,69354,38008,38008,3800800,100.0,100.0,0.6392209529876709,0.7080851197242737,0.4832342267036438,0.8458456993103027,0.8826166987419128,0.7372033596038818,0.4310205578804016,5.7701098244100635e-05,0.9999217297405222,38008,0,100.0,294.16760764596984,2.0661829970777035,0.08136255200952291,4.5,2.0,2.5,0.1,0.5,2.0,15,30,50,0.0,0.05,4.0,False
epoch,1782830930.5775082,51,822.3093309048563,5.1728709790330044e-05,1.4759292602539062,0.9887425899505615,0.974376916885376,0.487188458442688,0.022944198921322823,0.30729353427886963,0.09638312458992004,0.7860046029090881,0.029948599636554718,0.00020708137890323997,7621,0.03168549761176109,0.017401350662112236,0.013423489791622816,0.7356461054877873,51020,3749780,69354,3800800,69354,38008,38008,3800800,100.0,100.0,0.6389914751052856,0.7097936272621155,0.4822582006454468,0.8461770415306091,0.8806990385055542,0.73564612865448,0.43667271733283997,2.3166692675324896e-08,0.9999999685083741,38008,0,100.0,268.6408405918628,2.2133112950250506,0.07745386194437742,4.5,2.0,2.5,0.1,0.5,2.0,15,30,50,0.0,0.05,4.0,False
epoch,1782831764.4804246,52,828.8305864767171,5.022257993140611e-05,1.4636240005493164,0.9810891151428223,0.9650771617889404,0.4825385808944702,0.022542929276823997,0.3024838864803314,0.09699534624814987,0.7842810153961182,0.03218933567404747,0.00030242817592807114,7621,1.1496484279632568,0.035212188959121704,0.3646124005317688,0.0920133888721466,0.7780534625053406,0.03193378075957298,0.0,0,0.032199591398239136,0.01770973391830921,0.013449010734582193,0.7370447270525132,51117,3749683,69354,3800800,69354,38008,38008,3800800,100.0,100.0,0.6382738351821899,0.7094611525535583,0.48344886302948,0.844628632068634,0.8798050284385681,0.7370879650115967,0.43195778131484985,4.323795908345307e-05,0.9999413394857386,38008,0,100.0,286.61681306222454,2.086525594815612,0.08194192498922348,4.5,2.0,2.5,0.1,0.5,2.0,15,30,50,0.0,0.05,4.0,False
epoch,1782832617.3794534,53,847.3036140548065,4.8718742145104706e-05,1.4543424844741821,0.9754430651664734,0.9577944874763489,0.47889724373817444,0.022074341773986816,0.29872530698776245,0.09769313782453537,0.7822044491767883,0.03442699834704399,0.0012577107409015298,7621,0.0322381928563118,0.017487088218331337,0.013480583035150494,0.7387749805346483,51237,3749563,69354,3800800,69354,38008,38008,3800800,100.0,100.0,0.6405646800994873,0.7121170163154602,0.4843786060810089,0.8455208539962769,0.8821120858192444,0.7388759255409241,0.438157856464386,0.00010094500627577663,0.9998633803013653,38008,0,100.0,273.74185773404315,2.1127161430194974,0.09497030824422836,4.5,2.0,2.5,0.1,0.5,2.0,15,30,50,0.0,0.05,4.0,False
epoch,1782833488.1635854,54,865.3529589059763,4.721870994466229e-05,1.4442803859710693,0.9689768552780151,0.9506004452705383,0.47530022263526917,0.021492287516593933,0.29481902718544006,0.09839361160993576,0.7795233726501465,0.03663885220885277,0.00038804218638688326,7621,1.1466355323791504,0.03482178971171379,0.3607650697231293,0.09281744062900543,0.7736508250236511,0.03636285290122032,0.0,0,0.03151647746562958,0.017170455306768417,0.013485581982740476,0.7390489373359864,51256,3749544,69354,3800800,69354,38008,38008,3800800,100.0,100.0,0.6413864493370056,0.7121419906616211,0.48480212688446045,0.8466731905937195,0.8817660212516785,0.7390633821487427,0.437725305557251,1.4444812756253533e-05,0.9999804552449693,38008,0,100.0,298.6690349308774,2.1113179847598076,0.0835999702103436,4.5,2.0,2.5,0.1,0.5,2.0,15,30,50,0.0,0.05,4.0,False
epoch,1782834298.973255,55,805.5698747946881,4.572399301324489e-05,1.433139681816101,0.9625314474105835,0.9412156939506531,0.47060784697532654,0.021025197580456734,0.29077574610710144,0.09898725897073746,0.777972400188446,0.03889864683151245,0.0009743465925566852,7621,0.03166778385639191,0.01746181771159172,0.013535045253630815,0.7417596677913314,51444,3749356,69354,3800800,69354,38008,38008,3800800,100.0,100.0,0.6431549191474915,0.7148456573486328,0.4898582100868225,0.8479191064834595,0.8837413787841797,0.7418317794799805,0.4422816336154938,7.211168864906803e-05,0.9999027923976247,38008,0,100.0,266.9178629494272,2.080538304988295,0.08299016812816262,4.5,2.0,2.5,0.1,0.5,2.0,15,30,50,0.0,0.05,4.0,False
epoch,1782835157.9526083,56,846.8754889098927,4.423609568455195e-05,1.4232207536697388,0.9569873809814453,0.9324619174003601,0.46623095870018005,0.02057715132832527,0.28701502084732056,0.09967569261789322,0.7768383622169495,0.04117125645279884,0.0003013320092577487,7621,1.1537514925003052,0.035019706934690475,0.3614390194416046,0.09297704696655273,0.7706409692764282,0.04084273800253868,0.0,0,0.032299675047397614,0.017790542915463448,0.013521363923384551,0.7410098912824062,51392,3749408,69354,3800800,69354,38008,38008,3800800,100.0,100.0,0.6414932608604431,0.7118646502494812,0.4888220429420471,0.8473948240280151,0.8838135004043579,0.7410963773727417,0.43621131777763367,8.648609033545807e-05,0.999883299806913,38008,0,100.0,278.09467042796314,2.1459718011319637,0.08122862037271261,4.5,2.0,2.5,0.1,0.5,2.0,15,30,50,0.0,0.05,4.0,False
epoch,1782835992.6178765,57,829.2658195598051,4.275651542880397e-05,1.4131505489349365,0.9509859085083008,0.9243320226669312,0.4621660113334656,0.02018251083791256,0.2830848693847656,0.10023225843906403,0.7754160165786743,0.043413326144218445,0.00012939573207404464,7621,0.03144858032464981,0.01762736774981022,0.013523468743422437,0.7411252415145485,51400,3749400,69354,3800800,69354,38008,38008,3800800,100.0,100.0,0.6438379287719727,0.7156735062599182,0.48776689171791077,0.8483605980873108,0.8857167363166809,0.741298258304596,0.4437379240989685,0.0001730167900474422,0.9997666029993877,38008,0,100.0,266.13563690520823,2.117392719257623,0.07707790611311793,4.5,2.0,2.5,0.1,0.5,2.0,15,30,50,0.0,0.05,4.0,False
epoch,1782836849.4571688,58,851.2094569420442,4.128674134563775e-05,1.4041681289672852,0.9454516172409058,0.9174355268478394,0.4587177634239197,0.019780831411480904,0.27929142117500305,0.10087500512599945,0.7746009230613708,0.04566793888807297,0.00038223847514018416,7621,1.1553022861480713,0.03473769500851631,0.35950472950935364,0.09384772181510925,0.7692641019821167,0.04535335302352905,0.0,0,0.03213702142238617,0.01794857159256935,0.013526362870974532,0.7412838480837443,51411,3749389,69354,3800800,69354,38008,38008,3800800,100.0,100.0,0.6440423727035522,0.7159678936004639,0.4894740879535675,0.849500834941864,0.8856158256530762,0.741298258304596,0.44698214530944824,1.4410220851690525e-05,0.9999805608327145,38008,0,100.0,289.2687551579438,2.0892796739935875,0.08138665370643139,4.5,2.0,2.5,0.1,0.5,2.0,15,30,50,0.0,0.05,4.0,False
epoch,1782837699.8419404,59,844.298441497609,3.9828252665426225e-05,1.396966814994812,0.9412451982498169,0.9114456176757812,0.4557228088378906,0.01941046305000782,0.2762563228607178,0.10142545402050018,0.7726105451583862,0.04782276973128319,0.00016822248289827257,7621,0.03189799189567566,0.01777837797999382,0.01351636497579457,0.7407359344810681,51373,3749427,69354,3800800,69354,38008,38008,3800800,100.0,100.0,0.6452544927597046,0.7193852066993713,0.48859500885009766,0.8492119312286377,0.8867693543434143,0.7408801317214966,0.44917380809783936,0.0001441972404284675,0.9998053703504055,38008,0,100.0,266.13448946736753,2.096792294178158,0.07910202629864216,4.5,2.0,2.5,0.1,0.5,2.0,15,30,50,0.0,0.05,4.0,False
epoch,1782838541.3782775,60,835.8775489749387,3.838251726053087e-05,1.386529564857483,0.9347713589668274,0.9035124182701111,0.45175620913505554,0.018993889912962914,0.2716344892978668,0.10240275412797928,0.77192622423172,0.05002085119485855,0.0004684999003075063,7621,1.165504813194275,0.034982047975063324,0.3610318601131439,0.09454560279846191,0.7663361430168152,0.0496586412191391,0.0,0,0.031168747693300247,0.01725001260638237,0.01353030940854557,0.7415001297690111,51426,3749374,69354,3800800,69354,38008,38008,3800800,100.0,100.0,0.6434299349784851,0.7169903516769409,0.48965927958488464,0.8492444753646851,0.8845921158790588,0.7416731715202332,0.4446607232093811,0.00017304175122201393,0.9997666873255409,38008,0,100.0,294.4814574071206,2.1067027170211077,0.08356897998601198,4.5,2.0,2.5,0.1,0.5,2.0,15,30,50,0.0,0.05,4.0,False
epoch,1782839366.6742811,61,814.5228924388066,3.6950990167985375e-05,1.3785057067871094,0.9304826259613037,0.8960446715354919,0.44802233576774597,0.018655970692634583,0.26825645565986633,0.10314591228961945,0.7708691358566284,0.052152689546346664,0.0001901742216432467,7621,0.03084395080804825,0.017371904104948044,0.013575036834350664,0.743951322202036,51596,3749204,69354,3800800,69354,38008,38008,3800800,100.0,100.0,0.645749032497406,0.7212733030319214,0.4922748804092407,0.853674590587616,0.883467435836792,0.7439945936203003,0.45175477862358093,4.327141826432346e-05,0.9999418390689457,38008,0,100.0,274.4775073342025,2.112989333923906,0.082272136118263,4.5,2.0,2.5,0.1,0.5,2.0,15,30,50,0.0,0.05,4.0,False
epoch,1782840196.92593,62,824.3876562509686,3.553511212509705e-05,1.369039535522461,0.9249632358551025,0.888152539730072,0.444076269865036,0.018232107162475586,0.2644994854927063,0.10388580709695816,0.7694093585014343,0.05420585349202156,0.0005169674986973405,7621,1.1687006950378418,0.03516707569360733,0.35906046628952026,0.09538553655147552,0.7645621299743652,0.05386432632803917,0.0,0,0.03074759617447853,0.016841718927025795,0.01358214060197853,0.7443406292355164,51623,3749177,69354,3800800,69354,38008,38008,3800800,100.0,100.0,0.6453718543052673,0.7181812524795532,0.4933373034000397,0.852161169052124,0.8849525451660156,0.7444559931755066,0.4487556517124176,0.00011536393999023176,0.999845035917438,38008,0,100.0,286.14917938923463,2.107134309131652,0.08547302288934588,4.5,2.0,2.5,0.1,0.5,2.0,15,30,50,0.0,0.05,4.0,False
epoch,1782841019.320035,63,816.7841799841262,3.413630811944008e-05,1.3620469570159912,0.9206019043922424,0.8828915953636169,0.44144579768180847,0.01784602925181389,0.2616848349571228,0.10425826907157898,0.7690279483795166,0.05627819150686264,9.72505149547942e-05,7621,0.03049905225634575,0.016572246327996254,0.013552936223952853,0.7427401447645413,51512,3749288,69354,3800800,69354,38008,38008,3800800,100.0,100.0,0.6451216340065002,0.7183312177658081,0.49052008986473083,0.8513942360877991,0.8880670070648193,0.7428410649299622,0.4474868178367615,0.00010092016542084803,0.9998641429907617,38008,0,100.0,273.2464268701151,2.1295399642549455,0.0902913841418922,4.5,2.0,2.5,0.1,0.5,2.0,15,30,50,0.0,0.05,4.0,False
epoch,1782841843.9241452,64,819.025006331969,3.2755985954699815e-05,1.3498950004577637,0.9133264422416687,0.8731399178504944,0.4365699589252472,0.01747094839811325,0.2570285499095917,0.104970782995224,0.767761766910553,0.058222122490406036,0.00019634931231848896,7621,1.174426794052124,0.03541095182299614,0.359448105096817,0.09531340003013611,0.7634996771812439,0.0578988641500473,0.0,0,0.03054419904947281,0.016756834462285042,0.013560566196590192,0.7431582893560573,51541,3749259,69354,3800800,69354,38008,38008,3800800,100.0,100.0,0.6447129249572754,0.7175768613815308,0.4920600354671478,0.8497681021690369,0.8867549300193787,0.7432591915130615,0.4466937780380249,0.00010090215700420124,0.9998642436472278,38008,0,100.0,277.94917742908,2.1656739027239382,0.08592824079096317,4.5,2.0,2.5,0.1,0.5,2.0,15,30,50,0.0,0.05,4.0,False
epoch,1782842650.0489101,65,800.7902118558995,3.1395534833811516e-05,1.344939112663269,0.9104373455047607,0.8690035343170166,0.4345017671585083,0.017256388440728188,0.25438031554222107,0.10554231703281403,0.7674350142478943,0.060166846960783005,0.0003045543853659183,7621,0.029930325224995613,0.01641278713941574,0.013547147968848663,0.7424229316261499,51490,3749310,69354,3800800,69354,38008,38008,3800800,100.0,100.0,0.6437408924102783,0.7166045308113098,0.49046602845191956,0.8491962552070618,0.8863800168037415,0.7425815463066101,0.4447183907032013,0.00015861468046018956,0.9997864009936025,38008,0,100.0,262.05630847625434,2.067879206035286,0.0799298295751214,4.5,2.0,2.5,0.1,0.5,2.0,15,30,50,0.0,0.05,4.0,False
epoch,1782843479.1763384,66,821.9212488648482,3.0056323960819506e-05,1.3350915908813477,0.9049256443977356,0.8603355884552002,0.4301677942276001,0.016860099509358406,0.2508331835269928,0.10614819079637527,0.7668766379356384,0.062017571181058884,0.0003750254400074482,7621,1.1825494766235352,0.03553153946995735,0.36078426241874695,0.09578516334295273,0.7620410919189453,0.06162649393081665,0.0,0,0.029551155865192413,0.016053330153226852,0.013553462428962324,0.7427689823225769,51514,3749286,69354,3800800,69354,38008,38008,3800800,100.0,100.0,0.6440293192863464,0.7167555689811707,0.49053001403808594,0.8496953248977661,0.8864809274673462,0.7428987622261047,0.4470686614513397,0.00012977990352780466,0.9998253060711275,38008,0,100.0,279.7747708661482,2.0919958921149373,0.0846594381146133,4.5,2.0,2.5,0.1,0.5,2.0,15,30,50,0.0,0.05,4.0,False
epoch,1782844296.3778167,67,811.6241307901219,2.873970116286384e-05,1.3269314765930176,0.9000639915466309,0.8537404537200928,0.4268702268600464,0.016552001237869263,0.24739572405815125,0.10680628567934036,0.7661526799201965,0.0637708529829979,0.0002133738889824599,7621,0.03048449382185936,0.016673650592565536,0.013575563039360136,0.7439801597600715,51598,3749202,69354,3800800,69354,38008,38008,3800800,100.0,100.0,0.6434035301208496,0.7154982089996338,0.49144187569618225,0.8500452637672424,0.8844046592712402,0.7441099286079407,0.4450211822986603,0.00012976884786919385,0.9998256052729844,38008,0,100.0,266.87800169503316,2.089983162935823,0.07819508807733655,4.5,2.0,2.5,0.1,0.5,2.0,15,30,50,0.0,0.05,4.0,False
epoch,1782845124.269626,68,819.5434546787292,2.744699153368152e-05,1.3206720352172852,0.8964282274246216,0.8484873175621033,0.42424365878105164,0.01629943773150444,0.2447284758090973,0.10726586729288101,0.7657338380813599,0.06545864045619965,0.00029489383450709283,7621,1.1923987865447998,0.035862069576978683,0.3628622889518738,0.09609104692935944,0.7611404657363892,0.0650659129023552,0.0,0,0.02970031090080738,0.0159705001860857,0.013538202483687645,0.7419326931395449,51456,3749344,69354,3800800,69354,38008,38008,3800800,100.0,100.0,0.6424500942230225,0.7147554755210876,0.48998045921325684,0.8471969366073608,0.8854427933692932,0.7420912981033325,0.44206535816192627,0.0001586049637876119,0.9997862729772025,38008,0,100.0,278.0635866532102,2.083903816062957,0.08128031808882952,4.5,2.0,2.5,0.1,0.5,2.0,15,30,50,0.0,0.05,4.0,False
epoch,1782845936.7414618,69,805.6061597359367,2.6179496099987294e-05,1.3143510818481445,0.8927655220031738,0.8431691527366638,0.4215845763683319,0.016032565385103226,0.24209138751029968,0.10776832699775696,0.7649250030517578,0.06701470166444778,0.00028178177308291197,7621,0.030021701008081436,0.016294006258249283,0.013545569353820248,0.7423364189520432,51484,3749316,69354,3800800,69354,38008,38008,3800800,100.0,100.0,0.6431825757026672,0.7151127457618713,0.4908224940299988,0.8484383225440979,0.8853274583816528,0.7424229383468628,0.44448769092559814,8.651939481962856e-05,0.9998834634675859,38008,0,100.0,263.6093229511753,2.061709627043456,0.07666279003024101,4.5,2.0,2.5,0.1,0.5,2.0,15,30,50,0.0,0.05,4.0,False
epoch,1782846766.4265435,70,823.8179126312025,2.493849051207636e-05,1.3042323589324951,0.8864288330078125,0.8356040120124817,0.41780200600624084,0.01566028781235218,0.238002747297287,0.10857519507408142,0.7646636962890625,0.06851369887590408,0.001223010360263288,7621,1.1978724002838135,0.036142896860837936,0.3623817265033722,0.09691911190748215,0.7608068585395813,0.0681682750582695,0.0,0,0.029935216531157494,0.016476469114422798,0.013509787413176173,0.7403754650056233,51348,3749452,69354,3800800,69354,38008,38008,3800800,100.0,100.0,0.6434456706047058,0.7176106572151184,0.4881340563297272,0.8502055406570435,0.8850823044776917,0.7403754591941833,0.4481068253517151,-5.8114399958952845e-09,1.0000000078493148,38008,0,100.0,281.8669937560335,2.069634454790503,0.0814484627917409,4.5,2.0,2.5,0.1,0.5,2.0,15,30,50,0.0,0.05,4.0,False
epoch,1782847616.4697542,71,841.1287724021822,2.372522375996672e-05,1.2978267669677734,0.8823729157447815,0.8309054970741272,0.4154527485370636,0.015401623211801052,0.23530851304531097,0.10903698951005936,0.7639039754867554,0.069856196641922,0.00011726922821253538,7621,0.029019244015216827,0.01572248339653015,0.013520837718375079,0.7409810537243706,51390,3749410,69354,3800800,69354,38008,38008,3800800,100.0,100.0,0.6424352526664734,0.7156579494476318,0.4883115887641907,0.849192202091217,0.8823139071464539,0.7409810423851013,0.4429593086242676,-1.1339269301302579e-08,1.000000015303049,38008,0,100.0,267.91430661967024,2.0488009620457888,0.07918463088572025,4.5,2.0,2.5,0.1,0.5,2.0,15,30,50,0.0,0.05,4.0,False
epoch,1782848471.9609165,72,847.2333381618373,2.254091691637337e-05,1.2881300449371338,0.8765512108802795,0.8231578469276428,0.4115789234638214,0.015035836026072502,0.23160429298877716,0.10983393341302872,0.7633325457572937,0.071096271276474,8.168884960468858e-05,7621,1.2037001848220825,0.03638499975204468,0.3629547655582428,0.09733536839485168,0.7592802047729492,0.07071869820356369,0.0,0,0.029536845162510872,0.015869606286287308,0.013526362870974532,0.7412838480837443,51411,3749389,69354,3800800,69354,38008,38008,3800800,100.0,100.0,0.6429394483566284,0.7172244787216187,0.48820027709007263,0.8503602743148804,0.8829771876335144,0.7413848042488098,0.4453672468662262,0.00010095616506555771,0.9998638275771408,38008,0,100.0,283.6375779546797,2.043674304615706,0.10935526993125677,4.5,2.0,2.5,0.1,0.5,2.0,15,30,50,0.0,0.05,4.0,False
epoch,1782849324.8825579,73,847.5432999120094,2.1386761907779402e-05,1.28128981590271,0.8723384737968445,0.8178967237472534,0.4089483618736267,0.014777695760130882,0.22882774472236633,0.1103910505771637,0.762721598148346,0.07220585644245148,0.00039870277396403253,7621,0.029219521209597588,0.015811193734407425,0.013524258050936645,0.7411684978516019,51403,3749397,69354,3800800,69354,38008,38008,3800800,100.0,100.0,0.6423822045326233,0.7174026370048523,0.4873710870742798,0.8501941561698914,0.8825157880783081,0.7411684989929199,0.44778960943222046,1.1413180400765555e-09,0.9999999984601099,38008,0,100.0,263.1571747609414,2.0631699981167912,0.08133264118805528,4.5,2.0,2.5,0.1,0.5,2.0,15,30,50,0.0,0.05,4.0,False
epoch,1782850238.4306195,74,906.623874580022,2.026392031484086e-05,1.2763019800186157,0.8692452907562256,0.814110517501831,0.4070552587509155,0.014619176276028156,0.2266777902841568,0.11075086146593094,0.7625514268875122,0.0732245147228241,0.0001398516760673374,7621,1.2093713283538818,0.0368201918900013,0.3627876043319702,0.09808573126792908,0.7590758204460144,0.07289067655801773,0.0,0,0.02901538833975792,0.015812864527106285,0.013479793727636287,0.7387317241975949,51234,3749566,69354,3800800,69354,38008,38008,3800800,100.0,100.0,0.6428510546684265,0.7172732353210449,0.4846903085708618,0.8512574434280396,0.8821985721588135,0.738746166229248,0.4483807682991028,1.4442031653127962e-05,0.9999804506171222,38008,0,100.0,310.9767100904137,2.1105389674194157,0.10188607592135668,4.5,2.0,2.5,0.1,0.5,2.0,15,30,50,0.0,0.05,4.0,False
epoch,1782851104.2222464,75,858.2510274983943,1.9173522203332684e-05,1.2671717405319214,0.8630310297012329,0.8082820177078247,0.40414100885391235,0.014264233410358429,0.22343523800373077,0.11115365475416183,0.7622307538986206,0.07408866286277771,9.508028597338125e-05,7621,0.02929525077342987,0.015950001776218414,0.01355425173647653,0.7428122386596303,51517,3749283,69354,3800800,69354,38008,38008,3800800,100.0,100.0,0.6436367034912109,0.7196146845817566,0.4888004660606384,0.8504722118377686,0.8852121233940125,0.7428122162818909,0.45110592246055603,-2.2377739439249922e-08,1.000000030125702,38008,0,100.0,269.842600248754,2.1058798669837415,0.07886382611468434,4.5,2.0,2.5,0.1,0.5,2.0,15,30,50,0.0,0.05,4.0,False
epoch,1782851988.3003783,76,876.3235319578089,1.8116664986812215e-05,1.2603956460952759,0.8587751984596252,0.80323725938797,0.401618629693985,0.014012172818183899,0.2206028401851654,0.11189039051532745,0.7617400288581848,0.0747893899679184,0.00011588591587496921,7621,1.2163695096969604,0.03708120808005333,0.36450543999671936,0.09842276573181152,0.7581420540809631,0.0744362622499466,0.0,0,0.029635529965162277,0.016174962744116783,0.01348979162281625,0.7392796378002711,51272,3749528,69354,3800800,69354,38008,38008,3800800,100.0,100.0,0.6426135301589966,0.7177651524543762,0.48545750975608826,0.8502755761146545,0.8832799792289734,0.7393084764480591,0.44877007603645325,2.883864778802092e-05,0.9999609924020801,38008,0,100.0,280.4118051957339,2.133795414119959,0.08455766504630446,4.5,2.0,2.5,0.1,0.5,2.0,15,30,50,0.0,0.05,4.0,False
epoch,1782852820.5815551,77,825.4797245911323,1.7094412322145105e-05,1.2523174285888672,0.8532897233963013,0.7980526685714722,0.3990263342857361,0.013778080232441425,0.2174650877714157,0.11239108443260193,0.7617040276527405,0.07538075000047684,0.00014486956933978945,7621,0.0288082305341959,0.015517732128500938,0.013531361818564513,0.7415578048850824,51430,3749370,69354,3800800,69354,38008,38008,3800800,100.0,100.0,0.6426917910575867,0.7172346115112305,0.4878945052623749,0.8482300043106079,0.8841450810432434,0.741557776927948,0.44741472601890564,-2.795713438530356e-08,1.0000000377005478,38008,0,100.0,263.6479284982197,2.2391343470662832,0.07604523189365864,4.5,2.0,2.5,0.1,0.5,2.0,15,30,50,0.0,0.05,4.0,False
epoch,1782853691.876922,78,865.1420755768195,1.6107793039005036e-05,1.2468116283416748,0.8499190807342529,0.7937914729118347,0.39689573645591736,0.01354492362588644,0.2154611051082611,0.11292022466659546,0.760981559753418,0.07574260979890823,0.000313957454636693,7621,1.2178938388824463,0.03673287108540535,0.3649870455265045,0.09887691587209702,0.7578290104866028,0.07542887330055237,0.0,0,0.028562325984239578,0.01541186310350895,0.013501631235529362,0.7399284828560717,51317,3749483,69354,3800800,69354,38008,38008,3800800,100.0,100.0,0.6422885060310364,0.7170250415802002,0.48668891191482544,0.8502437472343445,0.8839144110679626,0.7399284839630127,0.44722726941108704,1.1069409833197597e-09,0.9999999985039892,38008,0,100.0,299.0475163459778,2.53884722199291,0.08650111174210906,4.5,2.0,2.5,0.1,0.5,2.0,15,30,50,0.0,0.05,4.0,False
epoch,1782854552.6249046,79,855.3873500423506,1.5157800104424696e-05,1.2390621900558472,0.8446744084358215,0.7887726426124573,0.39438632130622864,0.013317474164068699,0.2126591056585312,0.1133701503276825,0.760921835899353,0.0760020986199379,0.0002942920255009085,7621,0.0284100454300642,0.015333382412791252,0.01348216165017891,0.738861493208755,51243,3749557,69354,3800800,69354,38008,38008,3800800,100.0,100.0,0.6416046023368835,0.7171579599380493,0.4858468472957611,0.8496663570404053,0.8829339146614075,0.7389047741889954,0.44787612557411194,4.328098024031224e-05,0.9999414254965563,38008,0,100.0,285.4980499567464,2.4963006982579827,0.08136389823630452,4.5,2.0,2.5,0.1,0.5,2.0,15,30,50,0.0,0.05,4.0,False
epoch,1782855412.031571,80,850.8871359340847,1.4245389623440258e-05,1.2331308126449585,0.8409456610679626,0.78436678647995,0.392183393239975,0.01313417125493288,0.2107240855693817,0.11372236162424088,0.7608877420425415,0.07608870416879654,8.992442599264905e-05,7621,1.2199994325637817,0.03671471029520035,0.3652064800262451,0.09944689273834229,0.7575348019599915,0.07575346529483795,0.0,0,0.028628218919038773,0.015347728505730629,0.013546621763839192,0.7423940940681143,51488,3749312,69354,3800800,69354,38008,38008,3800800,100.0,100.0,0.6425933837890625,0.717937707901001,0.49068135023117065,0.8496045470237732,0.882559061050415,0.7424662113189697,0.44979381561279297,7.211725085543019e-05,0.9999028679692679,38008,0,100.0,277.32032829895616,2.1208167960867286,0.08124126121401787,4.5,2.0,2.5,0.1,0.5,2.0,15,30,50,0.0,0.05,4.0,False
epoch,1782856253.728747,81,835.0339916748926,1.3371479876834783e-05,1.2280503511428833,0.8375056982040405,0.7810977697372437,0.3905488848686218,0.012972891330718994,0.20897838473320007,0.11404797434806824,0.7605032920837402,0.07605022937059402,0.00023096386576071382,7621,0.030490929260849953,0.016446039080619812,0.013513733950747212,0.7405917466908902,51363,3749437,69354,3800800,69354,38008,38008,3800800,100.0,100.0,0.6426515579223633,0.7179591655731201,0.48699361085891724,0.8502296209335327,0.8841162919998169,0.7406638264656067,0.4501110315322876,7.207977471646032e-05,0.9999026821992099,38008,0,100.0,294.3686235821806,2.4868074213154614,0.0805109110660851,4.5,2.0,2.5,0.1,0.5,2.0,15,30,50,0.0,0.05,4.0,False
epoch,1782857132.47122,82,873.1626879861578,1.2536950396949453e-05,1.2211633920669556,0.8328099846839905,0.7767061591148376,0.3883530795574188,0.012808339670300484,0.20657466351985931,0.11438643932342529,0.7605780363082886,0.07605793327093124,0.00013095974281895906,7621,1.2230443954467773,0.03711199387907982,0.3657228946685791,0.09954670071601868,0.7572746872901917,0.07572756707668304,0.0,0,0.02911096066236496,0.015768345445394516,0.01350057882551042,0.7398708077400006,51313,3749487,69354,3800800,69354,38008,38008,3800800,100.0,100.0,0.64195716381073,0.7180753946304321,0.4864315390586853,0.8476632237434387,0.8835394978523254,0.7398852109909058,0.4462611973285675,1.4403250905181686e-05,0.9999805331277187,38008,0,100.0,297.97441375395283,2.525606826879084,0.10079376585781574,4.5,2.0,2.5,0.1,0.5,2.0,15,30,50,0.0,0.05,4.0,False
epoch,1782857959.8348436,83,820.4739252929576,1.1742641082492395e-05,1.2138323783874512,0.8280687928199768,0.7715217471122742,0.3857608735561371,0.01254958100616932,0.20405623316764832,0.11498405784368515,0.7602502703666687,0.07602504640817642,7.67345045460388e-05,7621,0.02900009974837303,0.015549379400908947,0.01352267943590823,0.7410819851774951,51397,3749403,69354,3800800,69354,38008,38008,3800800,100.0,100.0,0.6426880359649658,0.7175890803337097,0.4884817898273468,0.8497248888015747,0.8855149149894714,0.7411396503448486,0.4458863139152527,5.7665167353504465e-05,0.9999221939248202,38008,0,100.0,265.30223576398566,2.100206317845732,0.07872188510373235,4.5,2.0,2.5,0.1,0.5,2.0,15,30,50,0.0,0.05,4.0,False
epoch,1782858815.9258597,84,849.7479124860838,1.0989351353236316e-05,1.2083442211151123,0.8239230513572693,0.7688418626785278,0.3844209313392639,0.012399611063301563,0.20187972486019135,0.11534392833709717,0.7600656151771545,0.07600653171539307,0.00026360683841630816,7621,1.225256085395813,0.03701859340071678,0.366667777299881,0.09985215216875076,0.7570590376853943,0.07570596784353256,0.0,0,0.028962697833776474,0.015561232343316078,0.013464796884866344,0.7379098537935808,51177,3749623,69354,3800800,69354,38008,38008,3800800,100.0,100.0,0.6415672302246094,0.7166503667831421,0.48330748081207275,0.8491348624229431,0.8839432597160339,0.7379819750785828,0.4467225968837738,7.212128500200254e-05,0.9999022722946663,38008,0,100.0,277.94793963385746,2.0703273550607264,0.0830186540260911,4.5,2.0,2.5,0.1,0.5,2.0,15,30,50,0.0,0.05,4.0,False
epoch,1782859667.3588762,85,845.9111504573375,1.0277839345455254e-05,1.2041832208633423,0.82137531042099,0.7656158804893494,0.3828079402446747,0.012280489318072796,0.20059515535831451,0.11557449400424957,0.7598711252212524,0.07598720490932465,0.00010176643991144374,7621,0.02978820726275444,0.01599188894033432,0.0134358556093454,0.7363237881016236,51067,3749733,69354,3800800,69354,38008,38008,3800800,100.0,100.0,0.641937792301178,0.720372200012207,0.4825136065483093,0.8505355715751648,0.8839144110679626,0.7363526225090027,0.4513798654079437,2.883440737910803e-05,0.9999608415771226,38008,0,100.0,279.6723659969866,2.5865174480713904,0.07751955976709723,4.5,2.0,2.5,0.1,0.5,2.0,15,30,50,0.0,0.05,4.0,False
epoch,1782860526.5361683,86,852.1439964533783,9.608821148910673e-06,1.1992900371551514,0.8179503083229065,0.7626767158508301,0.38133835792541504,0.012128500267863274,0.1988043189048767,0.11591853946447372,0.7596609592437744,0.0759660080075264,8.009967132238671e-05,7621,1.2319895029067993,0.03742001950740814,0.3687211573123932,0.10020019859075546,0.7565711140632629,0.07565712183713913,0.0,0,0.029049361124634743,0.015440802089869976,0.013430593559250683,0.7360354125212677,51047,3749753,69354,3800800,69354,38008,38008,3800800,100.0,100.0,0.6400492787361145,0.7163292765617371,0.4826961159706116,0.8470206260681152,0.8829483389854431,0.7360354065895081,0.44378116726875305,-5.9317596390329186e-09,1.0000000080590683,38008,0,100.0,279.1359238419682,2.6120543191209435,0.09014544868841767,4.5,2.0,2.5,0.1,0.5,2.0,15,30,50,0.0,0.05,4.0,False
epoch,1782861342.2482412,87,810.1629894841462,8.982970086154442e-06,1.1939575672149658,0.8144581317901611,0.7589982151985168,0.3794991075992584,0.011956870555877686,0.19694234430789948,0.11631514132022858,0.7598048448562622,0.07598047703504562,7.880006887717173e-05,7621,0.02988049015402794,0.015895191580057144,0.013400599873710797,0.7343916717132393,50933,3749867,69354,3800800,69354,38008,38008,3800800,100.0,100.0,0.6399755477905273,0.7165769934654236,0.4805409908294678,0.8483782410621643,0.8809152841567993,0.7344781756401062,0.4465640187263489,8.650392686693209e-05,0.9998822239656181,38008,0,100.0,264.8186447690241,2.0768890348263085,0.08073431672528386,4.5,2.0,2.5,0.1,0.5,2.0,15,30,50,0.0,0.05,4.0,False
epoch,1782862167.81771,88,819.1018259911798,8.400916034874262e-06,1.1890569925308228,0.8111419081687927,0.7558297514915466,0.3779148757457733,0.011817648075520992,0.1951640248298645,0.11667967587709427,0.7593477964401245,0.07593473792076111,7.814889249857515e-05,7621,1.2329384088516235,0.03758640214800835,0.36805468797683716,0.10081220418214798,0.7565943598747253,0.07565946131944656,0.0,0,0.030050847679376602,0.016101639717817307,0.013425594611660704,0.7357614557199297,51028,3749772,69354,3800800,69354,38008,38008,3800800,100.0,100.0,0.640671968460083,0.7162660360336304,0.48210325837135315,0.8506937623023987,0.8814920783042908,0.7358047366142273,0.44461748003959656,4.3280894297614836e-05,0.999941178831633,38008,0,100.0,279.96645377995446,2.079318291042,0.0961892232298851,4.5,2.0,2.5,0.1,0.5,2.0,15,30,50,0.0,0.05,4.0,False
epoch,1782862988.421456,89,815.1188248172402,7.863244793963453e-06,1.1852340698242188,0.808554470539093,0.7533597946166992,0.3766798973083496,0.011705458164215088,0.19379852712154388,0.11694270372390747,0.7592579126358032,0.0759257823228836,0.00013160769594833255,7621,0.029407786205410957,0.015784580260515213,0.013393759208587666,0.7340167834587767,50907,3749893,69354,3800800,69354,38008,38008,3800800,100.0,100.0,0.63993901014328,0.7163305282592773,0.4783959984779358,0.8489434123039246,0.8816362619400024,0.7340167760848999,0.4428151249885559,-7.3738768424647105e-09,1.000000010045924,38008,0,100.0,274.6225476958789,2.115186118055135,0.07990337023511529,4.5,2.0,2.5,0.1,0.5,2.0,15,30,50,0.0,0.05,4.0,False
epoch,1782863848.031252,90,854.0862385663204,7.370497493953095e-06,1.1809651851654053,0.805601179599762,0.7507228851318359,0.37536144256591797,0.011597694829106331,0.1922277808189392,0.1172071173787117,0.7593914270401001,0.0759391188621521,8.070633339229971e-05,7621,1.2340105772018433,0.03768666461110115,0.36831527948379517,0.10085053741931915,0.7566429376602173,0.07566431909799576,0.0,0,0.02948485128581524,0.01588476076722145,0.0134358556093454,0.7363237881016236,51067,3749733,69354,3800800,69354,38008,38008,3800800,100.0,100.0,0.6401310563087463,0.715165376663208,0.48173224925994873,0.8490119576454163,0.8827032446861267,0.736338198184967,0.44432908296585083,1.4410083343463498e-05,0.9999804300749587,38008,0,100.0,283.13510028319433,2.123907291330397,0.08303879573941231,4.5,2.0,2.5,0.1,0.5,2.0,15,30,50,0.0,0.05,4.0,False
epoch,1782864661.2186046,91,805.8078436986543,6.923170052399972e-06,1.17702054977417,0.8029413819313049,0.7481536865234375,0.37407684326171875,0.011472468264400959,0.19096390902996063,0.11738985031843185,0.7591260075569153,0.07591245323419571,0.00010015493171522394,7621,0.029284408316016197,0.015562592074275017,0.013410860871395496,0.7349540040949333,50972,3749828,69354,3800800,69354,38008,38008,3800800,100.0,100.0,0.6390838623046875,0.713905930519104,0.47978830337524414,0.8468821048736572,0.8821120858192444,0.7350116968154907,0.44258442521095276,5.769272055744512e-05,0.9999215077517712,38008,0,100.0,263.06491424515843,2.031070522032678,0.07696570502594113,4.5,2.0,2.5,0.1,0.5,2.0,15,30,50,0.0,0.05,4.0,False
epoch,1782865490.8856606,92,824.1214410150424,6.521712674778356e-06,1.174407958984375,0.8013461232185364,0.7461234331130981,0.3730617165565491,0.011421062983572483,0.18995191156864166,0.11765120178461075,0.759192168712616,0.07591921091079712,0.0010192838963121176,7621,1.2381466627120972,0.03773247078061104,0.3698468804359436,0.10120660066604614,0.7563926577568054,0.07563922554254532,0.0,0,0.02842772752046585,0.0152649637311697,0.013426120816670174,0.7357902932779652,51030,3749770,69354,3800800,69354,38008,38008,3800800,100.0,100.0,0.6392784118652344,0.7170413732528687,0.48140281438827515,0.8473436832427979,0.8803673982620239,0.7358479499816895,0.44448769092559814,5.765670372426257e-05,0.9999216459001813,38008,0,100.0,286.4728506631218,2.0411123209632933,0.08486542105674744,4.5,2.0,2.5,0.1,0.5,2.0,15,30,50,0.0,0.05,4.0,False
epoch,1782866299.0697439,93,802.5736314100213,6.166529401377979e-06,1.1708801984786987,0.7991020083427429,0.7435622215270996,0.3717811107635498,0.011323132552206516,0.18875406682491302,0.11789761483669281,0.7589471936225891,0.07589472085237503,9.015770046971738e-05,7621,0.027917008846998215,0.014933429658412933,0.01340744053883393,0.7347665599677019,50959,3749841,69354,3800800,69354,38008,38008,3800800,100.0,100.0,0.639451265335083,0.715304434299469,0.480582058429718,0.8487644195556641,0.8807711005210876,0.7348242402076721,0.44356489181518555,5.7680239970214764e-05,0.9999215047125366,38008,0,100.0,263.3073669350706,1.9816421191208065,0.07996609481051564,4.5,2.0,2.5,0.1,0.5,2.0,15,30,50,0.0,0.05,4.0,False
epoch,1782867139.9751496,94,835.5047723613679,5.857977700664221e-06,1.1672840118408203,0.796453058719635,0.7416599988937378,0.3708299994468689,0.011232909746468067,0.18741057813167572,0.11807648092508316,0.7589179873466492,0.07589169591665268,0.00013395682617556304,7621,1.2412190437316895,0.038014717400074005,0.37058475613594055,0.10134463757276535,0.7562133073806763,0.07562129199504852,0.0,0,0.02826695889234543,0.01501842588186264,0.01339796884866344,0.7342474839230614,50923,3749877,69354,3800800,69354,38008,38008,3800800,100.0,100.0,0.6388725638389587,0.7138597369194031,0.4794533848762512,0.8483395576477051,0.8822129964828491,0.7343339920043945,0.43974393606185913,8.650808133314758e-05,0.9998821951832885,38008,0,100.0,296.6466215499677,2.0398211451247334,0.0882076253183186,4.5,2.0,2.5,0.1,0.5,2.0,15,30,50,0.0,0.05,4.0,False
epoch,1782867973.3544993,95,827.4215408023447,5.596368109509753e-06,1.1648436784744263,0.7948144674301147,0.7400535941123962,0.3700267970561981,0.011142749339342117,0.18660515546798706,0.11823103576898575,0.7588470578193665,0.07588474452495575,4.9850721552502364e-05,7621,0.02775508351624012,0.014855833724141121,0.013417438434013891,0.735314473570378,50997,3749803,69354,3800800,69354,38008,38008,3800800,100.0,100.0,0.6399044990539551,0.7164361476898193,0.4818313717842102,0.8479231595993042,0.8811171650886536,0.7353577017784119,0.4452230632305145,4.322820803381866e-05,0.9999412147204969,38008,0,100.0,267.3779100300744,2.0452252090908587,0.0814720606431365,4.5,2.0,2.5,0.1,0.5,2.0,15,30,50,0.0,0.05,4.0,False
epoch,1782868829.773056,96,849.5372568662278,5.381963920659703e-06,1.162194013595581,0.7931520342826843,0.7380827069282532,0.3690413534641266,0.011086096987128258,0.18565204739570618,0.11843647062778473,0.758691668510437,0.07586918026208878,7.924662349978462e-05,7621,1.2450932264328003,0.03831053152680397,0.3712967038154602,0.10179945826530457,0.7560381889343262,0.0756038948893547,0.0,0,0.02825319580733776,0.015067880041897297,0.013386918543464533,0.7336418952043141,50881,3749919,69354,3800800,69354,38008,38008,3800800,100.0,100.0,0.6383429169654846,0.7145431041717529,0.4789012670516968,0.8471323251724243,0.8807278871536255,0.7337139844894409,0.4437090754508972,7.208928512680846e-05,0.9999017474293107,38008,0,100.0,291.9705909672193,2.101184773724526,0.08267647726461291,4.5,2.0,2.5,0.1,0.5,2.0,15,30,50,0.0,0.05,4.0,False
epoch,1782869672.3382463,97,836.4183060182258,5.214980917744947e-06,1.1593337059020996,0.7911258935928345,0.7364209890365601,0.36821049451828003,0.011009222827851772,0.18461287021636963,0.11859961599111557,0.7585986852645874,0.07585975527763367,0.00016147663700394332,7621,0.028223108500242233,0.015051126480102539,0.013358503472953063,0.7320846670703924,50773,3750027,69354,3800800,69354,38008,38008,3800800,100.0,100.0,0.6377230882644653,0.7142139077186584,0.4765995740890503,0.8470607399940491,0.8800934553146362,0.7321134805679321,0.4408685863018036,2.8813497539692534e-05,0.9999606433998219,38008,0,100.0,297.20676233107224,2.015069025103003,0.07943640556186438,4.5,2.0,2.5,0.1,0.5,2.0,15,30,50,0.0,0.05,4.0,False
epoch,1782870502.8405578,98,825.0504048471339,5.095587158110145e-06,1.1565937995910645,0.7893695831298828,0.7344475388526917,0.3672237694263458,0.010944893583655357,0.18366262316703796,0.11876967549324036,0.7586686611175537,0.07586672157049179,6.972881237743422e-05,7621,1.247751235961914,0.038459762930870056,0.37205755710601807,0.1019805297255516,0.7561660408973694,0.07561658322811127,0.0,0,0.028038768097758293,0.015041632577776909,0.013359818985476741,0.7321567609654814,50778,3750022,69354,3800800,69354,38008,38008,3800800,100.0,100.0,0.6379289627075195,0.7147446870803833,0.47662031650543213,0.8476296067237854,0.8787236213684082,0.7321856021881104,0.44310349225997925,2.8841222628916974e-05,0.9999606094103152,38008,0,100.0,283.6845508851111,2.0402273554354906,0.08233976457268,4.5,2.0,2.5,0.1,0.5,2.0,15,30,50,0.0,0.05,4.0,False
epoch,1782871333.5693371,99,825.2536059711128,5.023902803675151e-06,1.1544116735458374,0.7877539396286011,0.7333125472068787,0.36665627360343933,0.01087240967899561,0.18276047706604004,0.11897949874401093,0.7585988640785217,0.07585985213518143,0.00010633645433699712,7621,0.027842186391353607,0.014745649881660938,0.013376657545779836,0.7330795628226202,50842,3749958,69354,3800800,69354,38008,38008,3800800,100.0,100.0,0.6379754543304443,0.7139413952827454,0.4775136113166809,0.8476883769035339,0.8805404305458069,0.7331516742706299,0.44107043743133545,7.211144800967073e-05,0.9999016418422813,38008,0,100.0,285.1841190918349,2.0672256369143724,0.08147990517318249,4.5,2.0,2.5,0.1,0.5,2.0,15,30,50,0.0,0.05,4.0,False
