type,time,epoch,epoch_time,lr,lr_head,lr_vision,lr_text,lr_transformer,train_loss,train_loss_main,train_loss_aux,train_loss_aux_contrib,train_loss_bbox,train_loss_giou,train_loss_score,train_loss_rank_raw,train_loss_rank,train_loss_text_negative,train_loss_text_negative_contrib,train_text_negative_queries,score_negative_iou_ignore_thr,duplicate_suppression_enabled,duplicate_loss_weight,duplicate_margin,duplicate_background_weight,duplicate_classification_weight,duplicate_max_pairs,duplicate_start_epoch,hard_negative_mining_enabled,hard_negative_loss_weight,hard_negative_topk,hard_negative_max_iou,hard_negative_start_epoch,matcher_score_alpha,matcher_cost_score_effective,train_negative_text_regression_matches,val_loss,val_loss_bbox,val_loss_giou,val_loss_score,val_loss_rank_raw,val_loss_rank,val_loss_text_negative,val_loss_text_negative_contrib,val_text_negative_queries,val_score_negative_iou_ignore_thr,val_duplicate_suppression_enabled,val_hard_negative_mining_enabled,val_matcher_score_alpha,val_matcher_cost_score_effective,map50,map50_95,precision,recall,tp,fp,num_gt,num_pred,quality_recall50_at_1,quality_recall50_at_5,quality_recall50_at_10,text_recall50_at_1,text_recall50_at_5,text_recall50_at_10,final_recall50_at_1,recall50_at_1,final_recall50_at_5,recall50_at_5,final_recall50_at_10,recall50_at_10,raw_oracle_num_gt,raw_oracle_num_samples,raw_oracle_positive_samples,raw_oracle_num_pred,raw_oracle_avg_pred_per_sample,raw_oracle_avg_pred_per_positive_sample,raw_best_iou_mean,raw_best_iou_median,raw_best_iou_p25,raw_best_iou_p75,raw_oracle_recall25,raw_oracle_recall50,raw_oracle_recall75,raw_oracle_gap50,raw_oracle_retention50,valid_samples,skipped_empty_gt,avg_selected_per_sample,eval_loop_time,eval_metric_time,raw_oracle_metric_time,lambda_bbox,lambda_giou,lambda_score,classification_type,ia_bce_alpha,classification_focal_alpha,classification_focal_gamma,normalize_classification_by_num_gt,dense_score_assignment_enabled,pairwise_ranking_enabled,duplicate_suppression_active,hard_negative_mining_active,lambda_rank_max,lambda_aux,pos_weight,quality_warmup_epoch,aux_score_enabled,matcher_score_start_epoch,matcher_score_warmup_epoch,matcher_score_alpha_min,negative_sample_ratio,max_query_loss_weight,lambda_text_negative,text_negative_topk,text_negative_hard_mix,negative_text_as_empty_target,use_negative_queries_in_val
epoch,1784083656.671406,1,835.7051455259789,3.33298648255877e-05,3.33298648255877e-05,2.6660780486238795e-05,3.332697255473815e-06,3.332979180437201e-05,3.4020891189575195,3.2648072242736816,3.771587610244751,0.13728556036949158,0.24103935062885284,0.9532174468040466,0.15314234793186188,0.0,0.0,0.2986253798007965,0.0,5206,0.5,True,0.2,0.2,0.05,0.25,256,30,True,0.05,10,0.2,50,0.0,0.0,0,,,,,,,,,,,,,,,1.885815436253324e-05,3.291580696895835e-06,0.0003291520321123934,0.024176310164369427,328,996172,13567,996500,0.0016952900420137097,0.006633743642662343,0.008918699786246037,0.0015478735166212132,0.006412618854573598,0.008697574998157294,0.0016952900420137097,0.0016952900420137097,0.006560035379966094,0.006560035379966094,0.008697574998157294,0.008697574998157294,13567,9965,8665,996500,100.0,100.0,0.0748787447810173,0.011822911910712719,0.0,0.08723068982362747,0.09781086444854736,0.024176310747861862,0.0016215817304328084,5.834924349246151e-10,0.9999999758651168,9965,1300,100.0,258.4009460359812,0.539101307047531,0.008253311971202493,5.0,2.0,1.0,iou,0.25,0.25,2.0,True,False,True,False,False,0.3,0.35,1.0,30,True,30,70,0.0,0.15,4.0,0.0,20,0.5,True,True
epoch,1784084154.8500197,2,495.088439684012,6.665105309001342e-05,6.665105309001342e-05,5.330683780059801e-05,6.663803447567278e-06,6.66507243831365e-05,2.7856991291046143,2.4417757987976074,2.7915964126586914,0.34392425417900085,0.13699200749397278,0.8088645339012146,0.13886898756027222,0.0,0.0,0.29128706455230713,0.0,5206,0.5,True,0.2,0.2,0.05,0.25,256,30,True,0.05,10,0.2,50,0.0,0.0,0,,,,,,,,,,,,,,,0.0004494776949286461,9.538388985674828e-05,0.0016869041645760161,0.12390358959239331,1681,994819,13567,996500,0.008771283260853541,0.02225989533426697,0.032800176899830474,0.010098031989386011,0.02314439448662195,0.031399719908601756,0.009508365887816023,0.009508365887816023,0.021596520970000737,0.021596520970000737,0.03073634554433552,0.03073634554433552,13567,9965,8665,996500,100.0,100.0,0.2165050357580185,0.14427584409713745,0.05367964878678322,0.3544021546840668,0.34392276406288147,0.12390358746051788,0.007002284750342369,-2.131875426192309e-09,1.0000000172059218,9965,1300,100.0,109.61831482499838,0.5240289990324527,0.00860132195521146,5.0,2.0,1.0,iou,0.25,0.25,2.0,True,False,True,False,False,0.3,0.35,1.0,30,True,30,70,0.0,0.15,4.0,0.0,20,0.5,True,True
epoch,1784084666.7998285,3,494.48319644399453,9.995835845130776e-05,9.995835845130776e-05,7.99293408804957e-05,9.992364148856927e-06,9.995748178712477e-05,2.8023521900177,2.2224972248077393,2.5566787719726562,0.5798548460006714,0.11857880651950836,0.7500227689743042,0.12906675040721893,0.0,0.0,0.29110458493232727,0.0,5206,0.5,True,0.2,0.2,0.05,0.25,256,30,True,0.05,10,0.2,50,0.0,0.0,0,,,,,,,,,,,,,,,0.0034773703664541245,0.0017302666092291474,0.0024997491219267438,0.1836072823763544,2491,994009,13567,996500,0.01643694258126336,0.0357485074076804,0.04931082774379008,0.020048647453379524,0.04488833198201518,0.062946856342596,0.01850077393675831,0.01850077393675831,0.039507628805189064,0.039507628805189064,0.05476523918331245,0.05476523918331245,13567,9965,8665,996500,100.0,100.0,0.2846566438674927,0.25643226504325867,0.10170967876911163,0.4441346228122711,0.5090292692184448,0.18368099629878998,0.017174025997519493,7.37139224355754e-05,0.9995986850903418,9965,1300,100.0,108.90273713995703,0.5105534910690039,0.008371775038540363,5.0,2.0,1.0,iou,0.25,0.25,2.0,True,False,True,False,False,0.3,0.35,1.0,30,True,30,70,0.0,0.15,4.0,0.0,20,0.5,True,True
epoch,1784085177.211091,4,494.9006864980329,9.99349329237841e-05,9.99349329237841e-05,7.98896009163611e-05,9.988069350278427e-06,9.993356309060062e-05,2.8881750106811523,2.12796950340271,2.424131393432617,0.7602077722549438,0.11091596633195877,0.7268974184989929,0.11889506876468658,0.0,0.0,0.26838570833206177,0.0,5206,0.5,True,0.2,0.2,0.05,0.25,256,30,True,0.05,10,0.2,50,0.0,0.0,0,,,,,,,,,,,,,,,0.009729564189910889,0.004279391840100288,0.003484194681384847,0.2559150880813739,3472,993028,13567,996500,0.03530625783150291,0.062136065452937275,0.09095599616717034,0.0358959239330729,0.06818014299402964,0.10518169086754625,0.03619075698385789,0.03619075698385789,0.06677968600280092,0.06677968600280092,0.0965578241320852,0.0965578241320852,13567,9965,8665,996500,100.0,100.0,0.3388538360595703,0.3373371958732605,0.13922877609729767,0.5036997199058533,0.6148006319999695,0.2562099099159241,0.035895925015211105,0.0002948218345501519,0.9988492957409536,9965,1300,100.0,109.62724111403804,0.5353519100463018,0.008537034969776869,5.0,2.0,1.0,iou,0.25,0.25,2.0,True,False,True,False,False,0.3,0.35,1.0,30,True,30,70,0.0,0.15,4.0,0.0,20,0.5,True,True
epoch,1784085704.2726102,5,507.57639362604823,9.990630562132225e-05,9.990630562132225e-05,7.984104570215331e-05,9.982821612894912e-06,9.990433310808694e-05,2.824470281600952,2.0163958072662354,2.3087856769561768,0.8080752491950989,0.10146494209766388,0.6973752379417419,0.11349131166934967,0.0,0.0,0.24897949397563934,0.0,5206,0.5,True,0.2,0.2,0.05,0.25,256,30,True,0.05,10,0.2,50,0.0,0.0,0,1.9638125896453857,0.09892416000366211,0.6740277409553528,0.1203971579670906,0.0,0.0,0.29643598198890686,0.0,1300,0.5,True,True,0.0,0.0,0.027083683758974075,0.011694549582898617,0.004262920220772705,0.3131126999336626,4248,992252,13567,996500,0.049974202108056316,0.11321589150143731,0.15522960123829882,0.03670671482273163,0.10046436205498636,0.136876243826933,0.0461413724478514,0.0461413724478514,0.10849856268887742,0.10849856268887742,0.15301835335741137,0.15301835335741137,13567,9965,8665,996500,100.0,100.0,0.36594241857528687,0.36456099152565,0.1514606922864914,0.5476648807525635,0.6366182565689087,0.31326010823249817,0.05786098539829254,0.00014740829883558293,0.9995294380134537,9965,1300,100.0,121.76152011693921,0.5321255469461903,0.008925701957195997,5.0,2.0,1.0,iou,0.25,0.25,2.0,True,False,True,False,False,0.3,0.35,1.0,30,True,30,70,0.0,0.15,4.0,0.0,20,0.5,True,True
epoch,1784086217.438656,6,495.72418061003555,9.987247968322853e-05,9.987247968322853e-05,7.978368610435348e-05,9.976621959763181e-06,9.98697950449807e-05,2.716723918914795,1.9380093812942505,2.2248971462249756,0.7787133455276489,0.09512030333280563,0.6769905090332031,0.10747256129980087,0.0,0.0,0.2276742160320282,0.0,5206,0.5,True,0.2,0.2,0.05,0.25,256,30,True,0.05,10,0.2,50,0.0,0.0,0,,,,,,,,,,,,,,,0.03249116986989975,0.014958319254219532,0.00448469643753136,0.32940222598953345,4469,992031,13567,996500,0.06029335888553107,0.11955480209331466,0.16400088449915234,0.05144836736198128,0.11292105845065231,0.15928355568659247,0.05520748875948994,0.05520748875948994,0.12147121692341711,0.12147121692341711,0.16554875801577357,0.16554875801577357,13567,9965,8665,996500,100.0,100.0,0.3748043477535248,0.37738433480262756,0.16041505336761475,0.5584053993225098,0.6491486430168152,0.32947593927383423,0.06331539899110794,7.371328430078039e-05,0.9997762711156898,9965,1300,100.0,110.19825861603022,0.528797794948332,0.00830222899094224,5.0,2.0,1.0,iou,0.25,0.25,2.0,True,False,True,False,False,0.3,0.35,1.0,30,True,30,70,0.0,0.15,4.0,0.0,20,0.5,True,True
epoch,1784086730.1271384,7,494.61594054999296,9.983345881889819e-05,9.983345881889819e-05,7.971753495983192e-05,9.969471599517896e-06,9.982995268876973e-05,2.6554505825042725,1.8954442739486694,2.1714484691619873,0.7600067853927612,0.09262465685606003,0.6651488542556763,0.10098128765821457,0.0,0.0,0.20613577961921692,0.0,5206,0.5,True,0.2,0.2,0.05,0.25,256,30,True,0.05,10,0.2,50,0.0,0.0,0,,,,,,,,,,,,,,,0.035998016595840454,0.017165062949061394,0.005038635223281485,0.3700891869978625,5021,991479,13567,996500,0.07046509913761333,0.13289599764133558,0.17572049826785582,0.0546915309206162,0.12803125230338322,0.17299329254809465,0.06515810422348345,0.06515810422348345,0.14306773789341784,0.14306773789341784,0.1729195842853984,0.1729195842853984,13567,9965,8665,996500,100.0,100.0,0.3973621726036072,0.4017716348171234,0.1754697859287262,0.5952162742614746,0.6669123768806458,0.3702366054058075,0.08262696117162704,0.00014741840794502137,0.9996018264920524,9965,1300,100.0,109.36604986398015,0.5377195021137595,0.008294773986563087,5.0,2.0,1.0,iou,0.25,0.25,2.0,True,False,True,False,False,0.3,0.35,1.0,30,True,30,70,0.0,0.15,4.0,0.0,20,0.5,True,True
epoch,1784087245.460546,8,496.3978427790571,9.978924730740878e-05,9.978924730740878e-05,7.964260707297527e-05,9.961371926135956e-06,9.978481040861739e-05,2.5946428775787354,1.8494046926498413,2.12925386428833,0.7452389001846313,0.08893165737390518,0.6542726755142212,0.09503912925720215,0.0,0.0,0.19754157960414886,0.0,5206,0.5,True,0.2,0.2,0.05,0.25,256,30,True,0.05,10,0.2,50,0.0,0.0,0,,,,,,,,,,,,,,,0.03951386734843254,0.020362263545393944,0.005248369292523833,0.38549421390137834,5230,991270,13567,996500,0.07437163706051449,0.14063536522444167,0.19886489275447777,0.056607945750718654,0.1356232033610968,0.18205940885973318,0.06589518685044593,0.06589518685044593,0.1347387042087418,0.1347387042087418,0.19407385567922164,0.19407385567922164,13567,9965,8665,996500,100.0,100.0,0.40920719504356384,0.4128512144088745,0.1832270324230194,0.615481972694397,0.680548369884491,0.385494202375412,0.10370752215385437,-1.1525966348013839e-08,1.0000000298991951,9965,1300,100.0,111.05677107803058,0.5456018849508837,0.008243890013545752,5.0,2.0,1.0,iou,0.25,0.25,2.0,True,False,True,False,False,0.3,0.35,1.0,30,True,30,70,0.0,0.15,4.0,0.0,20,0.5,True,True
epoch,1784087762.0894656,9,495.4727198400069,9.973984999705072e-05,9.973984999705072e-05,7.955891921237333e-05,9.952324518664733e-06,9.973437315488337e-05,2.528846263885498,1.8024368286132812,2.075456142425537,0.7264090180397034,0.08517090231180191,0.643028736114502,0.08927492797374725,0.0,0.0,0.18640178442001343,0.0,5206,0.5,True,0.2,0.2,0.05,0.25,256,30,True,0.05,10,0.2,50,0.0,0.0,0,,,,,,,,,,,,,,,0.04265230894088745,0.0214313305914402,0.005361766181635725,0.3938232475860544,5343,991157,13567,996500,0.08181617159283555,0.14889069064642146,0.19716960271246406,0.07437163706051449,0.14137244785140415,0.1898724847055355,0.07967863197464435,0.07967863197464435,0.14476302793543155,0.14476302793543155,0.19643252008550158,0.19643252008550158,13567,9965,8665,996500,100.0,100.0,0.4107038676738739,0.4188271164894104,0.19037950038909912,0.6067093014717102,0.6874032616615295,0.3938969671726227,0.09700007736682892,7.371958656826605e-05,0.9998128455085669,9965,1300,100.0,110.12122085597366,0.5376856049988419,0.008705669897608459,5.0,2.0,1.0,iou,0.25,0.25,2.0,True,False,True,False,False,0.3,0.35,1.0,30,True,30,70,0.0,0.15,4.0,0.0,20,0.5,True,True
epoch,1784088287.943723,10,507.91327986400574,9.968527230479577e-05,9.968527230479577e-05,7.94664901070663e-05,9.942331140914242e-06,9.967864645858094e-05,2.486218214035034,1.772641897201538,2.0387911796569824,0.7135762572288513,0.08280528336763382,0.636980414390564,0.08328771591186523,0.0,0.0,0.1807316392660141,0.0,5206,0.5,True,0.2,0.2,0.05,0.25,256,30,True,0.05,10,0.2,50,0.0,0.0,0,1.7082499265670776,0.0801662802696228,0.6089809536933899,0.08826131373643875,0.0,0.0,0.2020767480134964,0.0,1300,0.5,True,True,0.0,0.0,0.04458121955394745,0.0230624470859766,0.005505268439538385,0.4043635291516179,5486,991014,13567,996500,0.08454337731259674,0.1642220092872411,0.21242721309058746,0.08513304341416673,0.15242868725584138,0.2028451389400752,0.08800766565932042,0.08800766565932042,0.16002063831355495,0.16002063831355495,0.2063831355494951,0.2063831355494951,13567,9965,8665,996500,100.0,100.0,0.41966262459754944,0.4284144341945648,0.1990462988615036,0.6144379377365112,0.7000073790550232,0.40443724393844604,0.10496056824922562,7.371478682816068e-05,0.9998177349194888,9965,1300,100.0,122.60474208497908,0.5416644170181826,0.00882968190126121,5.0,2.0,1.0,iou,0.25,0.25,2.0,True,False,True,False,False,0.3,0.35,1.0,30,True,30,70,0.0,0.15,4.0,0.0,20,0.5,True,True
epoch,1784088800.173656,11,495.2391967070289,9.962552021570291e-05,9.962552021570291e-05,7.936534044235333e-05,9.931393741113277e-06,9.961763643077033e-05,2.4369001388549805,1.7381470203399658,1.9964417219161987,0.6987539529800415,0.08006298542022705,0.6292118430137634,0.07797856628894806,0.0,0.0,0.17822997272014618,0.0,5206,0.5,True,0.2,0.2,0.05,0.25,256,30,True,0.05,10,0.2,50,0.0,0.0,0,,,,,,,,,,,,,,,0.0511791966855526,0.02443542331457138,0.0057210235825388865,0.42021080563131125,5701,990799,13567,996500,0.09545220019164148,0.17409891648853837,0.2207562467752635,0.0922827448957028,0.16857079678631975,0.21611262622539987,0.09545220019164148,0.09545220019164148,0.17608903958133706,0.17608903958133706,0.2192083732586423,0.2192083732586423,13567,9965,8665,996500,100.0,100.0,0.42554885149002075,0.4354928731918335,0.20755112171173096,0.624642550945282,0.7084838151931763,0.4202845096588135,0.1056976467370987,7.370402750223048e-05,0.9998246330145214,9965,1300,100.0,109.77204909094144,0.542374356999062,0.008322423906065524,5.0,2.0,1.0,iou,0.25,0.25,2.0,True,False,True,False,False,0.3,0.35,1.0,30,True,30,70,0.0,0.15,4.0,0.0,20,0.5,True,True
epoch,1784089315.4307692,12,494.2007464430062,9.956060028226204e-05,9.956060028226204e-05,7.925549285516312e-05,9.919514451529597e-06,9.955134976188861e-05,2.3999786376953125,1.7127469778060913,1.963520884513855,0.6872319579124451,0.07772460579872131,0.6246888637542725,0.07325570285320282,0.0,0.0,0.1671915501356125,0.0,5206,0.5,True,0.2,0.2,0.05,0.25,256,30,True,0.05,10,0.2,50,0.0,0.0,0,,,,,,,,,,,,,,,0.05219182372093201,0.026394400745630264,0.005858504766683392,0.43030883762069727,5838,990662,13567,996500,0.09788457286061768,0.1811749097073782,0.23719318935652686,0.09508365887816024,0.16576988280386232,0.22709515736714087,0.10046436205498636,0.10046436205498636,0.17771062136065452,0.17771062136065452,0.23306552664553695,0.23306552664553695,13567,9965,8665,996500,100.0,100.0,0.4331458806991577,0.44509661197662354,0.21484383940696716,0.6318902969360352,0.715043842792511,0.43030884861946106,0.11336331069469452,1.0998763788627741e-08,0.9999999744398382,9965,1300,100.0,108.90701673401054,0.5360975959338248,0.008436158066615462,5.0,2.0,1.0,iou,0.25,0.25,2.0,True,False,True,False,False,0.3,0.35,1.0,30,True,30,70,0.0,0.15,4.0,0.0,20,0.5,True,True
epoch,1784089830.76751,13,494.57997272198554,9.949051962367547e-05,9.949051962367547e-05,7.913697192898801e-05,9.906695588054247e-06,9.947979372101601e-05,2.3579294681549072,1.6803922653198242,1.935818076133728,0.6775366067886353,0.07574212551116943,0.615136981010437,0.06986025720834732,0.0,0.0,0.16885407269001007,0.0,5206,0.5,True,0.2,0.2,0.05,0.25,256,30,True,0.05,10,0.2,50,0.0,0.0,0,,,,,,,,,,,,,,,0.05321786180138588,0.02828361466526985,0.005963873557451079,0.43804820520380333,5943,990557,13567,996500,0.1014225694700376,0.17631016436942581,0.23395002579789195,0.0986953637502764,0.16768629763396475,0.221493329402226,0.10238077688508881,0.10238077688508881,0.17557308174246333,0.17557308174246333,0.22790594825679958,0.22790594825679958,13567,9965,8665,996500,100.0,100.0,0.4378480911254883,0.45382457971572876,0.2212342470884323,0.6365320086479187,0.7205719947814941,0.4381956160068512,0.11837547272443771,0.0001474108030478649,0.9996635958972133,9965,1300,100.0,109.16582479001954,0.5425372109748423,0.008597790030762553,5.0,2.0,1.0,iou,0.25,0.25,2.0,True,False,True,False,False,0.3,0.35,1.0,30,True,30,70,0.0,0.15,4.0,0.0,20,0.5,True,True
epoch,1784090344.1879313,14,494.51066498004366,9.941528592507714e-05,9.941528592507714e-05,7.900980418838218e-05,9.89293964975006e-06,9.940297615507876e-05,2.3245320320129395,1.657516360282898,1.9057596921920776,0.6670160293579102,0.07374243438243866,0.6107451319694519,0.06571578234434128,0.0,0.0,0.16749566793441772,0.0,5206,0.5,True,0.2,0.2,0.05,0.25,256,30,True,0.05,10,0.2,50,0.0,0.0,0,,,,,,,,,,,,,,,0.053849849849939346,0.028646137565374374,0.006060210737581536,0.44512419842264317,6039,990461,13567,996500,0.1095304783666249,0.1864081963588118,0.2447114321515442,0.10120144468194885,0.17210879339573967,0.22370457728311344,0.10835114616348493,0.10835114616348493,0.1821331171224294,0.1821331171224294,0.2381513967715781,0.2381513967715781,13567,9965,8665,996500,100.0,100.0,0.4415130019187927,0.45769935846328735,0.22577893733978271,0.6426986455917358,0.7278690934181213,0.4451979100704193,0.12154492735862732,7.371164777614236e-05,0.9998344294838121,9965,1300,100.0,109.05732354195789,0.5445931541034952,0.008422489976510406,5.0,2.0,1.0,iou,0.25,0.25,2.0,True,False,True,False,False,0.3,0.35,1.0,30,True,30,70,0.0,0.15,4.0,0.0,20,0.5,True,True
epoch,1784090871.5737453,15,507.46283692505676,9.933490743668988e-05,9.933490743668988e-05,7.887401809302551e-05,9.878249318364464e-06,9.932090548798863e-05,2.287501335144043,1.6308852434158325,1.8760478496551514,0.6566174626350403,0.0719718486070633,0.6033764481544495,0.0625726506114006,0.0,0.0,0.004103283863514662,1.671820427873172e-05,5206,0.5,True,0.2,0.2,0.05,0.25,256,30,True,0.05,10,0.2,50,0.0,0.0,0,1.5661725997924805,0.0690876767039299,0.5762357115745544,0.0667455792427063,0.0,0.0,0.03832727670669556,0.0001561466633575037,1300,0.5,True,True,0.0,0.0,0.05406741425395012,0.027869660407304764,0.006227797290516809,0.45743347829291664,6206,990294,13567,996500,0.11469005675536227,0.19267339868799294,0.2528193410481315,0.11063610230706862,0.1875875285619518,0.2508292179553328,0.11402668239109605,0.11402668239109605,0.1915677747475492,0.1915677747475492,0.2520085501584728,0.2520085501584728,13567,9965,8665,996500,100.0,100.0,0.44931361079216003,0.46893349289894104,0.2343696504831314,0.6510636806488037,0.7340605854988098,0.4575071930885315,0.13186408579349518,7.371479561485428e-05,0.9998388772969509,9965,1300,100.0,122.18178617197555,0.5365601800149307,0.008779489086009562,5.0,2.0,1.0,iou,0.25,0.25,2.0,True,False,True,False,False,0.3,0.35,1.0,30,True,30,70,0.0,0.15,4.0,0.0,20,0.5,True,True
epoch,1784091383.5977333,16,495.0226979519939,9.924939297292078e-05,9.924939297292078e-05,7.872964403135456e-05,9.86262745780667e-06,9.923359071971912e-05,2.2575671672821045,1.608581781387329,1.854243516921997,0.6489853262901306,0.07009954005479813,0.5985941290855408,0.058949679136276245,0.0,0.0,0.0027503306046128273,4.381786857265979e-05,5206,0.5,True,0.2,0.2,0.05,0.25,256,30,True,0.05,10,0.2,50,0.0,0.0,0,,,,,,,,,,,,,,,0.05701760947704315,0.02796483039855957,0.0062589061716006025,0.45971843443650034,6237,990263,13567,996500,0.11852288641556719,0.20247659762659395,0.2582737524876539,0.11461634849266603,0.19724331097516032,0.25429350630205644,0.11682759637355347,0.11682759637355347,0.20070759932188398,0.20070759932188398,0.2575366698606914,0.2575366698606914,13567,9965,8665,996500,100.0,100.0,0.45128265023231506,0.46816009283065796,0.23993608355522156,0.651025116443634,0.7412102818489075,0.4597921371459961,0.13311712443828583,7.370270949574875e-05,0.9998397042847378,9965,1300,100.0,109.31567779998295,0.5407365320716053,0.00865358009468764,5.0,2.0,1.0,iou,0.25,0.25,2.0,True,False,True,False,False,0.3,0.35,1.0,30,True,30,70,0.0,0.15,4.0,0.0,20,0.5,True,True
epoch,1784091897.778502,17,495.4234020039439,9.915875191139442e-05,9.915875191139442e-05,7.857671431376161e-05,9.846077113589345e-06,9.914104142531852e-05,2.223259210586548,1.586971402168274,1.8179638385772705,0.63628751039505,0.0686662420630455,0.5925934910774231,0.05620809644460678,0.0,0.0,0.0018604942597448826,6.512168329209089e-05,5206,0.5,True,0.2,0.2,0.05,0.25,256,30,True,0.05,10,0.2,50,0.0,0.0,0,,,,,,,,,,,,,,,0.06139536574482918,0.030407149344682693,0.006362267937782238,0.4673103854942139,6340,990160,13567,996500,0.12523033832092578,0.2140487948699049,0.2698459497309648,0.12169234171150586,0.2066779686002801,0.2652023291811012,0.12464067221935579,0.12464067221935579,0.21028967347239624,0.21028967347239624,0.26741357706198865,0.26741357706198865,13567,9965,8665,996500,100.0,100.0,0.4565444588661194,0.47569555044174194,0.2406952828168869,0.663262128829956,0.7415788173675537,0.4673103988170624,0.14557382464408875,1.3322848491092998e-08,0.9999999714903659,9965,1300,100.0,110.38217318907846,0.5234889169223607,0.008337337989360094,5.0,2.0,1.0,iou,0.25,0.25,2.0,True,False,True,False,False,0.3,0.35,1.0,30,True,30,70,0.0,0.15,4.0,0.0,20,0.5,True,True
epoch,1784092412.70417,18,493.93793967796955,9.906299419192464e-05,9.906299419192464e-05,7.841526316536377e-05,9.82860151223489e-06,9.904326775385989e-05,2.1858577728271484,1.5598511695861816,1.7885891199111938,0.6260064840316772,0.0666593387722969,0.5851466059684753,0.053663063794374466,0.0,0.0,0.001267260406166315,7.697461842326447e-05,5206,0.5,True,0.2,0.2,0.05,0.25,256,30,True,0.05,10,0.2,50,0.0,0.0,0,,,,,,,,,,,,,,,0.06036318838596344,0.030296187847852707,0.0064756648268941295,0.47563941917888997,6453,990047,13567,996500,0.13171666543819563,0.21780791626741358,0.27537406943318343,0.12722046141372448,0.21205867177710622,0.2691825753666986,0.12994766713348566,0.12994766713348566,0.21574408491191863,0.21574408491191863,0.2722046141372448,0.2722046141372448,13567,9965,8665,996500,100.0,100.0,0.45967429876327515,0.4810839295387268,0.2443956732749939,0.6651995182037354,0.7447482943534851,0.4756394326686859,0.14690056443214417,1.3489795946952654e-08,0.999999971638609,9965,1300,100.0,109.24695697799325,0.5417503010248765,0.008431866997852921,5.0,2.0,1.0,iou,0.25,0.25,2.0,True,False,True,False,False,0.3,0.35,1.0,30,True,30,70,0.0,0.15,4.0,0.0,20,0.5,True,True
epoch,1784092917.1268961,19,496.0373883659486,9.896213031542445e-05,9.896213031542445e-05,7.82453267183435e-05,9.810204060646413e-06,9.894028042732811e-05,2.1628663539886475,1.5427221059799194,1.7718448638916016,0.6201455593109131,0.06533843278884888,0.5806062817573547,0.05176851153373718,0.0,0.0,0.0008186273626051843,7.579277007607743e-05,5206,0.5,True,0.2,0.2,0.05,0.25,256,30,True,0.05,10,0.2,50,0.0,0.0,0,,,,,,,,,,,,,,,0.060495272278785706,0.029993299394845963,0.006563973908680382,0.4821257462961598,6541,989959,13567,996500,0.13333824721751308,0.22112478808874475,0.27810127515294464,0.1289157514557382,0.21567037664922237,0.272867988501511,0.1327485811159431,0.1327485811159431,0.21898724847055354,0.21898724847055354,0.2761848603228422,0.2761848603228422,13567,9965,8665,996500,100.0,100.0,0.464942067861557,0.48785674571990967,0.2479771077632904,0.6711835265159607,0.7482863068580627,0.48219946026802063,0.15419769287109375,7.371397186084483e-05,0.9998471297088971,9965,1300,100.0,110.0714654478943,0.5209576840279624,0.008358679944649339,5.0,2.0,1.0,iou,0.25,0.25,2.0,True,False,True,False,False,0.3,0.35,1.0,30,True,30,70,0.0,0.15,4.0,0.0,20,0.5,True,True
epoch,1784093431.3086846,20,506.2037181169726,9.885617134275455e-05,9.885617134275455e-05,7.80669430038624e-05,9.790888345443555e-06,9.883209073944412e-05,2.154397964477539,1.5377925634384155,1.7617298364639282,0.6166054010391235,0.06509564816951752,0.5797827243804932,0.04921334236860275,0.0,0.0,0.0005665664211846888,7.364364137174562e-05,5206,0.5,True,0.2,0.2,0.05,0.25,256,30,True,0.05,10,0.2,50,0.0,0.0,0,1.472917079925537,0.06186017766594887,0.5537751317024231,0.052891720086336136,0.0,0.0,0.0014252180699259043,0.00018532121612224728,1300,0.5,True,True,0.0,0.0,0.06013388931751251,0.02952849492430687,0.006716507777220271,0.49332940222598953,6693,989807,13567,996500,0.13975086607208667,0.22407311859659468,0.28060735608461707,0.13414903810717183,0.22355716075772095,0.27692194294980466,0.1370236603523255,0.1370236603523255,0.22680032431635586,0.22680032431635586,0.28127073044888334,0.28127073044888334,13567,9965,8665,996500,100.0,100.0,0.46968379616737366,0.4948011338710785,0.256178617477417,0.6750819683074951,0.7549200057983398,0.49332940578460693,0.1556718498468399,3.5586174007562477e-09,0.999999992786529,9965,1300,100.0,121.56930356298108,0.5307817800203338,0.0088174530537799,5.0,2.0,1.0,iou,0.25,0.25,2.0,True,False,True,False,False,0.3,0.35,1.0,30,True,30,70,0.0,0.15,4.0,0.0,20,0.5,True,True
epoch,1784093935.7945824,21,494.7706631779438,9.874512889351036e-05,9.874512889351036e-05,7.78801519435499e-05,9.770658132263266e-06,9.871871055442636e-05,2.113882064819336,1.5087838172912598,1.7288520336151123,0.6050978302955627,0.06277152895927429,0.5718171000480652,0.0472143180668354,0.0,0.0,0.000375395204173401,6.472419772762805e-05,5206,0.5,True,0.2,0.2,0.05,0.25,256,30,True,0.05,10,0.2,50,0.0,0.0,0,,,,,,,,,,,,,,,0.057905398309230804,0.028558215126395226,0.00668941294530858,0.4913392791331908,6666,989834,13567,996500,0.14262548831724037,0.22510503427434214,0.2872410997272794,0.1367288273015405,0.22908528045993956,0.2865040171003169,0.14048794869904915,0.14048794869904915,0.23055944571386452,0.23055944571386452,0.28819930714233066,0.28819930714233066,13567,9965,8665,996500,100.0,100.0,0.47189247608184814,0.4932073652744293,0.2559799253940582,0.6792724132537842,0.7566153407096863,0.4914129972457886,0.1613473892211914,7.371811259776484e-05,0.999849987458592,9965,1300,100.0,109.0957616729429,0.6139563050819561,0.00847602600697428,5.0,2.0,1.0,iou,0.25,0.25,2.0,True,False,True,False,False,0.3,0.35,1.0,30,True,30,70,0.0,0.15,4.0,0.0,20,0.5,True,True
epoch,1784094439.301533,22,494.9461307269521,9.862901514474775e-05,9.862901514474775e-05,7.768499534056902e-05,9.749517365025688e-06,9.860015230568981e-05,2.0945703983306885,1.4958947896957397,1.7105036973953247,0.5986760854721069,0.0619797520339489,0.5676038265228271,0.04608161002397537,0.0,0.0,0.0002513596846256405,5.5105130741139874e-05,5206,0.5,True,0.2,0.2,0.05,0.25,256,30,True,0.05,10,0.2,50,0.0,0.0,0,,,,,,,,,,,,,,,0.06018832325935364,0.029734140262007713,0.006937280481685901,0.5095452200191641,6913,989587,13567,996500,0.14292032136802535,0.23254956880666322,0.2909265128620918,0.14026682391096043,0.23380260927249943,0.2874622245153682,0.1449841527235203,0.1449841527235203,0.2369720645684381,0.2369720645684381,0.2902631384978256,0.2902631384978256,13567,9965,8665,996500,100.0,100.0,0.4801029562950134,0.507962167263031,0.2686424255371094,0.6858062744140625,0.7661973834037781,0.5096189379692078,0.16599100828170776,7.371795004362802e-05,0.9998553469179592,9965,1300,100.0,109.75217089301441,0.5226603160845116,0.00846540299244225,5.0,2.0,1.0,iou,0.25,0.25,2.0,True,False,True,False,False,0.3,0.35,1.0,30,True,30,70,0.0,0.15,4.0,0.0,20,0.5,True,True
epoch,1784094940.5009887,23,494.2349945800379,9.850784282964777e-05,9.850784282964777e-05,7.748151687026095e-05,9.727470165165285e-06,9.847642899448246e-05,2.068688154220581,1.480056643486023,1.6818020343780518,0.5886306166648865,0.060859281569719315,0.5626446604728699,0.0450889989733696,0.0,0.0,0.0001593228371348232,4.301680746721104e-05,5206,0.5,True,0.2,0.2,0.05,0.25,256,30,True,0.05,10,0.2,50,0.0,0.0,0,,,,,,,,,,,,,,,0.061889830976724625,0.030531680211424828,0.0069643753135975916,0.5115353431119628,6940,989560,13567,996500,0.14638460971474904,0.23711948109383063,0.2975602565047542,0.14815360801945898,0.2441217660499742,0.2978550895555392,0.15198643767966388,0.15198643767966388,0.24581705609198792,0.24581705609198792,0.3008771283260854,0.3008771283260854,13567,9965,8665,996500,100.0,100.0,0.48268309235572815,0.5090287327766418,0.2717120349407196,0.6905010342597961,0.7678926587104797,0.5115353465080261,0.17181396484375,3.396063319449638e-09,0.9999999933610388,9965,1300,100.0,109.24180417996831,0.5341827550437301,0.008436989970505238,5.0,2.0,1.0,iou,0.25,0.25,2.0,True,False,True,False,False,0.3,0.35,1.0,30,True,30,70,0.0,0.15,4.0,0.0,20,0.5,True,True
epoch,1784095451.8361578,24,494.47634960198775,9.838162523612026e-05,9.838162523612026e-05,7.726976207037062e-05,9.704520830827353e-06,9.834755418845963e-05,2.0377798080444336,1.4538012742996216,1.6685081720352173,0.5839782953262329,0.059012968093156815,0.5543297529220581,0.04397262632846832,0.0,0.0,0.00011294405703665689,3.660096990643069e-05,5206,0.5,True,0.2,0.2,0.05,0.25,256,30,True,0.05,10,0.2,50,0.0,0.0,0,,,,,,,,,,,,,,,0.062494684010744095,0.02993966080248356,0.007069744104365279,0.5192747106950689,7045,989455,13567,996500,0.14992260632416893,0.2385936463477556,0.30353062578315027,0.1504385641630427,0.24707009655782414,0.3073634554433552,0.15515589297560256,0.15515589297560256,0.24648043045625415,0.24648043045625415,0.30699491412987395,0.30699491412987395,13567,9965,8665,996500,100.0,100.0,0.4852539896965027,0.5152233242988586,0.275668740272522,0.6930453777313232,0.7723152041435242,0.5192747116088867,0.1697501242160797,9.138177992085161e-10,0.9999999982402036,9965,1300,100.0,109.34873804601375,0.5429448640206829,0.008338387939147651,5.0,2.0,1.0,iou,0.25,0.25,2.0,True,False,True,False,False,0.3,0.35,1.0,30,True,30,70,0.0,0.15,4.0,0.0,20,0.5,True,True
epoch,1784095976.0341096,25,506.5963728680508,9.825037620534669e-05,9.825037620534669e-05,7.704977833085558e-05,9.680673836030092e-06,9.821354202019609e-05,2.024277687072754,1.4458903074264526,1.6525359153747559,0.5783876180648804,0.05858749896287918,0.5517198443412781,0.04265139251947403,0.0,0.0,8.638168219476938e-05,3.2907006243476644e-05,5206,0.5,True,0.2,0.2,0.05,0.25,256,30,True,0.05,10,0.2,50,0.0,0.0,0,1.4016526937484741,0.05663546174764633,0.5330415964126587,0.04589143767952919,0.0,0.0,0.00014442058454733342,5.501052146428265e-05,1300,0.5,True,True,0.0,0.0,0.06387460231781006,0.030873978510499,0.007136979427997993,0.5242131642957175,7112,989388,13567,996500,0.15250239551853761,0.24235276774526424,0.30603670671482275,0.15847276479693373,0.2501658435910666,0.3087639124345839,0.1593572639492887,0.1593572639492887,0.24987101054028157,0.24987101054028157,0.30905874548536894,0.30905874548536894,13567,9965,8665,996500,100.0,100.0,0.4895327687263489,0.5199490189552307,0.28376689553260803,0.6917879581451416,0.7803493738174438,0.5242868661880493,0.17166654765605927,7.370189233180113e-05,0.9998594244924203,9965,1300,100.0,121.57890345295891,0.5278573280666023,0.008623274974524975,5.0,2.0,1.0,iou,0.25,0.25,2.0,True,False,True,False,False,0.3,0.35,1.0,30,True,30,70,0.0,0.15,4.0,0.0,20,0.5,True,True
epoch,1784096494.7524638,26,496.5030812580371,9.811411013026231e-05,9.811411013026231e-05,7.682161488328028e-05,9.655933829792388e-06,9.807440718563625e-05,2.0254528522491455,1.4495385885238647,1.6454652547836304,0.5759133696556091,0.05825875326991081,0.5544716119766235,0.04161231964826584,0.0,0.0,6.693738396279514e-05,2.9454389732563868e-05,5206,0.5,True,0.2,0.2,0.05,0.25,256,30,True,0.05,10,0.2,50,0.0,0.0,0,,,,,,,,,,,,,,,0.06322094798088074,0.03197164833545685,0.007193176116407426,0.5283408270067075,7168,989332,13567,996500,0.15640893344143877,0.24707009655782414,0.30905874548536894,0.16171592835556867,0.2563573376575514,0.3170192378565637,0.16532763322768482,0.16532763322768482,0.25488317240362646,0.25488317240362646,0.31724036264465244,0.31724036264465244,13567,9965,8665,996500,100.0,100.0,0.4936661422252655,0.5220458507537842,0.28984588384628296,0.6992251873016357,0.7842559218406677,0.5283408164978027,0.17925849556922913,-1.0508904746409087e-08,1.0000000198903898,9965,1300,100.0,111.21078153897543,0.5175357139669359,0.008913700003176928,5.0,2.0,1.0,iou,0.25,0.25,2.0,True,False,True,False,False,0.3,0.35,1.0,30,True,30,70,0.0,0.15,4.0,0.0,20,0.5,True,True
epoch,1784097036.8821032,27,531.7483689809451,9.797284195397785e-05,9.797284195397785e-05,7.658532278979823e-05,9.630305635227478e-06,9.793016494248265e-05,1.9975502490997314,1.4290306568145752,1.6243436336517334,0.568520724773407,0.05725662410259247,0.5466941595077515,0.04088763892650604,0.0,0.0,5.3673258662456647e-05,2.6836629331228323e-05,5206,0.5,True,0.2,0.2,0.05,0.25,256,30,True,0.05,10,0.2,50,0.0,0.0,0,,,,,,,,,,,,,,,0.06139771267771721,0.0312140341848135,0.007303562468640241,0.5364487359032948,7278,989222,13567,996500,0.16142109530478366,0.2537038402004865,0.31141740989164884,0.16702292326969853,0.25797891943686885,0.31996756836441365,0.16672809021891355,0.16672809021891355,0.25901083511461637,0.25901083511461637,0.3195990270509324,0.3195990270509324,13567,9965,8665,996500,100.0,100.0,0.49660566449165344,0.5304005146026611,0.2926256060600281,0.702651858329773,0.7854352593421936,0.5365224480628967,0.18427065014839172,7.371215960194633e-05,0.9998626112292821,9965,1300,100.0,142.79972680099308,0.5706810099072754,0.008497691946104169,5.0,2.0,1.0,iou,0.25,0.25,2.0,True,False,True,False,False,0.3,0.35,1.0,30,True,30,70,0.0,0.15,4.0,0.0,20,0.5,True,True
epoch,1784097542.1673994,28,496.614306612988,9.782658716814079e-05,9.782658716814079e-05,7.63409549317244e-05,9.60379424860267e-06,9.77808311085227e-05,1.9841097593307495,1.4205763339996338,1.6100962162017822,0.5635339021682739,0.056370560079813004,0.544650137424469,0.04008397459983826,0.0,0.0,4.2589126678649336e-05,2.3964199499459937e-05,5206,0.5,True,0.2,0.2,0.05,0.25,256,30,True,0.05,10,0.2,50,0.0,0.0,0,,,,,,,,,,,,,,,0.06149681285023689,0.03154556825757027,0.007347739130172996,0.5396918994619296,7322,989175,13567,996497,0.16333751013488612,0.24920763617601532,0.31768261222082994,0.1703397950910297,0.2650549126557087,0.32387410628731483,0.17129800250608093,0.17129800250608093,0.2635807474017837,0.2635807474017837,0.326011645905506,0.326011645905506,13567,9965,8665,996500,100.0,100.0,0.5011841058731079,0.5333245992660522,0.2944693863391876,0.7132428884506226,0.7880150079727173,0.5396919250488281,0.19739072024822235,2.5586898488860754e-08,0.9999999525898067,9965,1300,99.9996989463121,111.55231671698857,0.5425884840078652,0.008337302948348224,5.0,2.0,1.0,iou,0.25,0.25,2.0,True,False,True,False,False,0.3,0.35,1.0,30,True,30,70,0.0,0.15,4.0,0.0,20,0.5,True,True
epoch,1784098055.3023276,29,501.3647820119513,9.767536181123653e-05,9.767536181123653e-05,7.608856599770071e-05,9.576404838365318e-06,9.762642205989414e-05,1.9607274532318115,1.4031075239181519,1.593199372291565,0.5576198697090149,0.055018652230501175,0.5390369892120361,0.039769578725099564,0.0,0.0,3.326158184790984e-05,2.0791241695405915e-05,5206,0.5,True,0.2,0.2,0.05,0.25,256,30,True,0.05,10,0.2,50,0.0,0.0,0,,,,,,,,,,,,,,,0.06352544575929642,0.032199058681726456,0.007429120788693045,0.5456622687403258,7403,989081,13567,996484,0.16510650843959607,0.25060809316724403,0.3145131569248913,0.17328812559887963,0.2649074961303162,0.3253482715412398,0.17247733470922091,0.17247733470922091,0.26468637134222744,0.26468637134222744,0.3246111889142773,0.3246111889142773,13567,9965,8665,996500,100.0,100.0,0.5027850866317749,0.5383584499359131,0.2976200580596924,0.7102658748626709,0.7874990701675415,0.5456622838973999,0.19267340004444122,1.51570741513396e-08,0.9999999722226098,9965,1300,99.99839438033116,115.28013268799987,0.5455517190275714,0.009008218068629503,5.0,2.0,1.0,iou,0.25,0.25,2.0,True,False,True,False,False,0.3,0.35,1.0,30,True,30,70,0.0,0.15,4.0,0.0,20,0.5,True,True
epoch,1784098576.4007256,30,512.4121730430052,9.751918246682962e-05,9.751918246682962e-05,7.582821247145682e-05,9.548142744135215e-06,9.746695472928919e-05,1.9586708545684814,1.4012632369995117,1.592586636543274,0.5574053525924683,0.054979510605335236,0.5377490520477295,0.03954556956887245,0.0,0.0,2.8117896363255568e-05,1.932748818944674e-05,5206,0.5,True,0.2,0.2,0.05,0.25,256,30,True,0.05,10,0.2,50,0.0,0.0,0,1.3477611541748047,0.0526285357773304,0.5156009793281555,0.04243147000670433,0.0,0.0,1.956856249307748e-05,1.34511146825389e-05,1300,0.5,True,True,0.0,0.0,0.06207847595214844,0.03142299875617027,0.007533533103590847,0.5533279280607356,7507,988971,13567,996478,0.16687550674430604,0.251787425370384,0.31783002874622246,0.17373037517505713,0.2674872853246849,0.3293285177268372,0.17594162305594457,0.17594162305594457,0.2649812043930125,0.2649812043930125,0.32822289378639347,0.32822289378639347,13567,9965,8665,996500,100.0,100.0,0.5055415630340576,0.5410299897193909,0.2968842089176178,0.7134407162666321,0.7886046767234802,0.5533279180526733,0.19871747493743896,-1.0008062267807816e-08,1.0000000180870365,9965,1300,99.99779227295534,124.24863412801642,0.5696098810294643,0.009027402033098042,4.999729473257903,1.999918841977371,1.0002705267420964,iou,0.25,0.25,2.0,True,False,True,True,False,0.3,0.35,1.0,30,True,30,70,0.0,0.15,4.0,0.0,20,0.5,True,True
epoch,1784099082.1509726,31,497.1379070719704,9.735806626174514e-05,9.735806626174514e-05,7.555995261916924e-05,9.51901347566363e-06,9.730244660409767e-05,1.9576857089996338,1.4022079706192017,1.587078332901001,0.5554777383804321,0.05504472926259041,0.5374210476875305,0.03940815478563309,0.0,0.0,3.0507586416206323e-05,2.28619701374555e-05,5206,0.5,True,0.2,0.2,0.05,0.25,256,30,True,0.05,10,0.2,50,0.0006064139941690962,0.0004548104956268222,0,,,,,,,,,,,,,,,0.06105316802859306,0.031105265021324158,0.007554652815131785,0.5548758015773568,7528,988944,13567,996472,0.16717033979509102,0.2506818014299403,0.3184934031104887,0.17542566521707084,0.2705093240952311,0.3310238077688509,0.1774894965725658,0.1774894965725658,0.2671924522738999,0.2671924522738999,0.3310238077688509,0.3310238077688509,13567,9965,8665,996500,100.0,100.0,0.5086954236030579,0.5450417995452881,0.29812997579574585,0.719059944152832,0.789489209651947,0.5548757910728455,0.20586717128753662,-1.050451137185604e-08,1.0000000189312843,9965,1300,99.99719016557953,109.82377638900653,0.5617437880719081,0.00846873503178358,4.998918010127164,1.9996754030381492,1.0010819898728363,iou,0.25,0.25,2.0,True,False,True,True,False,0.3,0.35,1.0,30,True,30,70,0.0,0.15,4.0,0.0,20,0.5,True,True
epoch,1784099590.295373,32,497.46756600693334,9.71920308641906e-05,9.71920308641906e-05,7.528384647642172e-05,9.489022711759169e-06,9.713291572448935e-05,1.9425804615020752,1.3935556411743164,1.5686503648757935,0.5490272045135498,0.05437915027141571,0.5336933135986328,0.03985166177153587,0.0,0.0,2.1868987460038625e-05,1.77144720510114e-05,5206,0.5,True,0.2,0.2,0.05,0.25,256,30,True,0.05,10,0.2,50,0.002402332361516035,0.0018017492711370263,0,,,,,,,,,,,,,,,0.06059106066823006,0.03138896822929382,0.007485438569025799,0.5497899314513157,7459,989009,13567,996468,0.16805483894744602,0.2511240510061178,0.3189356526866662,0.17837399572492077,0.2713201149848898,0.3325716812854721,0.17800545441143953,0.17800545441143953,0.2694774084174836,0.2694774084174836,0.33109751603154713,0.33109751603154713,13567,9965,8665,996500,100.0,100.0,0.5079053640365601,0.5388143658638,0.2986714243888855,0.7222663164138794,0.7921426892280579,0.5498636364936829,0.20984742045402527,7.370504236714481e-05,0.9998659575984381,9965,1300,99.99678876066231,109.79882276093122,0.5529082900611684,0.008498638984747231,4.997565961843744,1.9992697885531232,1.0024340381562562,iou,0.25,0.25,2.0,True,False,True,True,False,0.3,0.35,1.0,30,True,30,70,0.0,0.15,4.0,0.0,20,0.5,True,True
epoch,1784100096.8682854,33,497.02438289602287,9.702109448181838e-05,9.702109448181838e-05,7.499995583476929e-05,9.458176299180678e-06,9.695838068143561e-05,1.9266340732574463,1.3817696571350098,1.5567591190338135,0.5448657274246216,0.05321571230888367,0.5296542048454285,0.0397438108921051,0.0,0.0,1.9566876289900392e-05,1.7006701455102302e-05,5206,0.5,True,0.2,0.2,0.05,0.25,256,30,True,0.05,10,0.2,50,0.005352769679300292,0.004014577259475219,0,,,,,,,,,,,,,,,0.06175033748149872,0.03253311663866043,0.007542557344409667,0.5539913024250018,7516,988963,13567,996479,0.17188766860765092,0.24898651138792657,0.3195990270509324,0.18080636839389697,0.26837178447703985,0.33434067959018204,0.17955332792806072,0.17955332792806072,0.26815065968895113,0.26815065968895113,0.33124493255693965,0.33124493255693965,13567,9965,8665,996500,100.0,100.0,0.5111545920372009,0.5464631915092468,0.30147790908813477,0.7247976064682007,0.7963440418243408,0.5539913177490234,0.21198496222496033,1.5324021607199256e-08,0.9999999723388777,9965,1300,99.99789262418464,109.62860899302177,0.5520333060994744,0.008302679983898997,4.995673913631991,1.9987021740895974,1.004326086368009,iou,0.25,0.25,2.0,True,False,True,True,False,0.3,0.35,1.0,30,True,30,70,0.0,0.15,4.0,0.0,20,0.5,True,True
epoch,1784100602.5963304,34,497.2191125949612,9.684527585972911e-05,9.684527585972911e-05,7.470834422790976e-05,9.426480251497406e-06,9.677886061467077e-05,1.921812653541565,1.3799283504486084,1.5482420921325684,0.54188472032547,0.05326481908559799,0.5275303721427917,0.039697207510471344,0.0,0.0,1.894398701551836e-05,1.753931246639695e-05,5206,0.5,True,0.2,0.2,0.05,0.25,256,30,True,0.05,10,0.2,50,0.00942274052478134,0.007067055393586005,0,,,,,,,,,,,,,,,0.05941643938422203,0.03081609681248665,0.007615777072185805,0.559372005601828,7589,988895,13567,996484,0.17409891648853837,0.2505343849045478,0.3189356526866662,0.18287019974939192,0.2682243679516474,0.3327928060735608,0.18294390801208815,0.18294390801208815,0.26903515884130613,0.26903515884130613,0.3322768482346871,0.3322768482346871,13567,9965,8665,996500,100.0,100.0,0.5108853578567505,0.5422343015670776,0.30561167001724243,0.7212498784065247,0.7944276332855225,0.5595194101333618,0.2097737193107605,0.0001474045315338346,0.9997365515317892,9965,1300,99.99839438033116,110.04551379510667,0.540928789996542,0.008334951009601355,4.993242684451328,1.9979728053353982,1.0067573155486722,iou,0.25,0.25,2.0,True,False,True,True,False,0.3,0.35,1.0,30,True,30,70,0.0,0.15,4.0,0.0,20,0.5,True,True
epoch,1784101123.9107707,35,510.47515332198236,9.666459427841598e-05,9.666459427841598e-05,7.440907691746494e-05,9.393940747916656e-06,9.659437521059316e-05,1.9297462701797485,1.3871071338653564,1.5503935813903809,0.5426378846168518,0.05347917973995209,0.5290918350219727,0.040344588458538055,0.0,0.0,1.7775937521946616e-05,1.7418551578884944e-05,5206,0.5,True,0.2,0.2,0.05,0.25,256,30,True,0.05,10,0.2,50,0.014577259475218658,0.010932944606413994,0,1.3383243083953857,0.05118614807724953,0.5088386535644531,0.04353178292512894,0.0,0.0,7.972384082677308e-06,7.807049769326113e-06,1300,0.5,True,True,0.014577259475218658,0.010932944606413994,0.056937672197818756,0.02842218615114689,0.007589715799614644,0.5574555907717255,7563,988917,13567,996480,0.17490970737819708,0.2465541387189504,0.31628215522960124,0.18427065674062063,0.26756099358738117,0.33500405395444827,0.1836072823763544,0.1836072823763544,0.2667502026977224,0.2667502026977224,0.3323505564973834,0.3323505564973834,13567,9965,8665,996500,100.0,100.0,0.5121895670890808,0.5453328490257263,0.30843186378479004,0.7238205671310425,0.7977445125579834,0.5576030015945435,0.20874179899692535,0.0001474108228179949,0.9997356348111534,9965,1300,99.99799297541395,123.29514704400208,0.5509416790446267,0.008714032010175288,4.990273326641769,1.9970819979925307,1.009726673358231,iou,0.25,0.25,2.0,True,False,True,True,False,0.3,0.35,1.0,30,True,30,70,0.0,0.15,4.0,0.0,20,0.5,True,True
epoch,1784101631.9654572,36,497.783114432008,9.647906955165047e-05,9.647906955165047e-05,7.410222087837538e-05,9.36056413207912e-06,9.640494470010628e-05,1.9037340879440308,1.368032693862915,1.5305780172348022,0.5357025861740112,0.05145075544714928,0.5237308144569397,0.04002399742603302,0.0,0.0,1.6031570339691825e-05,1.6517813492100686e-05,5206,0.5,True,0.2,0.2,0.05,0.25,256,30,True,0.05,10,0.2,50,0.020781341107871724,0.015586005830903794,0,,,,,,,,,,,,,,,0.05472694709897041,0.026572033762931824,0.00760482220792736,0.5585612147121692,7578,988895,13567,996473,0.17918478661457948,0.25164000884499155,0.32114690056755363,0.188840569027788,0.274047320704651,0.3394265497162232,0.18795606987543304,0.18795606987543304,0.27139382324758604,0.27139382324758604,0.33618338615758825,0.33618338615758825,13567,9965,8665,996500,100.0,100.0,0.5133326053619385,0.5497972369194031,0.31029361486434937,0.7230087518692017,0.7984815835952759,0.5585612058639526,0.21051080524921417,-8.84821660385171e-09,1.0000000158410869,9965,1300,99.99729051680883,110.13098831893876,0.550474215997383,0.008321136003360152,4.986767125468425,1.9960301376405276,1.0132328745315746,iou,0.25,0.25,2.0,True,False,True,True,False,0.3,0.35,1.0,30,True,30,70,0.0,0.15,4.0,0.0,20,0.5,True,True
epoch,1784102138.3786778,37,496.89883570210077,9.628872202430957e-05,9.628872202430957e-05,7.378784478391166e-05,9.32635691082219e-06,9.62105898564003e-05,1.8908591270446777,1.360129714012146,1.5163694620132446,0.5307292938232422,0.05081265792250633,0.5200316309928894,0.040208861231803894,0.0,0.0,1.5417135728057474e-05,1.6611094906693324e-05,5206,0.5,True,0.2,0.2,0.05,0.25,256,30,True,0.05,10,0.2,50,0.028000000000000004,0.021000000000000005,0,,,,,,,,,,,,,,,0.05489806830883026,0.02633976936340332,0.007672128646895422,0.5634996683128178,7645,988819,13567,996464,0.18014299402963072,0.2557676715559814,0.32040981794059115,0.18655561288420433,0.2784698164664259,0.34532321073192307,0.18847202771430677,0.18847202771430677,0.27522665290779097,0.27522665290779097,0.3395002579789194,0.3395002579789194,13567,9965,8665,996500,100.0,100.0,0.5160737037658691,0.5519007444381714,0.31384503841400146,0.7273494005203247,0.7995872497558594,0.5634996891021729,0.21699713170528412,2.078935501526047e-08,0.9999999631067144,9965,1300,99.99638735574511,109.69638203294016,0.5509981659706682,0.008239454007707536,4.982725598565186,1.9948176795695558,1.0172744014348138,iou,0.25,0.25,2.0,True,False,True,True,False,0.3,0.35,1.0,30,True,30,70,0.0,0.15,4.0,0.0,20,0.5,True,True
epoch,1784102642.625318,38,497.49263108195737,9.609357257014465e-05,9.609357257014465e-05,7.346601899030551e-05,9.291325752911426e-06,9.6011331992674e-05,1.888721227645874,1.3578569889068604,1.5167572498321533,0.530864953994751,0.05064680427312851,0.5180525183677673,0.04027799144387245,0.0,0.0,1.3678973118658178e-05,1.5323144907597452e-05,5206,0.5,True,0.2,0.2,0.05,0.25,256,30,True,0.05,10,0.2,50,0.03619825072886297,0.02714868804664723,0,,,,,,,,,,,,,,,0.056698158383369446,0.02702561393380165,0.00775763268763335,0.569764870641999,7730,988708,13567,996438,0.1776369130979583,0.26144320778359253,0.325127146753151,0.18449178152870938,0.2795754404068696,0.34701850077393676,0.18707157072307806,0.18707157072307806,0.2802388147711358,0.2802388147711358,0.3429645463256431,0.3429645463256431,13567,9965,8665,996500,100.0,100.0,0.5183944702148438,0.5526477694511414,0.3213370442390442,0.7265796661376953,0.8035674691200256,0.5698385834693909,0.2156703770160675,7.371282739188079e-05,0.9998706426178742,9965,1300,99.99377822378324,109.98176778503694,0.5534355290001258,0.008255271008238196,4.978150495277822,1.9934451485833464,1.0218495047221787,iou,0.25,0.25,2.0,True,False,True,True,False,0.3,0.35,1.0,30,True,30,70,0.0,0.15,4.0,0.0,20,0.5,True,True
epoch,1784103161.37934,39,507.8272454889957,9.58936425894925e-05,9.58936425894925e-05,7.313681552100432e-05,9.255477487740475e-06,9.580719295979761e-05,1.8820359706878662,1.3558560609817505,1.5033689737319946,0.5261788964271545,0.050042394548654556,0.5176923871040344,0.040079329162836075,0.0,0.0,1.1933940186281689e-05,1.3812478755426127e-05,5206,0.5,True,0.2,0.2,0.05,0.25,256,30,True,0.05,10,0.2,50,0.04534110787172011,0.034005830903790085,0,,,,,,,,,,,,,,,0.05639860779047012,0.026628073304891586,0.007683560933066911,0.5643104592024766,7656,988757,13567,996413,0.1810274931819857,0.2587897103265276,0.3230633153976561,0.18596594678263434,0.28104960566079457,0.3506302056460529,0.19090440038328296,0.19090440038328296,0.2790594825679959,0.2790594825679959,0.34333308763912435,0.34333308763912435,13567,9965,8665,996500,100.0,100.0,0.5169562101364136,0.5511082410812378,0.321451336145401,0.7258139848709106,0.8029778003692627,0.5643104314804077,0.21648116409778595,-2.772206886270112e-08,1.0000000491255652,9965,1300,99.99126944305068,120.20351905399002,0.5879037790000439,0.010607419069856405,4.97304379590679,1.991913138772037,1.02695620409321,iou,0.25,0.25,2.0,True,False,True,True,False,0.3,0.35,1.0,30,True,30,70,0.0,0.15,4.0,0.0,20,0.5,True,True
epoch,1784103726.020343,40,555.0103187450441,9.56889540069285e-05,9.56889540069285e-05,7.280030805055267e-05,9.218819103999662e-06,9.559819514391648e-05,1.8668292760849,1.3451645374298096,1.4904695749282837,0.5216644406318665,0.049315277487039566,0.5128179788589478,0.040546491742134094,0.2779407203197479,0.00027142648468725383,1.3638567907037213e-05,1.62211581482552e-05,5206,0.5,True,0.2,0.2,0.05,0.25,256,30,True,0.05,10,0.2,50,0.0553935860058309,0.04154518950437318,0,1.3220341205596924,0.049059901386499405,0.4996897876262665,0.04365861415863037,0.29735878109931946,0.00029038943466730416,3.653673729786533e-06,4.345329671195941e-06,1300,0.5,True,True,0.0553935860058309,0.04154518950437318,0.05584833770990372,0.026808539405465126,0.007779137139031878,0.5713127441586202,7751,988632,13567,996383,0.1836072823763544,0.25871600206383133,0.32239994103338987,0.18913540207857302,0.28679885015110196,0.3536522444165991,0.19215744084911918,0.19215744084911918,0.27876464951721086,0.27876464951721086,0.34606029335888555,0.34606029335888555,13567,9965,8665,996500,100.0,100.0,0.5209407210350037,0.5568578839302063,0.32100820541381836,0.7312259078025818,0.8060735464096069,0.571386456489563,0.22171445190906525,7.371233094277674e-05,0.9998709939129541,9965,1300,99.9882589061716,150.9498528680997,0.5614920640364289,0.00918396795168519,4.9674077108500825,1.9902223132550247,1.0325922891499177,iou,0.25,0.25,2.0,True,False,True,True,False,0.3,0.35,1.0,30,True,30,70,0.0,0.15,4.0,0.0,20,0.5,True,True
epoch,1784104266.2258673,41,532.1736403909745,9.547952926886239e-05,9.547952926886239e-05,7.245657188810408e-05,9.18135774831353e-06,9.538436146399633e-05,1.8700910806655884,1.349474310874939,1.4874821901321411,0.5206190347671509,0.04961298033595085,0.5128870010375977,0.04053226858377457,0.2634173035621643,0.0010070448042824864,1.2528810657386202e-05,1.5223347872961313e-05,5206,0.5,True,0.2,0.2,0.05,0.25,256,30,True,0.05,10,0.2,50,0.0663206997084548,0.049740524781341104,0,,,,,,,,,,,,,,,0.058296579867601395,0.028092464432120323,0.007834203131272581,0.5753666986069138,7806,988594,13567,996400,0.18397582368983564,0.26579199528267117,0.3274121028967347,0.19304194000147418,0.2912950541755731,0.3629394855163264,0.19363160610304414,0.19363160610304414,0.285324684897177,0.285324684897177,0.35276774526424415,0.35276774526424415,13567,9965,8665,996500,100.0,100.0,0.5238083004951477,0.5624706149101257,0.3254857659339905,0.7323426008224487,0.8076951503753662,0.5753666758537292,0.22370457649230957,-2.2753184558688133e-08,1.0000000395455377,9965,1300,99.98996487706974,111.72389859892428,0.5691911089234054,0.010025289026089013,4.961244679646464,1.9883734038939391,1.0387553203535362,iou,0.25,0.25,2.0,True,False,True,True,False,0.3,0.35,1.0,30,True,30,70,0.0,0.15,4.0,0.0,20,0.5,True,True
epoch,1784104790.3901699,42,514.3599038730608,9.526539134107665e-05,9.526539134107665e-05,7.21056839605672e-05,9.143100723847596e-06,9.516571536930985e-05,1.8618543148040771,1.3449171781539917,1.4769583940505981,0.5169351696968079,0.048979803919792175,0.5102217793464661,0.04168792441487312,0.25169292092323303,0.0021143497433513403,1.4146096873446368e-05,1.745164809108246e-05,5206,0.5,True,0.2,0.2,0.05,0.25,256,30,True,0.05,10,0.2,50,0.07808746355685131,0.05856559766763848,0,,,,,,,,,,,,,,,0.05799739435315132,0.028232991695404053,0.007940434696648698,0.5831797744527162,7912,988507,13567,996419,0.18478661457949436,0.26557087049458244,0.3291073929387484,0.189430235129358,0.2862828923122282,0.3594751971696027,0.19178889953563794,0.19178889953563794,0.28296602049089703,0.28296602049089703,0.34915604039212794,0.34915604039212794,13567,9965,8665,996500,100.0,100.0,0.5270593762397766,0.5661524534225464,0.3254495859146118,0.7403780817985535,0.8059261441230774,0.5832535028457642,0.23424485325813293,7.372839304797818e-05,0.999873591169726,9965,1300,99.9918715504265,110.81088861706667,0.5502502360614017,0.008773069945164025,4.954557369919539,1.9863672109758619,1.0454426300804607,iou,0.25,0.25,2.0,True,False,True,True,False,0.3,0.35,1.0,30,True,30,70,0.0,0.15,4.0,0.0,20,0.5,True,True
epoch,1784105317.9542193,43,517.9281589780003,9.504656370620822e-05,9.504656370620822e-05,7.174772279538979e-05,9.104055488884583e-06,9.494228083686524e-05,1.8555747270584106,1.3404046297073364,1.4719173908233643,0.5151707530021667,0.04882121458649635,0.5071554183959961,0.041651178151369095,0.23437555134296417,0.0034169743303209543,1.3428782949631568e-05,1.6732366930227727e-05,5206,0.5,True,0.2,0.2,0.05,0.25,256,30,True,0.05,10,0.2,50,0.09065889212827989,0.06799416909620992,0,,,,,,,,,,,,,,,0.05626118928194046,0.027480069547891617,0.007882075954550108,0.5789046952163337,7854,988584,13567,996438,0.18707157072307806,0.26159062430898505,0.3247586054396698,0.19105181690867545,0.2814181469742758,0.3518095378491929,0.1918626077983342,0.1918626077983342,0.27950173214417334,0.27950173214417334,0.3452495024692268,0.3452495024692268,13567,9965,8665,996500,100.0,100.0,0.5253231525421143,0.5651716589927673,0.32572439312934875,0.7357826828956604,0.8061472773551941,0.578978419303894,0.22856932878494263,7.37240875603451e-05,0.9998726652236037,9965,1300,99.99377822378324,113.39912525191903,0.5507827489636838,0.009303161990828812,4.947348676223091,1.9842046028669273,1.052651323776909,iou,0.25,0.25,2.0,True,False,True,True,False,0.3,0.35,1.0,30,True,30,70,0.0,0.15,4.0,0.0,20,0.5,True,True
epoch,1784105850.2380142,44,515.4591756579466,9.48230703611732e-05,9.48230703611732e-05,7.138276850298463e-05,9.06422965537041e-06,9.471408236877685e-05,1.8499268293380737,1.3362854719161987,1.467543125152588,0.513639509677887,0.048094045370817184,0.5063521265983582,0.041461385786533356,0.21991577744483948,0.004887018818408251,1.237215292348992e-05,1.5465568139916286e-05,5206,0.5,True,0.2,0.2,0.05,0.25,256,30,True,0.05,10,0.2,50,0.10400000000000002,0.07800000000000001,0,,,,,,,,,,,,,,,0.0579935647547245,0.028120746836066246,0.007960171045329421,0.5846539397066411,7932,988529,13567,996461,0.18839831945161054,0.26372816392717624,0.33050784992997717,0.1911255251713717,0.2865777253630132,0.3588855310680327,0.19274710695068917,0.19274710695068917,0.28502985184639196,0.28502985184639196,0.35070391390874917,0.35070391390874917,13567,9965,8665,996500,100.0,100.0,0.5276376605033875,0.5714349746704102,0.3241744041442871,0.7408563494682312,0.8055576086044312,0.5847276449203491,0.23549789190292358,7.370521370797523e-05,0.9998739494970893,9965,1300,99.9960863020572,110.22508677304722,0.5248370110057294,0.008509809034876525,4.9396217187881915,1.9818865156364573,1.0603782812118085,iou,0.25,0.25,2.0,True,False,True,True,False,0.3,0.35,1.0,30,True,30,70,0.0,0.15,4.0,0.0,20,0.5,True,True
epoch,1784106412.1524138,45,555.1566648220178,9.459493581453544e-05,9.459493581453544e-05,7.1010902758801e-05,9.02363098743023e-06,9.448114498957829e-05,1.8332158327102661,1.3268632888793945,1.4467178583145142,0.5063512921333313,0.04793569818139076,0.5006406903266907,0.041956424713134766,0.2034989446401596,0.006359342020004988,9.423910341865849e-06,1.1780837667174637e-05,5206,0.5,True,0.2,0.2,0.05,0.25,256,30,True,0.05,10,0.2,50,0.11807580174927114,0.08855685131195336,0,1.303341269493103,0.04730118066072464,0.48755791783332825,0.04396042972803116,0.24206878244876862,0.007564649451524019,1.8972194766320172e-06,2.371689788560616e-06,1300,0.5,True,True,0.11807580174927114,0.08855685131195336,0.0588824637234211,0.028848400339484215,0.008025796558050285,0.5894449767818972,7997,988415,13567,996412,0.189430235129358,0.2663816613842412,0.33434067959018204,0.19481093830618412,0.285619517947962,0.36013857153386897,0.19724331097516032,0.19724331097516032,0.28547210142256946,0.28547210142256946,0.35217807916267413,0.35217807916267413,13567,9965,8665,996500,100.0,100.0,0.5313699841499329,0.5709867477416992,0.3340684771537781,0.7414755821228027,0.813075840473175,0.589518666267395,0.23719318211078644,7.368948549779653e-05,0.9998750005899485,9965,1300,99.99116909182138,126.42546110902913,0.5600997129222378,0.008908917079679668,4.9313798421726345,1.9794139526517904,1.0686201578273655,iou,0.25,0.25,2.0,True,False,True,True,False,0.3,0.35,1.0,30,True,30,70,0.0,0.15,4.0,0.0,20,0.5,True,True
epoch,1784106933.78119,46,513.3481733340304,9.436218508381878e-05,9.436218508381878e-05,7.063220878504611e-05,8.982267399854801e-06,9.424349424347813e-05,1.8141870498657227,1.3133161067962646,1.431062936782837,0.5008724331855774,0.0471138060092926,0.4944453835487366,0.042724609375,0.19108973443508148,0.007905918173491955,9.249747563444544e-06,1.156388498202432e-05,5206,0.5,True,0.2,0.2,0.05,0.25,256,30,True,0.05,10,0.2,50,0.13285131195335276,0.09963848396501457,0,,,,,,,,,,,,,,,0.061408206820487976,0.031072750687599182,0.008161307254350372,0.5993955922458908,8132,988277,13567,996409,0.19274710695068917,0.26697132748581115,0.33434067959018204,0.19650622834819784,0.2871673914645832,0.35910665585612145,0.19775926881403405,0.19775926881403405,0.2830397287535933,0.2830397287535933,0.3543156187808653,0.3543156187808653,13567,9965,8665,996500,100.0,100.0,0.5349981188774109,0.5784266591072083,0.3358890414237976,0.7451262474060059,0.81454998254776,0.5993955731391907,0.24198423326015472,-1.9106700110960162e-08,1.000000031876612,9965,1300,99.99086803813347,111.33460321195889,0.5219145530136302,0.008679046062752604,4.922626613813268,1.9767879841439804,1.0773733861867323,iou,0.25,0.25,2.0,True,False,True,True,False,0.3,0.35,1.0,30,True,30,70,0.0,0.15,4.0,0.0,20,0.5,True,True
epoch,1784107461.302211,47,517.0941957400646,9.412484369276376e-05,9.412484369276376e-05,7.024677133206019e-05,8.94014695655748e-06,9.400115619155879e-05,1.8052600622177124,1.3081904649734497,1.420198917388916,0.4970696270465851,0.04624045267701149,0.49359920620918274,0.04288792982697487,0.18194136023521423,0.00957459956407547,9.647949809732381e-06,1.206293745781295e-05,5206,0.5,True,0.2,0.2,0.05,0.25,256,30,True,0.05,10,0.2,50,0.14829154518950438,0.11121865889212829,0,,,,,,,,,,,,,,,0.0603412389755249,0.030518824234604836,0.008127192876813514,0.5968895113142183,8098,988310,13567,996408,0.1942949804673104,0.26910886710400234,0.3388368836146532,0.1976855605513378,0.28709368320188694,0.3594014889069065,0.200412766271099,0.200412766271099,0.2855458096852657,0.2855458096852657,0.35468416009434656,0.35468416009434656,13567,9965,8665,996500,100.0,100.0,0.5359958410263062,0.5803128480911255,0.33596697449684143,0.7491114139556885,0.813665509223938,0.5969632267951965,0.24898651242256165,7.371548097823144e-05,0.9998765158762392,9965,1300,99.99076768690416,109.3961325250566,0.5199665870750323,0.008539066999219358,4.913365822481852,1.9740097467445556,1.0866341775181476,iou,0.25,0.25,2.0,True,False,True,True,False,0.3,0.35,1.0,30,True,30,70,0.0,0.15,4.0,0.0,20,0.5,True,True
epoch,1784107995.2295601,48,526.4465582229896,9.388293766852845e-05,9.388293766852845e-05,6.985467665934974e-05,8.897277869002142e-06,9.375415740891854e-05,1.8011927604675293,1.3066004514694214,1.4131156206130981,0.4945904612541199,0.04598907753825188,0.49286720156669617,0.04339831694960594,0.17264880239963531,0.01118671614676714,8.398524187214207e-06,1.0498223673494067e-05,5206,0.5,True,0.2,0.2,0.05,0.25,256,30,True,0.05,10,0.2,50,0.1643615160349854,0.12327113702623904,0,,,,,,,,,,,,,,,0.0595855787396431,0.02977406419813633,0.008078890111037068,0.5933515147047984,8050,988374,13567,996424,0.19532689614505785,0.27095157367140854,0.33773125967420947,0.1985700597036928,0.2887889732439006,0.35586349229748654,0.20063389105918775,0.20063389105918775,0.2828186039655045,0.2828186039655045,0.35306257831502913,0.35306257831502913,13567,9965,8665,996500,100.0,100.0,0.5355998873710632,0.5752987861633301,0.33963292837142944,0.7464768886566162,0.8175720572471619,0.593498945236206,0.24375322461128235,0.00014743053140764406,0.999751590912518,9965,1300,99.992373306573,109.32274404005148,0.5246733630774543,0.008273817948065698,4.903601476645122,1.9710804429935365,1.0963985233548785,iou,0.25,0.25,2.0,True,False,True,True,False,0.3,0.35,1.0,30,True,30,70,0.0,0.15,4.0,0.0,20,0.5,True,True
epoch,1784108549.9715953,49,547.0382291740971,9.363649353883448e-05,9.363649353883448e-05,6.945601251628291e-05,8.853668494602349e-06,9.350252498175731e-05,1.8210493326187134,1.324278712272644,1.4193439483642578,0.49677109718322754,0.04703649505972862,0.49911969900131226,0.043825775384902954,0.1618672013282776,0.012589644640684128,1.0253907021251507e-05,1.2815655281883664e-05,5206,0.5,True,0.2,0.2,0.05,0.25,256,30,True,0.05,10,0.2,50,0.1810262390670554,0.13576967930029155,0,,,,,,,,,,,,,,,0.061875008046627045,0.03105034865438938,0.008256359614790194,0.6063978772020343,8227,988217,13567,996444,0.19665364487359033,0.27367877939116975,0.33868946708926073,0.20033905800840274,0.2899683054470406,0.3612441954743127,0.2040981794059114,0.2040981794059114,0.2872410997272794,0.2872410997272794,0.3557897840347903,0.3557897840347903,13567,9965,8665,996500,100.0,100.0,0.540952742099762,0.5860872864723206,0.34437495470046997,0.7544640302658081,0.8183828592300415,0.606471598148346,0.25665217638015747,7.37209463116395e-05,0.9998784428709659,9965,1300,99.99438033115905,132.58956875908189,0.570976578979753,0.008457910036668181,4.893337802729744,1.9680013408189232,1.1066621972702562,iou,0.25,0.25,2.0,True,False,True,True,False,0.3,0.35,1.0,30,True,30,70,0.0,0.15,4.0,0.0,20,0.5,True,True
epoch,1784109095.188225,50,533.9293528709095,9.338553832905783e-05,9.338553832905783e-05,6.905086812245153e-05,8.809327335092046e-06,9.324628650440642e-05,1.778505563735962,1.2904812097549438,1.3943537473678589,0.4880238175392151,0.04471840709447861,0.48704618215560913,0.04479388892650604,0.15367229282855988,0.014049419201910496,1.0266233402944636e-05,1.2831201274821069e-05,5206,0.5,True,0.2,0.2,0.05,0.25,256,30,True,0.05,10,0.2,50,0.19825072886297376,0.14868804664723032,0,1.2880544662475586,0.04592188820242882,0.4788508713245392,0.046324003487825394,0.19043304026126862,0.01741153746843338,1.5322995068345335e-06,1.913316737045534e-06,1300,0.5,True,True,0.19825072886297376,0.14868804664723032,0.06741299480199814,0.03335968032479286,0.008165157778426762,0.5996904252966757,8136,988293,13567,996429,0.1973907275005528,0.27964914866956586,0.3402373406058819,0.19775926881403405,0.29564384167465174,0.36271836072823765,0.20299255546546768,0.20299255546546768,0.2918110120144468,0.2918110120144468,0.36072823763543893,0.36072823763543893,13567,9965,8665,996500,100.0,100.0,0.5397900342941284,0.5814183950424194,0.34539565443992615,0.7520912885665894,0.8200781345367432,0.5997641086578369,0.25311416387557983,7.368336116120311e-05,0.9998771460977782,9965,1300,99.99287506271952,128.7641142529901,0.5721513360040262,0.008911724900826812,4.882579243292945,1.9647737729878836,1.1174207567070549,iou,0.25,0.25,2.0,True,False,True,True,True,0.3,0.35,1.0,30,True,30,70,0.0,0.15,4.0,0.0,20,0.5,True,True
epoch,1784109658.7449768,51,543.0091034190264,9.313009955926526e-05,9.313009955926526e-05,6.86393341477041e-05,8.764263034868136e-06,9.298547007630242e-05,1.7872238159179688,1.297735333442688,1.3985388278961182,0.4894886612892151,0.045449819415807724,0.4885845184326172,0.04521501064300537,0.14829838275909424,0.01565815694630146,7.415530944854254e-06,9.266418601328041e-06,5206,0.5,True,0.2,0.2,0.05,0.25,256,30,True,0.05,10,0.2,50,0.216,0.162,0,,,,,,,,,,,,,,,0.06433353573083878,0.031873587518930435,0.00826464528262879,0.6069875433036044,8235,988178,13567,996413,0.19827522665290778,0.27670081816171593,0.3406795901820594,0.19665364487359033,0.29424338468342304,0.3656666912360876,0.20291884720277142,0.20291884720277142,0.29262180290410555,0.29262180290410555,0.3594014889069065,0.3594014889069065,13567,9965,8665,996500,100.0,100.0,0.5422258973121643,0.5853003263473511,0.34955838322639465,0.7534847259521484,0.8246480226516724,0.6069875359535217,0.25643104314804077,-7.350082653623247e-09,1.0000000121091164,9965,1300,99.99126944305068,116.56242884905078,0.5726904940092936,0.008373392978683114,4.87133045509958,1.961399136529874,1.1286695449004198,iou,0.25,0.25,2.0,True,False,True,True,True,0.3,0.35,1.0,30,True,30,70,0.0,0.15,4.0,0.0,20,0.5,True,True
epoch,1784110183.7756844,52,514.4425732298987,9.28702052411964e-05,9.28702052411964e-05,6.822150269185419e-05,8.718484379305237e-06,9.27201042989058e-05,1.7653000354766846,1.2821823358535767,1.3803421258926392,0.48311978578567505,0.04437774792313576,0.4834354817867279,0.045428317040205,0.13978640735149384,0.016800789162516594,1.2336427062109578e-05,1.5433717635460198e-05,5206,0.5,True,0.2,0.2,0.05,0.25,256,30,True,0.05,10,0.2,50,0.23423906705539357,0.1756793002915452,0,,,,,,,,,,,,,,,0.0626031905412674,0.0307424608618021,0.008219367801153522,0.6036706714822732,8190,988237,13567,996427,0.19974939190683275,0.2781749834156409,0.3426697132748581,0.20129726542345397,0.2915898872263581,0.3617601533131864,0.2043930124566964,0.2043930124566964,0.29018943023512933,0.29018943023512933,0.3605071128473502,0.3605071128473502,13567,9965,8665,996500,100.0,100.0,0.5424947142601013,0.5836324691772461,0.35266250371932983,0.7529962658882141,0.8241320848464966,0.603744387626648,0.2545883357524872,7.371614437479135e-05,0.999877901731452,9965,1300,99.9926743602609,109.44625165301841,0.5628836780088022,0.00840887101367116,4.859596307106485,1.9578788921319454,1.1404036928935153,iou,0.25,0.25,2.0,True,False,True,True,True,0.3,0.35,1.0,30,True,30,70,0.0,0.15,4.0,0.0,20,0.5,True,True
epoch,1784110706.9824653,53,513.3678682530299,9.260588387519199e-05,9.260588387519199e-05,6.779746726406884e-05,8.67200029304296e-06,9.245021827256445e-05,1.754202961921692,1.2734673023223877,1.3735302686691284,0.4807358682155609,0.04356420785188675,0.48130980134010315,0.04556996002793312,0.13445474207401276,0.018154332414269447,7.942812771943863e-06,9.928715371643193e-06,5206,0.5,True,0.2,0.2,0.05,0.25,256,30,True,0.05,10,0.2,50,0.252932944606414,0.18969970845481052,0,,,,,,,,,,,,,,,0.061082273721694946,0.030121078714728355,0.008332814811395172,0.6119997051669492,8303,988119,13567,996422,0.20277143067737893,0.27876464951721086,0.3456917520454043,0.20417188766860764,0.2923269698533206,0.36271836072823765,0.2066779686002801,0.2066779686002801,0.2928429276921943,0.2928429276921943,0.3622024028893639,0.3622024028893639,13567,9965,8665,996500,100.0,100.0,0.5453025698661804,0.5903817415237427,0.3479346036911011,0.7565173506736755,0.8257536888122559,0.6119996905326843,0.2598216235637665,-1.4634264910995398e-08,1.0000000239122098,9965,1300,99.9921726041144,109.46073255001102,0.564259501057677,0.008307266049087048,4.847381878354984,1.9542145635064951,1.1526181216450164,iou,0.25,0.25,2.0,True,False,True,True,True,0.3,0.35,1.0,30,True,30,70,0.0,0.15,4.0,0.0,20,0.5,True,True
epoch,1784111229.3876493,54,513.4319107820047,9.233716444706842e-05,9.233716444706842e-05,6.736732276194156e-05,8.624819838246023e-06,9.21758415933225e-05,1.754124402999878,1.275341272354126,1.3679544925689697,0.47878414392471313,0.04391681030392647,0.4825303554534912,0.04508660361170769,0.12642541527748108,0.018962714821100235,8.224954399338458e-06,1.0282929906679783e-05,5206,0.5,True,0.2,0.2,0.05,0.25,256,30,True,0.05,10,0.2,50,0.2720466472303207,0.2040349854227405,0,,,,,,,,,,,,,,,0.0616164356470108,0.030581269413232803,0.008315703693593517,0.6107466647011129,8286,988142,13567,996428,0.20387705461782266,0.2802388147711358,0.34731333382472174,0.20520380334635513,0.29534900862386676,0.36868873000663377,0.20815213385420506,0.20815213385420506,0.2941696764207268,0.2941696764207268,0.36463477555834006,0.36463477555834006,13567,9965,8665,996500,100.0,100.0,0.5472727417945862,0.5937670469284058,0.353780597448349,0.7597944736480713,0.8246480226516724,0.6107466816902161,0.2654971480369568,1.698910312430968e-08,0.9999999721830611,9965,1300,99.99277471149021,109.21827110496815,0.565673653036356,0.008291617035865784,4.834692455772463,1.950407736731739,1.1653075442275367,iou,0.25,0.25,2.0,True,False,True,True,True,0.3,0.35,1.0,30,True,30,70,0.0,0.15,4.0,0.0,20,0.5,True,True
epoch,1784111769.6838276,55,530.775355012971,9.20640764249392e-05,9.20640764249392e-05,6.693116545025456e-05,8.576952212837572e-06,9.189700434967477e-05,1.75645112991333,1.2809367179870605,1.3586138486862183,0.4755147695541382,0.04384273290634155,0.48619675636291504,0.045061543583869934,0.12071472406387329,0.01991865038871765,8.908198651624843e-06,1.1132448889838997e-05,5206,0.5,True,0.2,0.2,0.05,0.25,256,30,True,0.05,10,0.2,50,0.2915451895043732,0.21865889212827988,0,1.2638726234436035,0.044105615466833115,0.46962034702301025,0.04772137105464935,0.15333598852157593,0.025293191894888878,1.614573875485803e-06,2.0177878923277603e-06,1300,0.5,True,True,0.2915451895043732,0.21865889212827988,0.06318997591733932,0.03105565346777439,0.008358857840205213,0.6139161199970516,8329,988099,13567,996428,0.20970000737082628,0.2848824353209995,0.35328370310311785,0.20748875948993883,0.3038254588339353,0.3723741431414462,0.21080563131127,0.21080563131127,0.30050858701260413,0.30050858701260413,0.3679516473796713,0.3679516473796713,13567,9965,8665,996500,100.0,100.0,0.5479992032051086,0.5926271677017212,0.3559228181838989,0.7602636814117432,0.8259747624397278,0.6139160990715027,0.2659394145011902,-2.09255489602711e-08,1.0000000340853563,9965,1300,99.99277471149021,126.8150957749458,0.5820397610077634,0.008887175004929304,4.821533531883965,1.9464600595651893,1.1784664681160355,iou,0.25,0.25,2.0,True,False,True,True,True,0.3,0.35,1.0,30,True,30,70,0.0,0.15,4.0,0.0,20,0.5,True,True
epoch,1784112293.2596326,56,513.8400549649959,9.178664975598337e-05,9.178664975598337e-05,6.648909293943504e-05,8.528406748706025e-06,9.161373711926724e-05,1.7547314167022705,1.2802153825759888,1.3557652235031128,0.47451767325401306,0.04403582215309143,0.48417046666145325,0.046032194048166275,0.11971056461334229,0.021526753902435303,8.457933290628716e-06,1.0575256965239532e-05,5206,0.5,True,0.2,0.2,0.05,0.25,256,30,True,0.05,10,0.2,50,0.31139358600583095,0.2335451895043732,0,,,,,,,,,,,,,,,0.06105879694223404,0.029140328988432884,0.00835795491039887,0.6138424117343554,8328,988088,13567,996416,0.20984742389621877,0.285619517947962,0.35328370310311785,0.20557234465983637,0.30146679442765534,0.3710473944129137,0.20881550821847128,0.20881550821847128,0.2964546325643105,0.2964546325643105,0.3686150217439375,0.3686150217439375,13567,9965,8665,996500,100.0,100.0,0.5471013188362122,0.5931972861289978,0.35567307472229004,0.759385347366333,0.8256062269210815,0.6138424277305603,0.26262253522872925,1.599620491621323e-08,0.9999999739408614,9965,1300,99.99157049673859,109.24180247995537,0.5782686960883439,0.008275568019598722,4.807910802434781,1.9423732407304346,1.1920891975652181,iou,0.25,0.25,2.0,True,False,True,True,True,0.3,0.35,1.0,30,True,30,70,0.0,0.15,4.0,0.0,20,0.5,True,True
epoch,1784112816.1311042,57,513.0057712410344,9.150491486316149e-05,9.150491486316149e-05,6.604120416371042e-05,8.4791929098858e-06,9.132607096554384e-05,1.7357033491134644,1.2655352354049683,1.3433398008346558,0.4701688587665558,0.0433158241212368,0.4784904718399048,0.04668661206960678,0.1169174462556839,0.02273225039243698,9.10125527298078e-06,1.1375027497706469e-05,5206,0.5,True,0.2,0.2,0.05,0.25,256,30,True,0.05,10,0.2,50,0.3315568513119534,0.24866763848396506,0,,,,,,,,,,,,,,,0.06047525256872177,0.02907898649573326,0.008314063654173491,0.6105992481757205,8284,988100,13567,996384,0.20903663300656003,0.2858406427360507,0.35357853615390283,0.20461413724478514,0.2968968821404879,0.37207931009066114,0.20955259084543376,0.20955259084543376,0.29431709294611924,0.29431709294611924,0.36839389695584873,0.36839389695584873,13567,9965,8665,996500,100.0,100.0,0.5465608835220337,0.5913271307945251,0.35430723428726196,0.7577269077301025,0.8274489641189575,0.6105992197990417,0.2601901590824127,-2.837667878452521e-08,1.0000000464734933,9965,1300,99.9883592574009,109.14440721995197,0.5698197749443352,0.008303064969368279,4.793830163925101,1.9381490491775304,1.206169836074899,iou,0.25,0.25,2.0,True,False,True,True,True,0.3,0.35,1.0,30,True,30,70,0.0,0.15,4.0,0.0,20,0.5,True,True
epoch,1784113339.4098778,58,513.5960152799962,9.121890264187942e-05,9.121890264187942e-05,6.558759935896709e-05,8.429320290712287e-06,9.103403743434005e-05,1.7244523763656616,1.2563003301620483,1.3375775814056396,0.46815213561058044,0.04312214255332947,0.4742180407047272,0.04717489331960678,0.11495643854141235,0.023980973288416862,8.186606464732904e-06,1.023204458761029e-05,5206,0.5,True,0.2,0.2,0.05,0.25,256,30,True,0.05,10,0.2,50,0.3520000000000001,0.26400000000000007,0,,,,,,,,,,,,,,,0.06072645261883736,0.029773127287626266,0.008371295719207814,0.6148006191494066,8341,988040,13567,996381,0.209921132158915,0.28569322621065824,0.35542124272130904,0.20719392643915382,0.2999189209110341,0.37340605881919364,0.21087933957396623,0.21087933957396623,0.29814992260632417,0.29814992260632417,0.369646937421685,0.369646937421685,13567,9965,8665,996500,100.0,100.0,0.5491862297058105,0.5941286683082581,0.35627710819244385,0.759061872959137,0.8292916417121887,0.6148743033409119,0.2665290832519531,7.368419150521888e-05,0.9998801638137993,9965,1300,99.988058203713,109.18550004193094,0.5669992560287938,0.008446922991424799,4.779297711057743,1.9337893133173227,1.2207022889422572,iou,0.25,0.25,2.0,True,False,True,True,True,0.3,0.35,1.0,30,True,30,70,0.0,0.15,4.0,0.0,20,0.5,True,True
epoch,1784113861.6651003,59,514.1098815379664,9.09286444566003e-05,9.09286444566003e-05,6.512838004031804e-05,8.378798613951415e-06,9.073766855042347e-05,1.7226518392562866,1.2546149492263794,1.3372457027435303,0.46803587675094604,0.042795829474925995,0.47343119978904724,0.04822227731347084,0.11337360739707947,0.025194143876433372,7.053925401123706e-06,8.815811270324048e-06,5206,0.5,True,0.2,0.2,0.05,0.25,256,30,True,0.05,10,0.2,50,0.3726880466472304,0.27951603498542277,0,,,,,,,,,,,,,,,0.06089528650045395,0.030551457777619362,0.008291138287675701,0.6089039581337068,8261,988104,13567,996365,0.20741505122724258,0.2830397287535933,0.3516621213238004,0.20343480504164516,0.29608609125082924,0.36714085649001255,0.2063831355494951,0.2063831355494951,0.2937274268445493,0.2937274268445493,0.36574039949878384,0.36574039949878384,13567,9965,8665,996500,100.0,100.0,0.5480543375015259,0.5886898636817932,0.35549217462539673,0.7612229585647583,0.8297339081764221,0.6089776754379272,0.26763468980789185,7.37173042204553e-05,0.999878949085995,9965,1300,99.98645258404416,110.4119452079758,0.5572649710811675,0.008159361081197858,4.764319734100113,1.929295920230034,1.2356802658998869,iou,0.25,0.25,2.0,True,False,True,True,True,0.3,0.35,1.0,30,True,30,70,0.0,0.15,4.0,0.0,20,0.5,True,True
epoch,1784114402.135067,60,530.7465559690027,9.063417213740505e-05,9.063417213740505e-05,6.466364897938419e-05,8.32763772890417e-06,9.043699681398201e-05,1.7025097608566284,1.2425028085708618,1.31430983543396,0.46000826358795166,0.04216903820633888,0.46963369846343994,0.04777313768863678,0.1106962263584137,0.02603645622730255,7.161841949709924e-06,8.954480108513962e-06,5206,0.5,True,0.2,0.2,0.05,0.25,256,30,True,0.05,10,0.2,50,0.39358600583090375,0.2951895043731778,0,1.2677149772644043,0.044231947511434555,0.4701167345046997,0.04964005947113037,0.1386091560125351,0.032602012157440186,1.7675275785222766e-06,2.2105009520601016e-06,1300,0.5,True,True,0.39358600583090375,0.2951895043731778,0.061473846435546875,0.031042952090501785,0.008321114111971223,0.6111152060145942,8291,988090,13567,996381,0.20697280165106507,0.28333456180437827,0.35070391390874917,0.20372963809243017,0.2982973391317167,0.36684602343922756,0.20682538512567258,0.20682538512567258,0.2946856342596005,0.2946856342596005,0.3656666912360876,0.3656666912360876,13567,9965,8665,996500,100.0,100.0,0.548229992389679,0.5891551971435547,0.35817939043045044,0.7603136301040649,0.8301761746406555,0.6112626194953918,0.2650549113750458,0.00014741348079760908,0.9997588377301407,9965,1300,99.988058203713,126.89633607701398,0.5669993330957368,0.008965516928583384,4.748902716161507,1.9246708148484521,1.2510972838384928,iou,0.25,0.25,2.0,True,False,True,True,True,0.3,0.35,1.0,30,True,30,70,0.0,0.15,4.0,0.0,20,0.5,True,True
epoch,1784114924.1154447,61,513.7892142540077,9.033551797650188e-05,9.033551797650188e-05,6.419351018129436e-05,8.275847609486458e-06,9.013205519705981e-05,1.7038497924804688,1.2438856363296509,1.3141789436340332,0.4599624276161194,0.041986409574747086,0.4716924726963043,0.047893378883600235,0.1073145866394043,0.02655775472521782,8.98176949704066e-06,1.1225359230593313e-05,5206,0.5,True,0.2,0.2,0.05,0.25,256,30,True,0.05,10,0.2,50,0.4146588921282799,0.3109941690962099,0,,,,,,,,,,,,,,,0.059046220034360886,0.02997584082186222,0.008298122183526201,0.6094199159725805,8268,988102,13567,996370,0.21139529741283997,0.28480872705830323,0.3537996609419916,0.20874179995577505,0.2969705904031842,0.36942581263359625,0.2122060883024987,0.2122060883024987,0.29542271688656296,0.29542271688656296,0.3640451094567701,0.3640451094567701,13567,9965,8665,996500,100.0,100.0,0.5483497977256775,0.5896442532539368,0.35647547245025635,0.7627295255661011,0.8278912305831909,0.6094199419021606,0.2695511281490326,2.592958014968616e-08,0.9999999574520321,9965,1300,99.98695434019066,110.2973396530142,0.5554553380934522,0.008275899919681251,4.733053330386943,1.9199159991160826,1.2669466696130578,iou,0.25,0.25,2.0,True,False,True,True,True,0.3,0.35,1.0,30,True,30,70,0.0,0.15,4.0,0.0,20,0.5,True,True
epoch,1784115446.8869789,62,513.4397197689395,9.003271472468504e-05,9.003271472468504e-05,6.371806886140942e-05,8.223438352284681e-06,8.982287713994158e-05,1.7063359022140503,1.2460901737213135,1.3149850368499756,0.4602448642253876,0.04243015870451927,0.4727455675601959,0.0476602204144001,0.1048610731959343,0.027117982506752014,7.270723472174723e-06,9.087934813578613e-06,5206,0.5,True,0.2,0.2,0.05,0.25,256,30,True,0.05,10,0.2,50,0.43587172011661807,0.32690379008746356,0,,,,,,,,,,,,,,,0.060740433633327484,0.030991002917289734,0.008384730035580401,0.6157588265644579,8354,987981,13567,996335,0.21456475270877864,0.2921058450652318,0.35652686666175276,0.20925775779464878,0.3032357927323653,0.37384830839537114,0.21493329402225989,0.21493329402225989,0.3003611704872116,0.3003611704872116,0.36898356305741875,0.36898356305741875,13567,9965,8665,996500,100.0,100.0,0.551960825920105,0.6002797484397888,0.35898298025131226,0.7682112455368042,0.8275226950645447,0.6157588362693787,0.2797965705394745,9.704920755915225e-09,0.9999999842390881,9965,1300,99.98344204716508,109.6475478450302,0.5642155630048364,0.008387834997847676,4.716778437068735,1.9150335311206206,1.283221562931265,iou,0.25,0.25,2.0,True,False,True,True,True,0.3,0.35,1.0,30,True,30,70,0.0,0.15,4.0,0.0,20,0.5,True,True
epoch,1784115970.323861,63,513.931261737016,8.97257955877434e-05,8.97257955877434e-05,6.32374314217754e-05,8.17042017458737e-06,8.950949654748537e-05,1.6859382390975952,1.2304672002792358,1.3013452291488647,0.45547086000442505,0.041549116373062134,0.46781015396118164,0.04759812727570534,0.10393209755420685,0.027937909588217735,5.98493807046907e-06,7.480140538973501e-06,5206,0.5,True,0.2,0.2,0.05,0.25,256,30,True,0.05,10,0.2,50,0.4571895043731778,0.34289212827988336,0,,,,,,,,,,,,,,,0.0637570172548294,0.0319548174738884,0.008414789715569268,0.6179700744453454,8384,987957,13567,996341,0.21611262622539987,0.2985184639198054,0.3660352325495688,0.2127957544040687,0.3105329107392939,0.3812928429276922,0.2160389179627036,0.2160389179627036,0.30787941328222895,0.30787941328222895,0.379744969411071,0.379744969411071,13567,9965,8665,996500,100.0,100.0,0.5514463782310486,0.597350001335144,0.35957831144332886,0.7631034851074219,0.8297339081764221,0.6180437803268433,0.2702881991863251,7.370588149790969e-05,0.9998807432679625,9965,1300,99.9840441545409,110.01584969297983,0.5630165219772607,0.00824133597780019,4.700085080677073,1.9100255242031219,1.2999149193229271,iou,0.25,0.25,2.0,True,False,True,True,True,0.3,0.35,1.0,30,True,30,70,0.0,0.15,4.0,0.0,20,0.5,True,True
epoch,1784116493.5976167,64,513.7309534290107,8.941479422281898e-05,8.941479422281898e-05,6.275170542731112e-05,8.11680341239332e-06,8.919194778540464e-05,1.6764661073684692,1.2254927158355713,1.2884960174560547,0.4509734511375427,0.04111792892217636,0.4661352336406708,0.048272401094436646,0.10424578934907913,0.028952626511454582,6.261405360419303e-06,7.828267371223774e-06,5206,0.5,True,0.2,0.2,0.05,0.25,256,30,True,0.05,10,0.2,50,0.4785772594752186,0.35893294460641395,0,,,,,,,,,,,,,,,0.06388251483440399,0.03132333233952522,0.008396487646644968,0.6166433257168129,8366,988003,13567,996369,0.21869241541976855,0.2968968821404879,0.36551927471069506,0.20918404953195252,0.3099432446377239,0.3805557603007297,0.21670229232696986,0.21670229232696986,0.3078057050195327,0.3078057050195327,0.377975971106361,0.377975971106361,13567,9965,8665,996500,100.0,100.0,0.5497314929962158,0.5954398512840271,0.3612852394580841,0.758292555809021,0.829660177230835,0.6166433095932007,0.26417040824890137,-1.612361222314007e-08,1.0000000261473885,9965,1300,99.98685398896137,109.70815898792353,0.5608979699900374,0.008382036001421511,4.682980486810867,1.9048941460432602,1.317019513189133,iou,0.25,0.25,2.0,True,False,True,True,True,0.3,0.35,1.0,30,True,30,70,0.0,0.15,4.0,0.0,20,0.5,True,True
epoch,1784117032.6335812,65,532.0768071159255,8.909974473471608e-05,8.909974473471608e-05,6.226099958173556e-05,8.062598518396555e-06,8.887026567649958e-05,1.6626852750778198,1.2145525217056274,1.280379295349121,0.4481329023838043,0.040947869420051575,0.462115079164505,0.04782819002866745,0.10136960446834564,0.02893136627972126,6.668416062893812e-06,8.336437531397678e-06,5206,0.5,True,0.2,0.2,0.05,0.25,256,30,True,0.05,10,0.2,50,0.5,0.375,0,1.2560008764266968,0.0438140407204628,0.46735507249832153,0.049846962094306946,0.13151675462722778,0.03754613921046257,1.3985628584123333e-06,1.7483271221863106e-06,1300,0.5,True,True,0.5,0.375,0.06528425961732864,0.03219570592045784,0.00840654096331974,0.6173804083437754,8376,987991,13567,996367,0.2166285840642736,0.29520159209847424,0.3630869020417189,0.21058450652318125,0.31141740989164884,0.38195621729195844,0.21626004275079236,0.21626004275079236,0.3070686223925702,0.3070686223925702,0.37760742979287976,0.37760742979287976,13567,9965,8665,996500,100.0,100.0,0.5500538945198059,0.5963828563690186,0.3592818081378937,0.7597982883453369,0.8260484933853149,0.6173803806304932,0.26645538210868835,-2.771328222461733e-08,1.000000044888505,9965,1300,99.98665328650276,127.8901779029984,0.5628147770185024,0.009015450021252036,4.665472059070203,1.8996416177210609,1.3345279409297968,iou,0.25,0.25,2.0,True,False,True,True,True,0.3,0.35,1.0,30,True,30,70,0.0,0.15,4.0,0.0,20,0.5,True,True
epoch,1784117564.2500567,66,522.0647402959876,8.87806816721614e-05,8.87806816721614e-05,6.176542370324033e-05,8.007816059948559e-06,8.854448549683849e-05,1.655671238899231,1.2088068723678589,1.2767505645751953,0.44686368107795715,0.04051537439227104,0.4617587625980377,0.04741537570953369,0.09919627755880356,0.028918061405420303,5.435820639831945e-06,6.797210517106578e-06,5206,0.5,True,0.2,0.2,0.05,0.25,256,30,True,0.05,10,0.2,50,0.5214227405247813,0.391067055393586,0,,,,,,,,,,,,,,,0.06782256066799164,0.03390472009778023,0.00846333974708345,0.6215080710547652,8432,987865,13567,996297,0.2192083732586423,0.3020564605292253,0.3691309795828112,0.21412250313260117,0.3103854942139014,0.38107171813960344,0.21817645758089482,0.21817645758089482,0.31068032726468636,0.31068032726468636,0.377681138055576,0.377681138055576,13567,9965,8665,996500,100.0,100.0,0.5533276200294495,0.598738431930542,0.36402302980422974,0.763181746006012,0.8289231061935425,0.6215080618858337,0.270877867937088,-9.168931502934186e-09,1.0000000147527153,9965,1300,99.97962870045158,118.08821689407341,0.5673015449428931,0.008236841997131705,4.647567375851747,1.894270212755524,1.3524326241482536,iou,0.25,0.25,2.0,True,False,True,True,True,0.3,0.35,1.0,30,True,30,70,0.0,0.15,4.0,0.0,20,0.5,True,True
epoch,1784118122.9537575,67,539.224144923035,8.845764002401526e-05,8.845764002401526e-05,6.126508869991276e-05,7.952466716998156e-06,8.821464297188925e-05,1.6262743473052979,1.1869490146636963,1.2552156448364258,0.43932589888572693,0.03899112343788147,0.4551927447319031,0.0475529320538044,0.09736902266740799,0.028838440775871277,7.40886525818496e-06,9.258977115678135e-06,5206,0.5,True,0.2,0.2,0.05,0.25,256,30,True,0.05,10,0.2,50,0.5428104956268222,0.40710787172011664,0,,,,,,,,,,,,,,,0.06939185410737991,0.03446736931800842,0.008518638222357837,0.6255620255030588,8487,987799,13567,996286,0.21913466499594605,0.30168791921574406,0.37126851920100246,0.2144910444460824,0.3157661973907275,0.3846097147490234,0.2184712906316798,0.2184712906316798,0.3128915751455738,0.3128915751455738,0.38166138424117346,0.38166138424117346,13567,9965,8665,996500,100.0,100.0,0.5552403926849365,0.6003833413124084,0.36597853899002075,0.7654174566268921,0.8311343789100647,0.6256357431411743,0.27485811710357666,7.371763811547805e-05,0.9998821716327374,9965,1300,99.97852483692925,117.34993145894259,0.5699537650216371,0.00838449492584914,4.6292741870684875,1.8887822561205463,1.3707258129315123,iou,0.25,0.25,2.0,True,False,True,True,True,0.3,0.35,1.0,30,True,30,70,0.0,0.15,4.0,0.0,20,0.5,True,True
epoch,1784118667.5913427,68,529.686901706038,8.81306552154347e-05,8.81306552154347e-05,6.076010654491513e-05,7.896561280009419e-06,8.788077427260174e-05,1.6150954961776733,1.1786932945251465,1.246862769126892,0.43640172481536865,0.03874867409467697,0.4529757797718048,0.04701565206050873,0.09727328270673752,0.02909032627940178,6.429987024603179e-06,8.036510735109914e-06,5206,0.5,True,0.2,0.2,0.05,0.25,256,30,True,0.05,10,0.2,50,0.5641282798833819,0.4230962099125364,0,,,,,,,,,,,,,,,0.07154975831508636,0.035155944526195526,0.008506755719099398,0.624677526350704,8475,987792,13567,996267,0.2195032063094273,0.3006560035379966,0.3704577283113437,0.21456475270877864,0.31355494950984003,0.38608388000294835,0.2186187071570723,0.2186187071570723,0.3134812412471438,0.3134812412471438,0.3820299255546547,0.3820299255546547,13567,9965,8665,996500,100.0,100.0,0.5558993816375732,0.6016032695770264,0.3679600954055786,0.7660408616065979,0.8343775272369385,0.6246775388717651,0.2750055193901062,1.252106118787566e-08,0.9999999799559606,9965,1300,99.97661816357251,114.6355801379541,0.5597241370705888,0.00829353102017194,4.61060041079525,1.883180123238575,1.38939958920475,iou,0.25,0.25,2.0,True,False,True,True,True,0.3,0.35,1.0,30,True,30,70,0.0,0.15,4.0,0.0,20,0.5,True,True
epoch,1784119220.8000228,69,537.6774497659644,8.779976310398878e-05,8.779976310398878e-05,6.0250590251425415e-05,7.840110647858063e-06,8.754291601144116e-05,1.619832158088684,1.1837643384933472,1.2459110021591187,0.436068594455719,0.03924144431948662,0.4560524821281433,0.04661199077963829,0.09618239104747772,0.02885308489203453,7.899121555965394e-06,9.873552698991261e-06,5206,0.5,True,0.2,0.2,0.05,0.25,256,30,True,0.05,10,0.2,50,0.5853411078717201,0.4390058309037901,0,,,,,,,,,,,,,,,0.07319515943527222,0.03624512255191803,0.008512073492921327,0.6250460676641851,8480,987752,13567,996232,0.22200928724109972,0.3061841232402152,0.37266897619223116,0.21146900567553623,0.31458686518758755,0.38475713127441585,0.21825016584359105,0.21825016584359105,0.3137760742979288,0.3137760742979288,0.38077688508881846,0.38077688508881846,13567,9965,8665,996500,100.0,100.0,0.5571247935295105,0.6039690375328064,0.36871957778930664,0.7662061452865601,0.8386526107788086,0.6250460743904114,0.2738999128341675,6.726226242648181e-09,0.9999999892388313,9965,1300,99.97310587054692,108.87354793096893,0.5784605130320415,0.008670840063132346,4.5915541298414055,1.8774662389524215,1.4084458701585947,iou,0.25,0.25,2.0,True,False,True,True,True,0.3,0.35,1.0,30,True,30,70,0.0,0.15,4.0,0.0,20,0.5,True,True
epoch,1784119781.8432934,70,543.3704322619596,8.746499997572632e-05,8.746499997572632e-05,5.9736653847345365e-05,7.783125825706674e-06,8.720110523837319e-05,1.611020803451538,1.1765872240066528,1.2412405014038086,0.4344337582588196,0.03912075608968735,0.45292529463768005,0.04715926572680473,0.09654255211353302,0.028963327407836914,6.525920070998836e-06,8.159104254445992e-06,5206,0.5,True,0.2,0.2,0.05,0.25,256,30,True,0.05,10,0.2,50,0.6064139941690961,0.4548104956268221,0,1.2259397506713867,0.042477790266275406,0.4590955376625061,0.050643499940633774,0.12980441749095917,0.038945749402046204,2.1659809590346413e-06,2.707629164433456e-06,1300,0.5,True,True,0.6064139941690961,0.4548104956268221,0.07169631868600845,0.035766132175922394,0.008506716832939486,0.6246038180880077,8474,987680,13567,996154,0.2237782855458097,0.30441512493550527,0.37134222746369866,0.21316429571754994,0.31340753298444757,0.38446229822363087,0.21817645758089482,0.21817645758089482,0.3107540355273826,0.3107540355273826,0.3815876759784772,0.3815876759784772,13567,9965,8665,996500,100.0,100.0,0.557491660118103,0.6002873182296753,0.37229907512664795,0.7677251100540161,0.8386526107788086,0.6246775388717651,0.2761111557483673,7.372078375744717e-05,0.9998819858580307,9965,1300,99.96527847466132,126.66989199502859,0.5623540669912472,0.009022449958138168,4.572143588252291,1.8716430764756873,1.427856411747709,iou,0.25,0.25,2.0,True,False,True,True,True,0.3,0.35,1.0,30,True,30,70,0.0,0.15,4.0,0.0,20,0.5,True,True
epoch,1784120323.361055,71,535.1301036039367,8.712640254119679e-05,8.712640254119679e-05,5.921841234978149e-05,7.725617922859241e-06,8.685537943680094e-05,1.5844451189041138,1.1578598022460938,1.218812346458435,0.4265846312046051,0.038093216717243195,0.4465482532978058,0.04720333591103554,0.0959731712937355,0.028789585456252098,5.408340712165227e-06,6.759501047781669e-06,5206,0.5,True,0.2,0.2,0.05,0.25,256,30,True,0.05,10,0.2,50,0.6273119533527698,0.47048396501457734,0,,,,,,,,,,,,,,,0.07186863571405411,0.03602496534585953,0.008533819526784647,0.6265202329181101,8500,987537,13567,996037,0.22259895334266971,0.3069212058671777,0.37340605881919364,0.21205867177710622,0.3175351956954375,0.38792658657035456,0.21854499889437606,0.21854499889437606,0.3160610304415125,0.3160610304415125,0.38475713127441585,0.38475713127441585,13567,9965,8665,996500,100.0,100.0,0.5582906007766724,0.602696418762207,0.37144961953163147,0.7669668793678284,0.8365887999534607,0.6265202164649963,0.28053364157676697,-1.6453113760306337e-08,1.000000026261106,9965,1300,99.95353738083291,115.68385401403066,0.562416953034699,0.00833189394325018,4.5523771877408326,1.8657131563222498,1.447622812259168,iou,0.25,0.25,2.0,True,False,True,True,True,0.3,0.35,1.0,30,True,30,70,0.0,0.15,4.0,0.0,20,0.5,True,True
epoch,1784120843.28429,72,513.4834373159101,8.678400793142453e-05,8.678400793142453e-05,5.869598173930462e-05,7.667598150595367e-06,8.650577651945453e-05,1.5733712911605835,1.149705410003662,1.2104729413986206,0.4236651659011841,0.037882011383771896,0.4442588686943054,0.04699312523007393,0.09547052532434464,0.0286406222730875,6.3594784478482325e-06,7.950571671244688e-06,5206,0.5,True,0.2,0.2,0.05,0.25,256,30,True,0.05,10,0.2,50,0.648,0.486,0,,,,,,,,,,,,,,,0.0729711651802063,0.03697047382593155,0.008620767546479561,0.6329328517726838,8587,987496,13567,996083,0.22591582516400088,0.30861649590919144,0.3790078867841085,0.2167760005896661,0.31827227832239996,0.39286504017100315,0.22164074592761848,0.22164074592761848,0.3152502395518538,0.3152502395518538,0.39006412618854575,0.39006412618854575,13567,9965,8665,996500,100.0,100.0,0.5616753101348877,0.6098197102546692,0.37337520718574524,0.7711039185523987,0.8399056792259216,0.6329328417778015,0.2865777313709259,-9.994882255170978e-09,1.0000000157913789,9965,1300,99.95815353738084,109.79913992504589,0.5625163819640875,0.008339171996340156,4.532263484050922,1.8596790452152767,1.467736515949078,iou,0.25,0.25,2.0,True,False,True,True,True,0.3,0.35,1.0,30,True,30,70,0.0,0.15,4.0,0.0,20,0.5,True,True
epoch,1784121378.1306772,73,525.8653427159879,8.643785369383695e-05,8.643785369383695e-05,5.8169478933993896e-05,7.60907781998462e-06,8.615233482423352e-05,1.5797433853149414,1.1546396017074585,1.2145873308181763,0.4251055419445038,0.03837751969695091,0.4472537338733673,0.04660283774137497,0.09594444930553436,0.028782404959201813,5.9597396102617495e-06,7.451887995557627e-06,5206,0.5,True,0.2,0.2,0.05,0.25,256,30,True,0.05,10,0.2,50,0.6684431486880467,0.501332361516035,0,,,,,,,,,,,,,,,0.07278991490602493,0.03688662499189377,0.008631810802915018,0.6337436426623424,8598,987485,13567,996083,0.22635807474017838,0.30787941328222895,0.3762806810643473,0.2183238741062873,0.3151765312891575,0.3899167096631532,0.22363086902041718,0.22363086902041718,0.31384978256062507,0.31384978256062507,0.3872632122060883,0.3872632122060883,13567,9965,8665,996500,100.0,100.0,0.562276303768158,0.610565185546875,0.37546491622924805,0.7707160711288452,0.8410849571228027,0.6337436437606812,0.28694626688957214,1.098338753280359e-09,0.9999999982669037,9965,1300,99.95815353738084,109.93023096199613,0.5786106229061261,0.008375220000743866,4.51181118325413,1.853543354976239,1.4881888167458697,iou,0.25,0.25,2.0,True,False,True,True,True,0.3,0.35,1.0,30,True,30,70,0.0,0.15,4.0,0.0,20,0.5,True,True
epoch,1784121907.0606496,74,522.6274808309972,8.608797778814698e-05,8.608797778814698e-05,5.763902176327092e-05,7.5500683396813994e-06,8.57950931100027e-05,1.5708954334259033,1.1485503911972046,1.2067028284072876,0.4223462641239166,0.03811885789036751,0.4462623596191406,0.046318572014570236,0.09484651684761047,0.028452659025788307,5.42735870112665e-06,6.783391199860489e-06,5206,0.5,True,0.2,0.2,0.05,0.25,256,30,True,0.05,10,0.2,50,0.688606413994169,0.5164548104956268,0,,,,,,,,,,,,,,,0.07270340621471405,0.03695905953645706,0.008715163440687495,0.639861428466131,8681,987399,13567,996080,0.22554728385051964,0.3087639124345839,0.38151396771578094,0.22001916414830103,0.3180511535343112,0.3938969558487506,0.22296749465615096,0.22296749465615096,0.3168718213311712,0.3168718213311712,0.3916857079678632,0.3916857079678632,13567,9965,8665,996500,100.0,100.0,0.5655103325843811,0.6142075061798096,0.38389575481414795,0.7742825746536255,0.8416009545326233,0.6398614048957825,0.2886415421962738,-2.3570348561818832e-08,1.0000000368366468,9965,1300,99.95785248369293,114.61219538201112,0.5714400720316917,0.008578365086577833,4.491029137981341,1.8473087413944023,1.508970862018659,iou,0.25,0.25,2.0,True,False,True,True,True,0.3,0.35,1.0,30,True,30,70,0.0,0.15,4.0,0.0,20,0.5,True,True
epoch,1784122444.199171,75,530.5114070170093,8.573441858219044e-05,8.573441858219044e-05,5.7104728941529954e-05,7.490581213700814e-06,8.543409055234182e-05,1.5572559833526611,1.138946771621704,1.195167064666748,0.41830840706825256,0.037601567804813385,0.44329240918159485,0.046638038009405136,0.09516696631908417,0.02855023182928562,5.805477485409938e-06,7.259580797835952e-06,5206,0.5,True,0.2,0.2,0.05,0.25,256,30,True,0.05,10,0.2,50,0.7084548104956269,0.5313411078717202,0,1.1990584135055542,0.041766878217458725,0.45070481300354004,0.05178692936897278,0.13523037731647491,0.04056849703192711,1.2522294809969026e-06,1.5646041902073193e-06,1300,0.5,True,True,0.7084548104956269,0.5313411078717202,0.07241210341453552,0.037008386105298996,0.008714257887412471,0.6397140119407385,8679,987275,13567,995954,0.22768482346871086,0.3089850372226727,0.38062946856342594,0.22171445419031474,0.3198938601017174,0.39588707894154934,0.22694774084174835,0.22694774084174835,0.3176089039581337,0.3176089039581337,0.3927913319083069,0.3927913319083069,13567,9965,8665,996500,100.0,100.0,0.5663183331489563,0.6193045973777771,0.38021621108055115,0.7765105366706848,0.8413798213005066,0.6397140026092529,0.2947593331336975,-9.331485584240795e-09,1.0000000145869647,9965,1300,99.94520822880081,126.3971552120056,0.559100394952111,0.00880020100157708,4.4699263435909575,1.8409779030772873,1.5300736564090425,iou,0.25,0.25,2.0,True,False,True,True,True,0.3,0.35,1.0,30,True,30,70,0.0,0.15,4.0,0.0,20,0.5,True,True
epoch,1784122967.7930136,76,517.2460807340685,8.53772148477185e-05,8.53772148477185e-05,5.656672004157007e-05,7.430628039175942e-06,8.506936673924941e-05,1.5420104265213013,1.1274845600128174,1.1843624114990234,0.41452687978744507,0.03745800629258156,0.4392703175544739,0.046158768236637115,0.09416647255420685,0.02825103886425495,5.71667487747618e-06,7.146724328777054e-06,5206,0.5,True,0.2,0.2,0.05,0.25,256,30,True,0.05,10,0.2,50,0.7279533527696793,0.5459650145772594,0,,,,,,,,,,,,,,,0.07114000618457794,0.03639886528253555,0.008723166247261145,0.6403036780423086,8687,987167,13567,995854,0.22709515736714087,0.30714233065526647,0.37782855458096853,0.22068253851256725,0.3203361096778949,0.39006412618854575,0.22650549126557087,0.22650549126557087,0.316798113068475,0.316798113068475,0.3891059187734945,0.3891059187734945,13567,9965,8665,996500,100.0,100.0,0.5676264762878418,0.618751585483551,0.3835983872413635,0.7773581147193909,0.8450652360916138,0.640377402305603,0.29439079761505127,7.372426329443904e-05,0.999884873727541,9965,1300,99.93517310587055,110.07646971696522,0.5676601269515231,0.008341521956026554,4.4485119342753245,1.8345535802825972,1.551488065724676,iou,0.25,0.25,2.0,True,False,True,True,True,0.3,0.35,1.0,30,True,30,70,0.0,0.15,4.0,0.0,20,0.5,True,True
epoch,1784123488.1517866,77,514.0502152299741,8.501640575614597e-05,8.501640575614597e-05,5.60251154678352e-05,7.370220504096943e-06,8.470096166680168e-05,1.5243985652923584,1.1147501468658447,1.1704245805740356,0.4096486568450928,0.03658851608633995,0.4377414584159851,0.045058585703372955,0.09252507239580154,0.027757056057453156,6.788595783291385e-06,8.488397725159302e-06,5206,0.5,True,0.2,0.2,0.05,0.25,256,30,True,0.05,10,0.2,50,0.7470670553935859,0.5603002915451893,0,,,,,,,,,,,,,,,0.07214309275150299,0.036521296948194504,0.008702054822041321,0.6385346797375986,8663,986849,13567,995512,0.22709515736714087,0.3070686223925702,0.3762806810643473,0.21743937495393234,0.31908306921205865,0.3902115427139382,0.22385199380850593,0.22385199380850593,0.31591361391612,0.31591361391612,0.3885899609346208,0.3885899609346208,13567,9965,8665,996500,100.0,100.0,0.5652473568916321,0.6129689812660217,0.3810579776763916,0.7739236354827881,0.8416746258735657,0.638534665107727,0.292326956987381,-1.4629871536442351e-08,1.0000000229116324,9965,1300,99.90085298544908,109.78070146299433,0.5738425200106576,0.008401478989981115,4.426795179107059,1.8280385537321178,1.5732048208929408,iou,0.25,0.25,2.0,True,False,True,True,True,0.3,0.35,1.0,30,True,30,70,0.0,0.15,4.0,0.0,20,0.5,True,True
epoch,1784124009.4330146,78,513.8604976899223,8.46520308742557e-05,8.46520308742557e-05,5.5480036429468035e-05,7.3093703850324756e-06,8.432891573476635e-05,1.5283716917037964,1.1179991960525513,1.172488808631897,0.4103712737560272,0.03710880130529404,0.44078415632247925,0.04447034001350403,0.0915302038192749,0.027458637952804565,5.242263341642683e-06,6.552610102517065e-06,5206,0.5,True,0.2,0.2,0.05,0.25,256,30,True,0.05,10,0.2,50,0.7657609329446065,0.5743206997084549,0,,,,,,,,,,,,,,,0.07552371919155121,0.03838516026735306,0.008750418181580722,0.6419989680843222,8710,986671,13567,995381,0.22539986732512715,0.3110488685781676,0.3799660941991597,0.21596520970000738,0.3242426476007961,0.3959607872042456,0.22208299550379598,0.22208299550379598,0.3198938601017174,0.3198938601017174,0.3941180806368394,0.3941180806368394,13567,9965,8665,996500,100.0,100.0,0.5655193328857422,0.612862765789032,0.38395828008651733,0.7734639644622803,0.839979350566864,0.6420726776123047,0.2884204387664795,7.370952798246844e-05,0.9998852006469788,9965,1300,99.88770697441043,109.54824324394576,0.5665590399876237,0.008312292047776282,4.4047854780270015,1.8214356434081005,1.5952145219729983,iou,0.25,0.25,2.0,True,False,True,True,True,0.3,0.35,1.0,30,True,30,70,0.0,0.15,4.0,0.0,20,0.5,True,True
epoch,1784124536.172079,79,513.3222946899477,8.42841301598596e-05,8.42841301598596e-05,5.493160491318387e-05,7.248089544833819e-06,8.395326974217243e-05,1.510953426361084,1.1050158739089966,1.1598232984542847,0.40593811869621277,0.036381542682647705,0.43527737259864807,0.04514799267053604,0.09364299476146698,0.028092151507735252,5.939460152148968e-06,7.423217084578937e-06,5206,0.5,True,0.2,0.2,0.05,0.25,256,30,True,0.05,10,0.2,50,0.7839999999999999,0.588,0,,,,,,,,,,,,,,,0.07680703699588776,0.03924097120761871,0.008702929038428309,0.6385346797375986,8663,986749,13567,995412,0.22856932262106583,0.3117122429424338,0.3823247586054397,0.21913466499594605,0.3235792732365298,0.3957396624161569,0.22488390948625342,0.22488390948625342,0.32195769145721237,0.32195769145721237,0.39315987322178814,0.39315987322178814,13567,9965,8665,996500,100.0,100.0,0.5653037428855896,0.6141324639320374,0.38379359245300293,0.7725114822387695,0.8425591588020325,0.6386083960533142,0.2889363765716553,7.371631571562176e-05,0.9998845672619227,9965,1300,99.89081786251882,109.47061204700731,0.5529885870637372,0.008358545950613916,4.382492357775516,1.8147477073326548,1.6175076422244843,iou,0.25,0.25,2.0,True,False,True,True,True,0.3,0.35,1.0,30,True,30,70,0.0,0.15,4.0,0.0,20,0.5,True,True
epoch,1784125079.9392486,80,531.1390429760795,8.391274395741689e-05,8.391274395741689e-05,5.4379943655970444e-05,7.186389930322189e-06,8.357406488283619e-05,1.5004382133483887,1.096970796585083,1.1527631282806396,0.4034670889377594,0.03635236248373985,0.43176180124282837,0.045418038964271545,0.09467502683401108,0.02840162068605423,4.626977442967473e-06,5.784990207757801e-06,5206,0.5,True,0.2,0.2,0.05,0.25,256,30,True,0.05,10,0.2,50,0.8017492711370262,0.6013119533527697,0,1.1833319664001465,0.04162057489156723,0.4492773115634918,0.05099207162857056,0.1413394957780838,0.0424068309366703,1.3975725323689403e-06,1.7463020185459754e-06,1300,0.5,True,True,0.8017492711370262,0.6013119533527697,0.07905018329620361,0.04030979424715042,0.008781022865614793,0.6443576324906022,8742,986814,13567,995556,0.22908528045993956,0.3173140709073487,0.3854205056386821,0.22296749465615096,0.32527456327854354,0.398761701186703,0.22842190609567334,0.22842190609567334,0.3255693963293285,0.3255693963293285,0.3966978698312081,0.3966978698312081,13567,9965,8665,996500,100.0,100.0,0.5676851272583008,0.6168130040168762,0.387435644865036,0.7738016843795776,0.8453600406646729,0.6445050239562988,0.2915898859500885,0.00014739146569664463,0.9997713106023722,9965,1300,99.90526843953839,126.65739468904212,0.5550607839832082,0.00870439107529819,4.35992546776891,1.807977640330673,1.6400745322310897,iou,0.25,0.25,2.0,True,False,True,True,True,0.3,0.35,1.0,30,True,30,70,0.0,0.15,4.0,0.0,20,0.5,True,True
epoch,1784125606.8940637,81,514.212346581975,8.353791299360979e-05,8.353791299360979e-05,5.3825176117619803e-05,7.124283569959688e-06,8.319134274084368e-05,1.4903076887130737,1.0909068584442139,1.141142725944519,0.3993997573852539,0.03609515726566315,0.4311291575431824,0.04512602835893631,0.09422081708908081,0.028263993561267853,5.68181712878868e-06,7.1034023676475044e-06,5206,0.5,True,0.2,0.2,0.05,0.25,256,30,True,0.05,10,0.2,50,0.8189737609329445,0.6142303206997084,0,,,,,,,,,,,,,,,0.0789574533700943,0.03984809294342995,0.008793105353517393,0.6451684233802609,8753,986686,13567,995439,0.2270214491044446,0.3184196948477924,0.3881477113584433,0.2207562467752635,0.3279280607356085,0.39971990860175427,0.2271688656298371,0.2271688656298371,0.32807547726100095,0.32807547726100095,0.39935136728827303,0.39935136728827303,13567,9965,8665,996500,100.0,100.0,0.5668171048164368,0.6179083585739136,0.3875617980957031,0.7710327506065369,0.8440333008766174,0.6452421545982361,0.2874622344970703,7.373121797515925e-05,0.9998857309345806,9965,1300,99.89352734570998,110.32858900900465,0.5622506809886545,0.008224210003390908,4.337094575922757,1.8011283727768272,1.6629054240772425,iou,0.25,0.25,2.0,True,False,True,True,True,0.3,0.35,1.0,30,True,30,70,0.0,0.15,4.0,0.0,20,0.5,True,True
epoch,1784126126.8828413,82,513.5311166169122,8.315967837287745e-05,8.315967837287745e-05,5.3267426453098444e-05,7.061782571504325e-06,8.280514528599067e-05,1.4856188297271729,1.0864845514297485,1.140387773513794,0.3991357088088989,0.036017682403326035,0.43243423104286194,0.043828029185533524,0.09192133694887161,0.027575921267271042,4.743739737023134e-06,5.9310696087777615e-06,5206,0.5,True,0.2,0.2,0.05,0.25,256,30,True,0.05,10,0.2,50,0.8356384839650146,0.626728862973761,0,,,,,,,,,,,,,,,0.08237059414386749,0.041420828551054,0.008813192863443736,0.6465688803714896,8772,986554,13567,995326,0.22923269698533205,0.31967273531362866,0.38800029483305076,0.2210510798260485,0.32947593425222965,0.4003832829660205,0.22680032431635586,0.22680032431635586,0.3304341416672809,0.3304341416672809,0.400235866440628,0.400235866440628,13567,9965,8665,996500,100.0,100.0,0.5685396790504456,0.6220895648002625,0.3866269886493683,0.7733569741249084,0.8461708426475525,0.6466425657272339,0.2895260453224182,7.368535574425739e-05,0.9998860493267074,9965,1300,99.88218765679879,109.82120780693367,0.5616904540220276,0.00840567797422409,4.314009564423921,1.7942028693271765,1.6859904355760782,iou,0.25,0.25,2.0,True,False,True,True,True,0.3,0.35,1.0,30,True,30,70,0.0,0.15,4.0,0.0,20,0.5,True,True
epoch,1784126653.5319107,83,513.4270849409513,8.277808157290837e-05,8.277808157290837e-05,5.270681948476197e-05,6.998899119649588e-06,8.241551486918013e-05,1.477004885673523,1.0806565284729004,1.132426381111145,0.39634940028190613,0.03583963215351105,0.43056565523147583,0.04428885504603386,0.09328509122133255,0.02798507548868656,6.370811206579674e-06,7.963196367199998e-06,5206,0.5,True,0.2,0.2,0.05,0.25,256,30,True,0.05,10,0.2,50,0.8517084548104956,0.6387813411078718,0,,,,,,,,,,,,,,,0.08293710649013519,0.041829466819763184,0.008831650061690935,0.6478956291000221,8790,986494,13567,995284,0.22908528045993956,0.3179774452716149,0.389548168349672,0.22046141372447853,0.3277069359475197,0.40075182427950173,0.22856932262106583,0.22856932262106583,0.3284440185744822,0.3284440185744822,0.400530699491413,0.400530699491413,13567,9965,8665,996500,100.0,100.0,0.5686030983924866,0.6211608648300171,0.3864193260669708,0.7752300500869751,0.8441070318222046,0.6479693651199341,0.2927692234516144,7.37360199120074e-05,0.9998862044660115,9965,1300,99.8779729051681,109.76414847304113,0.5632307169726118,0.00827826897148043,4.290680425453126,1.7872041276359378,1.7093195745468737,iou,0.25,0.25,2.0,True,False,True,True,True,0.3,0.35,1.0,30,True,30,70,0.0,0.15,4.0,0.0,20,0.5,True,True
epoch,1784127179.5468774,84,512.8131839419948,8.239316444009184e-05,8.239316444009184e-05,5.2143480674420153e-05,6.935645473649011e-06,8.202249421777798e-05,1.467477560043335,1.0728942155838013,1.127378225326538,0.3945830762386322,0.03540658950805664,0.4301508665084839,0.04340634122490883,0.09137082099914551,0.02741217613220215,5.755049187428085e-06,7.190688393166056e-06,5206,0.5,True,0.2,0.2,0.05,0.25,256,30,True,0.05,10,0.2,50,0.8671486880466472,0.6503615160349854,0,,,,,,,,,,,,,,,0.08125842362642288,0.04069487005472183,0.008812493845322143,0.6464214638460971,8770,986408,13567,995178,0.23218102749318198,0.3189356526866662,0.39058008402741945,0.220313997199086,0.3281491855236972,0.39986732512714673,0.22621065821478586,0.22621065821478586,0.32807547726100095,0.32807547726100095,0.39935136728827303,0.39935136728827303,13567,9965,8665,996500,100.0,100.0,0.5670492649078369,0.6170697808265686,0.38611480593681335,0.774498701095581,0.8434436321258545,0.646421492099762,0.28650403022766113,2.8253664852151417e-08,0.9999999562921945,9965,1300,99.86733567486202,109.01120897603687,0.5547000679653138,0.008287115953862667,4.26711725685991,1.7801351770579732,1.7328827431400897,iou,0.25,0.25,2.0,True,False,True,True,True,0.3,0.35,1.0,30,True,30,70,0.0,0.15,4.0,0.0,20,0.5,True,True
epoch,1784127717.595997,85,530.7574858460575,8.200496918492911e-05,8.200496918492911e-05,5.1577536095259166e-05,6.8720339649262165e-06,8.162612643092761e-05,1.465477705001831,1.072118878364563,1.123882532119751,0.39335897564888,0.03526429831981659,0.43127843737602234,0.04351897910237312,0.09200750291347504,0.027605349197983742,6.511826541100163e-06,8.13999940874055e-06,5206,0.5,True,0.2,0.2,0.05,0.25,256,30,True,0.05,10,0.2,50,0.8819241982507289,0.6614431486880467,0,1.1762627363204956,0.04153618961572647,0.4497268497943878,0.05210666358470917,0.15191593766212463,0.045579541474580765,1.914748963827151e-06,2.3910083655209746e-06,1300,0.5,True,True,0.8819241982507289,0.6614431486880467,0.07957540452480316,0.03951757028698921,0.008805755800573047,0.6458317977445271,8762,986269,13567,995031,0.23166506965430825,0.31783002874622246,0.3871157956806958,0.2207562467752635,0.3288862681506597,0.3994987838136655,0.2265791995282671,0.2265791995282671,0.3269698533205572,0.3269698533205572,0.39935136728827303,0.39935136728827303,13567,9965,8665,996500,100.0,100.0,0.5678768754005432,0.6162967681884766,0.38781750202178955,0.7757409811019897,0.8468342423439026,0.6459792256355286,0.28989461064338684,0.00014742789100141707,0.9997717761111337,9965,1300,99.85258404415454,126.5112853590399,0.5577199689578265,0.008863851078785956,4.243330257791845,1.7729990773375537,1.7566697422081545,iou,0.25,0.25,2.0,True,False,True,True,True,0.3,0.35,1.0,30,True,30,70,0.0,0.15,4.0,0.0,20,0.5,True,True
epoch,1784128237.5532796,86,513.4948209529975,8.161353837740447e-05,8.161353837740447e-05,5.100911240362681e-05,6.808076994670864e-06,8.122645497482352e-05,1.4692373275756836,1.077118158340454,1.1203407049179077,0.39211928844451904,0.03616969659924507,0.4368630349636078,0.0418250598013401,0.08898095041513443,0.026693833991885185,5.097209850646323e-06,6.370771643560147e-06,5206,0.5,True,0.2,0.2,0.05,0.25,256,30,True,0.05,10,0.2,50,0.8960000000000001,0.6720000000000002,0,,,,,,,,,,,,,,,0.08109721541404724,0.0403134822845459,0.00879259604715115,0.6447998820667797,8748,986180,13567,994928,0.23306552664553695,0.3177563204835262,0.3876317535195695,0.22156703766492225,0.32549568806663226,0.40097294906759046,0.22768482346871086,0.22768482346871086,0.3277069359475197,0.3277069359475197,0.39905653423748805,0.39905653423748805,13567,9965,8665,996500,100.0,100.0,0.5667513608932495,0.6161074042320251,0.38517093658447266,0.7749931812286377,0.8436647653579712,0.6449472904205322,0.29107391834259033,0.0001474083537524873,0.9997714412387773,9965,1300,99.84224786753637,109.44894299097359,0.5569953180383891,0.008362754946574569,4.219329724279913,1.7657989172839739,1.7806702757200874,iou,0.25,0.25,2.0,True,False,True,True,True,0.3,0.35,1.0,30,True,30,70,0.0,0.15,4.0,0.0,20,0.5,True,True
epoch,1784128757.784242,87,513.7848969449988,8.1218914942317e-05,8.1218914942317e-05,5.0438336810687244e-05,6.743787031421032e-06,8.082352367794473e-05,1.4385616779327393,1.0523045063018799,1.1035934686660767,0.38625773787498474,0.034930698573589325,0.4250870645046234,0.04309391602873802,0.09200834482908249,0.027604080736637115,5.956186214461923e-06,7.444017683155835e-06,5206,0.5,True,0.2,0.2,0.05,0.25,256,30,True,0.05,10,0.2,50,0.9093411078717201,0.6820058309037901,0,,,,,,,,,,,,,,,0.08223817497491837,0.041050758212804794,0.008880437710302353,0.6512862091840496,8836,986160,13567,994996,0.23395002579789195,0.31952531878823615,0.3871157956806958,0.22112478808874475,0.32940222598953345,0.40171003169455294,0.23041202918847203,0.23041202918847203,0.32925480946414093,0.32925480946414093,0.3985405763986143,0.3985405763986143,13567,9965,8665,996500,100.0,100.0,0.5691754817962646,0.6187768578529358,0.38980740308761597,0.7764804363250732,0.8422642946243286,0.6514336466789246,0.2934325933456421,0.00014743749487500235,0.9997736722755622,9965,1300,99.84907175112895,109.66131765698083,0.55764749890659,0.008562968927435577,4.195126044781934,1.7585378134345802,1.8048739552180664,iou,0.25,0.25,2.0,True,False,True,True,True,0.3,0.35,1.0,30,True,30,70,0.0,0.15,4.0,0.0,20,0.5,True,True
epoch,1784129277.2567499,88,513.0193166799145,8.082114215457334e-05,8.082114215457334e-05,4.986533705395166e-05,6.679176608632439e-06,8.041737672624857e-05,1.4335825443267822,1.0476536750793457,1.1026545763015747,0.3859289884567261,0.03480543568730354,0.42453745007514954,0.042704757302999496,0.0917639285326004,0.02752833254635334,5.751413027610397e-06,7.191191798483487e-06,5206,0.5,True,0.2,0.2,0.05,0.25,256,30,True,0.05,10,0.2,50,0.9219125364431487,0.6914344023323615,0,,,,,,,,,,,,,,,0.08248376101255417,0.04129119962453842,0.00882218148487626,0.6470111299476672,8778,986214,13567,994992,0.2332866514336257,0.32040981794059115,0.39116975012898947,0.22230412029188473,0.32962335077762217,0.4073118596594678,0.23232844401857447,0.23232844401857447,0.3277069359475197,0.3277069359475197,0.4031841969484779,0.4031841969484779,13567,9965,8665,996500,100.0,100.0,0.5697457790374756,0.6191059350967407,0.38715609908103943,0.7784236669540405,0.8456549048423767,0.6471585631370544,0.2958649694919586,0.00014743318938725825,0.9997721838235863,9965,1300,99.84867034621175,109.51822923193686,0.5547424249816686,0.00831126794219017,4.170729695686008,1.7512189087058023,1.829270304313992,iou,0.25,0.25,2.0,True,False,True,True,True,0.3,0.35,1.0,30,True,30,70,0.0,0.15,4.0,0.0,20,0.5,True,True
epoch,1784129798.0110598,89,513.1991831429768,8.042026363444218e-05,8.042026363444218e-05,4.9290241368691057e-05,6.614258322235025e-06,8.000805865832517e-05,1.4116344451904297,1.0317461490631104,1.0853948593139648,0.3798884451389313,0.033886440098285675,0.4197247326374054,0.042557764798402786,0.09015856683254242,0.027047302573919296,5.173719273443567e-06,6.4639889387763105e-06,5206,0.5,True,0.2,0.2,0.05,0.25,256,30,True,0.05,10,0.2,50,0.9336793002915451,0.7002594752186588,0,,,,,,,,,,,,,,,0.08295806497335434,0.04153936356306076,0.008854770307720607,0.6492960860912508,8809,986022,13567,994831,0.23468710842485443,0.32063094272867987,0.39175941623055943,0.22171445419031474,0.32969705904031843,0.4063536522444166,0.23092798702734577,0.23092798702734577,0.32881255988796343,0.32881255988796343,0.40347902999926294,0.40347902999926294,13567,9965,8665,996500,100.0,100.0,0.5703065395355225,0.6221463680267334,0.39177972078323364,0.7765027284622192,0.8440333008766174,0.6493697762489319,0.29601237177848816,7.369015768110554e-05,0.9998865204997578,9965,1300,99.83251379829403,109.10767350997776,0.554561152937822,0.008370433002710342,4.146151236775879,1.7438453710327635,1.8538487632241214,iou,0.25,0.25,2.0,True,False,True,True,True,0.3,0.35,1.0,30,True,30,70,0.0,0.15,4.0,0.0,20,0.5,True,True
epoch,1784130343.7457638,90,531.0087711479282,8.00163233427707e-05,8.00163233427707e-05,4.8713178459237614e-05,6.549044828177353e-06,7.959561436051324e-05,1.4104459285736084,1.0330216884613037,1.078410029411316,0.37742313742637634,0.034626927226781845,0.4213506877422333,0.0419410765171051,0.08947063982486725,0.026840191334486008,4.5898282223788556e-06,5.735453214583686e-06,5206,0.5,True,0.2,0.2,0.05,0.25,256,30,True,0.05,10,0.2,50,0.9446064139941691,0.7084548104956269,0,1.1577422618865967,0.04111281782388687,0.4464988112449646,0.053328484296798706,0.15871772170066833,0.04761498048901558,1.839888909671572e-06,2.3017228159005754e-06,1300,0.5,True,True,0.9446064139941691,0.7084548104956269,0.08281202614307404,0.04143628105521202,0.008861380465355671,0.6497383356674283,8815,985951,13567,994766,0.23645610672956438,0.32085206751676865,0.39116975012898947,0.22429424338468343,0.3305815581926734,0.4039212795754404,0.23114911181543452,0.23114911181543452,0.33036043340458465,0.33036043340458465,0.401120365592983,0.401120365592983,13567,9965,8665,996500,100.0,100.0,0.5706556439399719,0.621232271194458,0.3913586139678955,0.7787580490112305,0.8457286357879639,0.6497383117675781,0.29807621240615845,-2.38998502100074e-08,1.0000000367838093,9965,1300,99.82599096838936,126.95988047798164,0.5635751489317045,0.008761396049521863,4.121401306660209,1.7364203919980628,1.8785986933397907,iou,0.25,0.25,2.0,True,False,True,True,True,0.3,0.35,1.0,30,True,30,70,0.0,0.15,4.0,0.0,20,0.5,True,True
epoch,1784130864.218812,91,514.0564939120086,7.960936557616393e-05,7.960936557616393e-05,4.8134277470181194e-05,6.483548839959303e-06,7.918008906197791e-05,1.405421257019043,1.0290679931640625,1.075523853302002,0.3763537108898163,0.03409050405025482,0.42276960611343384,0.041587959975004196,0.09060545265674591,0.027181552723050117,4.798064310307382e-06,5.997968855808722e-06,5206,0.5,True,0.2,0.2,0.05,0.25,256,30,True,0.05,10,0.2,50,0.9546588921282798,0.7159941690962098,0,,,,,,,,,,,,,,,0.08172038942575455,0.040400147438049316,0.008848685665571555,0.6487801282523771,8802,985922,13567,994724,0.23291811012014446,0.3205572344659836,0.3908749170782045,0.22363086902041718,0.32623277069359474,0.4025208225842117,0.23078057050195327,0.23078057050195327,0.3264538954816835,0.3264538954816835,0.40119407385567923,0.40119407385567923,13567,9965,8665,996500,100.0,100.0,0.5695996880531311,0.6186404228210449,0.38961154222488403,0.7747034430503845,0.8488243818283081,0.648780107498169,0.29100021719932556,-2.0754208129858398e-08,1.0000000319895876,9965,1300,99.82177621675865,109.79701268801,0.5610217630164698,0.008523370954208076,4.0964906181677385,1.7289471854503216,1.9035093818322617,iou,0.25,0.25,2.0,True,False,True,True,True,0.3,0.35,1.0,30,True,30,70,0.0,0.15,4.0,0.0,20,0.5,True,True
epoch,1784131384.8267474,92,513.8304898720235,7.919943496212696e-05,7.919943496212696e-05,4.7553667957467194e-05,6.41778312615355e-06,7.876152832975068e-05,1.3900426626205444,1.0175952911376953,1.0646425485610962,0.37244826555252075,0.0338081419467926,0.41897934675216675,0.041130371391773224,0.08993132412433624,0.026980705559253693,4.990039087715559e-06,6.23733922111569e-06,5206,0.5,True,0.2,0.2,0.05,0.25,256,30,True,0.05,10,0.2,50,0.963801749271137,0.7228513119533528,0,,,,,,,,,,,,,,,0.08597564697265625,0.042252346873283386,0.008857903542357068,0.649369794353947,8810,985782,13567,994592,0.23505564973833568,0.32085206751676865,0.3945603302130169,0.22385199380850593,0.32733839463403847,0.40414240436352916,0.23218102749318198,0.23218102749318198,0.3282966020490897,0.3282966020490897,0.4036264465246554,0.4036264465246554,13567,9965,8665,996500,100.0,100.0,0.5688456296920776,0.6194238066673279,0.3888184428215027,0.7733310461044312,0.846318244934082,0.6495172381401062,0.2907053828239441,0.00014744378615916265,0.9997729948067562,9965,1300,99.80852985449071,109.91950828698464,0.5547933040652424,0.00820634898263961,4.071429953710307,1.7214289861130923,1.9285700462896926,iou,0.25,0.25,2.0,True,False,True,True,True,0.3,0.35,1.0,30,True,30,70,0.0,0.15,4.0,0.0,20,0.5,True,True
epoch,1784131912.0504782,93,512.7102917690063,7.878657645417109e-05,7.878657645417109e-05,4.697147985940246e-05,6.35176050791631e-06,7.83399780637326e-05,1.373260259628296,1.0061815977096558,1.0496768951416016,0.36707770824432373,0.03325207158923149,0.41408732533454895,0.04187814146280289,0.09060826897621155,0.027181340381503105,5.611622782453196e-06,7.01558110449696e-06,5206,0.5,True,0.2,0.2,0.05,0.25,256,30,True,0.05,10,0.2,50,0.972,0.729,0,,,,,,,,,,,,,,,0.08506103605031967,0.042154982686042786,0.008874737211460445,0.6506228348197833,8827,985794,13567,994621,0.23527677452642443,0.3255693963293285,0.39448662195032064,0.22554728385051964,0.3316134738704209,0.4056902778801504,0.23299181838284072,0.23299181838284072,0.33036043340458465,0.33036043340458465,0.40443723741431414,0.40443723741431414,13567,9965,8665,996500,100.0,100.0,0.5713762640953064,0.6215614676475525,0.3929831087589264,0.7779747247695923,0.8459497094154358,0.6506965160369873,0.29763397574424744,7.368121720396914e-05,0.9998867656190128,9965,1300,99.8114400401405,109.0884135439992,0.555042986990884,0.008244975004345179,4.046230160615774,1.713869048184732,1.9537698393842264,iou,0.25,0.25,2.0,True,False,True,True,True,0.3,0.35,1.0,30,True,30,70,0.0,0.15,4.0,0.0,20,0.5,True,True
epoch,1784132433.8325768,94,513.9122412620345,7.837083532688423e-05,7.837083532688423e-05,4.638784346757548e-05,6.285493856487824e-06,7.791548449166074e-05,1.3637123107910156,0.9996035695075989,1.0416828393936157,0.3641088306903839,0.03311394900083542,0.4115583896636963,0.042111579328775406,0.09127423912286758,0.02738204598426819,4.225123120704666e-06,5.279544893710408e-06,5206,0.5,True,0.2,0.2,0.05,0.25,256,30,True,0.05,10,0.2,50,0.9792186588921282,0.7344139941690961,0,,,,,,,,,,,,,,,0.0843585878610611,0.04259738326072693,0.008871872624682788,0.6504017100316946,8824,985780,13567,994604,0.2358664406279944,0.32439006412618854,0.39647674504311936,0.2239257020712022,0.32866514336257097,0.40583769440554285,0.2308542787646495,0.2308542787646495,0.32947593425222965,0.32947593425222965,0.4056902778801504,0.4056902778801504,13567,9965,8665,996500,100.0,100.0,0.572760283946991,0.6233475208282471,0.39162981510162354,0.7812618017196655,0.8464657068252563,0.6504017114639282,0.3029409646987915,1.4322336649996714e-09,0.9999999977979245,9965,1300,99.80973406924235,109.64951040805317,0.560711030033417,0.008343062014319003,4.020902146432821,1.7062706439298463,1.9790978535671793,iou,0.25,0.25,2.0,True,False,True,True,True,0.3,0.35,1.0,30,True,30,70,0.0,0.15,4.0,0.0,20,0.5,True,True
epoch,1784132970.3414235,95,529.7778496609535,7.795225717096595e-05,7.795225717096595e-05,4.580288939769767e-05,6.218996090683087e-06,7.748809416403893e-05,1.3602259159088135,0.9974457025527954,1.038482904434204,0.3627806603908539,0.03330899402499199,0.413051038980484,0.04125596210360527,0.0899338573217392,0.026982184499502182,5.273991064314032e-06,6.594456863240339e-06,5206,0.5,True,0.2,0.2,0.05,0.25,256,30,True,0.05,10,0.2,50,0.9854227405247813,0.739067055393586,0,1.14851713180542,0.04140516743063927,0.4445374011993408,0.05519425868988037,0.17156310379505157,0.051463834941387177,9.418423587703728e-07,1.1777123063438921e-06,1300,0.5,True,True,0.9854227405247813,0.739067055393586,0.08259071409702301,0.04180630296468735,0.008889921236564817,0.6516547504975307,8841,985656,13567,994497,0.23439227537406943,0.32011498488980616,0.3878528783076583,0.22650549126557087,0.3255693963293285,0.3994987838136655,0.23395002579789195,0.23395002579789195,0.3258642293801135,0.3258642293801135,0.39743495245817057,0.39743495245817057,13567,9965,8665,996500,100.0,100.0,0.5735749006271362,0.6232025027275085,0.3931414484977722,0.7811567187309265,0.8494877219200134,0.6517284512519836,0.30493107438087463,7.370075445289892e-05,0.9998869149347227,9965,1300,99.79899648770697,126.08490099105984,0.548515697941184,0.008733469992876053,3.9954568742097054,1.6986370622629117,2.0045431257902946,iou,0.25,0.25,2.0,True,False,True,True,True,0.3,0.35,1.0,30,True,30,70,0.0,0.15,4.0,0.0,20,0.5,True,True
epoch,1784133491.554735,96,513.5162508110516,7.753088788822803e-05,7.753088788822803e-05,4.521674856037202e-05,6.152280174373303e-06,7.705785394903283e-05,1.337105631828308,0.9804262518882751,1.0217156410217285,0.35667869448661804,0.03218517079949379,0.4072191119194031,0.04139408469200134,0.0904204472899437,0.027127346023917198,4.062077550770482e-06,5.0773319344443735e-06,5206,0.5,True,0.2,0.2,0.05,0.25,256,30,True,0.05,10,0.2,50,0.9905772594752187,0.742932944606414,0,,,,,,,,,,,,,,,0.08420171588659286,0.04299280792474747,0.008882573643504399,0.6510650843959608,8833,985586,13567,994419,0.23409744232328444,0.32254735755878233,0.388958502248102,0.22481020122355716,0.32623277069359474,0.39802461855974053,0.2320336109677895,0.2320336109677895,0.32593793764280976,0.32593793764280976,0.39913024250018425,0.39913024250018425,13567,9965,8665,996500,100.0,100.0,0.5737733840942383,0.6254863739013672,0.3943970799446106,0.7827807664871216,0.8471290469169617,0.6511387825012207,0.3086901903152466,7.369810525992282e-05,0.9998868165938806,9965,1300,99.79116909182137,109.29286528693046,0.5598470160039142,0.008365535992197692,3.9699053577489822,1.6909716073246945,2.0300946422510178,iou,0.25,0.25,2.0,True,False,True,True,True,0.3,0.35,1.0,30,True,30,70,0.0,0.15,4.0,0.0,20,0.5,True,True
epoch,1784134017.4689965,97,519.2463985190261,7.710677368656069e-05,7.710677368656069e-05,4.4629552131795764e-05,6.085359113958546e-06,7.662481102733038e-05,1.3339102268218994,0.9790763854980469,1.0172362327575684,0.3548344373703003,0.03261089697480202,0.40626078844070435,0.04144293814897537,0.09266474097967148,0.027797816321253777,5.422375124908285e-06,6.775189376639901e-06,5206,0.5,True,0.2,0.2,0.05,0.25,256,30,True,0.05,10,0.2,50,0.9946472303206998,0.7459854227405248,0,,,,,,,,,,,,,,,0.08259624987840652,0.04307011887431145,0.008943604598533538,0.6554138718950394,8892,985338,13567,994230,0.2358664406279944,0.3154713643399425,0.3891059187734945,0.22156703766492225,0.32254735755878233,0.39831945161052557,0.22982236308690204,0.22982236308690204,0.32151544188103487,0.32151544188103487,0.39603449546694186,0.39603449546694186,13567,9965,8665,996500,100.0,100.0,0.5762359499931335,0.6289728283882141,0.39581969380378723,0.7837541103363037,0.8495614528656006,0.6554138660430908,0.31215450167655945,-5.85194859237248e-09,1.000000008928631,9965,1300,99.7722027094832,115.45349090406671,0.5536737330257893,0.008591396966949105,3.9442586568402564,1.683277597052077,2.0557413431597436,iou,0.25,0.25,2.0,True,False,True,True,True,0.3,0.35,1.0,30,True,30,70,0.0,0.15,4.0,0.0,20,0.5,True,True
epoch,1784134544.834066,98,520.5352692679735,7.667996107486547e-05,7.667996107486547e-05,4.404143152440365e-05,6.018245955832139e-06,7.618901288696791e-05,1.324371576309204,0.9716451168060303,1.0120958089828491,0.3527248203754425,0.03211167827248573,0.4059649109840393,0.040906649082899094,0.09078285843133926,0.027231816202402115,5.266521384328371e-06,6.582858077308629e-06,5206,0.5,True,0.2,0.2,0.05,0.25,256,30,True,0.05,10,0.2,50,0.997597667638484,0.748198250728863,0,,,,,,,,,,,,,,,0.07982136309146881,0.0417119525372982,0.00890016386038572,0.6521707083364046,8848,985291,13567,994139,0.23476081668755067,0.31355494950984003,0.3857890469521633,0.22127220461413724,0.32129431709294615,0.3971401194073856,0.22982236308690204,0.22982236308690204,0.31952531878823615,0.31952531878823615,0.39360212279796564,0.39360212279796564,13567,9965,8665,996500,100.0,100.0,0.5759522914886475,0.6262856721878052,0.4018024206161499,0.784361720085144,0.8522149324417114,0.6522443890571594,0.30920615792274475,7.368072075486509e-05,0.9998870351021932,9965,1300,99.76307074761665,109.61233846796677,0.5486720419721678,0.009011819958686829,3.918527872473036,1.6755583617419108,2.081472127526964,iou,0.25,0.25,2.0,True,False,True,True,True,0.3,0.35,1.0,30,True,30,70,0.0,0.15,4.0,0.0,20,0.5,True,True
epoch,1784135086.31833,99,534.6661886289949,7.6250496857955e-05,7.6250496857955e-05,4.345251835745829e-05,5.9509537838372404e-06,7.575050731812249e-05,1.314308524131775,0.9650043845176697,1.0032850503921509,0.3493042588233948,0.03171459957957268,0.40539973974227905,0.04065433889627457,0.08983445167541504,0.02694973163306713,6.021651188348187e-06,7.525007276854012e-06,5206,0.5,True,0.2,0.2,0.05,0.25,256,30,True,0.05,10,0.2,50,0.999393586005831,0.7495451895043732,0,,,,,,,,,,,,,,,0.07939369976520538,0.040974922478199005,0.008907411207545195,0.6526866661752783,8855,985261,13567,994116,0.23254956880666322,0.3142183238741063,0.3858627552148596,0.21869241541976855,0.32181027493181985,0.3973612441954743,0.22879044740915458,0.22879044740915458,0.3209994840421611,0.3209994840421611,0.39603449546694186,0.39603449546694186,13567,9965,8665,996500,100.0,100.0,0.5754499435424805,0.6247559189796448,0.4023768901824951,0.7834345102310181,0.8510355949401855,0.6528340578079224,0.3093535900115967,0.0001473916326441005,0.9997742280279631,9965,1300,99.7607626693427,109.89706820994616,0.5550812520086765,0.00836831599008292,3.8927241420317484,1.6678172426095244,2.1072758579682516,iou,0.25,0.25,2.0,True,False,True,True,True,0.3,0.35,1.0,30,True,30,70,0.0,0.15,4.0,0.0,20,0.5,True,True
epoch,1784135648.3475296,100,555.212264090078,7.58184281314203e-05,7.58184281314203e-05,4.286294442759427e-05,5.883495716716107e-06,7.530934240787126e-05,1.3021272420883179,0.9561878442764282,0.994718611240387,0.34593844413757324,0.03149597346782684,0.4019123315811157,0.04070953279733658,0.09058827906847,0.02717655338346958,5.91018488194095e-06,7.3885285019059666e-06,5206,0.5,True,0.2,0.2,0.05,0.25,256,30,True,0.05,10,0.2,50,1.0,0.75,0,1.1408400535583496,0.04118456318974495,0.44270452857017517,0.057990673929452896,0.18658670783042908,0.05596839636564255,1.8487214674678398e-06,2.3122952370613348e-06,1300,0.5,True,True,1.0,0.75,0.0807962417602539,0.041457436978816986,0.008867502454254309,0.6498120439301246,8816,985376,13567,994192,0.23579273236529816,0.3166506965430825,0.3874106287314808,0.22178816245301097,0.3232844401857448,0.4006044077541092,0.2314439448662195,0.2314439448662195,0.3235055649738336,0.3235055649738336,0.3985405763986143,0.3985405763986143,13567,9965,8665,996500,100.0,100.0,0.5750237703323364,0.6235856413841248,0.39779794216156006,0.7821328043937683,0.8522149324417114,0.6499594449996948,0.30802682042121887,0.00014740106957022991,0.9997732149740969,9965,1300,99.7683893627697,135.89382164098788,0.5466911219991744,0.008660212974064052,3.8668586344750002,1.6600575903425001,2.1331413655249998,iou,0.25,0.25,2.0,True,False,True,True,True,0.3,0.35,1.0,30,True,30,70,0.0,0.15,4.0,0.0,20,0.5,True,True
epoch,1784136189.062088,101,531.4021338910097,7.538380227646617e-05,7.538380227646617e-05,4.22728416793225e-05,5.81588490555259e-06,7.48655665349181e-05,1.290144920349121,0.9470461010932922,0.9877506494522095,0.3430987298488617,0.031139040365815163,0.4005712568759918,0.03988221287727356,0.08911047875881195,0.026732059195637703,5.541976406675531e-06,6.927975846338086e-06,5206,0.5,True,0.2,0.2,0.05,0.25,256,30,True,0.05,10,0.2,50,1.0,0.75,0,,,,,,,,,,,,,,,0.08221431821584702,0.0412430465221405,0.00890841712637157,0.6527603744379745,8856,985260,13567,994116,0.23409744232328444,0.3228421906095673,0.3876317535195695,0.2219355789784035,0.3272646863713422,0.40171003169455294,0.23107540355273826,0.23107540355273826,0.3284440185744822,0.3284440185744822,0.39957249207636175,0.39957249207636175,13567,9965,8665,996500,100.0,100.0,0.5746667385101318,0.6247096657752991,0.39573752880096436,0.7809988260269165,0.8501511216163635,0.6529077887535095,0.303678035736084,0.0001474143155349994,0.9997742187823851,9965,1300,99.7607626693427,112.49615672999062,0.5556557980598882,0.008331094053573906,3.84094254550118,1.652282763650354,2.15905745449882,iou,0.25,0.25,2.0,True,False,True,True,True,0.3,0.35,1.0,30,True,30,70,0.0,0.15,4.0,0.0,20,0.5,True,True
epoch,1784136709.4055297,102,513.5381575709907,7.494666695471542e-05,7.494666695471542e-05,4.168234217550155e-05,5.748134531208287e-06,7.441922836428838e-05,1.279964804649353,0.9402851462364197,0.9791957139968872,0.33967864513397217,0.030979160219430923,0.39828288555145264,0.03993895649909973,0.08822262287139893,0.02646820805966854,4.50267862106557e-06,5.630106898024678e-06,5206,0.5,True,0.2,0.2,0.05,0.25,256,30,True,0.05,10,0.2,50,1.0,0.75,0,,,,,,,,,,,,,,,0.08225516974925995,0.04136476665735245,0.008937373997513149,0.6548242057934694,8884,985144,13567,994028,0.23623498194147563,0.32203139971990863,0.38844254440922826,0.2253261590624309,0.32763322768482345,0.4025208225842117,0.23262327706935948,0.23262327706935948,0.326601312007076,0.326601312007076,0.39913024250018425,0.39913024250018425,13567,9965,8665,996500,100.0,100.0,0.5761324763298035,0.6277881860733032,0.3980480134487152,0.781719446182251,0.8504459261894226,0.6549715995788574,0.30810055136680603,0.00014739378538797254,0.9997749615624819,9965,1300,99.75193176116407,109.49264857906383,0.5622086139628664,0.008626148104667664,3.8149870927024754,1.6444961278107426,2.1850129072975246,iou,0.25,0.25,2.0,True,False,True,True,True,0.3,0.35,1.0,30,True,30,70,0.0,0.15,4.0,0.0,20,0.5,True,True
epoch,1784137233.3818734,103,514.389084805036,7.450707010298215e-05,7.450707010298215e-05,4.1091578067782454e-05,5.680257801752916e-06,7.397037684199229e-05,1.271574854850769,0.9349349141120911,0.9718181490898132,0.33663907647132874,0.03090113215148449,0.39728376269340515,0.03971255570650101,0.0885329321026802,0.026559092104434967,5.013707777834497e-06,6.2658700699103065e-06,5206,0.5,True,0.2,0.2,0.05,0.25,256,30,True,0.05,10,0.2,50,1.0,0.75,0,,,,,,,,,,,,,,,0.08212052285671234,0.04138724133372307,0.00893050329434331,0.654087123166507,8874,984799,13567,993673,0.23933072897471808,0.32269477408417485,0.3902115427139382,0.22481020122355716,0.3272646863713422,0.40274194737230046,0.23417115058598068,0.23417115058598068,0.3285914350998747,0.3285914350998747,0.400235866440628,0.400235866440628,13567,9965,8665,996500,100.0,100.0,0.5751115083694458,0.6264395713806152,0.39855724573135376,0.7805535793304443,0.8509618639945984,0.6540871262550354,0.303678035736084,3.088528433004001e-09,0.9999999952781086,9965,1300,99.71630707476167,110.52883326797746,0.5543359549483284,0.008219601004384458,3.789003510709424,1.6367010532128272,2.210996489290576,iou,0.25,0.25,2.0,True,False,True,True,True,0.3,0.35,1.0,30,True,30,70,0.0,0.15,4.0,0.0,20,0.5,True,True
epoch,1784137753.793363,104,512.9305583110545,7.406505992801492e-05,7.406505992801492e-05,4.050068156703363e-05,5.612267949889375e-06,7.351906118965734e-05,1.255247950553894,0.9227172136306763,0.9614266157150269,0.3325296938419342,0.030327672138810158,0.39363333582878113,0.039534445852041245,0.08686083555221558,0.026058701798319817,5.463402430905262e-06,6.828237928857561e-06,5206,0.5,True,0.2,0.2,0.05,0.25,256,30,True,0.05,10,0.2,50,1.0,0.75,0,,,,,,,,,,,,,,,0.0852263942360878,0.043528951704502106,0.008964814086040877,0.6565194958354832,8907,984644,13567,993551,0.2399941033389843,0.3255693963293285,0.39220166580673693,0.22488390948625342,0.3284440185744822,0.4017837399572492,0.23476081668755067,0.23476081668755067,0.3281491855236972,0.3281491855236972,0.39971990860175427,0.39971990860175427,13567,9965,8665,996500,100.0,100.0,0.5774813294410706,0.6275216341018677,0.40296244621276855,0.7820493578910828,0.8522886633872986,0.6565932035446167,0.30743715167045593,7.37077091335081e-05,0.9998877421990731,9965,1300,99.70406422478675,109.47243227693252,0.5490644699893892,0.008433346985839307,3.7630030463280804,1.628900913898424,2.2369969536719196,iou,0.25,0.25,2.0,True,False,True,True,True,0.3,0.35,1.0,30,True,30,70,0.0,0.15,4.0,0.0,20,0.5,True,True
epoch,1784138291.9885285,105,530.6854319470003,7.362068490121047e-05,7.362068490121047e-05,3.990978491375255e-05,5.544178230374001e-06,7.30653308991307e-05,1.249003291130066,0.9206369519233704,0.9509449601173401,0.32836610078811646,0.030465003103017807,0.39247646927833557,0.03969481587409973,0.0885712280869484,0.026573382318019867,4.546777745417785e-06,5.68369478060049e-06,5206,0.5,True,0.2,0.2,0.05,0.25,256,30,True,0.05,10,0.2,50,1.0,0.75,0,1.131771206855774,0.040835339576005936,0.4396626651287079,0.06033745035529137,0.20467102527618408,0.061388205736875534,8.400068054470466e-07,1.050114406098146e-06,1300,0.5,True,True,1.0,0.75,0.08516458421945572,0.04432779923081398,0.009022323253271373,0.6605734502837768,8962,984352,13567,993314,0.23888847939854058,0.32203139971990863,0.39330728974718066,0.22495761774894965,0.32733839463403847,0.4042898208889216,0.23446598363676568,0.23446598363676568,0.32755951942212724,0.32755951942212724,0.4042161126262254,0.4042161126262254,13567,9965,8665,996500,100.0,100.0,0.57924485206604,0.6331206560134888,0.4047439396381378,0.7844104170799255,0.8525834679603577,0.660573422908783,0.31348124146461487,-2.737499382732267e-08,1.0000000414412582,9965,1300,99.68028098344205,126.3156997449696,0.548945766990073,0.008737156051211059,3.73699695367192,1.621099086101576,2.26300304632808,iou,0.25,0.25,2.0,True,False,True,True,True,0.3,0.35,1.0,30,True,30,70,0.0,0.15,4.0,0.0,20,0.5,True,True
epoch,1784138814.5589905,106,513.1362401130609,7.317399375329813e-05,7.317399375329813e-05,3.931902034847089e-05,5.476001917432524e-06,7.260923572705177e-05,1.2402881383895874,0.9138670563697815,0.9469660520553589,0.3264221251010895,0.03011307120323181,0.3923433721065521,0.03918386623263359,0.08639424294233322,0.025917835533618927,4.9124728320748545e-06,6.140941422927426e-06,5206,0.5,True,0.2,0.2,0.05,0.25,256,30,True,0.05,10,0.2,50,1.0,0.75,0,,,,,,,,,,,,,,,0.08472095429897308,0.04352156072854996,0.009027897360913485,0.6607945750718656,8965,984068,13567,993033,0.2394044372374143,0.32453748065158106,0.39559224589076436,0.22414682685929094,0.32778064421021597,0.4052480283039729,0.2334340679590182,0.2334340679590182,0.32873885162526717,0.32873885162526717,0.4037738630500479,0.4037738630500479,13567,9965,8665,996500,100.0,100.0,0.5796583890914917,0.6307379603385925,0.4060705304145813,0.7848736047744751,0.8553844094276428,0.6607945561408997,0.31171223521232605,-1.8930965905994412e-08,1.0000000286487922,9965,1300,99.65208228800803,109.37422403402161,0.5629354739794508,0.008207871112972498,3.710996489290576,1.6132989467871728,2.289003510709424,iou,0.25,0.25,2.0,True,False,True,True,True,0.3,0.35,1.0,30,True,30,70,0.0,0.15,4.0,0.0,20,0.5,True,True
epoch,1784139334.997105,107,513.6939443730516,7.272503546899598e-05,7.272503546899598e-05,3.8728520082159446e-05,5.407752302172236e-06,7.215082568939589e-05,1.2317986488342285,0.9085581302642822,0.939473032951355,0.3232400417327881,0.029675548896193504,0.3904167413711548,0.03950713202357292,0.08803592622280121,0.026411114260554314,4.877584160567494e-06,6.097935965954093e-06,5206,0.5,True,0.2,0.2,0.05,0.25,256,30,True,0.05,10,0.2,50,1.0,0.75,0,,,,,,,,,,,,,,,0.08489203453063965,0.04359207674860954,0.009016021993736216,0.6599100759195106,8953,984057,13567,993010,0.2395518537628068,0.32439006412618854,0.39161199970516697,0.22407311859659468,0.3302867251418884,0.40458465393970666,0.23446598363676568,0.23446598363676568,0.33013930861649593,0.33013930861649593,0.40281565563499666,0.40281565563499666,13567,9965,8665,996500,100.0,100.0,0.5785478353500366,0.6298897862434387,0.40268030762672424,0.783535897731781,0.8544262051582336,0.6599838137626648,0.30824795365333557,7.373784315423126e-05,0.9998882732551669,9965,1300,99.64977420973408,109.51563177700154,0.554881858988665,0.008416293072514236,3.6850129072975246,1.6055038721892574,2.3149870927024754,iou,0.25,0.25,2.0,True,False,True,True,True,0.3,0.35,1.0,30,True,30,70,0.0,0.15,4.0,0.0,20,0.5,True,True
epoch,1784139855.6540387,108,513.419423937914,7.227385928163921e-05,7.227385928163921e-05,3.813841626663989e-05,5.339442689990861e-06,7.169015105598951e-05,1.233918309211731,0.9113741517066956,0.9392911791801453,0.3225449323654175,0.030506161972880363,0.3922879695892334,0.039282843470573425,0.08996398746967316,0.026991335675120354,6.4334326452808455e-06,8.038378837227356e-06,5206,0.5,True,0.2,0.2,0.05,0.25,256,30,True,0.05,10,0.2,50,1.0,0.75,0,,,,,,,,,,,,,,,0.08619973063468933,0.04444490000605583,0.009048251634859134,0.6621950320630943,8984,983915,13567,992899,0.23896218766123684,0.3249060219650623,0.3938232475860544,0.22481020122355716,0.3305815581926734,0.4050269035158841,0.23498194147563942,0.23498194147563942,0.3309500995061546,0.3309500995061546,0.4031841969484779,0.4031841969484779,13567,9965,8665,996500,100.0,100.0,0.5785208344459534,0.6299960613250732,0.40462732315063477,0.784741997718811,0.8525834679603577,0.6621950268745422,0.3072897493839264,-5.1885520324645995e-09,1.0000000078353837,9965,1300,99.63863522328148,109.27786913502496,0.5498002810636535,0.008384621003642678,3.65905745449882,1.5977172363496461,2.34094254550118,iou,0.25,0.25,2.0,True,False,True,True,True,0.3,0.35,1.0,30,True,30,70,0.0,0.15,4.0,0.0,20,0.5,True,True
epoch,1784140387.4217782,109,513.2890851389384,7.18205146677811e-05,7.18205146677811e-05,3.754884096500963e-05,5.271086397982645e-06,7.122726234499755e-05,1.2186925411224365,0.9004437923431396,0.9286931753158569,0.31824788451194763,0.029922006651759148,0.38865160942077637,0.039285097271203995,0.09042298048734665,0.02712966874241829,4.208467089483747e-06,5.26262238054187e-06,5206,0.5,True,0.2,0.2,0.05,0.25,256,30,True,0.05,10,0.2,50,1.0,0.75,0,,,,,,,,,,,,,,,0.08542098104953766,0.04393813759088516,0.009068812371379098,0.663595489054323,9003,983740,13567,992743,0.2398466868135918,0.32394781455001104,0.3922753740694332,0.22370457728311344,0.32918110120144467,0.4028893638976929,0.23402373406058818,0.23402373406058818,0.32969705904031843,0.32969705904031843,0.4019311564826417,0.4019311564826417,13567,9965,8665,996500,100.0,100.0,0.5786195993423462,0.6305142641067505,0.40532052516937256,0.7821593284606934,0.8537628054618835,0.6636691689491272,0.3042677044868469,7.367989480422388e-05,0.9998889809889453,9965,1300,99.62298043151029,109.30646466603503,0.5515317419776693,0.008245880017057061,3.6331413655249998,1.5899424096574999,2.3668586344750002,iou,0.25,0.25,2.0,True,False,True,True,True,0.3,0.35,1.0,30,True,30,70,0.0,0.15,4.0,0.0,20,0.5,True,True
epoch,1784140925.223396,110,530.2924939010991,7.136505134176724e-05,7.136505134176724e-05,3.695992612208658e-05,5.202696752342152e-06,7.07622103173834e-05,1.203945517539978,0.8903972506523132,0.9169710278511047,0.31354832649230957,0.029468437656760216,0.3844774663448334,0.03932100161910057,0.09070795029401779,0.027212949469685555,4.37187645729864e-06,5.463294655783102e-06,5206,0.5,True,0.2,0.2,0.05,0.25,256,30,True,0.05,10,0.2,50,1.0,0.75,0,1.1265751123428345,0.04062545299530029,0.4380931258201599,0.06274301558732986,0.2208520621061325,0.06626849621534348,7.875890446484846e-07,9.841104429142433e-07,1300,0.5,True,True,1.0,0.75,0.08389419317245483,0.04297129809856415,0.00907471356393237,0.6641851551558929,9011,983968,13567,992979,0.24250018427065673,0.32365298149922606,0.39161199970516697,0.22665290779096336,0.3305815581926734,0.40370015478735166,0.23734060588191935,0.23734060588191935,0.3310238077688509,0.3310238077688509,0.4029630721603892,0.4029630721603892,13567,9965,8665,996500,100.0,100.0,0.5804760456085205,0.6333488821983337,0.4080944061279297,0.7843374609947205,0.8542787432670593,0.6641851663589478,0.31598731875419617,1.1203054817165992e-08,0.9999999831326332,9965,1300,99.6466633216257,126.79821359401103,0.5567172740120441,0.00900372106116265,3.607275857968252,1.5821827573904756,2.392724142031748,iou,0.25,0.25,2.0,True,False,True,True,True,0.3,0.35,1.0,30,True,30,70,0.0,0.15,4.0,0.0,20,0.5,True,True
epoch,1784141446.2266514,111,514.2193130479427,7.090751925028396e-05,7.090751925028396e-05,3.6371803534880426e-05,5.134287085766307e-06,7.029504597134257e-05,1.2010352611541748,0.8892113566398621,0.9140084981918335,0.3118235468864441,0.02948625385761261,0.38674095273017883,0.03886059671640396,0.08815672993659973,0.026448989287018776,5.769873041572282e-06,7.215692676254548e-06,5206,0.5,True,0.2,0.2,0.05,0.25,256,30,True,0.05,10,0.2,50,1.0,0.75,0,,,,,,,,,,,,,,,0.08804227411746979,0.044809017330408096,0.008999074513263464,0.6586570354536744,8936,984055,13567,992991,0.2401415198643768,0.32070465099137613,0.39028525097663447,0.22414682685929094,0.33006560035379967,0.40274194737230046,0.23365519274710694,0.23365519274710694,0.3308763912434584,0.3308763912434584,0.40001474165253925,0.40001474165253925,13567,9965,8665,996500,100.0,100.0,0.5787294507026672,0.6334978342056274,0.4001147747039795,0.7842807769775391,0.8547210097312927,0.6586570143699646,0.30942729115486145,-2.1083709778046966e-08,1.0000000320101499,9965,1300,99.64786753637732,109.89299962297082,0.5568882789229974,0.008355478988960385,3.581472127526964,1.5744416382580892,2.418527872473036,iou,0.25,0.25,2.0,True,False,True,True,True,0.3,0.35,1.0,30,True,30,70,0.0,0.15,4.0,0.0,20,0.5,True,True
epoch,1784141977.8401027,112,514.1841525869677,7.0447968566881e-05,7.0447968566881e-05,3.5784604823096833e-05,5.065870734855155e-06,6.982582053671006e-05,1.1854182481765747,0.8790227174758911,0.9002447128295898,0.30639538168907166,0.02940293774008751,0.3828563690185547,0.038338806480169296,0.08881790935993195,0.026643920689821243,4.67653080704622e-06,5.844921361131128e-06,5206,0.5,True,0.2,0.2,0.05,0.25,256,30,True,0.05,10,0.2,50,1.0,0.75,0,,,,,,,,,,,,,,,0.08988090604543686,0.04556732252240181,0.009108262610491325,0.6664701112994766,9042,983683,13567,992725,0.23910960418662933,0.32439006412618854,0.3899167096631532,0.2233360359696322,0.3302867251418884,0.4042898208889216,0.23240215228127073,0.23240215228127073,0.33080268298076215,0.33080268298076215,0.4025208225842117,0.4025208225842117,13567,9965,8665,996500,100.0,100.0,0.5801902413368225,0.6339245438575745,0.40478047728538513,0.7859888076782227,0.854499876499176,0.6664701104164124,0.31510281562805176,-8.830642883594919e-10,1.000000001324987,9965,1300,99.62117410938284,110.27392834494822,0.5651079420931637,0.008374262950383127,3.555741343159744,1.5667224029479232,2.444258656840256,iou,0.25,0.25,2.0,True,False,True,True,True,0.3,0.35,1.0,30,True,30,70,0.0,0.15,4.0,0.0,20,0.5,True,True
epoch,1784142509.192036,113,514.0497411179822,6.998644968646943e-05,6.998644968646943e-05,3.5198461399681514e-05,4.99746103751187e-06,6.935458546934248e-05,1.1782152652740479,0.8734005689620972,0.897839367389679,0.3048149347305298,0.029081396758556366,0.382366418838501,0.038031306117773056,0.08822064846754074,0.026465391740202904,3.772023774217814e-06,4.7139255912043154e-06,5206,0.5,True,0.2,0.2,0.05,0.25,256,30,True,0.05,10,0.2,50,1.0,0.75,0,,,,,,,,,,,,,,,0.09186934679746628,0.04649396240711212,0.009082299841827944,0.664479988206678,9015,983575,13567,992590,0.23874106287314809,0.32387410628731483,0.39116975012898947,0.2245890764354684,0.33249797302277584,0.40465836220240287,0.2331392349082332,0.2331392349082332,0.3323505564973834,0.3323505564973834,0.40281565563499666,0.40281565563499666,13567,9965,8665,996500,100.0,100.0,0.580457866191864,0.6336653828620911,0.40736860036849976,0.7873110771179199,0.8551632761955261,0.6644799709320068,0.3166506886482239,-1.7274671137990083e-08,1.000000025997279,9965,1300,99.607626693427,109.89732306206133,0.5846894709393382,0.008392659947276115,3.5300946422510187,1.5590283926753057,2.4699053577489813,iou,0.25,0.25,2.0,True,False,True,True,True,0.3,0.35,1.0,30,True,30,70,0.0,0.15,4.0,0.0,20,0.5,True,True
epoch,1784143039.0331979,114,514.1248283219757,6.95230132197954e-05,6.95230132197954e-05,3.4613504441410486e-05,4.9290713303424875e-06,6.88813924454753e-05,1.1705125570297241,0.868219792842865,0.8927344679832458,0.3022935092449188,0.028744470328092575,0.38105595111846924,0.037978507578372955,0.08789822459220886,0.02636788971722126,4.441462806425989e-06,5.5468753998866305e-06,5206,0.5,True,0.2,0.2,0.05,0.25,256,30,True,0.05,10,0.2,50,1.0,0.75,0,,,,,,,,,,,,,,,0.0918106809258461,0.0467505156993866,0.009082343694104487,0.6643325716812855,9013,983352,13567,992365,0.2378565637207931,0.3228421906095673,0.390432667502027,0.22164074592761848,0.33574113658141075,0.4048057787277954,0.22974865482420578,0.22974865482420578,0.3332350556497383,0.3332350556497383,0.4031104886857817,0.4031104886857817,13567,9965,8665,996500,100.0,100.0,0.5800798535346985,0.633189857006073,0.4076215624809265,0.7867166996002197,0.8539102077484131,0.6643325686454773,0.31421831250190735,-3.0358081604120457e-09,1.0000000045697115,9965,1300,99.58504766683392,110.27585890097544,0.5602046269923449,0.0081522410036996,3.5045431257902946,1.5513629377370886,2.4954568742097054,iou,0.25,0.25,2.0,True,False,True,True,True,0.3,0.35,1.0,30,True,30,70,0.0,0.15,4.0,0.0,20,0.5,True,True
epoch,1784143575.9874802,115,530.1600709819468,6.905770998788986e-05,6.905770998788986e-05,3.402986485953313e-05,4.860714946055933e-06,6.840629335605597e-05,1.1686534881591797,0.8679627776145935,0.8904144167900085,0.3006909489631653,0.028901511803269386,0.38105401396751404,0.03836978226900101,0.09064515680074692,0.027194857597351074,3.7662737213395303e-06,4.707861990027595e-06,5206,0.5,True,0.2,0.2,0.05,0.25,256,30,True,0.05,10,0.2,50,1.0,0.75,0,1.126999855041504,0.04115334898233414,0.43844857811927795,0.06536976993083954,0.2365812212228775,0.07098388671875,4.1723529875525855e-07,5.21261711128318e-07,1300,0.5,True,True,1.0,0.75,0.09218493103981018,0.04644181579351425,0.009096708073970838,0.665364487359033,9027,983310,13567,992337,0.2375617306700081,0.3226210658214786,0.3908012088155082,0.22097737156335226,0.33036043340458465,0.4025208225842117,0.22982236308690204,0.22982236308690204,0.3308763912434584,0.3308763912434584,0.4017837399572492,0.4017837399572492,13567,9965,8665,996500,100.0,100.0,0.5796062350273132,0.6333584189414978,0.4080442786216736,0.7842093110084534,0.8536890745162964,0.6653645038604736,0.3114174008369446,1.6501440658345246e-08,0.9999999751993974,9965,1300,99.58223783241344,126.62053812202066,0.5499239539494738,0.00869772001169622,3.479097853567179,1.5437293560701537,2.520902146432821,iou,0.25,0.25,2.0,True,False,True,True,True,0.3,0.35,1.0,30,True,30,70,0.0,0.15,4.0,0.0,20,0.5,True,True
epoch,1784144105.9417179,116,514.1506785110105,6.859059101649575e-05,6.859059101649575e-05,3.3447673270474785e-05,4.792405210864762e-06,6.792934030105355e-05,1.1542879343032837,0.8575024604797363,0.8813340663909912,0.29678604006767273,0.028547169640660286,0.37883830070495605,0.03760385140776634,0.08937968313694,0.026816608384251595,4.661497769120615e-06,5.826971573696937e-06,5206,0.5,True,0.2,0.2,0.05,0.25,256,30,True,0.05,10,0.2,50,1.0,0.75,0,,,,,,,,,,,,,,,0.09370453655719757,0.047208987176418304,0.00908438799011064,0.6646274047320705,9017,983565,13567,992582,0.2355716075772094,0.32203139971990863,0.3929387484336994,0.221493329402226,0.33308763912434586,0.40370015478735166,0.2317387779170045,0.2317387779170045,0.33205572344659834,0.33205572344659834,0.401120365592983,0.401120365592983,13567,9965,8665,996500,100.0,100.0,0.5792326331138611,0.6323060989379883,0.4073724150657654,0.7852240800857544,0.8528046011924744,0.6646274328231812,0.31303900480270386,2.8091110659822505e-08,0.9999999577340488,9965,1300,99.60682388359257,109.42916737205815,0.5555471510160714,0.008188533945940435,3.4537698393842264,1.536130951815268,2.5462301606157736,iou,0.25,0.25,2.0,True,False,True,True,True,0.3,0.35,1.0,30,True,30,70,0.0,0.15,4.0,0.0,20,0.5,True,True
epoch,1784144634.658892,117,513.2411924130283,6.812170753047218e-05,6.812170753047218e-05,3.286705996660523e-05,4.7241554418872e-06,6.745058558374527e-05,1.149793028831482,0.8558148145675659,0.8755579590797424,0.2939780354499817,0.028695786371827126,0.3784293532371521,0.03790346533060074,0.08876693993806839,0.026629840955138206,5.340905318007572e-06,6.675588792859344e-06,5206,0.5,True,0.2,0.2,0.05,0.25,256,30,True,0.05,10,0.2,50,1.0,0.75,0,,,,,,,,,,,,,,,0.09444258362054825,0.04802838712930679,0.00904751784978683,0.662121323800398,8983,983886,13567,992869,0.23638239846686815,0.32070465099137613,0.3915382914424707,0.22230412029188473,0.33006560035379967,0.4010466573302867,0.23100169529004203,0.23100169529004203,0.3290336846760522,0.3290336846760522,0.3985405763986143,0.3985405763986143,13567,9965,8665,996500,100.0,100.0,0.5801593065261841,0.6318498253822327,0.40802711248397827,0.7856736183166504,0.8561951518058777,0.6621950268745422,0.3120070695877075,7.370307414422683e-05,0.9998886988407447,9965,1300,99.63562468640241,109.59734738711268,0.5435675729531795,0.008350354037247598,3.4285700462896926,1.528571013886908,2.5714299537103074,iou,0.25,0.25,2.0,True,False,True,True,True,0.3,0.35,1.0,30,True,30,70,0.0,0.15,4.0,0.0,20,0.5,True,True
epoch,1784145164.87824,118,514.8434807829326,6.765111094817725e-05,6.765111094817725e-05,3.228815488707973e-05,4.655978944550936e-06,6.697008170498099e-05,1.1333413124084473,0.8435980677604675,0.8655720949172974,0.28974300622940063,0.028122127056121826,0.37251588702201843,0.038105085492134094,0.08873483538627625,0.026616888120770454,4.942069153912598e-06,6.17644764133729e-06,5206,0.5,True,0.2,0.2,0.05,0.25,256,30,True,0.05,10,0.2,50,1.0,0.75,0,,,,,,,,,,,,,,,0.09412682056427002,0.04794687405228615,0.009045057094342132,0.6619739072750055,8981,983937,13567,992918,0.2357190241026019,0.32210510798260483,0.3920542492813444,0.2233360359696322,0.3307289747180659,0.4029630721603892,0.23166506965430825,0.23166506965430825,0.3304341416672809,0.3304341416672809,0.402004864745338,0.402004864745338,13567,9965,8665,996500,100.0,100.0,0.5803837776184082,0.636049211025238,0.4094775915145874,0.7857835292816162,0.8540576696395874,0.6619738936424255,0.315029114484787,-1.3632579953792856e-08,1.0000000205938333,9965,1300,99.64054189663824,111.32966788299382,0.5726656609913334,0.008589060045778751,3.403509381832262,1.5210528145496787,2.596490618167738,iou,0.25,0.25,2.0,True,False,True,True,True,0.3,0.35,1.0,30,True,30,70,0.0,0.15,4.0,0.0,20,0.5,True,True
epoch,1784145685.1149843,119,513.3624319279334,6.717885287582937e-05,6.717885287582937e-05,3.171108758875914e-05,4.587889009999211e-06,6.648788135742578e-05,1.1248750686645508,0.8384109139442444,0.8584779500961304,0.2864646017551422,0.027892906218767166,0.3710883855819702,0.038072843104600906,0.088399738073349,0.02651945687830448,3.7454849461937556e-06,4.681821792473784e-06,5206,0.5,True,0.2,0.2,0.05,0.25,256,30,True,0.05,10,0.2,50,1.0,0.75,0,,,,,,,,,,,,,,,0.09373105317354202,0.04779912158846855,0.009101139103164041,0.6658804451979067,9034,983589,13567,992623,0.23490823321294316,0.32505343849045476,0.39603449546694186,0.2237782855458097,0.3284440185744822,0.4056165696174541,0.23048573745116827,0.23048573745116827,0.3302867251418884,0.3302867251418884,0.4038475713127442,0.4038475713127442,13567,9965,8665,996500,100.0,100.0,0.5814364552497864,0.6379978060722351,0.4074837565422058,0.7878304719924927,0.8544262051582336,0.666027843952179,0.317756325006485,0.00014739875427227656,0.9997786898016191,9965,1300,99.61093828399397,109.44626561494078,0.5636706569930539,0.008412661962211132,3.3785986933397907,1.5135796080019372,2.6214013066602093,iou,0.25,0.25,2.0,True,False,True,True,True,0.3,0.35,1.0,30,True,30,70,0.0,0.15,4.0,0.0,20,0.5,True,True
epoch,1784146223.930784,120,530.9596645459533,6.6704985101848e-05,6.6704985101848e-05,3.113598721721551e-05,4.519898912499679e-06,6.600403741978164e-05,1.1145530939102173,0.8317806720733643,0.8501737117767334,0.2827707827091217,0.027701448649168015,0.3708786964416504,0.03735365346074104,0.08669497817754745,0.026007521897554398,4.467950020625722e-06,5.585576218436472e-06,5206,0.5,True,0.2,0.2,0.05,0.25,256,30,True,0.05,10,0.2,50,1.0,0.75,0,1.1228569746017456,0.04130616411566734,0.4362150728702545,0.0682445839047432,0.2514088451862335,0.07540249079465866,4.6728382585570216e-07,5.84161000460881e-07,1300,0.5,True,True,1.0,0.75,0.09317953139543533,0.04760008677840233,0.009138268071985652,0.6684602343922754,9069,983351,13567,992420,0.23748802240731187,0.32579052111741724,0.39544482936537184,0.22650549126557087,0.33050784992997717,0.4050269035158841,0.2332866514336257,0.2332866514336257,0.33036043340458465,0.33036043340458465,0.4029630721603892,0.4029630721603892,13567,9965,8665,996500,100.0,100.0,0.5820788145065308,0.6378225088119507,0.41007423400878906,0.787340521812439,0.8554580807685852,0.6685339212417603,0.3156187832355499,7.368684948483306e-05,0.9998897784433317,9965,1300,99.59056698444556,126.5755978259258,0.5474669630639255,0.008788747014477849,3.3538487632241214,1.5061546289672365,2.6461512367758786,iou,0.25,0.25,2.0,True,False,True,True,True,0.3,0.35,1.0,30,True,30,70,0.0,0.15,4.0,0.0,20,0.5,True,True
epoch,1784146744.9930284,121,513.3954735670704,6.622955959117458e-05,6.622955959117458e-05,3.056298247782983e-05,4.452021906856564e-06,6.551860295098878e-05,1.1091302633285522,0.8285248875617981,0.8465110063552856,0.28060534596443176,0.02742675505578518,0.37121719121932983,0.03706122189760208,0.08615037798881531,0.025844410061836243,5.482119831867749e-06,6.850924819445936e-06,5206,0.5,True,0.2,0.2,0.05,0.25,256,30,True,0.05,10,0.2,50,1.0,0.75,0,,,,,,,,,,,,,,,0.0919606015086174,0.04688357561826706,0.009143649638567817,0.6686813591803641,9072,983092,13567,992164,0.23888847939854058,0.32409523107540356,0.3938969558487506,0.2265791995282671,0.3302867251418884,0.40347902999926294,0.23461340016215818,0.23461340016215818,0.33036043340458465,0.33036043340458465,0.40163632343185673,0.40163632343185673,13567,9965,8665,996500,100.0,100.0,0.5825543403625488,0.6379348039627075,0.4128010869026184,0.7874958515167236,0.8570059537887573,0.6686813831329346,0.31466057896614075,2.3952570482599356e-08,0.9999999641793968,9965,1300,99.5648770697441,109.65689235995524,0.555774366017431,0.008472223998978734,3.3292703043139924,1.4987810912941977,2.6707296956860076,iou,0.25,0.25,2.0,True,False,True,True,True,0.3,0.35,1.0,30,True,30,70,0.0,0.15,4.0,0.0,20,0.5,True,True
epoch,1784147265.750414,122,513.8719241380459,6.575262847957393e-05,6.575262847957393e-05,2.9992201606988164e-05,4.384271225826606e-06,6.503163118440706e-05,1.1011488437652588,0.8227732181549072,0.8427138328552246,0.2783759534358978,0.02729625627398491,0.3699571192264557,0.03693154826760292,0.08626217395067215,0.02587897516787052,5.859567863808479e-06,7.324401849473361e-06,5206,0.5,True,0.2,0.2,0.05,0.25,256,30,True,0.05,10,0.2,50,1.0,0.75,0,,,,,,,,,,,,,,,0.09073419868946075,0.045865900814533234,0.009119331410291299,0.6669123608756542,9048,983130,13567,992178,0.2381513967715781,0.3232844401857448,0.390432667502027,0.22363086902041718,0.3313923490823321,0.4003832829660205,0.232475860543967,0.232475860543967,0.3298444755657109,0.3298444755657109,0.39699270288199306,0.39699270288199306,13567,9965,8665,996500,100.0,100.0,0.5821396112442017,0.6378364562988281,0.40923720598220825,0.787935733795166,0.8568585515022278,0.6669860482215881,0.31642958521842957,7.368734593393711e-05,0.9998895219080962,9965,1300,99.56628198695434,109.50551396596711,0.5520116860279813,0.008354548015631735,3.304873955218066,1.4914621865654198,2.695126044781934,iou,0.25,0.25,2.0,True,False,True,True,True,0.3,0.35,1.0,30,True,30,70,0.0,0.15,4.0,0.0,20,0.5,True,True
epoch,1784147821.8494847,123,549.1961731880438,6.527424406791693e-05,6.527424406791693e-05,2.9423772343382865e-05,4.3166600775393106e-06,6.454317552197834e-05,1.0920664072036743,0.8168085217475891,0.8362722992897034,0.2752581238746643,0.02704673260450363,0.36756014823913574,0.03694267198443413,0.08814095705747604,0.02644244208931923,4.460752279555891e-06,5.575338946073316e-06,5206,0.5,True,0.2,0.2,0.05,0.25,256,30,True,0.05,10,0.2,50,1.0,0.75,0,,,,,,,,,,,,,,,0.09063278138637543,0.04583297297358513,0.00914174798767663,0.6686076509176678,9071,983190,13567,992261,0.23992039507628804,0.3229158988722636,0.39072750055281197,0.22223041202918847,0.3299918920911034,0.3976560772462593,0.2335814844844107,0.2335814844844107,0.33013930861649593,0.33013930861649593,0.3980983268224368,0.3980983268224368,13567,9965,8665,996500,100.0,100.0,0.5819187164306641,0.6358710527420044,0.40878826379776,0.7849304676055908,0.8561214804649353,0.6686076521873474,0.3145131468772888,1.2696795836930619e-09,0.9999999981010095,9965,1300,99.57461113898646,145.10613042896148,0.580403703963384,0.008744281018152833,3.280670275720088,1.4842010827160264,2.719329724279912,iou,0.25,0.25,2.0,True,False,True,True,True,0.3,0.35,1.0,30,True,30,70,0.0,0.15,4.0,0.0,20,0.5,True,True
epoch,1784148358.6423,124,528.9781733968994,6.479445881644525e-05,6.479445881644525e-05,2.8857821899425138e-05,4.249201642922001e-06,6.405328952837041e-05,1.0918965339660645,0.8192404508590698,0.8314380645751953,0.2726556360721588,0.027453189715743065,0.3701310455799103,0.03685622289776802,0.08810801059007645,0.02643117867410183,4.374168838694459e-06,5.465797585202381e-06,5206,0.5,True,0.2,0.2,0.05,0.25,256,30,True,0.05,10,0.2,50,1.0,0.75,0,,,,,,,,,,,,,,,0.09038150310516357,0.04564349725842476,0.009120464710352182,0.6670597774010466,9050,983224,13567,992274,0.24109972727942802,0.3242426476007961,0.3906537922901157,0.2227463698680622,0.3308763912434584,0.400235866440628,0.2332866514336257,0.2332866514336257,0.32881255988796343,0.32881255988796343,0.39957249207636175,0.39957249207636175,13567,9965,8665,996500,100.0,100.0,0.5813000798225403,0.635739803314209,0.40932929515838623,0.7848716974258423,0.8580378890037537,0.6671335101127625,0.3125230371952057,7.373271171584594e-05,0.9998894783269043,9965,1300,99.57591570496739,117.84854737203568,0.5586114630568773,0.008325790986418724,3.256669742208155,1.4770009226624463,2.743330257791845,iou,0.25,0.25,2.0,True,False,True,True,True,0.3,0.35,1.0,30,True,30,70,0.0,0.15,4.0,0.0,20,0.5,True,True
epoch,1784148902.3544378,125,535.6712739270879,6.431332533901837e-05,6.431332533901837e-05,2.829447693277526e-05,4.181909073130172e-06,6.356202692510297e-05,1.0788037776947021,0.8096342086791992,0.8239442110061646,0.26916950941085815,0.027148041874170303,0.36799028515815735,0.03627374768257141,0.08416656404733658,0.02525186911225319,5.463281922857277e-06,6.829054200352402e-06,5206,0.5,True,0.2,0.2,0.05,0.25,256,30,True,0.05,10,0.2,50,1.0,0.75,0,1.1341420412063599,0.04142102599143982,0.43870916962623596,0.0730753168463707,0.2679566442966461,0.08038805425167084,9.697129144115024e-07,1.2103417930120486e-06,1300,0.5,True,True,1.0,0.75,0.09092819690704346,0.04602751508355141,0.009119561196710589,0.6669123608756542,9048,983105,13567,992153,0.2380039802461856,0.32711726984594974,0.3961819119923343,0.22230412029188473,0.3324242647600796,0.4045109456770104,0.23232844401857447,0.23232844401857447,0.3323505564973834,0.3323505564973834,0.40303678042308544,0.40303678042308544,13567,9965,8665,996500,100.0,100.0,0.5818310379981995,0.6351751089096069,0.4086911380290985,0.7872701287269592,0.8560477495193481,0.6669123768806458,0.31355494260787964,1.600499155429702e-08,0.9999999760013577,9965,1300,99.56377320622178,128.30189273203723,0.5627738389885053,0.009335175040178001,3.23288274314009,1.4698648229420268,2.76711725685991,iou,0.25,0.25,2.0,True,False,True,True,True,0.3,0.35,1.0,30,True,30,70,0.0,0.15,4.0,0.0,20,0.5,True,True
epoch,1784149422.1669016,126,513.0103950189659,6.383089639734401e-05,6.383089639734401e-05,2.7733863517997172e-05,4.1147954869836305e-06,6.306944158465651e-05,1.0694026947021484,0.8030763864517212,0.818444550037384,0.26632553339004517,0.026934977620840073,0.3651348948478699,0.0363059900701046,0.08567899465560913,0.02570410631597042,4.213825832266593e-06,5.266793777991552e-06,5206,0.5,True,0.2,0.2,0.05,0.25,256,30,True,0.05,10,0.2,50,1.0,0.75,0,,,,,,,,,,,,,,,0.09159627556800842,0.046508923172950745,0.009089387210113797,0.6643325716812855,9013,982583,13567,991596,0.23969927028819932,0.32638018721898726,0.3934547062725732,0.22444165991007592,0.3302867251418884,0.4012677821183755,0.23453969189946192,0.23453969189946192,0.32940222598953345,0.32940222598953345,0.400235866440628,0.400235866440628,13567,9965,8665,996500,100.0,100.0,0.5810757279396057,0.6351146697998047,0.4053918123245239,0.7866026163101196,0.8560477495193481,0.6643325686454773,0.3156187832355499,-3.0358081604120457e-09,1.0000000045697115,9965,1300,99.50787757150025,109.37513789802324,0.5521099279867485,0.008401607978157699,3.209319574546874,1.4627958723640622,2.790680425453126,iou,0.25,0.25,2.0,True,False,True,True,True,0.3,0.35,1.0,30,True,30,70,0.0,0.15,4.0,0.0,20,0.5,True,True
epoch,1784149951.8755088,127,521.7447216570145,6.334722489519207e-05,6.334722489519207e-05,2.717610711834335e-05,4.047873968408979e-06,6.257558752456454e-05,1.0557645559310913,0.7940757274627686,0.8074511885643005,0.26168927550315857,0.02656484767794609,0.3623577952384949,0.03601609170436859,0.08568603545427322,0.0257048811763525,4.323653229221236e-06,5.406379386840854e-06,5206,0.5,True,0.2,0.2,0.05,0.25,256,30,True,0.05,10,0.2,50,1.0,0.75,0,,,,,,,,,,,,,,,0.09229106456041336,0.04694812744855881,0.00913252139678365,0.6675020269772242,9056,982565,13567,991621,0.24065747770325052,0.3293285177268372,0.3966978698312081,0.2239257020712022,0.327485811159431,0.4013414903810717,0.23409744232328444,0.23409744232328444,0.33131864081963586,0.33131864081963586,0.4029630721603892,0.4029630721603892,13567,9965,8665,996500,100.0,100.0,0.5817579627037048,0.6376388072967529,0.40959328413009644,0.787644624710083,0.8559740781784058,0.6675020456314087,0.3167981207370758,1.86541845303978e-08,0.9999999720537418,9965,1300,99.51038635223281,109.85952167597134,0.558695204090327,0.008435670984908938,3.1859904355760786,1.4557971306728237,2.8140095644239214,iou,0.25,0.25,2.0,True,False,True,True,True,0.3,0.35,1.0,30,True,30,70,0.0,0.15,4.0,0.0,20,0.5,True,True
epoch,1784150492.3021333,128,532.835488601937,6.286236387259325e-05,6.286236387259325e-05,2.6621332557676663e-05,3.981157563888859e-06,6.208051890148996e-05,1.0442813634872437,0.7857204079627991,0.8011165857315063,0.2585605978965759,0.025993123650550842,0.3605600595474243,0.035546958446502686,0.08325237035751343,0.024975063279271126,4.398160399432527e-06,5.499087365024025e-06,5206,0.5,True,0.2,0.2,0.05,0.25,256,30,True,0.05,10,0.2,50,1.0,0.75,0,,,,,,,,,,,,,,,0.09040924906730652,0.04566190391778946,0.00911887519415811,0.6663964030367804,9041,982419,13567,991460,0.23844622982236308,0.3265276037443797,0.3924964988575219,0.22436795164737966,0.32439006412618854,0.40075182427950173,0.23446598363676568,0.23446598363676568,0.3277069359475197,0.3277069359475197,0.3992039507628805,0.3992039507628805,13567,9965,8665,996500,100.0,100.0,0.5822194218635559,0.6377518177032471,0.40896230936050415,0.7878950834274292,0.8560477495193481,0.6664701104164124,0.31738778948783875,7.370737963197094e-05,0.9998894063237346,9965,1300,99.4942298043151,114.66009227605537,0.5569668230600655,0.00841542100533843,3.1629054240772425,1.4488716272231728,2.8370945759227575,iou,0.25,0.25,2.0,True,False,True,True,True,0.3,0.35,1.0,30,True,30,70,0.0,0.15,4.0,0.0,20,0.5,True,True
epoch,1784151027.3128085,129,528.0391048319871,6.237636650002259e-05,6.237636650002259e-05,2.6069663992535194e-05,3.914659279918526e-06,6.158429000528622e-05,1.0338728427886963,0.7790557146072388,0.7928910851478577,0.2548169493675232,0.025875110179185867,0.35733887553215027,0.03555498272180557,0.08356156200170517,0.02506968006491661,4.711306246463209e-06,5.890786269446835e-06,5206,0.5,True,0.2,0.2,0.05,0.25,256,30,True,0.05,10,0.2,50,1.0,0.75,0,,,,,,,,,,,,,,,0.09111533313989639,0.0460328683257103,0.009197476294852078,0.6717771062136065,9114,981810,13567,990924,0.23910960418662933,0.326306478956291,0.39514999631458686,0.22230412029188473,0.32807547726100095,0.40229969779612296,0.231886194442397,0.231886194442397,0.32918110120144467,0.32918110120144467,0.4003832829660205,0.4003832829660205,13567,9965,8665,996500,100.0,100.0,0.5841872692108154,0.640841007232666,0.41331979632377625,0.7894453406333923,0.857227087020874,0.6717771291732788,0.3191567659378052,2.2959672274502907e-08,0.999999965822486,9965,1300,99.44044154540893,109.6455833229702,0.5460439519956708,0.00830605102237314,3.1400745322310897,1.442022359669327,2.8599254677689103,iou,0.25,0.25,2.0,True,False,True,True,True,0.3,0.35,1.0,30,True,30,70,0.0,0.15,4.0,0.0,20,0.5,True,True
epoch,1784151574.7998247,130,540.5537973659812,6.188928607256867e-05,6.188928607256867e-05,2.5521224884346498e-05,3.848392080470195e-06,6.10869552530438e-05,1.0292021036148071,0.7766139507293701,0.7894020080566406,0.2525874972343445,0.0259456317871809,0.3569336235523224,0.035469379276037216,0.08513326942920685,0.025539444759488106,4.252121925674146e-06,5.315251200954663e-06,5206,0.5,True,0.2,0.2,0.05,0.25,256,30,True,0.05,10,0.2,50,1.0,0.75,0,1.1380490064620972,0.04115086421370506,0.4368319511413574,0.07751408219337463,0.28450334072113037,0.08534646034240723,4.000790170266555e-07,4.999444627173943e-07,1300,0.5,True,True,1.0,0.75,0.09150246530771255,0.0465664342045784,0.009148802221217795,0.6683865261295792,9068,982100,13567,991168,0.2377091471954006,0.326306478956291,0.3932335814844844,0.22422053512198717,0.3277069359475197,0.39905653423748805,0.23166506965430825,0.23166506965430825,0.3291073929387484,0.3291073929387484,0.40001474165253925,0.40001474165253925,13567,9965,8665,996500,100.0,100.0,0.5832841396331787,0.6363858580589294,0.4101247787475586,0.7876720428466797,0.8586275577545166,0.6683865189552307,0.31849339604377747,-7.174348448657497e-09,1.0000000107338318,9965,1300,99.46492724535875,135.65895792702213,0.5627745139645413,0.00893243309110403,3.1175076422244845,1.4352522926673454,2.8824923577755155,iou,0.25,0.25,2.0,True,False,True,True,True,0.3,0.35,1.0,30,True,30,70,0.0,0.15,4.0,0.0,20,0.5,True,True
epoch,1784152103.2601957,131,520.39571290405,6.140117600408925e-05,6.140117600408925e-05,2.4976137971797337e-05,3.782368884465701e-06,6.058856918312271e-05,1.0230915546417236,0.771721601486206,0.7891345620155334,0.2513706684112549,0.025726065039634705,0.35741937160491943,0.034838613122701645,0.08207728713750839,0.024623144418001175,3.3713895390974358e-06,4.2141778067161795e-06,5206,0.5,True,0.2,0.2,0.05,0.25,256,30,True,0.05,10,0.2,50,1.0,0.75,0,,,,,,,,,,,,,,,0.0902247503399849,0.04599906504154205,0.009184870505238547,0.6705977740104666,9098,981444,13567,990542,0.23888847939854058,0.32343185671113733,0.39124345839168573,0.22414682685929094,0.3235055649738336,0.40097294906759046,0.2335814844844107,0.2335814844844107,0.32851772683717845,0.32851772683717845,0.39846686813591803,0.39846686813591803,13567,9965,8665,996500,100.0,100.0,0.583928644657135,0.6370357871055603,0.4109101891517639,0.7908638715744019,0.8562688827514648,0.6705977916717529,0.3195990324020386,1.766128632230135e-08,0.9999999736633693,9965,1300,99.40210737581535,110.11121407500468,0.5571671969955787,0.008392018964514136,3.0952145219729985,1.4285643565918997,2.9047854780270015,iou,0.25,0.25,2.0,True,False,True,True,True,0.3,0.35,1.0,30,True,30,70,0.0,0.15,4.0,0.0,20,0.5,True,True
epoch,1784152656.02877,132,545.8396108309971,6.091208982135384e-05,6.091208982135384e-05,2.443452524336521e-05,3.716602563257925e-06,6.0089186449171816e-05,1.0080442428588867,0.7623454928398132,0.7748921513557434,0.2456996589899063,0.025376353412866592,0.3530888855457306,0.03494378551840782,0.08351946622133255,0.025055458769202232,3.4943038826895645e-06,4.369709131424315e-06,5206,0.5,True,0.2,0.2,0.05,0.25,256,30,True,0.05,10,0.2,50,1.0,0.75,0,,,,,,,,,,,,,,,0.09124858677387238,0.046391960233449936,0.009204613518348118,0.6717033979509103,9113,980934,13567,990047,0.2405837694405543,0.3252008550158473,0.3930124566963957,0.2265791995282671,0.3281491855236972,0.4006781160168055,0.23446598363676568,0.23446598363676568,0.3285914350998747,0.3285914350998747,0.39971990860175427,0.39971990860175427,13567,9965,8665,996500,100.0,100.0,0.5846949219703674,0.6397932767868042,0.4109959602355957,0.7893229126930237,0.8571534156799316,0.6717033982276917,0.32077836990356445,2.767813755966131e-10,0.9999999995879411,9965,1300,99.35243351731059,118.45265945908614,0.5668142520589754,0.008419800084084272,3.073204820892941,1.4219614462678822,2.926795179107059,iou,0.25,0.25,2.0,True,False,True,True,True,0.3,0.35,1.0,30,True,30,70,0.0,0.15,4.0,0.0,20,0.5,True,True
epoch,1784153192.0865018,133,526.0527151710121,6.042208115817389e-05,6.042208115817389e-05,2.389650791001782e-05,3.651105938121495e-06,5.958886181413545e-05,1.0054343938827515,0.7622511386871338,0.7705870270729065,0.24318337440490723,0.025623664259910583,0.354256272315979,0.03463248535990715,0.08280196785926819,0.024838915094733238,2.8228373594174627e-06,3.52795632352354e-06,5206,0.5,True,0.2,0.2,0.05,0.25,256,30,True,0.05,10,0.2,50,1.0,0.75,0,,,,,,,,,,,,,,,0.09182916581630707,0.04676840081810951,0.009193332787734949,0.6706714822731629,9099,980640,13567,989739,0.23947814550011057,0.3260853541682023,0.3921279575440407,0.22680032431635586,0.3309500995061546,0.4022259895334267,0.23461340016215818,0.23461340016215818,0.3318345986585096,0.3318345986585096,0.40016215817793177,0.40016215817793177,13567,9965,8665,996500,100.0,100.0,0.5851695537567139,0.6420314311981201,0.41026198863983154,0.7901145219802856,0.8585538268089294,0.6706714630126953,0.3234318494796753,-1.926046755418298e-08,1.0000000287181856,9965,1300,99.3215253386854,110.07570973597467,0.5444128500530496,0.008639489999040961,3.051488065724676,1.4154464197174028,2.948511934275324,iou,0.25,0.25,2.0,True,False,True,True,True,0.3,0.35,1.0,30,True,30,70,0.0,0.15,4.0,0.0,20,0.5,True,True
epoch,1784153718.7742777,134,518.556628055987,5.99312037495212e-05,5.99312037495212e-05,2.3362206378086452e-05,3.5858917777532537e-06,5.9087650144247966e-05,1.0011271238327026,0.7601686716079712,0.7672401070594788,0.24095916748046875,0.025525476783514023,0.3551875650882721,0.03437004238367081,0.08131712675094604,0.024397237226366997,3.4937688724312466e-06,4.366955636214698e-06,5206,0.5,True,0.2,0.2,0.05,0.25,256,30,True,0.05,10,0.2,50,1.0,0.75,0,,,,,,,,,,,,,,,0.09250511974096298,0.04711936414241791,0.009173161879921956,0.6688287757057566,9074,980116,13567,989190,0.24250018427065673,0.3264538954816835,0.39286504017100315,0.22768482346871086,0.33021301687919213,0.4019311564826417,0.23564531583990567,0.23564531583990567,0.3307289747180659,0.3307289747180659,0.39971990860175427,0.39971990860175427,13567,9965,8665,996500,100.0,100.0,0.5844936966896057,0.6412608623504639,0.4102184474468231,0.7892307639122009,0.8571534156799316,0.6689024567604065,0.32099947333335876,7.368105464988783e-05,0.9998898478337085,9965,1300,99.26643251379829,111.03759617102332,0.5505563579499722,0.008436106028966606,3.0300736564090425,1.4090220969227127,2.9699263435909575,iou,0.25,0.25,2.0,True,False,True,True,True,0.3,0.35,1.0,30,True,30,70,0.0,0.15,4.0,0.0,20,0.5,True,True
epoch,1784154282.6527321,135,555.5568705629557,5.943951142563534e-05,5.943951142563534e-05,2.2831740222319467e-05,3.5209727957829807e-06,5.858560640301714e-05,0.987518310546875,0.7492278218269348,0.7625129818916321,0.23829162120819092,0.02512107416987419,0.3494442403316498,0.03464910015463829,0.08228270709514618,0.024684038013219833,4.648840786103392e-06,5.810437869513407e-06,5206,0.5,True,0.2,0.2,0.05,0.25,256,30,True,0.05,10,0.2,50,1.0,0.75,0,1.146369218826294,0.04125521704554558,0.4366568326950073,0.08181454241275787,0.3017942011356354,0.09053865075111389,4.601810701387876e-07,5.758068368777458e-07,1300,0.5,True,True,1.0,0.75,0.09270355105400085,0.04698542505502701,0.009151899694127759,0.6671334856637429,9051,979924,13567,988975,0.24191051816908676,0.32682243679516476,0.39374953932335816,0.22694774084174835,0.32822289378639347,0.3982457433478293,0.2357190241026019,0.2357190241026019,0.3281491855236972,0.3281491855236972,0.39927765902557677,0.39927765902557677,13567,9965,8665,996500,100.0,100.0,0.5838329792022705,0.6414099931716919,0.4104573726654053,0.7874782085418701,0.8594383597373962,0.6671335101127625,0.3191567659378052,2.444901958664758e-08,0.9999999633521338,9965,1300,99.24485699949824,144.01886374002788,0.562620562966913,0.009489341988228261,3.008970862018659,1.4026912586055977,2.991029137981341,iou,0.25,0.25,2.0,True,False,True,True,True,0.3,0.35,1.0,30,True,30,70,0.0,0.15,4.0,0.0,20,0.5,True,True
epoch,1784154807.0168839,136,514.2826535279164,5.8947058106120443e-05,5.8947058106120443e-05,2.230522815912197e-05,3.456361648294839e-06,5.808278564519667e-05,0.9786548614501953,0.7436526417732239,0.7558092474937439,0.23500217497348785,0.024913670495152473,0.3481937348842621,0.034255996346473694,0.08247813582420349,0.02474345453083515,4.6965342335170135e-06,5.871082976227626e-06,5206,0.5,True,0.2,0.2,0.05,0.25,256,30,True,0.05,10,0.2,50,1.0,0.75,0,,,,,,,,,,,,,,,0.09475192427635193,0.04845285415649414,0.009244164880061486,0.6737672293064052,9141,979699,13567,988840,0.24080489422864304,0.32733839463403847,0.3957396624161569,0.22812707304488833,0.3302867251418884,0.40355273826195914,0.23542419105181692,0.23542419105181692,0.3316871821331171,0.3316871821331171,0.4031104886857817,0.4031104886857817,13567,9965,8665,996500,100.0,100.0,0.5842646956443787,0.6386156678199768,0.4127429127693176,0.7875583171844482,0.8586275577545166,0.6737672090530396,0.31945160031318665,-2.0253365651257127e-08,1.0000000300598861,9965,1300,99.2313095835424,109.81930615392048,0.5604533550795168,0.00833356601651758,2.9881888167458697,1.396456645023761,3.0118111832541303,iou,0.25,0.25,2.0,True,False,True,True,True,0.3,0.35,1.0,30,True,30,70,0.0,0.15,4.0,0.0,20,0.5,True,True
epoch,1784155345.541344,137,521.1239692160161,5.8453897794032494e-05,5.8453897794032494e-05,2.178278801998744e-05,3.3920709313600557e-06,5.757924301074897e-05,0.9739540219306946,0.741183340549469,0.7525255680084229,0.23277105391025543,0.02486531436443329,0.34733614325523376,0.0342913381755352,0.08184764534235,0.024554364383220673,4.8622700887790415e-06,6.077286798245041e-06,5206,0.5,True,0.2,0.2,0.05,0.25,256,30,True,0.05,10,0.2,50,1.0,0.75,0,,,,,,,,,,,,,,,0.09390637278556824,0.04779407009482384,0.00918783466753534,0.6694184418073266,9082,979399,13567,988481,0.2404363529151618,0.3241689393380998,0.3958133706788531,0.22783223999410335,0.3295496425149259,0.4034053217365667,0.23535048278912066,0.23535048278912066,0.32895997641335595,0.32895997641335595,0.40185744821994546,0.40185744821994546,13567,9965,8665,996500,100.0,100.0,0.5829312801361084,0.6387070417404175,0.415555477142334,0.7857781648635864,0.8577430248260498,0.6695658564567566,0.31554508209228516,0.00014741464943002214,0.999779835473974,9965,1300,99.19528349222279,110.2299848489929,0.5549182440154254,0.008225069963373244,2.967736515949078,1.3903209547847235,3.032263484050922,iou,0.25,0.25,2.0,True,False,True,True,True,0.3,0.35,1.0,30,True,30,70,0.0,0.15,4.0,0.0,20,0.5,True,True
epoch,1784155890.737679,138,536.4141354559688,5.796008456995709e-05,5.796008456995709e-05,2.1264536725127503e-05,3.3281131785812794e-06,5.7075033718798293e-05,0.9646221995353699,0.7352677583694458,0.7454241514205933,0.2293546050786972,0.02461409755051136,0.3452862799167633,0.03404255211353302,0.08215232938528061,0.024647502228617668,3.572607511159731e-06,4.4647504182648845e-06,5206,0.5,True,0.2,0.2,0.05,0.25,256,30,True,0.05,10,0.2,50,1.0,0.75,0,,,,,,,,,,,,,,,0.09263654798269272,0.04741324484348297,0.009240580003542779,0.6728827301540503,9129,978796,13567,987925,0.24109972727942802,0.32195769145721237,0.3944129136876244,0.22893786393454707,0.32873885162526717,0.4020785730080342,0.23660352325495687,0.23660352325495687,0.32763322768482345,0.32763322768482345,0.4006044077541092,0.4006044077541092,13567,9965,8665,996500,100.0,100.0,0.5859788656234741,0.6411769390106201,0.41561055183410645,0.7908037900924683,0.8589223623275757,0.6728827357292175,0.32416895031929016,5.575167216775867e-09,0.999999991714504,9965,1300,99.13948820873055,121.02910479495768,0.5602043130202219,0.008314257021993399,2.947622812259168,1.3842868436777505,3.052377187740832,iou,0.25,0.25,2.0,True,False,True,True,True,0.3,0.35,1.0,30,True,30,70,0.0,0.15,4.0,0.0,20,0.5,True,True
epoch,1784156423.3671908,139,525.7861466900213,5.7465672586079014e-05,5.7465672586079014e-05,2.0750590257305574e-05,3.264500858649141e-06,5.657021306157542e-05,0.9563008546829224,0.7281255722045898,0.7456189393997192,0.22817429900169373,0.024393053725361824,0.3436678349971771,0.033591579645872116,0.0803205743432045,0.02409748174250126,3.7691638681280892e-06,4.710033408628078e-06,5206,0.5,True,0.2,0.2,0.05,0.25,256,30,True,0.05,10,0.2,50,1.0,0.75,0,,,,,,,,,,,,,,,0.09219074249267578,0.047047585248947144,0.009223877997760348,0.6714822731628215,9110,978544,13567,987654,0.241394560330213,0.32011498488980616,0.388074003095747,0.22812707304488833,0.3243163558634923,0.39728753593277805,0.23498194147563942,0.23498194147563942,0.326601312007076,0.326601312007076,0.3966241615685118,0.3966241615685118,13567,9965,8665,996500,100.0,100.0,0.5850837826728821,0.6395657658576965,0.41363847255706787,0.7897888422012329,0.860838770866394,0.671482264995575,0.3220314085483551,-8.167246545731643e-09,1.0000000121630115,9965,1300,99.11229302558957,118.76300908008125,0.6515208249911666,0.008941062958911061,2.9278564117477095,1.378356923524313,3.0721435882522905,iou,0.25,0.25,2.0,True,False,True,True,True,0.3,0.35,1.0,30,True,30,70,0.0,0.15,4.0,0.0,20,0.5,True,True
epoch,1784156969.1694782,140,534.908360603964,5.697071606024385e-05,5.697071606024385e-05,2.024106363588041e-05,3.20124637291145e-06,5.606483639835425e-05,0.9468364715576172,0.7238627672195435,0.7326698899269104,0.22297295928001404,0.02417723834514618,0.34192490577697754,0.03367915749549866,0.08007319271564484,0.024021662771701813,4.050855295645306e-06,5.063117896497715e-06,5206,0.5,True,0.2,0.2,0.05,0.25,256,30,True,0.05,10,0.2,50,1.0,0.75,0,1.1588400602340698,0.04166730120778084,0.43525803089141846,0.08729875087738037,0.3166436553001404,0.09498217701911926,1.8116788851330057e-06,2.268874823130318e-06,1300,0.5,True,True,1.0,0.75,0.09300267696380615,0.0474620945751667,0.009207159571527368,0.6702292326969853,9093,978508,13567,987601,0.24146826859290926,0.3224736492960861,0.38962187661236825,0.22665290779096336,0.32763322768482345,0.39979361686445053,0.2351293580010319,0.2351293580010319,0.3272646863713422,0.3272646863713422,0.39935136728827303,0.39935136728827303,13567,9965,8665,996500,100.0,100.0,0.5855094790458679,0.6434061527252197,0.41267600655555725,0.7918455600738525,0.8589960932731628,0.6703766584396362,0.3224736452102661,0.00014742574265091957,0.999780085209121,9965,1300,99.10697441043652,127.1557517950423,0.5528583599952981,0.009037356008775532,2.9084458701585945,1.3725337610475785,3.0915541298414055,iou,0.25,0.25,2.0,True,False,True,True,True,0.3,0.35,1.0,30,True,30,70,0.0,0.15,4.0,0.0,20,0.5,True,True
epoch,1784157495.7803183,141,515.0333225290524,5.6475269270012284e-05,5.6475269270012284e-05,1.9736070891065108e-05,3.1383620529555356e-06,5.555895914938097e-05,0.9433909058570862,0.7219236493110657,0.7318502068519592,0.22146672010421753,0.0243313480168581,0.34305667877197266,0.033269017934799194,0.0819031223654747,0.024569571018218994,3.8542480069736484e-06,4.816136424778961e-06,5206,0.5,True,0.2,0.2,0.05,0.25,256,30,True,0.05,10,0.2,50,1.0,0.75,0,,,,,,,,,,,,,,,0.0955074205994606,0.047972895205020905,0.009237325882734047,0.6725878971032653,9125,978715,13567,987840,0.24095231075403553,0.3226210658214786,0.39146458317977445,0.22584211690130462,0.32895997641335595,0.4019311564826417,0.23505564973833568,0.23505564973833568,0.3307289747180659,0.3307289747180659,0.40016215817793177,0.40016215817793177,13567,9965,8665,996500,100.0,100.0,0.5854721069335938,0.6405022740364075,0.4154709577560425,0.7894961833953857,0.8603965640068054,0.6726616024971008,0.31989386677742004,7.370539383555474e-05,0.9998904272318176,9965,1300,99.13095835423984,110.61485292389989,0.5550429179565981,0.008290288969874382,2.88939958920475,1.366819876761425,3.11060041079525,iou,0.25,0.25,2.0,True,False,True,True,True,0.3,0.35,1.0,30,True,30,70,0.0,0.15,4.0,0.0,20,0.5,True,True
epoch,1784158037.961239,142,522.7577462359332,5.5979386546708054e-05,5.5979386546708054e-05,1.923572503840761e-05,3.07586015820417e-06,5.505263678979665e-05,0.9301227927207947,0.7128623723983765,0.7221100330352783,0.21726001799106598,0.023898743093013763,0.3394404649734497,0.03313145786523819,0.07934851944446564,0.02380589209496975,4.1835528463707305e-06,5.229178441368276e-06,5206,0.5,True,0.2,0.2,0.05,0.25,256,30,True,0.05,10,0.2,50,1.0,0.75,0,,,,,,,,,,,,,,,0.09671801328659058,0.048642683774232864,0.009278033109645064,0.6752413945603302,9161,978225,13567,987386,0.24176310164369424,0.32313702366035235,0.3915382914424707,0.22547357558782338,0.33006560035379967,0.40185744821994546,0.23476081668755067,0.23476081668755067,0.33153976560772463,0.33153976560772463,0.4019311564826417,0.4019311564826417,13567,9965,8665,996500,100.0,100.0,0.5860159993171692,0.6426316499710083,0.4132953882217407,0.78978031873703,0.860543966293335,0.6752414107322693,0.3221051096916199,1.617193912117898e-08,0.9999999760501372,9965,1300,99.08539889613648,115.24095443007536,0.5545997900189832,0.008307304000481963,2.870725812931512,1.3612177438794537,3.129274187068488,iou,0.25,0.25,2.0,True,False,True,True,True,0.3,0.35,1.0,30,True,30,70,0.0,0.15,4.0,0.0,20,0.5,True,True
epoch,1784158586.1199834,143,528.7667459239019,5.548312226945985e-05,5.548312226945985e-05,1.8740138053498185e-05,3.0137528735255758e-06,5.454592484355374e-05,0.9244519472122192,0.7092012166976929,0.7196659445762634,0.21525079011917114,0.02370338886976242,0.33656832575798035,0.033449094742536545,0.08004292100667953,0.02401462197303772,4.155031547270482e-06,5.191323907638434e-06,5206,0.5,True,0.2,0.2,0.05,0.25,256,30,True,0.05,10,0.2,50,1.0,0.75,0,,,,,,,,,,,,,,,0.0979498028755188,0.049173504114151,0.009225320292665333,0.6711874401120366,9106,977960,13567,987066,0.23829881329697059,0.3188619444239699,0.3888110857227095,0.2253261590624309,0.32807547726100095,0.40370015478735166,0.2334340679590182,0.2334340679590182,0.3285914350998747,0.3285914350998747,0.40045699122871675,0.40045699122871675,13567,9965,8665,996500,100.0,100.0,0.5850719213485718,0.6411328315734863,0.4127406179904938,0.7881491780281067,0.8604702353477478,0.6711874604225159,0.31856709718704224,2.031047929840213e-08,0.9999999697394834,9965,1300,99.05328650275966,113.66170019307174,0.5424393280409276,0.008271387894637883,2.852432624148254,1.3557297872444762,3.147567375851746,iou,0.25,0.25,2.0,True,False,True,True,True,0.3,0.35,1.0,30,True,30,70,0.0,0.15,4.0,0.0,20,0.5,True,True
epoch,1784159127.0512304,144,518.8243285820354,5.4986530859238063e-05,5.4986530859238063e-05,1.824942084690982e-05,2.9520523068579627e-06,5.4038878877327286e-05,0.9206302762031555,0.7072494029998779,0.7177199125289917,0.21338018774986267,0.02355552837252617,0.33692827820777893,0.03319256380200386,0.0804486945271492,0.024134721606969833,5.582865924225189e-06,6.979336831136607e-06,5206,0.5,True,0.2,0.2,0.05,0.25,256,30,True,0.05,10,0.2,50,1.0,0.75,0,,,,,,,,,,,,,,,0.09680788964033127,0.04818645119667053,0.009228598621335547,0.6711137318493403,9105,977502,13567,986607,0.23910960418662933,0.31900936094936244,0.389253335298887,0.22422053512198717,0.326601312007076,0.400235866440628,0.23321294317092947,0.23321294317092947,0.3282966020490897,0.3282966020490897,0.39913024250018425,0.39913024250018425,13567,9965,8665,996500,100.0,100.0,0.5845704674720764,0.6401178240776062,0.4113799035549164,0.7869962453842163,0.8604702353477478,0.6711137294769287,0.31900936365127563,-2.372411600504165e-09,1.0000000035350367,9965,1300,99.00722528850979,109.49659380794037,0.5584663579938933,0.008549868012778461,2.834527940929797,1.3503583822789391,3.165472059070203,iou,0.25,0.25,2.0,True,False,True,True,True,0.3,0.35,1.0,30,True,30,70,0.0,0.15,4.0,0.0,20,0.5,True,True
epoch,1784159678.5673738,145,540.0507258059224,5.44896667728869e-05,5.44896667728869e-05,1.776368323937664e-05,2.890770486849051e-06,5.3531554494421366e-05,0.9083356261253357,0.6987511515617371,0.7092956304550171,0.20958419144153595,0.02320014499127865,0.3355846405029297,0.03230850398540497,0.07815513014793396,0.023446861654520035,4.572195848595584e-06,5.715678071283037e-06,5206,0.5,True,0.2,0.2,0.05,0.25,256,30,True,0.05,10,0.2,50,1.0,0.75,0,1.1807552576065063,0.04157700017094612,0.43522942066192627,0.0938199907541275,0.3419850170612335,0.10260457545518875,1.3956941984361038e-06,1.7443092019675532e-06,1300,0.5,True,True,1.0,0.75,0.09510265290737152,0.04739338532090187,0.00925457635810984,0.6730301466794427,9131,977516,13567,986647,0.23837252155966684,0.3203361096778949,0.389253335298887,0.22304120291884721,0.3277069359475197,0.39905653423748805,0.23114911181543452,0.23114911181543452,0.3297707673030147,0.3297707673030147,0.39831945161052557,0.39831945161052557,13567,9965,8665,996500,100.0,100.0,0.5861430764198303,0.6419578790664673,0.41327762603759766,0.788902997970581,0.860543966293335,0.6731038689613342,0.3225473463535309,7.372228189150842e-05,0.9998904741373642,9965,1300,99.01123933768189,130.67821132403333,0.548989943927154,0.00915850093588233,2.817019513189133,1.3451058539567398,3.182980486810867,iou,0.25,0.25,2.0,True,False,True,True,True,0.3,0.35,1.0,30,True,30,70,0.0,0.15,4.0,0.0,20,0.5,True,True
epoch,1784160206.3633475,146,519.232768147951,5.39925844971526e-05,5.39925844971526e-05,1.7283033937216593e-05,2.829919360511074e-06,5.30240073286716e-05,0.9026668667793274,0.6950723528862,0.7069772481918335,0.20759490132331848,0.023219730705022812,0.3360501825809479,0.03193201497197151,0.07822665572166443,0.023468615487217903,4.5293804760149214e-06,5.662345301971072e-06,5206,0.5,True,0.2,0.2,0.05,0.25,256,30,True,0.05,10,0.2,50,1.0,0.75,0,,,,,,,,,,,,,,,0.09655848145484924,0.0478963777422905,0.009271762182239901,0.6741357706198865,9146,977290,13567,986436,0.23888847939854058,0.32225252450799735,0.3925702071202182,0.22385199380850593,0.32851772683717845,0.3989828259747918,0.23114911181543452,0.23114911181543452,0.32991818382840715,0.32991818382840715,0.3992039507628805,0.3992039507628805,13567,9965,8665,996500,100.0,100.0,0.5867493152618408,0.6432470679283142,0.4121890068054199,0.7890163660049438,0.8620918393135071,0.674209475517273,0.3245374858379364,7.37048973864507e-05,0.9998906795290441,9965,1300,98.99006522829904,113.9680712390691,0.5441001879516989,0.00832941906992346,2.7999149193229274,1.3399744757968781,3.2000850806770726,iou,0.25,0.25,2.0,True,False,True,True,True,0.3,0.35,1.0,30,True,30,70,0.0,0.15,4.0,0.0,20,0.5,True,True
epoch,1784160744.9544275,147,526.9890062740305,5.349533854270827e-05,5.349533854270827e-05,1.6807580508003284e-05,2.7695107908916867e-06,5.2516293038344245e-05,0.8979201316833496,0.69282066822052,0.702957034111023,0.20510020852088928,0.023256976157426834,0.33526331186294556,0.0319565124809742,0.07712562382221222,0.02313883602619171,3.7290831187419826e-06,4.659722890210105e-06,5206,0.5,True,0.2,0.2,0.05,0.25,256,30,True,0.05,10,0.2,50,1.0,0.75,0,,,,,,,,,,,,,,,0.0967295691370964,0.0480264350771904,0.009296636333762024,0.6756099358738115,9166,976782,13567,985948,0.23888847939854058,0.32439006412618854,0.3929387484336994,0.22621065821478586,0.3281491855236972,0.400825532542198,0.23336035969632196,0.23336035969632196,0.33013930861649593,0.33013930861649593,0.4006044077541092,0.4006044077541092,13567,9965,8665,996500,100.0,100.0,0.5885658860206604,0.6451038122177124,0.41835424304008484,0.7913150787353516,0.8611336350440979,0.6756099462509155,0.3285914361476898,1.0377104064929199e-08,0.9999999846403919,9965,1300,98.9410938283994,119.26759117108304,0.5622080570319667,0.00919638411141932,2.7832215629312653,1.3349664688793794,3.2167784370687347,iou,0.25,0.25,2.0,True,False,True,True,True,0.3,0.35,1.0,30,True,30,70,0.0,0.15,4.0,0.0,20,0.5,True,True
epoch,1784161292.998689,148,539.380089766928,5.29979834381763e-05,5.29979834381763e-05,1.6337429356492772e-05,2.7095565547612302e-06,5.200846730003265e-05,0.8890109658241272,0.6865628957748413,0.6983972787857056,0.20244765281677246,0.02307785116136074,0.33204662799835205,0.031898222863674164,0.07648373395204544,0.022944852709770203,6.144772669358645e-06,7.680659109610133e-06,5206,0.5,True,0.2,0.2,0.05,0.25,256,30,True,0.05,10,0.2,50,1.0,0.75,0,,,,,,,,,,,,,,,0.09667590260505676,0.048272959887981415,0.009327655982574307,0.6776737672293064,9194,976477,13567,985671,0.23992039507628804,0.32210510798260483,0.3946340384757131,0.22495761774894965,0.3274121028967347,0.4026682391096042,0.2337289010098032,0.2337289010098032,0.3284440185744822,0.3284440185744822,0.4014889069064642,0.4014889069064642,13567,9965,8665,996500,100.0,100.0,0.5895996689796448,0.6477578282356262,0.4187348783016205,0.7929555177688599,0.8640082478523254,0.6776737570762634,0.33235055208206177,-1.0153042961924541e-08,1.0000000149821988,9965,1300,98.91329653788259,126.43826549802907,0.568108613952063,0.008823369978927076,2.766946669613058,1.3300840008839174,3.233053330386942,iou,0.25,0.25,2.0,True,False,True,True,True,0.3,0.35,1.0,30,True,30,70,0.0,0.15,4.0,0.0,20,0.5,True,True
epoch,1784161821.8368764,149,521.5326027170522,5.250057372414857e-05,5.250057372414857e-05,1.5872685700810544e-05,2.6500683403168227e-06,5.1500585802551695e-05,0.8842780590057373,0.6842352151870728,0.6946923136711121,0.2000414878129959,0.02284909039735794,0.3304256796836853,0.032188404351472855,0.0775250643491745,0.023258758708834648,4.672941940953024e-06,5.840451649419265e-06,5206,0.5,True,0.2,0.2,0.05,0.25,256,30,True,0.05,10,0.2,50,1.0,0.75,0,,,,,,,,,,,,,,,0.09750206023454666,0.04922344535589218,0.00933609010879925,0.6779686002800914,9198,976011,13567,985209,0.24028893638976928,0.3264538954816835,0.39514999631458686,0.22650549126557087,0.33109751603154713,0.40229969779612296,0.23704577283113437,0.23704577283113437,0.33220313997199086,0.33220313997199086,0.4043635291516179,0.4043635291516179,13567,9965,8665,996500,100.0,100.0,0.5900529026985168,0.6479706168174744,0.41811537742614746,0.7943565845489502,0.8618707060813904,0.6780422925949097,0.33419325947761536,7.369231481824112e-05,0.9998913160497169,9965,1300,98.8669342699448,112.19844191300217,0.5662173849996179,0.008943206979893148,2.751097283838493,1.3253291851515479,3.248902716161507,iou,0.25,0.25,2.0,True,False,True,True,True,0.3,0.35,1.0,30,True,30,70,0.0,0.15,4.0,0.0,20,0.5,True,True
epoch,1784162368.4210808,150,537.7917345869355,5.2003163947205526e-05,5.2003163947205526e-05,1.5413453548904145e-05,2.5910577449037466e-06,5.099270424083091e-05,0.8754395246505737,0.6784666180610657,0.68867427110672,0.19697271287441254,0.022770756855607033,0.3286360800266266,0.031783755868673325,0.07786227017641068,0.023356400430202484,3.058973106817575e-06,3.824121449724771e-06,5206,0.5,True,0.2,0.2,0.05,0.25,256,30,True,0.05,10,0.2,50,1.0,0.75,0,1.1950221061706543,0.04167409613728523,0.43243882060050964,0.09927171468734741,0.36349624395370483,0.10903733968734741,1.771795041349833e-06,2.212504341514432e-06,1300,0.5,True,True,1.0,0.75,0.09803388267755508,0.04940620809793472,0.009352544294308021,0.6786319746443576,9207,975231,13567,984438,0.24132085206751677,0.32991818382840715,0.39699270288199306,0.22628436647748212,0.3327190978108646,0.4060588191936316,0.2358664406279944,0.2358664406279944,0.3339721382767008,0.3339721382767008,0.4050269035158841,0.4050269035158841,13567,9965,8665,996500,100.0,100.0,0.5892890095710754,0.6466824412345886,0.41852229833602905,0.7952783107757568,0.8625341057777405,0.6787793636322021,0.335004061460495,0.00014738898784449894,0.999782861713627,9965,1300,98.78956347215254,129.82597969891503,0.6302789659239352,0.008955748053267598,2.735680265899887,1.320704079769966,3.264319734100113,iou,0.25,0.25,2.0,True,False,True,True,True,0.3,0.35,1.0,30,True,30,70,0.0,0.15,4.0,0.0,20,0.5,True,True
epoch,1784162917.288703,151,525.3178661679849,5.1505808653934486e-05,5.1505808653934486e-05,1.4959835675266484e-05,2.5325362727544965e-06,5.0484878309806795e-05,0.8706955313682556,0.6765351295471191,0.6835318207740784,0.19416002929210663,0.022575750946998596,0.327537477016449,0.03192286565899849,0.07901567220687866,0.02370332181453705,3.3740893741196487e-06,4.218115918774856e-06,5206,0.5,True,0.2,0.2,0.05,0.25,256,30,True,0.05,10,0.2,50,1.0,0.75,0,,,,,,,,,,,,,,,0.09744463115930557,0.04903152957558632,0.009387402442998892,0.6815065968895113,9246,975691,13567,984937,0.24021522812707305,0.32881255988796343,0.3989828259747918,0.22643178300287461,0.33316134738704206,0.4062062357190241,0.2357190241026019,0.2357190241026019,0.33618338615758825,0.33618338615758825,0.4057639861428466,0.4057639861428466,13567,9965,8665,996500,100.0,100.0,0.5901593565940857,0.6446911692619324,0.41939282417297363,0.7941570281982422,0.860543966293335,0.6815065741539001,0.3330139219760895,-2.273561117149825e-08,1.0000000333608097,9965,1300,98.83963873557451,113.66707245702855,0.5813597490778193,0.008909451076760888,2.720702288942257,1.3162106866826773,3.279297711057743,iou,0.25,0.25,2.0,True,False,True,True,True,0.3,0.35,1.0,30,True,30,70,0.0,0.15,4.0,0.0,20,0.5,True,True
epoch,1784163459.8522797,152,530.6158643830568,5.100856238494807e-05,5.100856238494807e-05,1.4511933597935326e-05,2.474515332746026e-06,4.99771636983154e-05,0.8675296902656555,0.6752294898033142,0.6817477941513062,0.19229987263679504,0.022578736767172813,0.32790428400039673,0.031775448471307755,0.07713815569877625,0.02314133383333683,4.332336629886413e-06,5.419729859568179e-06,5206,0.5,True,0.2,0.2,0.05,0.25,256,30,True,0.05,10,0.2,50,1.0,0.75,0,,,,,,,,,,,,,,,0.09646874666213989,0.04839552193880081,0.009314638391379314,0.6761258937126852,9173,975621,13567,984794,0.23969927028819932,0.3246848971769735,0.3953711211026756,0.22591582516400088,0.32925480946414093,0.402004864745338,0.23417115058598068,0.23417115058598068,0.3323505564973834,0.3323505564973834,0.40355273826195914,0.40355273826195914,13567,9965,8665,996500,100.0,100.0,0.5879393219947815,0.644284725189209,0.41777801513671875,0.7931327819824219,0.8606176972389221,0.6761996150016785,0.3277806341648102,7.372128899330033e-05,0.999890977031992,9965,1300,98.82528850978424,121.57527088199276,0.5380060550523922,0.008384029031731188,2.7061698360748987,1.3118509508224696,3.2938301639251013,iou,0.25,0.25,2.0,True,False,True,True,True,0.3,0.35,1.0,30,True,30,70,0.0,0.15,4.0,0.0,20,0.5,True,True
epoch,1784163986.0054202,153,517.1138278290164,5.0511479668903126e-05,5.0511479668903126e-05,1.4069847555773954e-05,2.4170062361755493e-06,4.9469616082985304e-05,0.8589327335357666,0.6687734723091125,0.6789886951446533,0.19015896320343018,0.022450637072324753,0.3265782594680786,0.031327858567237854,0.07610513269901276,0.022832568734884262,4.503572199610062e-06,5.625657649943605e-06,5206,0.5,True,0.2,0.2,0.05,0.25,256,30,True,0.05,10,0.2,50,1.0,0.75,0,,,,,,,,,,,,,,,0.09809719026088715,0.04936514049768448,0.009331356078534936,0.6771578093904327,9187,975343,13567,984530,0.23851993808505934,0.32453748065158106,0.39286504017100315,0.23041202918847203,0.3280017689983047,0.4037738630500479,0.23535048278912066,0.23535048278912066,0.3318345986585096,0.3318345986585096,0.40465836220240287,0.40465836220240287,13567,9965,8665,996500,100.0,100.0,0.5881716012954712,0.6430633068084717,0.4190548062324524,0.7928195595741272,0.8595857620239258,0.6771578192710876,0.32925480604171753,9.880654960880975e-09,0.9999999854086379,9965,1300,98.79879578524837,112.73777577700093,0.5562019589124247,0.00853281794115901,2.6920891975652186,1.3076267592695654,3.3079108024347814,iou,0.25,0.25,2.0,True,False,True,True,True,0.3,0.35,1.0,30,True,30,70,0.0,0.15,4.0,0.0,20,0.5,True,True
epoch,1784164524.0706797,154,518.8552054510219,5.0014615016521074e-05,5.0014615016521074e-05,1.3633676486038e-05,2.3600201945553915e-06,4.896229112213205e-05,0.8555112481117249,0.6681044697761536,0.6740456223487854,0.18740755319595337,0.02257390134036541,0.3264840841293335,0.03125225007534027,0.07705846428871155,0.023118173703551292,3.437487976043485e-06,4.2963670239259955e-06,5206,0.5,True,0.2,0.2,0.05,0.25,256,30,True,0.05,10,0.2,50,1.0,0.75,0,,,,,,,,,,,,,,,0.09917204827070236,0.04932926222681999,0.009325717212385919,0.6764207267634702,9177,974876,13567,984053,0.24065747770325052,0.32343185671113733,0.39190683275595195,0.22893786393454707,0.3267487285324685,0.4024471143215154,0.23608756541608314,0.23608756541608314,0.32940222598953345,0.32940222598953345,0.4024471143215154,0.4024471143215154,13567,9965,8665,996500,100.0,100.0,0.5867032408714294,0.6423776149749756,0.4176587760448456,0.7903076410293579,0.8617233037948608,0.6765681505203247,0.32380038499832153,0.00014742375685450337,0.9997821006549877,9965,1300,98.75092824887105,112.15081178303808,0.6624749740585685,0.013332421076484025,2.678466468116035,1.3035399404348107,3.321533531883965,iou,0.25,0.25,2.0,True,False,True,True,True,0.3,0.35,1.0,30,True,30,70,0.0,0.15,4.0,0.0,20,0.5,True,True
epoch,1784165095.9257846,155,549.4648014430422,4.951802291461018e-05,4.951802291461018e-05,1.3203518002233666e-05,2.3035683174272777e-06,4.845524444965461e-05,0.8473204374313354,0.6618273854255676,0.6721151471138,0.18549363315105438,0.02235271781682968,0.32690730690956116,0.030505890026688576,0.07256186008453369,0.021769346669316292,2.6512184376770165e-06,3.3134754175989656e-06,5206,0.5,True,0.2,0.2,0.05,0.25,256,30,True,0.05,10,0.2,50,1.0,0.75,0,1.217834234237671,0.04171120002865791,0.43390539288520813,0.10487015545368195,0.3845337927341461,0.11534552276134491,1.4361080502567347e-06,1.7908633935803664e-06,1300,0.5,True,True,1.0,0.75,0.09896433353424072,0.04908480495214462,0.009372125583023336,0.6789268076951426,9211,973597,13567,982808,0.23866735461045183,0.32483231370236604,0.3924964988575219,0.2277585317314071,0.32682243679516476,0.4019311564826417,0.23520306626372817,0.23520306626372817,0.3310238077688509,0.3310238077688509,0.40185744821994546,0.40185744821994546,13567,9965,8665,996500,100.0,100.0,0.5881910920143127,0.6441105604171753,0.41747015714645386,0.7916505932807922,0.8637871146202087,0.6789268255233765,0.32925480604171753,1.782823388918331e-08,0.9999999737405664,9965,1300,98.62599096838936,141.69147113896906,0.5665642420062795,0.009386286023072898,2.6653075442275362,1.299592263268261,3.3346924557724638,iou,0.25,0.25,2.0,True,False,True,True,True,0.3,0.35,1.0,30,True,30,70,0.0,0.15,4.0,0.0,20,0.5,True,True
epoch,1784165638.0560627,156,531.4146828680532,4.902175782009055e-05,4.902175782009055e-05,1.2779468372272249e-05,2.2476616101965082e-06,4.794853166893457e-05,0.8410324454307556,0.6581555604934692,0.6676399111747742,0.1828768253326416,0.022121915593743324,0.32236066460609436,0.031019937247037888,0.07506775110960007,0.022519754245877266,3.3918927329068538e-06,4.240258022036869e-06,5206,0.5,True,0.2,0.2,0.05,0.25,256,30,True,0.05,10,0.2,50,1.0,0.75,0,,,,,,,,,,,,,,,0.09941262006759644,0.049317337572574615,0.009363356816295984,0.6787056829070539,9208,974200,13567,983408,0.24021522812707305,0.3240215228127073,0.3924964988575219,0.22871673914645832,0.33036043340458465,0.4019311564826417,0.2360138571533869,0.2360138571533869,0.3322768482346871,0.3322768482346871,0.40185744821994546,0.40185744821994546,13567,9965,8665,996500,100.0,100.0,0.5883427858352661,0.6456254124641418,0.4177618622779846,0.791572630405426,0.860543966293335,0.6787056922912598,0.3285914361476898,9.38420585683275e-09,0.9999999861733798,9965,1300,98.6862017059709,122.91282819397748,0.566321891034022,0.008327954914420843,2.6526181216450166,1.295785436493505,3.3473818783549834,iou,0.25,0.25,2.0,True,False,True,True,True,0.3,0.35,1.0,30,True,30,70,0.0,0.15,4.0,0.0,20,0.5,True,True
epoch,1784166175.192989,157,518.9494210929843,4.852587415402217e-05,4.852587415402217e-05,1.2361622496925628e-05,2.1923109719864294e-06,4.744220834673843e-05,0.8373882174491882,0.6556960940361023,0.6684144735336304,0.18169215321540833,0.021949205547571182,0.321456640958786,0.03118889406323433,0.07516799867153168,0.022552242502570152,4.820905814995058e-06,6.025127277098363e-06,5206,0.5,True,0.2,0.2,0.05,0.25,256,30,True,0.05,10,0.2,50,1.0,0.75,0,,,,,,,,,,,,,,,0.1010587215423584,0.05011845380067825,0.00933013114017658,0.676641851551559,9180,974729,13567,983909,0.23837252155966684,0.32321073192304856,0.3922753740694332,0.22672661605365962,0.3278543524729122,0.4014889069064642,0.23527677452642443,0.23527677452642443,0.3307289747180659,0.3307289747180659,0.4022259895334267,0.4022259895334267,13567,9965,8665,996500,100.0,100.0,0.5880487561225891,0.6426531672477722,0.41794082522392273,0.7926685810089111,0.8607650995254517,0.6766418218612671,0.3284440040588379,-2.9690291891704135e-08,1.0000000438788896,9965,1300,98.73647767185147,111.37986937398091,0.5694918310036883,0.00868467497639358,2.6404036928935155,1.2921211078680546,3.3595963071064845,iou,0.25,0.25,2.0,True,False,True,True,True,0.3,0.35,1.0,30,True,30,70,0.0,0.15,4.0,0.0,20,0.5,True,True
epoch,1784166706.2912626,158,516.3747021140298,4.8030426295637116e-05,4.8030426295637116e-05,1.1950073888587908e-05,2.1375271935136316e-06,4.693633000712421e-05,0.8308283686637878,0.6518129706382751,0.663715124130249,0.17901486158370972,0.02196606621146202,0.32150793075561523,0.03073384054005146,0.07454032450914383,0.022361639887094498,3.4081872399838176e-06,4.2612441575329285e-06,5206,0.5,True,0.2,0.2,0.05,0.25,256,30,True,0.05,10,0.2,50,1.0,0.75,0,,,,,,,,,,,,,,,0.10141843557357788,0.05021321028470993,0.009361933085199588,0.6789268076951426,9211,974667,13567,983878,0.23778285545809685,0.32129431709294615,0.3908749170782045,0.22783223999410335,0.32711726984594974,0.39927765902557677,0.23424485884867693,0.23424485884867693,0.3310238077688509,0.3310238077688509,0.3985405763986143,0.3985405763986143,13567,9965,8665,996500,100.0,100.0,0.5884433388710022,0.6432695388793945,0.4199296236038208,0.7908623218536377,0.8629763126373291,0.6790004968643188,0.32674872875213623,7.3689169176272e-05,0.9998914740570639,9965,1300,98.73336678374311,109.66524669807404,0.5485816199798137,0.008469804073683918,2.62866954490042,1.288600863470126,3.37133045509958,iou,0.25,0.25,2.0,True,False,True,True,True,0.3,0.35,1.0,30,True,30,70,0.0,0.15,4.0,0.0,20,0.5,True,True
epoch,1784167254.5615966,159,529.885449739988,4.7535468576376286e-05,4.7535468576376286e-05,1.1544914650347564e-05,2.083320954984278e-06,4.6430952125352635e-05,0.8256763219833374,0.6495809555053711,0.6580812931060791,0.17609502375125885,0.021892979741096497,0.3201369047164917,0.030797479674220085,0.07457157969474792,0.022371390834450722,3.2498785458301427e-06,4.0613067540107295e-06,5206,0.5,True,0.2,0.2,0.05,0.25,256,30,True,0.05,10,0.2,50,1.0,0.75,0,,,,,,,,,,,,,,,0.10255174338817596,0.050992559641599655,0.009366952658750016,0.6788530994324464,9210,974034,13567,983244,0.23734060588191935,0.3197464435763249,0.3878528783076583,0.2273162821552296,0.3295496425149259,0.3985405763986143,0.23299181838284072,0.23299181838284072,0.33036043340458465,0.33036043340458465,0.3952974128399794,0.3952974128399794,13567,9965,8665,996500,100.0,100.0,0.5891626477241516,0.6434061527252197,0.42202192544937134,0.7927136421203613,0.8644505143165588,0.6788530945777893,0.3274857997894287,-4.854657120745287e-09,1.0000000071512631,9965,1300,98.66974410436528,110.44854379608296,0.5681487449910492,0.009633345063775778,2.6174207567070553,1.2852262270121164,3.3825792432929447,iou,0.25,0.25,2.0,True,False,True,True,True,0.3,0.35,1.0,30,True,30,70,0.0,0.15,4.0,0.0,20,0.5,True,True
epoch,1784167803.160417,160,532.916771025979,4.704105527393123e-05,4.704105527393123e-05,1.114623545537524e-05,2.029702824011973e-06,4.592613012180347e-05,0.8206384778022766,0.6468452215194702,0.6547332406044006,0.1737934947013855,0.021820610389113426,0.31900840997695923,0.030657388269901276,0.07590675354003906,0.022771814838051796,2.8339886739559006e-06,3.5412808756518643e-06,5206,0.5,True,0.2,0.2,0.05,0.25,256,30,True,0.05,10,0.2,50,1.0,0.75,0,1.2288588285446167,0.04227907583117485,0.43662306666374207,0.10758817940950394,0.3907201886177063,0.11719617247581482,2.261162535432959e-06,2.8307338197919307e-06,1300,0.5,True,True,1.0,0.75,0.10332615673542023,0.05120254307985306,0.009306916802974961,0.6747991449841527,9155,974522,13567,983677,0.23822510503427435,0.3198938601017174,0.388368836146532,0.22643178300287461,0.3308763912434584,0.39905653423748805,0.23461340016215818,0.23461340016215818,0.3313923490823321,0.3313923490823321,0.39728753593277805,0.39728753593277805,13567,9965,8665,996500,100.0,100.0,0.5865795612335205,0.6399918794631958,0.418201208114624,0.7914751172065735,0.8612073659896851,0.674872875213623,0.3280017673969269,7.37302294703257e-05,0.9998907494549296,9965,1300,98.71319618665329,126.36145181988832,0.5556467629503459,0.008836241089738905,2.606662197270256,1.281998659181077,3.393337802729744,iou,0.25,0.25,2.0,True,False,True,True,True,0.3,0.35,1.0,30,True,30,70,0.0,0.15,4.0,0.0,20,0.5,True,True
epoch,1784168334.6552854,161,513.4384163219947,4.654724060629209e-05,4.654724060629209e-05,1.0754125526631298e-05,1.9766832535575876e-06,4.5421919355898245e-05,0.8153154253959656,0.6435785889625549,0.6523062586784363,0.17173725366592407,0.02177005633711815,0.3190236985683441,0.030233731493353844,0.07293511182069778,0.021880364045500755,4.209432518109679e-06,5.26390476807137e-06,5206,0.5,True,0.2,0.2,0.05,0.25,256,30,True,0.05,10,0.2,50,1.0,0.75,0,,,,,,,,,,,,,,,0.1026301234960556,0.051283709704875946,0.009345509336359033,0.6775263507039139,9192,974382,13567,983574,0.23969927028819932,0.3214417336183386,0.3938232475860544,0.22842190609567334,0.3308763912434584,0.4026682391096042,0.23476081668755067,0.23476081668755067,0.33131864081963586,0.33131864081963586,0.4019311564826417,0.4019311564826417,13567,9965,8665,996500,100.0,100.0,0.5887199640274048,0.6441437005996704,0.4211145341396332,0.7941024303436279,0.8638608455657959,0.6775263547897339,0.3307289779186249,4.085820015653496e-09,0.9999999939695039,9965,1300,98.70286001003512,109.09346495207865,0.5494958369527012,0.008297855965793133,2.5963985233548788,1.2789195570064635,3.4036014766451212,iou,0.25,0.25,2.0,True,False,True,True,True,0.3,0.35,1.0,30,True,30,70,0.0,0.15,4.0,0.0,20,0.5,True,True
epoch,1784168855.2785485,162,513.8686574589228,4.605407872580199e-05,4.605407872580199e-05,1.036867261689818e-05,1.9242725798914354e-06,4.49183751200294e-05,0.8112378120422363,0.6415278315544128,0.6499934196472168,0.16970980167388916,0.0214912798255682,0.31638675928115845,0.030737077817320824,0.07312701642513275,0.021938547492027283,3.4884369597421028e-06,4.361078481451841e-06,5206,0.5,True,0.2,0.2,0.05,0.25,256,30,True,0.05,10,0.2,50,1.0,0.75,0,,,,,,,,,,,,,,,0.10054771602153778,0.05006634071469307,0.009336729247052722,0.6768629763396476,9183,974352,13567,983535,0.23874106287314809,0.3189356526866662,0.3890322105107983,0.22797965651949584,0.32918110120144467,0.39935136728827303,0.23564531583990567,0.23564531583990567,0.32866514336257097,0.32866514336257097,0.39677157809390434,0.39677157809390434,13567,9965,8665,996500,100.0,100.0,0.5880954265594482,0.6438355445861816,0.42140984535217285,0.7920953035354614,0.8625341057777405,0.6770104169845581,0.3263064920902252,0.00014744064491045705,0.9997822180557174,9965,1300,98.69894631209232,109.21765711798798,0.5545162410708144,0.008355596917681396,2.586634177518148,1.2759902532554444,3.413365822481852,iou,0.25,0.25,2.0,True,False,True,True,True,0.3,0.35,1.0,30,True,30,70,0.0,0.15,4.0,0.0,20,0.5,True,True
epoch,1784169378.0922813,163,513.5643493500538,4.5561623713218544e-05,4.5561623713218544e-05,9.989962989141515e-06,1.872481020578192e-06,4.441555263349683e-05,0.8044665455818176,0.6372541189193726,0.6458667516708374,0.16721157729625702,0.02145860716700554,0.31628721952438354,0.030136018991470337,0.07202556729316711,0.02160799317061901,3.7239367429720005e-06,4.654004897020059e-06,5206,0.5,True,0.2,0.2,0.05,0.25,256,30,True,0.05,10,0.2,50,1.0,0.75,0,,,,,,,,,,,,,,,0.09968635439872742,0.04979861155152321,0.00931294526852139,0.6749465615095452,9157,974098,13567,983255,0.23564531583990567,0.3198938601017174,0.39006412618854575,0.22628436647748212,0.32778064421021597,0.39677157809390434,0.23365519274710694,0.23365519274710694,0.32873885162526717,0.32873885162526717,0.3958133706788531,0.3958133706788531,13567,9965,8665,996500,100.0,100.0,0.5888898372650146,0.6441311240196228,0.4164518713951111,0.7937846183776855,0.8637871146202087,0.6749465465545654,0.3316134810447693,-1.4954979810077873e-08,1.0000000221572802,9965,1300,98.67084796788761,109.12316258391365,0.5665917329024523,0.008443259983323514,2.5773733861867325,1.2732120158560196,3.4226266138132675,iou,0.25,0.25,2.0,True,False,True,True,True,0.3,0.35,1.0,30,True,30,70,0.0,0.15,4.0,0.0,20,0.5,True,True
epoch,1784169899.2238734,164,513.7357355440035,4.506992957178332e-05,4.506992957178332e-05,9.618081397204882e-06,1.821318672484966e-06,4.391350703645245e-05,0.8026157021522522,0.637155294418335,0.6446218490600586,0.16546058654785156,0.021557606756687164,0.31502634286880493,0.03038705885410309,0.07530625909566879,0.0225920882076025,3.829040906566661e-06,4.784784323419444e-06,5206,0.5,True,0.2,0.2,0.05,0.25,256,30,True,0.05,10,0.2,50,1.0,0.75,0,,,,,,,,,,,,,,,0.0997338742017746,0.04993199557065964,0.009345756355063446,0.6770103928650402,9185,973614,13567,982799,0.23476081668755067,0.31908306921205865,0.3871895039433921,0.2257684086386084,0.3280017689983047,0.3964030367804231,0.23166506965430825,0.23166506965430825,0.3278543524729122,0.3278543524729122,0.3973612441954743,0.3973612441954743,13567,9965,8665,996500,100.0,100.0,0.5887562036514282,0.6423719525337219,0.4208742678165436,0.7933077216148376,0.8631974458694458,0.6770840883255005,0.3305078446865082,7.369546046032127e-05,0.9998911575951481,9965,1300,98.62508780732564,108.96578927000519,0.5390189690515399,0.008040150976739824,2.5686201578273655,1.2705860473482096,3.4313798421726345,iou,0.25,0.25,2.0,True,False,True,True,True,0.3,0.35,1.0,30,True,30,70,0.0,0.15,4.0,0.0,20,0.5,True,True
epoch,1784170440.5790536,165,532.0200651619816,4.4579050221299824e-05,4.4579050221299824e-05,9.253111066842085e-06,1.7707955098128896e-06,4.341229338385351e-05,0.7957308888435364,0.6327312588691711,0.6406063437461853,0.1629999727010727,0.021247610449790955,0.31250888109207153,0.030401984229683876,0.07502931356430054,0.02251134254038334,3.690488028951222e-06,4.61143781649298e-06,5206,0.5,True,0.2,0.2,0.05,0.25,256,30,True,0.05,10,0.2,50,1.0,0.75,0,1.25250244140625,0.04228958860039711,0.43592578172683716,0.11402710527181625,0.4061424732208252,0.12184352427721024,1.2883754152426263e-06,1.613037511560833e-06,1300,0.5,True,True,1.0,0.75,0.0997738465666771,0.049843158572912216,0.009309870722247721,0.674283187145279,9148,973465,13567,982613,0.23645610672956438,0.3176089039581337,0.3846834230117196,0.22525245079973466,0.32593793764280976,0.3927176236456107,0.23225473575587824,0.23225473575587824,0.3265276037443797,0.3265276037443797,0.3927913319083069,0.3927913319083069,13567,9965,8665,996500,100.0,100.0,0.5881730914115906,0.6432640552520752,0.4186590909957886,0.7924450039863586,0.8640819787979126,0.6743568778038025,0.3284440040588379,7.369065852347312e-05,0.9998907245392625,9965,1300,98.60642247867537,127.4945860899752,0.5491209039464593,0.009020694997161627,2.5603782812118085,1.2681134843635427,3.4396217187881915,iou,0.25,0.25,2.0,True,False,True,True,True,0.3,0.35,1.0,30,True,30,70,0.0,0.15,4.0,0.0,20,0.5,True,True
epoch,1784170969.7253962,166,522.2807760279393,4.408903949222058e-05,4.408903949222058e-05,8.895133677091737e-06,1.7209213821526342e-06,4.2911966639425225e-05,0.7861442565917969,0.6256643533706665,0.6363266110420227,0.16048043966293335,0.021028075367212296,0.3114355802536011,0.02966766059398651,0.07199417054653168,0.02160031907260418,3.178678753101849e-06,3.975249455834273e-06,5206,0.5,True,0.2,0.2,0.05,0.25,256,30,True,0.05,10,0.2,50,1.0,0.75,0,,,,,,,,,,,,,,,0.09971509128808975,0.049781009554862976,0.00938865273800902,0.6793690572713201,9217,972500,13567,981717,0.2367509397803494,0.3184934031104887,0.38777917004496204,0.22650549126557087,0.32866514336257097,0.39817203508513305,0.23439227537406943,0.23439227537406943,0.32940222598953345,0.32940222598953345,0.3978034937716518,0.3978034937716518,13567,9965,8665,996500,100.0,100.0,0.5898352861404419,0.6457181572914124,0.42280837893486023,0.7923162579536438,0.8649664521217346,0.6793690323829651,0.3308763802051544,-2.4888355043550803e-08,1.000000036634515,9965,1300,98.51650777722027,116.93349517299794,0.5479061970254406,0.008072233060374856,2.5526513237769093,1.2657953971330729,3.4473486762230907,iou,0.25,0.25,2.0,True,False,True,True,True,0.3,0.35,1.0,30,True,30,70,0.0,0.15,4.0,0.0,20,0.5,True,True
epoch,1784171506.492322,167,526.1912084460491,4.3599951119743905e-05,4.3599951119743905e-05,8.544229341997546e-06,1.6717060125642068e-06,4.2412581669633256e-05,0.7831355333328247,0.6247597932815552,0.6336666941642761,0.15837541222572327,0.020895404741168022,0.31110575795173645,0.0297505185008049,0.06966511905193329,0.020899754017591476,2.9009888748987578e-06,3.6249264212528942e-06,5206,0.5,True,0.2,0.2,0.05,0.25,256,30,True,0.05,10,0.2,50,1.0,0.75,0,,,,,,,,,,,,,,,0.09907054901123047,0.04949028417468071,0.009369927170343136,0.6777474754920026,9195,972136,13567,981331,0.23667723151765313,0.31650328001768996,0.3852730891132896,0.22709515736714087,0.3272646863713422,0.39544482936537184,0.23306552664553695,0.23306552664553695,0.32873885162526717,0.32873885162526717,0.39699270288199306,0.39699270288199306,13567,9965,8665,996500,100.0,100.0,0.5886924862861633,0.644352376461029,0.4210538864135742,0.7929176092147827,0.8642293810844421,0.6777474880218506,0.3277069330215454,1.2529847936981753e-08,0.9999999815125129,9965,1300,98.47777220270949,112.91121256398037,0.5518029700033367,0.008164889994077384,2.5454426300804607,1.2636327890241381,3.4545573699195393,iou,0.25,0.25,2.0,True,False,True,True,True,0.3,0.35,1.0,30,True,30,70,0.0,0.15,4.0,0.0,20,0.5,True,True
epoch,1784172042.5506568,168,529.0330561120063,4.311183873792138e-05,4.311183873792138e-05,8.200476592679258e-06,1.6231589956814223e-06,4.19141932376671e-05,0.778230607509613,0.6216521859169006,0.6322416663169861,0.15657901763916016,0.020909912884235382,0.31116989254951477,0.029206624254584312,0.07024984061717987,0.021074974909424782,2.813784249156015e-06,3.5177481549908407e-06,5206,0.5,True,0.2,0.2,0.05,0.25,256,30,True,0.05,10,0.2,50,1.0,0.75,0,,,,,,,,,,,,,,,0.09920379519462585,0.050001829862594604,0.009329475764552474,0.6750202697722415,9158,972462,13567,981620,0.2363086902041719,0.31473428171298,0.38424117343554215,0.22665290779096336,0.3255693963293285,0.39404437237414314,0.23291811012014446,0.23291811012014446,0.32579052111741724,0.32579052111741724,0.39603449546694186,0.39603449546694186,13567,9965,8665,996500,100.0,100.0,0.5894283056259155,0.6455881595611572,0.4191432595252991,0.7944108247756958,0.8656298518180847,0.6751676797866821,0.33058154582977295,0.00014741001444062984,0.9997816690299998,9965,1300,98.50677370797793,110.57707102107815,0.5406994189834222,0.008263097959570587,2.5387553203535362,1.2616265961060609,3.4612446796464638,iou,0.25,0.25,2.0,True,False,True,True,True,0.3,0.35,1.0,30,True,30,70,0.0,0.15,4.0,0.0,20,0.5,True,True
epoch,1784172590.04523,169,538.3899804370012,4.262475587377622e-05,4.262475587377622e-05,7.863952359757573e-06,1.5752897958414115e-06,4.141685599743467e-05,0.7754073739051819,0.6208179593086243,0.6300408840179443,0.15458974242210388,0.020929280668497086,0.31079307198524475,0.029310813173651695,0.0705697312951088,0.021169835701584816,3.237622422602726e-06,4.045924470119644e-06,5206,0.5,True,0.2,0.2,0.05,0.25,256,30,True,0.05,10,0.2,50,1.0,0.75,0,,,,,,,,,,,,,,,0.1001136302947998,0.05015351250767708,0.009355771973432216,0.6769366846023439,9184,972456,13567,981640,0.23579273236529816,0.31488169823837253,0.38519938085059335,0.2265791995282671,0.3281491855236972,0.3946340384757131,0.23277069359475197,0.23277069359475197,0.3270435615832535,0.3270435615832535,0.3944129136876244,0.3944129136876244,13567,9965,8665,996500,100.0,100.0,0.5890387892723083,0.6453227996826172,0.4173961281776428,0.7931789755821228,0.8651875853538513,0.6771578192710876,0.33242425322532654,0.00022113466874373877,0.9996734370298171,9965,1300,98.50878073256398,110.38294127897825,0.524892166024074,0.008601648965850472,2.532592289149918,1.2597776867449753,3.467407710850082,iou,0.25,0.25,2.0,True,False,True,True,True,0.3,0.35,1.0,30,True,30,70,0.0,0.15,4.0,0.0,20,0.5,True,True
epoch,1784173131.8750124,170,532.8815341540612,4.213875594143338e-05,4.213875594143338e-05,7.534731956137451e-06,1.5281077452395336e-06,4.092062448756882e-05,0.7698854804039001,0.6171559691429138,0.6283637285232544,0.15272940695285797,0.020686617121100426,0.3089766204357147,0.0291289035230875,0.07042006403207779,0.021128933876752853,3.83967972084065e-06,4.801646809937665e-06,5206,0.5,True,0.2,0.2,0.05,0.25,256,30,True,0.05,10,0.2,50,1.0,0.75,0,1.2808079719543457,0.042185742408037186,0.43447431921958923,0.12132444977760315,0.4250219464302063,0.1275220364332199,2.091210944854538e-06,2.6144282401219243e-06,1300,0.5,True,True,1.0,0.75,0.10075372457504272,0.05041876435279846,0.009403729863907613,0.6793690572713201,9217,970926,13567,980143,0.23579273236529816,0.3173140709073487,0.3841674651728459,0.22613694995208963,0.33006560035379967,0.39404437237414314,0.2331392349082332,0.2331392349082332,0.3295496425149259,0.3295496425149259,0.3938232475860544,0.3938232475860544,13567,9965,8665,996500,100.0,100.0,0.5895074009895325,0.6445459127426147,0.4187506437301636,0.7946592569351196,0.8644505143165588,0.6795164942741394,0.3336772918701172,0.00014743700281927286,0.9997830266019123,9965,1300,98.35855494229804,126.69694808404893,0.6338564340258017,0.010598051943816245,2.52695620409321,1.258086861227963,3.47304379590679,iou,0.25,0.25,2.0,True,False,True,True,True,0.3,0.35,1.0,30,True,30,70,0.0,0.15,4.0,0.0,20,0.5,True,True
epoch,1784173673.1707659,171,533.9934469020227,4.1653892236262164e-05,4.1653892236262164e-05,7.212889060153254e-06,1.4816220421100377e-06,4.042555312544663e-05,0.7659698724746704,0.6153659820556641,0.6255879998207092,0.15060411393642426,0.020604176446795464,0.3091135621070862,0.028881877660751343,0.0687992200255394,0.020639844238758087,3.6279013784223935e-06,4.535118932835758e-06,5206,0.5,True,0.2,0.2,0.05,0.25,256,30,True,0.05,10,0.2,50,1.0,0.75,0,,,,,,,,,,,,,,,0.10163159668445587,0.05057557672262192,0.009352239813995815,0.6756836441365077,9167,971026,13567,980193,0.23424485884867693,0.31768261222082994,0.38379892385936465,0.2256209921132159,0.32918110120144467,0.3941180806368394,0.23114911181543452,0.23114911181543452,0.32763322768482345,0.32763322768482345,0.39286504017100315,0.39286504017100315,13567,9965,8665,996500,100.0,100.0,0.5883777141571045,0.6442257165908813,0.42039936780929565,0.7924582958221436,0.8651875853538513,0.6758310794830322,0.33102381229400635,0.00014743534652450485,0.9997818458620795,9965,1300,98.36357250376317,126.9320724119898,0.6656928251031786,0.009449289063923061,2.5218495047221787,1.2565548514166536,3.4781504952778213,iou,0.25,0.25,2.0,True,False,True,True,True,0.3,0.35,1.0,30,True,30,70,0.0,0.15,4.0,0.0,20,0.5,True,True
epoch,1784174195.5868294,172,515.2682101479732,4.117021792903178e-05,4.117021792903178e-05,6.898495699079847e-06,1.4358417489328587e-06,3.993169620122193e-05,0.7582263946533203,0.6098006963729858,0.6225667595863342,0.14842519164085388,0.020360078662633896,0.3073185086250305,0.028416546061635017,0.0674554631114006,0.020236708223819733,4.582153451337945e-06,5.728439646190964e-06,5206,0.5,True,0.2,0.2,0.05,0.25,256,30,True,0.05,10,0.2,50,1.0,0.75,0,,,,,,,,,,,,,,,0.10120916366577148,0.04996244236826897,0.009327204328949543,0.6736198127810128,9139,970683,13567,979822,0.23439227537406943,0.31878823616127366,0.3862312965283408,0.22591582516400088,0.32763322768482345,0.3943392054249281,0.231886194442397,0.231886194442397,0.32711726984594974,0.32711726984594974,0.3947814550011056,0.3947814550011056,13567,9965,8665,996500,100.0,100.0,0.5872949957847595,0.6436992287635803,0.41678428649902344,0.7913355231285095,0.8655561208724976,0.6737672090530396,0.32785436511039734,0.00014739627202675631,0.9997812356106883,9965,1300,98.32634219769191,109.70827199798077,0.5419230150291696,0.008301913971081376,2.517274401434814,1.2551823204304442,3.482725598565186,iou,0.25,0.25,2.0,True,False,True,True,True,0.3,0.35,1.0,30,True,30,70,0.0,0.15,4.0,0.0,20,0.5,True,True
epoch,1784174717.960407,173,514.9130800309358,4.06877860600805e-05,4.06877860600805e-05,6.5916222330131665e-06,1.3907757906668554e-06,3.943910787187167e-05,0.7567190527915955,0.6101405620574951,0.6209248900413513,0.14657846093177795,0.020544005557894707,0.3074294328689575,0.028393173590302467,0.0673074871301651,0.020191267132759094,4.215880835545249e-06,5.26904477737844e-06,5206,0.5,True,0.2,0.2,0.05,0.25,256,30,True,0.05,10,0.2,50,1.0,0.75,0,,,,,,,,,,,,,,,0.10177969932556152,0.0505213737487793,0.009372030089310415,0.6767155598142551,9181,970436,13567,979617,0.23395002579789195,0.3186408196358812,0.38564163042677085,0.22525245079973466,0.32638018721898726,0.3925702071202182,0.23195990270509323,0.23195990270509323,0.327485811159431,0.327485811159431,0.3922753740694332,0.3922753740694332,13567,9965,8665,996500,100.0,100.0,0.5880212187767029,0.6434061527252197,0.4201752543449402,0.7923514246940613,0.8650401830673218,0.6767155528068542,0.32733839750289917,-7.0074008817755384e-09,1.0000000103550168,9965,1300,98.3057701956849,108.98414349195082,0.5242472130339593,0.008637182996608317,2.5132328745315746,1.2539698623594724,3.4867671254684254,iou,0.25,0.25,2.0,True,False,True,True,True,0.3,0.35,1.0,30,True,30,70,0.0,0.15,4.0,0.0,20,0.5,True,True
epoch,1784175242.48127,174,514.730242474936,4.020664953349929e-05,4.020664953349929e-05,6.292337339123852e-06,1.3464329530098865e-06,3.894784215525717e-05,0.7536778450012207,0.6090076565742493,0.6190186142921448,0.1446705162525177,0.020462390035390854,0.30661219358444214,0.028491800650954247,0.06800991296768188,0.02040312997996807,3.2710545383451972e-06,4.089401954843197e-06,5206,0.5,True,0.2,0.2,0.05,0.25,256,30,True,0.05,10,0.2,50,1.0,0.75,0,,,,,,,,,,,,,,,0.1012461856007576,0.05038665607571602,0.009356298887044512,0.6755362276111152,9165,970389,13567,979554,0.23417115058598068,0.3161347387042087,0.3857890469521633,0.22495761774894965,0.32439006412618854,0.3906537922901157,0.2308542787646495,0.2308542787646495,0.32269477408417485,0.32269477408417485,0.3916857079678632,0.3916857079678632,13567,9965,8665,996500,100.0,100.0,0.5882743000984192,0.6438194513320923,0.4204021692276001,0.7931100130081177,0.8656298518180847,0.6755362153053284,0.329549640417099,-1.2305786833977095e-08,1.0000000182163244,9965,1300,98.29944806823883,108.99904050701298,0.5330931469798088,0.008169215987436473,2.509726673358231,1.2529180020074695,3.490273326641769,iou,0.25,0.25,2.0,True,False,True,True,True,0.3,0.35,1.0,30,True,30,70,0.0,0.15,4.0,0.0,20,0.5,True,True
epoch,1784175782.6101217,175,533.0592920819763,3.972686111133021e-05,3.972686111133021e-05,6.000707996287611e-06,1.3028218806860164e-06,3.8457952924200324e-05,0.7502683997154236,0.6075230240821838,0.6170287728309631,0.14274553954601288,0.020368553698062897,0.30492064356803894,0.028556285426020622,0.06785785406827927,0.020358286798000336,4.044866273034131e-06,5.056780082668411e-06,5206,0.5,True,0.2,0.2,0.05,0.25,256,30,True,0.05,10,0.2,50,1.0,0.75,0,1.3099379539489746,0.04258962348103523,0.43700799345970154,0.1269945502281189,0.44621849060058594,0.1338808834552765,1.969184950212366e-06,2.4591704459453467e-06,1300,0.5,True,True,1.0,0.75,0.101529560983181,0.05066008120775223,0.009347864475359017,0.6750202697722415,9158,970531,13567,979689,0.23549789931451315,0.3179774452716149,0.3860101717402521,0.2251787425370384,0.32387410628731483,0.38976929313776076,0.23225473575587824,0.23225473575587824,0.3255693963293285,0.3255693963293285,0.39028525097663447,0.39028525097663447,13567,9965,8665,996500,100.0,100.0,0.5881526470184326,0.6447466015815735,0.4201422333717346,0.7930600047111511,0.8648927807807922,0.6751676797866821,0.33235055208206177,0.00014741001444062984,0.9997816690299998,9965,1300,98.31299548419469,126.51285034709144,0.5437917640665546,0.009371715947054327,2.506757315548672,1.2520271946646018,3.493242684451328,iou,0.25,0.25,2.0,True,False,True,True,True,0.3,0.35,1.0,30,True,30,70,0.0,0.15,4.0,0.0,20,0.5,True,True
epoch,1784176306.8499904,176,514.3727931629401,3.924847340778046e-05,3.924847340778046e-05,5.716799470095496e-06,1.259951075760203e-06,3.7969493900575835e-05,0.7470430135726929,0.605959415435791,0.616174042224884,0.14108310639858246,0.02022355981171131,0.3044406473636627,0.028537912294268608,0.06662391871213913,0.019985774531960487,4.274427283235127e-06,5.341459200280951e-06,5206,0.5,True,0.2,0.2,0.05,0.25,256,30,True,0.05,10,0.2,50,1.0,0.75,0,,,,,,,,,,,,,,,0.10161345452070236,0.05086729675531387,0.009365999381721609,0.676641851551559,9180,970961,13567,980141,0.23468710842485443,0.3189356526866662,0.3860101717402521,0.2237782855458097,0.3223262327706936,0.3894007518242795,0.23100169529004203,0.23100169529004203,0.3235792732365298,0.3235792732365298,0.38984300140045697,0.38984300140045697,13567,9965,8665,996500,100.0,100.0,0.588323175907135,0.6455909013748169,0.4174497723579407,0.7948634028434753,0.8631237745285034,0.6767892837524414,0.33279281854629517,0.0001474322008824247,0.9997821593745324,9965,1300,98.35835423983944,109.42017836496234,0.5289917800109833,0.008394074975512922,2.504326086368009,1.2512978259104026,3.495673913631991,iou,0.25,0.25,2.0,True,False,True,True,True,0.3,0.35,1.0,30,True,30,70,0.0,0.15,4.0,0.0,20,0.5,True,True
epoch,1784176829.2318492,177,515.5035259239376,3.8771538883452684e-05,3.8771538883452684e-05,5.440675298247784e-06,1.2178288959808098e-06,3.7482518649420115e-05,0.7411452531814575,0.6023931503295898,0.6123742461204529,0.13875146210193634,0.020231928676366806,0.30434539914131165,0.027891868725419044,0.06590797007083893,0.019773488864302635,3.560254071999225e-06,4.4496305235952605e-06,5206,0.5,True,0.2,0.2,0.05,0.25,256,30,True,0.05,10,0.2,50,1.0,0.75,0,,,,,,,,,,,,,,,0.1014849841594696,0.050804100930690765,0.009342628343795662,0.674872853246849,9156,970868,13567,980024,0.23321294317092947,0.316798113068475,0.38350409080857967,0.22304120291884721,0.32136802535564235,0.389548168349672,0.2282007813075846,0.2282007813075846,0.3233581484484411,0.3233581484484411,0.3908012088155082,0.3908012088155082,13567,9965,8665,996500,100.0,100.0,0.5891789197921753,0.6446215510368347,0.4223187565803528,0.7941622138023376,0.8642293810844421,0.6750202775001526,0.3343406915664673,0.00014742425330360742,0.9997816002596995,9965,1300,98.34661314601104,109.30549206398427,0.5954542390536517,0.013251755037344992,2.5024340381562564,1.2507302114468768,3.4975659618437436,iou,0.25,0.25,2.0,True,False,True,True,True,0.3,0.35,1.0,30,True,30,70,0.0,0.15,4.0,0.0,20,0.5,True,True
epoch,1784177353.921134,178,515.1609091949649,3.829610983959201e-05,3.829610983959201e-05,5.172397276334385e-06,1.1764635531502466e-06,3.699708057305711e-05,0.73835688829422,0.6012139320373535,0.6117469668388367,0.1371431201696396,0.020117036998271942,0.3037875294685364,0.028000563383102417,0.0659552738070488,0.019785737618803978,3.466383532213513e-06,4.334388449933613e-06,5206,0.5,True,0.2,0.2,0.05,0.25,256,30,True,0.05,10,0.2,50,1.0,0.75,0,,,,,,,,,,,,,,,0.10227064788341522,0.05104868486523628,0.009381115734439123,0.6776737672293064,9194,970860,13567,980054,0.23277069359475197,0.3177563204835262,0.3841674651728459,0.22171445419031474,0.3241689393380998,0.39006412618854575,0.22598953342669714,0.22598953342669714,0.32593793764280976,0.32593793764280976,0.3920542492813444,0.3920542492813444,13567,9965,8665,996500,100.0,100.0,0.588592529296875,0.6448783874511719,0.42072415351867676,0.7930105924606323,0.8626077771186829,0.6776737570762634,0.3311712145805359,-1.0153042961924541e-08,1.0000000149821988,9965,1300,98.34962368289011,109.42740409192629,0.5850876519689336,0.0083437729626894,2.5010819898728363,1.2503245969618508,3.4989180101271637,iou,0.25,0.25,2.0,True,False,True,True,True,0.3,0.35,1.0,30,True,30,70,0.0,0.15,4.0,0.0,20,0.5,True,True
epoch,1784177875.9214659,179,514.7947222890798,3.782223841235074e-05,3.782223841235074e-05,4.912025444005311e-06,1.1358631115240586e-06,3.651323290524234e-05,0.7341398000717163,0.5988752245903015,0.6099122762680054,0.1352648138999939,0.020077725872397423,0.3033425807952881,0.027717070654034615,0.06659463047981262,0.01997929811477661,3.316807578812586e-06,4.146121682424564e-06,5206,0.5,True,0.2,0.2,0.05,0.25,256,30,True,0.05,10,0.2,50,1.0,0.75,0,,,,,,,,,,,,,,,0.1036045104265213,0.05145729333162308,0.009398423358617552,0.6789268076951426,9211,970847,13567,980058,0.23409744232328444,0.3198938601017174,0.3881477113584433,0.22429424338468343,0.3247586054396698,0.3932335814844844,0.22982236308690204,0.22982236308690204,0.32763322768482345,0.32763322768482345,0.3958133706788531,0.3958133706788531,13567,9965,8665,996500,100.0,100.0,0.5889478325843811,0.6443099975585938,0.42086076736450195,0.7931588292121887,0.8643767833709717,0.6790004968643188,0.3305078446865082,7.3689169176272e-05,0.9998914740570639,9965,1300,98.35002508780732,108.9945412670495,0.5338976079365239,0.008313121041283011,2.500270526742096,1.250081158022629,3.499729473257904,iou,0.25,0.25,2.0,True,False,True,True,True,0.3,0.35,1.0,30,True,30,70,0.0,0.15,4.0,0.0,20,0.5,True,True
epoch,1784178425.2226195,180,533.0726158500183,3.73499765670709e-05,3.73499765670709e-05,4.659618071533919e-06,1.0960354862387874e-06,3.603102870532503e-05,0.730049192905426,0.596590518951416,0.6083883047103882,0.1334584355354309,0.02000831812620163,0.302395761013031,0.027498343959450722,0.06550318002700806,0.019649377092719078,3.1523245525022503e-06,3.940417172998423e-06,5206,0.5,True,0.2,0.2,0.05,0.25,256,30,True,0.05,10,0.2,50,1.0,0.75,0,1.3252521753311157,0.0423525907099247,0.4375755786895752,0.1308235377073288,0.4553009569644928,0.13658323884010315,1.7644273384576081e-06,2.208009163950919e-06,1300,0.5,True,True,1.0,0.75,0.10354182869195938,0.051217012107372284,0.00935310099593583,0.6754625193484189,9164,970618,13567,979782,0.2338763175351957,0.3186408196358812,0.3866735461045183,0.2239257020712022,0.3247586054396698,0.3908749170782045,0.2298960713495983,0.2298960713495983,0.325421979803936,0.325421979803936,0.3920542492813444,0.3920542492813444,13567,9965,8665,996500,100.0,100.0,0.5873667001724243,0.6418008208274841,0.4200010299682617,0.7894982695579529,0.8639345765113831,0.6755362153053284,0.3263064920902252,7.369595690942532e-05,0.9998909074669281,9965,1300,98.32232814851982,125.92508622305468,0.5285161170177162,0.008866250049322844,2.5,1.25,3.5,iou,0.25,0.25,2.0,True,False,True,True,True,0.3,0.35,1.0,30,True,30,70,0.0,0.15,4.0,0.0,20,0.5,True,True
epoch,1784178947.56004,181,515.4491469890345,3.68793760925857e-05,3.68793760925857e-05,4.415231646776364e-06,1.0569884417688943e-06,3.5550520852429624e-05,0.7264986038208008,0.5949272513389587,0.6064820885658264,0.13157150149345398,0.0198007021099329,0.3008494973182678,0.027641110122203827,0.06551627814769745,0.01965448074042797,4.242656359565444e-06,5.302591944200685e-06,5206,0.5,True,0.2,0.2,0.05,0.25,256,30,True,0.05,10,0.2,50,1.0,0.75,0,,,,,,,,,,,,,,,0.10328853875398636,0.05123704671859741,0.00936744499189032,0.6768629763396476,9183,971127,13567,980310,0.23424485884867693,0.32018869315250237,0.3876317535195695,0.22554728385051964,0.32571681285472104,0.3920542492813444,0.23070686223925702,0.23070686223925702,0.3255693963293285,0.3255693963293285,0.3927176236456107,0.3927176236456107,13567,9965,8665,996500,100.0,100.0,0.588135302066803,0.6437758207321167,0.4183809459209442,0.7935926914215088,0.8642293810844421,0.676936686038971,0.3330139219760895,7.370969932329885e-05,0.9998911128605622,9965,1300,98.37531359759157,109.74812282901257,0.5381746680941433,0.008515725960023701,2.5,1.25,3.5,iou,0.25,0.25,2.0,True,False,True,True,True,0.3,0.35,1.0,30,True,30,70,0.0,0.15,4.0,0.0,20,0.5,True,True
epoch,1784179473.6997495,182,517.8033098879969,3.641048859554041e-05,3.641048859554041e-05,4.178920862529635e-06,1.0187295904130675e-06,3.507176203965705e-05,0.723471462726593,0.5933367609977722,0.6066546440124512,0.1301354318857193,0.019807806238532066,0.30121007561683655,0.027256807312369347,0.06427796930074692,0.01928323693573475,3.672983666547225e-06,4.590691332850838e-06,5206,0.5,True,0.2,0.2,0.05,0.25,256,30,True,0.05,10,0.2,50,1.0,0.75,0,,,,,,,,,,,,,,,0.10345210880041122,0.051139842718839645,0.00935338572970899,0.6756099358738115,9166,970800,13567,979966,0.23306552664553695,0.3170192378565637,0.38519938085059335,0.2247364929608609,0.3246848971769735,0.39234908233212945,0.23070686223925702,0.23070686223925702,0.32409523107540356,0.32409523107540356,0.39286504017100315,0.39286504017100315,13567,9965,8665,996500,100.0,100.0,0.587688684463501,0.6427927613258362,0.4162582755088806,0.7922971248626709,0.8649664521217346,0.6756836175918579,0.32711726427078247,7.368171804644774e-05,0.9998909523390414,9965,1300,98.34079277471149,109.52896048198454,0.6353148999623954,0.00918136304244399,2.5,1.25,3.5,iou,0.25,0.25,2.0,True,False,True,True,True,0.3,0.35,1.0,30,True,30,70,0.0,0.15,4.0,0.0,20,0.5,True,True
epoch,1784180007.5919292,183,526.4043873419287,3.594336549473291e-05,3.594336549473291e-05,3.950738604291729e-06,9.812663908101841e-07,3.459480476830625e-05,0.722162663936615,0.5938693284988403,0.6049361228942871,0.12829308211803436,0.019866444170475006,0.3006250858306885,0.02733910270035267,0.0650419294834137,0.019512487575411797,3.752569000425865e-06,4.690827154263388e-06,5206,0.5,True,0.2,0.2,0.05,0.25,256,30,True,0.05,10,0.2,50,1.0,0.75,0,,,,,,,,,,,,,,,0.10259069502353668,0.05106983706355095,0.009313173835368635,0.672809021891354,9128,970989,13567,980117,0.23284440185744823,0.31591361391612,0.38320925775779463,0.22481020122355716,0.32225252450799735,0.38888479398540576,0.2300434878749908,0.2300434878749908,0.3229158988722636,0.3229158988722636,0.3890322105107983,0.3890322105107983,13567,9965,8665,996500,100.0,100.0,0.5875343680381775,0.6435937881469727,0.4123920798301697,0.7952432632446289,0.8644505143165588,0.6728827357292175,0.3308763802051544,7.371383786347607e-05,0.9998904506922984,9965,1300,98.35594581033618,109.30338425305672,0.5492018850054592,0.008203691919334233,2.5,1.25,3.5,iou,0.25,0.25,2.0,True,False,True,True,True,0.3,0.35,1.0,30,True,30,70,0.0,0.15,4.0,0.0,20,0.5,True,True
epoch,1784180535.536567,184,520.7957526680548,3.5478058015475224e-05,3.5478058015475224e-05,3.7307359384258613e-06,9.446061464852384e-07,3.411970134211682e-05,0.7172908782958984,0.5908037424087524,0.6033690571784973,0.12648722529411316,0.019733132794499397,0.29860779643058777,0.02739809639751911,0.065035879611969,0.019510094076395035,4.501276180235436e-06,5.629895895253867e-06,5206,0.5,True,0.2,0.2,0.05,0.25,256,30,True,0.05,10,0.2,50,1.0,0.75,0,,,,,,,,,,,,,,,0.1032811626791954,0.05126379057765007,0.009375708308574439,0.6768629763396476,9183,970263,13567,979446,0.2351293580010319,0.31628215522960124,0.38365150733397213,0.22547357558782338,0.32387410628731483,0.39124345839168573,0.23092798702734577,0.23092798702734577,0.3246848971769735,0.3246848971769735,0.3908749170782045,0.3908749170782045,13567,9965,8665,996500,100.0,100.0,0.5876537561416626,0.6439721584320068,0.419840931892395,0.7919455766677856,0.8622392416000366,0.6768629550933838,0.32733839750289917,-2.1246263859353576e-08,1.000000031389314,9965,1300,98.28861013547416,110.60446751792915,0.5274145910516381,0.008626488037407398,2.5,1.25,3.5,iou,0.25,0.25,2.0,True,False,True,True,True,0.3,0.35,1.0,30,True,30,70,0.0,0.15,4.0,0.0,20,0.5,True,True
epoch,1784181090.6033847,185,546.8280412140302,3.501461718397602e-05,3.501461718397602e-05,3.5189621007321336e-06,9.087560044254966e-07,3.364650386153341e-05,0.7148982882499695,0.5904263854026794,0.6007682681083679,0.12447141855955124,0.01964697800576687,0.2978033721446991,0.027451740577816963,0.0646410882472992,0.019393550232052803,3.578763426048681e-06,4.474292836675886e-06,5206,0.5,True,0.2,0.2,0.05,0.25,256,30,True,0.05,10,0.2,50,1.0,0.75,0,1.3455919027328491,0.04294150322675705,0.43837085366249084,0.13452932238578796,0.4715452790260315,0.14147332310676575,1.2610460089490516e-06,1.5740180288048577e-06,1300,0.5,True,True,1.0,0.75,0.10235118120908737,0.05091983079910278,0.009377972441286781,0.6765681432888627,9179,969604,13567,978783,0.23476081668755067,0.3140709073487138,0.38306184123240217,0.22436795164737966,0.3228421906095673,0.389548168349672,0.23048573745116827,0.23048573745116827,0.3216628584064274,0.3216628584064274,0.3894007518242795,0.3894007518242795,13567,9965,8665,996500,100.0,100.0,0.5875768065452576,0.6428604125976562,0.4184548258781433,0.7933242321014404,0.8621655702590942,0.6766418218612671,0.32851773500442505,7.367857240436759e-05,0.9998911114122363,9965,1300,98.22207727044656,134.29719142406248,0.5324634229764342,0.008895347942598164,2.5,1.25,3.5,iou,0.25,0.25,2.0,True,False,True,True,True,0.3,0.35,1.0,30,True,30,70,0.0,0.15,4.0,0.0,20,0.5,True,True
epoch,1784181614.4932225,186,516.6865432769991,3.455309382174492e-05,3.455309382174492e-05,3.315464485428694e-06,8.737229536871872e-07,3.317526421799219e-05,0.7104834318161011,0.5877659320831299,0.5994002223014832,0.1227177157998085,0.019557533785700798,0.2967258393764496,0.027317771688103676,0.06483186781406403,0.01944846101105213,4.02177602154552e-06,5.02519515066524e-06,5206,0.5,True,0.2,0.2,0.05,0.25,256,30,True,0.05,10,0.2,50,1.0,0.75,0,,,,,,,,,,,,,,,0.10200119018554688,0.05055123567581177,0.009365037194473964,0.6755362276111152,9165,969475,13567,978640,0.2351293580010319,0.3142920321368025,0.3828407164443134,0.2265791995282671,0.32195769145721237,0.39050637576472325,0.23151765312891576,0.23151765312891576,0.32239994103338987,0.32239994103338987,0.38888479398540576,0.38888479398540576,13567,9965,8665,996500,100.0,100.0,0.5861492156982422,0.6413707733154297,0.4165879189968109,0.791100263595581,0.8612073659896851,0.6755362153053284,0.32638019323349,-1.2305786833977095e-08,1.0000000182163244,9965,1300,98.2077270446563,109.75930462602992,0.5442093899473548,0.008355177007615566,2.5,1.25,3.5,iou,0.25,0.25,2.0,True,False,True,True,True,0.3,0.35,1.0,30,True,30,70,0.0,0.15,4.0,0.0,20,0.5,True,True
epoch,1784182135.8169482,187,514.5828910820419,3.409353854001952e-05,3.409353854001952e-05,3.1202886345450543e-06,8.395138240329669e-07,3.270603408823047e-05,0.7097736597061157,0.5882957577705383,0.6005539298057556,0.12147772312164307,0.01953594572842121,0.2984738051891327,0.026943888515233994,0.06317821145057678,0.01895173266530037,2.905102064687526e-06,3.6295368772698566e-06,5206,0.5,True,0.2,0.2,0.05,0.25,256,30,True,0.05,10,0.2,50,1.0,0.75,0,,,,,,,,,,,,,,,0.10171027481555939,0.05012441799044609,0.009383084678862496,0.6763470185007739,9176,968754,13567,977930,0.23476081668755067,0.3174614874327412,0.38365150733397213,0.2256209921132159,0.32483231370236604,0.38962187661236825,0.23166506965430825,0.23166506965430825,0.3258642293801135,0.3258642293801135,0.38844254440922826,0.38844254440922826,13567,9965,8665,996500,100.0,100.0,0.5876680016517639,0.6432937979698181,0.41816604137420654,0.793423056602478,0.8613547682762146,0.6764944195747375,0.32851773500442505,0.00014740107396360447,0.9997821104362453,9965,1300,98.13647767185148,109.62956061901059,0.547547210007906,0.00821309001185,2.5,1.25,3.5,iou,0.25,0.25,2.0,True,False,True,True,True,0.3,0.35,1.0,30,True,30,70,0.0,0.15,4.0,0.0,20,0.5,True,True
epoch,1784182658.856459,188,514.9217877590563,3.363600173421519e-05,3.363600173421519e-05,2.933478227729993e-06,8.061352846004425e-07,3.223886492861973e-05,0.7060170769691467,0.5862919092178345,0.5991803407669067,0.11972486227750778,0.019457587972283363,0.2973170578479767,0.02691798098385334,0.06253533810377121,0.018758349120616913,3.5072132504865294e-06,4.382811766845407e-06,5206,0.5,True,0.2,0.2,0.05,0.25,256,30,True,0.05,10,0.2,50,1.0,0.75,0,,,,,,,,,,,,,,,0.10183270275592804,0.05000271648168564,0.009405459235682466,0.6780423085427877,9199,968850,13567,978049,0.2367509397803494,0.3202624014151986,0.38608388000294835,0.22554728385051964,0.32579052111741724,0.3933809980098769,0.231591361391612,0.231591361391612,0.32755951942212724,0.32755951942212724,0.39264391538291443,0.39264391538291443,13567,9965,8665,996500,100.0,100.0,0.5877893567085266,0.6437085270881653,0.4186750650405884,0.7937117218971252,0.8619444370269775,0.6780422925949097,0.3293285071849823,-1.5947878018174322e-08,1.000000023520477,9965,1300,98.14841946813848,108.8776286210632,0.5345178309362382,0.008345707086846232,2.5,1.25,3.5,iou,0.25,0.25,2.0,True,False,True,True,True,0.3,0.35,1.0,30,True,30,70,0.0,0.15,4.0,0.0,20,0.5,True,True
epoch,1784183182.1942368,189,516.4930948739639,3.318053357839863e-05,3.318053357839863e-05,2.7550750724762403e-06,7.735938426020109e-07,3.177380796952281e-05,0.7036968469619751,0.5858452916145325,0.597171425819397,0.11785116791725159,0.01953045278787613,0.29774799942970276,0.026754094287753105,0.06219489127397537,0.01866007223725319,2.4777334601822076e-06,3.0965345558797708e-06,5206,0.5,True,0.2,0.2,0.05,0.25,256,30,True,0.05,10,0.2,50,1.0,0.75,0,,,,,,,,,,,,,,,0.10192235559225082,0.05027378350496292,0.009378288306437181,0.6759784771872926,9171,968726,13567,977897,0.2360138571533869,0.3179037370089187,0.38357779907127587,0.22621065821478586,0.32778064421021597,0.3919805410186482,0.23100169529004203,0.23100169529004203,0.32733839463403847,0.32733839463403847,0.3913908749170782,0.3913908749170782,13567,9965,8665,996500,100.0,100.0,0.5884355902671814,0.6444276571273804,0.4189908504486084,0.7941747903823853,0.8628289103507996,0.6759784817695618,0.3308763802051544,4.582269119701721e-09,0.9999999932212796,9965,1300,98.1331660812845,110.11464707099367,0.526267820969224,0.008218212984502316,2.5,1.25,3.5,iou,0.25,0.25,2.0,True,False,True,True,True,0.3,0.35,1.0,30,True,30,70,0.0,0.15,4.0,0.0,20,0.5,True,True
epoch,1784183722.4818869,190,533.565923848073,3.2727184019785806e-05,3.2727184019785806e-05,2.585119094763988e-06,7.418958420562714e-07,3.131091420967603e-05,0.6998735070228577,0.5836032629013062,0.5966241955757141,0.11627039313316345,0.019411660730838776,0.29630181193351746,0.02672199346125126,0.06159847974777222,0.018478304147720337,2.8355800623103278e-06,3.5457317153486656e-06,5206,0.5,True,0.2,0.2,0.05,0.25,256,30,True,0.05,10,0.2,50,1.0,0.75,0,1.3750064373016357,0.04300559312105179,0.43810606002807617,0.14162731170654297,0.48230427503585815,0.14470987021923065,1.3338976714294404e-06,1.6651395071676234e-06,1300,0.5,True,True,1.0,0.75,0.1010718122124672,0.04987649619579315,0.009387163166949652,0.6760521854499889,9172,967907,13567,977079,0.2367509397803494,0.3170192378565637,0.38166138424117346,0.22613694995208963,0.32623277069359474,0.39161199970516697,0.23291811012014446,0.23291811012014446,0.325421979803936,0.325421979803936,0.39028525097663447,0.39028525097663447,13567,9965,8665,996500,100.0,100.0,0.5880839824676514,0.6417967677116394,0.419172078371048,0.7951627969741821,0.8613547682762146,0.6760522127151489,0.3331613540649414,2.7265160018608015e-08,0.9999999596700381,9965,1300,98.051078775715,126.83816318504978,0.5343963210470974,0.009091836982406676,2.5,1.25,3.5,iou,0.25,0.25,2.0,True,False,True,True,True,0.3,0.35,1.0,30,True,30,70,0.0,0.15,4.0,0.0,20,0.5,True,True
epoch,1784184247.4497633,191,517.1414198820712,3.227600277326457e-05,3.227600277326457e-05,2.4236483301257375e-06,7.110474625512322e-07,3.085023441059646e-05,0.6972103118896484,0.5829041600227356,0.5940771698951721,0.11430618911981583,0.019523901864886284,0.29570725560188293,0.026617381721735,0.06319820880889893,0.018960848450660706,3.66330618817301e-06,4.58001204606262e-06,5206,0.5,True,0.2,0.2,0.05,0.25,256,30,True,0.05,10,0.2,50,1.0,0.75,0,,,,,,,,,,,,,,,0.10213112831115723,0.050463080406188965,0.009418898392175006,0.6782634333308764,9202,967770,13567,976972,0.23667723151765313,0.3189356526866662,0.38409375691014963,0.22724257389253336,0.32549568806663226,0.39146458317977445,0.23306552664553695,0.23306552664553695,0.3277069359475197,0.3277069359475197,0.39264391538291443,0.39264391538291443,13567,9965,8665,996500,100.0,100.0,0.5883169770240784,0.6411848068237305,0.42054682970046997,0.7961503267288208,0.860838770866394,0.6782634258270264,0.33286651968955994,-7.503849985823763e-09,1.000000011063327,9965,1300,98.04034119417963,109.96980857406743,0.5257131879916415,0.008448557928204536,2.5,1.25,3.5,iou,0.25,0.25,2.0,True,False,True,True,True,0.3,0.35,1.0,30,True,30,70,0.0,0.15,4.0,0.0,20,0.5,True,True
epoch,1784184781.0508955,192,526.574797393987,3.1827039315943003e-05,3.1827039315943003e-05,2.270698915133969e-06,6.810547180396043e-07,3.03918190910155e-05,0.694524347782135,0.5817175507545471,0.5939197540283203,0.11280709505081177,0.019271403551101685,0.29395657777786255,0.02687271498143673,0.06329507380723953,0.018987493589520454,2.2573162823391613e-06,2.8226925223862054e-06,5206,0.5,True,0.2,0.2,0.05,0.25,256,30,True,0.05,10,0.2,50,1.0,0.75,0,,,,,,,,,,,,,,,0.10199248790740967,0.050407133996486664,0.009386944925826236,0.6755362276111152,9165,967191,13567,976356,0.23645610672956438,0.3189356526866662,0.38306184123240217,0.22621065821478586,0.32623277069359474,0.39072750055281197,0.231886194442397,0.231886194442397,0.3272646863713422,0.3272646863713422,0.3903589592393307,0.3903589592393307,13567,9965,8665,996500,100.0,100.0,0.5876201391220093,0.6414909362792969,0.41774219274520874,0.7967045307159424,0.8619444370269775,0.6755362153053284,0.33235055208206177,-1.2305786833977095e-08,1.0000000182163244,9965,1300,97.97852483692925,120.09854302892927,0.5447678919881582,0.00901627098210156,2.5,1.25,3.5,iou,0.25,0.25,2.0,True,False,True,True,True,0.3,0.35,1.0,30,True,30,70,0.0,0.15,4.0,0.0,20,0.5,True,True
epoch,1784185315.9352274,193,527.826454547001,3.1380342881723544e-05,3.1380342881723544e-05,2.126305079314038e-06,6.51923455666352e-07,2.9935718521338785e-05,0.6902875304222107,0.579149067401886,0.592859148979187,0.1111389547586441,0.019330589100718498,0.2937735915184021,0.02647637389600277,0.062432415783405304,0.018728923052549362,2.237141188743408e-06,2.795126874843845e-06,5206,0.5,True,0.2,0.2,0.05,0.25,256,30,True,0.05,10,0.2,50,1.0,0.75,0,,,,,,,,,,,,,,,0.10279054939746857,0.0511854812502861,0.009384588913423761,0.6753888110857227,9163,967225,13567,976388,0.23498194147563942,0.3187145278985774,0.3851256725878971,0.22635807474017838,0.3246848971769735,0.39419178889953566,0.23092798702734577,0.23092798702734577,0.32497973022775856,0.32497973022775856,0.39124345839168573,0.39124345839168573,13567,9965,8665,996500,100.0,100.0,0.5877106189727783,0.6408646106719971,0.4178570806980133,0.793307900428772,0.8628289103507996,0.6755362153053284,0.332276850938797,0.00014740421960568462,0.9997817967175319,9965,1300,97.98173607626694,116.5752841969952,0.5440974669763818,0.00833500490989536,2.5,1.25,3.5,iou,0.25,0.25,2.0,True,False,True,True,True,0.3,0.35,1.0,30,True,30,70,0.0,0.15,4.0,0.0,20,0.5,True,True
epoch,1784185854.3080876,194,530.0266310099978,3.0935962455903984e-05,3.0935962455903984e-05,1.990499137483596e-06,6.236593546288019e-07,2.948198271813355e-05,0.6866670846939087,0.5771132707595825,0.5922226309776306,0.10955385863780975,0.019227292388677597,0.2931479513645172,0.026274753734469414,0.061006151139736176,0.01830287277698517,2.5911733700922923e-06,3.238977569708368e-06,5206,0.5,True,0.2,0.2,0.05,0.25,256,30,True,0.05,10,0.2,50,1.0,0.75,0,,,,,,,,,,,,,,,0.10239426046609879,0.05098195746541023,0.009411574321120171,0.6773052259158252,9189,967162,13567,976351,0.23549789931451315,0.3195990270509324,0.3837252155966684,0.2277585317314071,0.3244637723888848,0.390432667502027,0.23277069359475197,0.23277069359475197,0.3260853541682023,0.3260853541682023,0.38976929313776076,0.38976929313776076,13567,9965,8665,996500,100.0,100.0,0.5877723693847656,0.6419920921325684,0.41766154766082764,0.7948492765426636,0.8613547682762146,0.6773789525032043,0.3342669606208801,7.37265873791415e-05,0.9998911590224251,9965,1300,97.97802308078273,109.11793301394209,0.5990026629297063,0.008446098072454333,2.5,1.25,3.5,iou,0.25,0.25,2.0,True,False,True,True,True,0.3,0.35,1.0,30,True,30,70,0.0,0.15,4.0,0.0,20,0.5,True,True
epoch,1784186395.4373198,195,532.6264053690247,3.0493946769805777e-05,3.0493946769805777e-05,1.8633114825207173e-06,5.962679250694501e-07,2.903066143864379e-05,0.6840198636054993,0.5763755440711975,0.5897875428199768,0.1076434850692749,0.01925092563033104,0.29247239232063293,0.026286862790584564,0.06143811345100403,0.018432511016726494,4.038824044982903e-06,5.048622369940858e-06,5206,0.5,True,0.2,0.2,0.05,0.25,256,30,True,0.05,10,0.2,50,1.0,0.75,0,1.3957128524780273,0.042840540409088135,0.43750545382499695,0.1469424068927765,0.490313857793808,0.14709024131298065,1.3552139535022434e-06,1.6918507981245057e-06,1300,0.5,True,True,1.0,0.75,0.10315290838479996,0.05142398923635483,0.009400387243502402,0.6763470185007739,9176,966954,13567,976130,0.23711948109383063,0.3202624014151986,0.3843885899609346,0.22797965651949584,0.3253482715412398,0.3922753740694332,0.23490823321294316,0.23490823321294316,0.32682243679516476,0.32682243679516476,0.39234908233212945,0.39234908233212945,13567,9965,8665,996500,100.0,100.0,0.5884908437728882,0.6440696716308594,0.4204341173171997,0.7944172620773315,0.8624603748321533,0.6764207482337952,0.3324979841709137,7.372973302122166e-05,0.9998910001900241,9965,1300,97.95584545910687,125.84932820801623,0.5347364790504798,0.008840844966471195,2.5,1.25,3.5,iou,0.25,0.25,2.0,True,False,True,True,True,0.3,0.35,1.0,30,True,30,70,0.0,0.15,4.0,0.0,20,0.5,True,True
epoch,1784186919.9887576,196,516.7418649418978,3.00543442954299e-05,3.00543442954299e-05,1.744770578562116e-06,5.697545070017621e-07,2.8581804175333695e-05,0.6800162196159363,0.5742910504341125,0.5872411727905273,0.10572539269924164,0.019146151840686798,0.29108986258506775,0.026290452107787132,0.06161368638277054,0.018483232706785202,3.0444555250142002e-06,3.804469315582537e-06,5206,0.5,True,0.2,0.2,0.05,0.25,256,30,True,0.05,10,0.2,50,1.0,0.75,0,,,,,,,,,,,,,,,0.10268718749284744,0.051207222044467926,0.009391759561116639,0.6754625193484189,9164,966585,13567,975749,0.23549789931451315,0.3173140709073487,0.38291442470700965,0.22812707304488833,0.3223262327706936,0.389253335298887,0.2334340679590182,0.2334340679590182,0.32549568806663226,0.32549568806663226,0.38976929313776076,0.38976929313776076,13567,9965,8665,996500,100.0,100.0,0.5886912941932678,0.6435031294822693,0.42080259323120117,0.796522855758667,0.860543966293335,0.675462543964386,0.3364045023918152,2.4615967042507236e-08,0.9999999635568734,9965,1300,97.91761164074259,109.87841967109125,0.5951033709570765,0.008825082099065185,2.5,1.25,3.5,iou,0.25,0.25,2.0,True,False,True,True,True,0.3,0.35,1.0,30,True,30,70,0.0,0.15,4.0,0.0,20,0.5,True,True
epoch,1784187449.3656695,197,521.1196795910364,2.9617203240141606e-05,2.9617203240141606e-05,1.6349029546329307e-06,5.441242692691255e-07,2.813546015046038e-05,0.679809033870697,0.5752052664756775,0.5891085267066956,0.10460390895605087,0.019159115850925446,0.29209625720977783,0.026258209720253944,0.06018967181444168,0.018056901171803474,3.2110240226757014e-06,4.011555120086996e-06,5206,0.5,True,0.2,0.2,0.05,0.25,256,30,True,0.05,10,0.2,50,1.0,0.75,0,,,,,,,,,,,,,,,0.10166604816913605,0.050358690321445465,0.00941199142239771,0.6767892680769514,9182,966382,13567,975564,0.2361612736787794,0.3176089039581337,0.3831355494950984,0.22665290779096336,0.32387410628731483,0.3885899609346208,0.2331392349082332,0.2331392349082332,0.32505343849045476,0.32505343849045476,0.38962187661236825,0.38962187661236825,13567,9965,8665,996500,100.0,100.0,0.5880439877510071,0.6405022740364075,0.4209982752799988,0.7949252724647522,0.8618707060813904,0.6767892837524414,0.3309501111507416,1.5675490017130755e-08,0.9999999768384482,9965,1300,97.89904666332163,109.48438596096821,0.5788978959899396,0.00827569596003741,2.5,1.25,3.5,iou,0.25,0.25,2.0,True,False,True,True,True,0.3,0.35,1.0,30,True,30,70,0.0,0.15,4.0,0.0,20,0.5,True,True
epoch,1784187985.7650225,198,528.0448942519724,2.9182571541383712e-05,2.9182571541383712e-05,1.5337331987095643e-06,5.193822085371683e-07,2.7691678310675996e-05,0.6777350306510925,0.5746989250183105,0.5884758830070496,0.10303637385368347,0.019106624647974968,0.2912358045578003,0.02621576003730297,0.061278872191905975,0.018382493406534195,3.080668420807342e-06,3.850280336337164e-06,5206,0.5,True,0.2,0.2,0.05,0.25,256,30,True,0.05,10,0.2,50,1.0,0.75,0,,,,,,,,,,,,,,,0.10146105289459229,0.05017158389091492,0.00942627111604712,0.6775263507039139,9192,965955,13567,975147,0.23778285545809685,0.3179774452716149,0.38261959165622467,0.22547357558782338,0.3241689393380998,0.39050637576472325,0.23277069359475197,0.23277069359475197,0.3265276037443797,0.3265276037443797,0.3899904179258495,0.3899904179258495,13567,9965,8665,996500,100.0,100.0,0.5892457962036133,0.6445379853248596,0.42196252942085266,0.7953829169273376,0.8623129725456238,0.677600085735321,0.33559373021125793,7.373503140717386e-05,0.9998911820807591,9965,1300,97.85720020070247,113.21759733196814,0.5589481019414961,0.008769723935984075,2.5,1.25,3.5,iou,0.25,0.25,2.0,True,False,True,True,True,0.3,0.35,1.0,30,True,30,70,0.0,0.15,4.0,0.0,20,0.5,True,True
epoch,1784188521.4203298,199,527.7089214760344,2.8750496861419854e-05,2.8750496861419854e-05,1.4412839522171558e-06,4.955331483196526e-07,2.7250507321660266e-05,0.6741514205932617,0.5728772878646851,0.5866857767105103,0.10127341002225876,0.01906675472855568,0.29034480452537537,0.026126494631171227,0.060706112533807755,0.018210405483841896,2.9100317533448106e-06,3.638215275714174e-06,5206,0.5,True,0.2,0.2,0.05,0.25,256,30,True,0.05,10,0.2,50,1.0,0.75,0,,,,,,,,,,,,,,,0.10189870744943619,0.05041201785206795,0.00942043699505904,0.6770841011277364,9186,965928,13567,975114,0.23490823321294316,0.31724036264465244,0.3813665511903884,0.2271688656298371,0.3230633153976561,0.39131716665438193,0.231886194442397,0.231886194442397,0.32527456327854354,0.32527456327854354,0.39161199970516697,0.39161199970516697,13567,9965,8665,996500,100.0,100.0,0.5891355276107788,0.6437950134277344,0.4203473925590515,0.7968512773513794,0.8623129725456238,0.6770840883255005,0.33537259697914124,-1.280223593802532e-08,1.0000000189078966,9965,1300,97.85388861013547,110.2689025439322,0.5576951790135354,0.008778234012424946,2.5,1.25,3.5,iou,0.25,0.25,2.0,True,False,True,True,True,0.3,0.35,1.0,30,True,30,70,0.0,0.15,4.0,0.0,20,0.5,True,True
epoch,1784189069.5378978,200,540.0926233379869,2.832102658210768e-05,2.832102658210768e-05,1.3575759049623304e-06,4.7258173803812577e-07,2.681199556278363e-05,0.670311689376831,0.5709996819496155,0.5836675763130188,0.09931164979934692,0.019013630226254463,0.2893848419189453,0.02606644667685032,0.06082170829176903,0.01824764534831047,4.2135930016229395e-06,5.266511379886651e-06,5206,0.5,True,0.2,0.2,0.05,0.25,256,30,True,0.05,10,0.2,50,1.0,0.75,0,1.4098049402236938,0.04350052773952484,0.43890509009361267,0.1493838131427765,0.4982014000415802,0.14945660531520844,2.3781528852850897e-06,2.9703946893278044e-06,1300,0.5,True,True,1.0,0.75,0.10206262767314911,0.05058199167251587,0.009415719427334162,0.6776000589666101,9193,967153,13567,976346,0.23608756541608314,0.3160610304415125,0.37967126114837474,0.22569470037591213,0.32321073192304856,0.3888110857227095,0.2326969853320557,0.2326969853320557,0.32497973022775856,0.32497973022775856,0.3881477113584433,0.3881477113584433,13567,9965,8665,996500,100.0,100.0,0.589183509349823,0.6450788974761963,0.4207058846950531,0.7974238395690918,0.8627552390098572,0.677600085735321,0.3344880938529968,2.676871091455979e-08,0.9999999604948236,9965,1300,97.97752132463623,135.4872578260256,0.6720987979788333,0.00993552606087178,2.5,1.25,3.5,iou,0.25,0.25,2.0,True,False,True,True,True,0.3,0.35,1.0,30,True,30,70,0.0,0.15,4.0,0.0,20,0.5,True,True
epoch,1784189609.026324,201,529.621080109966,2.7894207799703064e-05,2.7894207799703064e-05,1.2826277905029923e-06,4.505324521154952e-07,2.637619112180208e-05,0.668316662311554,0.5705010890960693,0.5833261609077454,0.09781546145677567,0.018970582634210587,0.290095716714859,0.025844832882285118,0.059943702071905136,0.017983827739953995,2.220394208052312e-06,2.774947233774583e-06,5206,0.5,True,0.2,0.2,0.05,0.25,256,30,True,0.05,10,0.2,50,1.0,0.75,0,,,,,,,,,,,,,,,0.10144925862550735,0.05033659189939499,0.009360237016767524,0.673693521043709,9140,967331,13567,976471,0.2335814844844107,0.31642957175499375,0.38033463551264096,0.22547357558782338,0.32195769145721237,0.388074003095747,0.23225473575587824,0.23225473575587824,0.3258642293801135,0.3258642293801135,0.3871895039433921,0.3871895039433921,13567,9965,8665,996500,100.0,100.0,0.589080810546875,0.6467753052711487,0.41743576526641846,0.7976456880569458,0.8629026412963867,0.6737672090530396,0.33529889583587646,7.368800933049702e-05,0.9998906328352873,9965,1300,97.99006522829904,109.9993360399967,0.6431746899615973,0.009221266023814678,2.5,1.25,3.5,iou,0.25,0.25,2.0,True,False,True,True,True,0.3,0.35,1.0,30,True,30,70,0.0,0.15,4.0,0.0,20,0.5,True,True
epoch,1784190138.9189956,202,521.5130101579707,2.7470087319695304e-05,2.7470087319695304e-05,1.2164563819557964e-06,4.2938958910374025e-07,2.5943141789583633e-05,0.6647417545318604,0.5685137510299683,0.5824055075645447,0.09622728079557419,0.018929079174995422,0.28978022933006287,0.025528814643621445,0.05973405763506889,0.017918886616826057,2.7755882001656573e-06,3.470422825557762e-06,5206,0.5,True,0.2,0.2,0.05,0.25,256,30,True,0.05,10,0.2,50,1.0,0.75,0,,,,,,,,,,,,,,,0.10141411423683167,0.050127021968364716,0.009383806278262009,0.6754625193484189,9164,967412,13567,976576,0.23468710842485443,0.31598732217881625,0.37967126114837474,0.22643178300287461,0.32114690056755363,0.3874106287314808,0.23210731923048575,0.23210731923048575,0.3246111889142773,0.3246111889142773,0.38689467089260704,0.38689467089260704,13567,9965,8665,996500,100.0,100.0,0.5894055366516113,0.6456084251403809,0.4216541647911072,0.7967472672462463,0.8631974458694458,0.6755362153053284,0.3341195583343506,7.369595690942532e-05,0.9998909074669281,9965,1300,98.00060210737581,109.94987389398739,0.5209567570127547,0.008356182021088898,2.5,1.25,3.5,iou,0.25,0.25,2.0,True,False,True,True,True,0.3,0.35,1.0,30,True,30,70,0.0,0.15,4.0,0.0,20,0.5,True,True
epoch,1784190675.4677105,203,528.1157470920589,2.7048711651674387e-05,2.7048711651674387e-05,1.1590764882424233e-06,4.091572708458984e-07,2.5512895054867525e-05,0.6628917455673218,0.5682081580162048,0.5817208886146545,0.0946844071149826,0.019001398235559464,0.2900536060333252,0.025557467713952065,0.058844223618507385,0.017653660848736763,2.658723815329722e-06,3.323440523672616e-06,5206,0.5,True,0.2,0.2,0.05,0.25,256,30,True,0.05,10,0.2,50,1.0,0.75,0,,,,,,,,,,,,,,,0.10299477726221085,0.05099985748529434,0.009428491810131095,0.6783371415935726,9203,966881,13567,976084,0.23505564973833568,0.3175351956954375,0.37937642809758976,0.2265791995282671,0.32321073192304856,0.39072750055281197,0.2334340679590182,0.2334340679590182,0.3256431045920248,0.3256431045920248,0.38976929313776076,0.38976929313776076,13567,9965,8665,996500,100.0,100.0,0.5901803970336914,0.6475576758384705,0.42296233773231506,0.7966374158859253,0.8626077771186829,0.6784108281135559,0.33397212624549866,7.36865199832959e-05,0.9998913836322628,9965,1300,97.95122930255896,114.35044319403823,0.538182009011507,0.008349199080839753,2.5,1.25,3.5,iou,0.25,0.25,2.0,True,False,True,True,True,0.3,0.35,1.0,30,True,30,70,0.0,0.15,4.0,0.0,20,0.5,True,True
epoch,1784191203.1904151,204,519.5428161920281,2.6630127004230816e-05,2.6630127004230816e-05,1.1105009507753223e-06,3.898394416725021e-07,2.5085498099056732e-05,0.6594581604003906,0.5664591789245605,0.5801071524620056,0.09299858659505844,0.018826531246304512,0.286996454000473,0.02589023858308792,0.06058685854077339,0.018174361437559128,2.993983343912987e-06,3.742629814951215e-06,5206,0.5,True,0.2,0.2,0.05,0.25,256,30,True,0.05,10,0.2,50,1.0,0.75,0,,,,,,,,,,,,,,,0.10434914380311966,0.05220784619450569,0.0094070330332608,0.6764944350261665,9178,966475,13567,975653,0.23453969189946192,0.31672440480577874,0.3793027198348935,0.22613694995208963,0.32203139971990863,0.39131716665438193,0.23195990270509323,0.23195990270509323,0.32483231370236604,0.32483231370236604,0.38962187661236825,0.38962187661236825,13567,9965,8665,996500,100.0,100.0,0.5904027223587036,0.6487223505973816,0.422294020652771,0.7972904443740845,0.8655561208724976,0.6765681505203247,0.33485662937164307,7.371549415824408e-05,0.999891044983271,9965,1300,97.90797792272956,108.62339868594427,0.6066095249261707,0.008205984020605683,2.5,1.25,3.5,iou,0.25,0.25,2.0,True,False,True,True,True,0.3,0.35,1.0,30,True,30,70,0.0,0.15,4.0,0.0,20,0.5,True,True
epoch,1784191750.5091653,205,531.9429620079463,2.621437927988822e-05,2.621437927988822e-05,1.0707406405839121e-06,3.7143986763262206e-07,2.466099779104377e-05,0.659297525882721,0.5675986409187317,0.5808685421943665,0.09169881790876389,0.01891588792204857,0.2890086770057678,0.025560704991221428,0.059748560190200806,0.017925433814525604,3.627710384535021e-06,4.536092546914006e-06,5206,0.5,True,0.2,0.2,0.05,0.25,256,30,True,0.05,10,0.2,50,1.0,0.75,0,1.4176459312438965,0.04321365803480148,0.43779999017715454,0.1523079127073288,0.49965840578079224,0.14990177750587463,3.1730407954455586e-06,3.975295385316713e-06,1300,0.5,True,True,1.0,0.75,0.10457226634025574,0.052412766963243484,0.009433265947980695,0.6782634333308764,9202,966282,13567,975484,0.2361612736787794,0.31642957175499375,0.3814402594530847,0.22635807474017838,0.3237266897619223,0.38962187661236825,0.23070686223925702,0.23070686223925702,0.326306478956291,0.326306478956291,0.3874106287314808,0.3874106287314808,13567,9965,8665,996500,100.0,100.0,0.5896899104118347,0.6485382318496704,0.4212792217731476,0.7958513498306274,0.8657035231590271,0.6784845590591431,0.33264538645744324,0.0002211257282667134,0.9996740887831356,9965,1300,97.89101856497741,127.76202203403227,0.6453246659366414,0.009445011033676565,2.5,1.25,3.5,iou,0.25,0.25,2.0,True,False,True,True,True,0.3,0.35,1.0,30,True,30,70,0.0,0.15,4.0,0.0,20,0.5,True,True
epoch,1784192285.569601,206,520.7859314550878,2.58015140700696e-05,2.58015140700696e-05,1.0398044558816575e-06,3.539621357596775e-07,2.423944068207107e-05,0.6565567851066589,0.5662617683410645,0.5809674859046936,0.09029562026262283,0.018921639770269394,0.28907912969589233,0.02536133863031864,0.05875186249613762,0.01762448064982891,2.8450026547943708e-06,3.555665898602456e-06,5206,0.5,True,0.2,0.2,0.05,0.25,256,30,True,0.05,10,0.2,50,1.0,0.75,0,,,,,,,,,,,,,,,0.10508795082569122,0.052292823791503906,0.009438644198489407,0.6784845581189651,9205,966041,13567,975246,0.23638239846686815,0.3187145278985774,0.3828407164443134,0.22606324168939337,0.3247586054396698,0.3909486253409007,0.23114911181543452,0.23114911181543452,0.3261590624308985,0.3261590624308985,0.3908012088155082,0.3908012088155082,13567,9965,8665,996500,100.0,100.0,0.5890359878540039,0.6442040205001831,0.4218270182609558,0.7939555644989014,0.8645241856575012,0.6785582900047302,0.3313186466693878,7.373188576509371e-05,0.9998913403802574,9965,1300,97.8671349724034,114.28907200298272,0.6842988259159029,0.008478653966449201,2.5,1.25,3.5,iou,0.25,0.25,2.0,True,False,True,True,True,0.3,0.35,1.0,30,True,30,70,0.0,0.15,4.0,0.0,20,0.5,True,True
epoch,1784192815.3750818,207,514.511968130013,2.5391576650097777e-05,2.5391576650097777e-05,1.017699320074702e-06,3.3740965337212583e-07,2.382087300062616e-05,0.6537450551986694,0.565041184425354,0.5798121690750122,0.08870362490415573,0.018870068714022636,0.2877832353115082,0.02543504536151886,0.0600421167910099,0.018011918291449547,2.8818922146456316e-06,3.6009796531288885e-06,5206,0.5,True,0.2,0.2,0.05,0.25,256,30,True,0.05,10,0.2,50,1.0,0.75,0,,,,,,,,,,,,,,,0.10518629848957062,0.052271146327257156,0.009431759051743564,0.6787056829070539,9208,967068,13567,976276,0.23549789931451315,0.31628215522960124,0.3820299255546547,0.2270214491044446,0.32203139971990863,0.39058008402741945,0.23151765312891576,0.23151765312891576,0.3261590624308985,0.3261590624308985,0.39131716665438193,0.39131716665438193,13567,9965,8665,996500,100.0,100.0,0.5889052152633667,0.6446782350540161,0.4227578043937683,0.7947384119033813,0.8639345765113831,0.6789268255233765,0.3296970725059509,0.00022114261632255605,0.9996742762135639,9965,1300,97.97049673858504,109.0998032509815,0.6465743909357116,0.00881457095965743,2.5,1.25,3.5,iou,0.25,0.25,2.0,True,False,True,True,True,0.3,0.35,1.0,30,True,30,70,0.0,0.15,4.0,0.0,20,0.5,True,True
epoch,1784193346.2637055,208,515.0969028900145,2.4984611974230463e-05,2.4984611974230463e-05,1.0044301802123807e-06,3.21785647409206e-07,2.3405340647372164e-05,0.6505769491195679,0.563434898853302,0.5787909030914307,0.0871414914727211,0.018772155046463013,0.28828322887420654,0.025019343942403793,0.05816136300563812,0.017448274418711662,2.9579623515019193e-06,3.695939085446298e-06,5206,0.5,True,0.2,0.2,0.05,0.25,256,30,True,0.05,10,0.2,50,1.0,0.75,0,,,,,,,,,,,,,,,0.10410775989294052,0.051466405391693115,0.00938702126242784,0.6753888110857227,9163,966972,13567,976135,0.23417115058598068,0.3151765312891575,0.38107171813960344,0.22628436647748212,0.32239994103338987,0.3910960418662932,0.23041202918847203,0.23041202918847203,0.32409523107540356,0.32409523107540356,0.390432667502027,0.390432667502027,13567,9965,8665,996500,100.0,100.0,0.5878992080688477,0.643763542175293,0.421804815530777,0.7932496666908264,0.8645241856575012,0.6755362153053284,0.32829660177230835,0.00014740421960568462,0.9997817967175319,9965,1300,97.95634721525339,109.62998937501106,0.6535994949517772,0.009059643023647368,2.5,1.25,3.5,iou,0.25,0.25,2.0,True,False,True,True,True,0.3,0.35,1.0,30,True,30,70,0.0,0.15,4.0,0.0,20,0.5,True,True
epoch,1784193869.0368702,209,515.5796607080847,2.4580664670730386e-05,2.4580664670730386e-05,1.0000000058801677e-06,3.070931638018385e-07,2.2992889190114185e-05,0.6484177112579346,0.5627727508544922,0.5781484842300415,0.08564465492963791,0.018822185695171356,0.2868690490722656,0.025250673294067383,0.058621905744075775,0.01758713461458683,2.609678858789266e-06,3.261397978349123e-06,5206,0.5,True,0.2,0.2,0.05,0.25,256,30,True,0.05,10,0.2,50,1.0,0.75,0,,,,,,,,,,,,,,,0.10395603626966476,0.051418550312519073,0.009361134121236478,0.6730301466794427,9131,966285,13567,975416,0.2331392349082332,0.31598732217881625,0.3793027198348935,0.22569470037591213,0.3214417336183386,0.389548168349672,0.23137023660352327,0.23137023660352327,0.32483231370236604,0.32483231370236604,0.3865261295791258,0.3865261295791258,13567,9965,8665,996500,100.0,100.0,0.5872377753257751,0.6421194672584534,0.4187505841255188,0.7920986413955688,0.8644505143165588,0.6731038689613342,0.32645389437675476,7.372228189150842e-05,0.9998904741373642,9965,1300,97.88419468138484,109.41301424102858,0.5487680860096589,0.00825664505828172,2.5,1.25,3.5,iou,0.25,0.25,2.0,True,False,True,True,True,0.3,0.35,1.0,30,True,30,70,0.0,0.15,4.0,0.0,20,0.5,True,True
epoch,1784194409.0552957,210,533.0632431580452,2.4179779036971475e-05,2.4179779036971475e-05,1e-06,2.9333506687881124e-07,2.2583563858802447e-05,0.6462766528129578,0.5622010231018066,0.5769583582878113,0.08407573401927948,0.018712880089879036,0.28660139441490173,0.02525947242975235,0.05812517926096916,0.017437927424907684,3.4904846870631445e-06,4.359827471489552e-06,5206,0.5,True,0.2,0.2,0.05,0.25,256,30,True,0.05,10,0.2,50,1.0,0.75,0,1.4454823732376099,0.04317130893468857,0.4389899969100952,0.15897025167942047,0.5114309191703796,0.15342193841934204,1.9763162981689675e-06,2.466142632329138e-06,1300,0.5,True,True,1.0,0.75,0.10333208739757538,0.050990670919418335,0.009386504388262563,0.674872853246849,9156,966287,13567,975443,0.23306552664553695,0.3160610304415125,0.3777548463182723,0.22613694995208963,0.3203361096778949,0.38844254440922826,0.23151765312891576,0.23151765312891576,0.3242426476007961,0.3242426476007961,0.3866735461045183,0.3866735461045183,13567,9965,8665,996500,100.0,100.0,0.5884804129600525,0.6417873501777649,0.42178693413734436,0.7943792939186096,0.8640082478523254,0.6749465465545654,0.3310975134372711,7.369330771644922e-05,0.999890816083003,9965,1300,97.88690416457601,127.04741653194651,0.5299118789844215,0.008916047983802855,2.5,1.25,3.5,iou,0.25,0.25,2.0,True,False,True,True,True,0.3,0.35,1.0,30,True,30,70,0.0,0.15,4.0,0.0,20,0.5,True,True
epoch,1784194932.6360123,211,515.6045996750472,2.378199903458105e-05,2.378199903458105e-05,1e-06,2.8051403880838156e-07,2.2177409540572246e-05,0.6435377597808838,0.5608133673667908,0.5772141218185425,0.08272452652454376,0.018665974959731102,0.285381555557251,0.02508171647787094,0.0595972016453743,0.01787918247282505,2.794627107505221e-06,3.4938705084641697e-06,5206,0.5,True,0.2,0.2,0.05,0.25,256,30,True,0.05,10,0.2,50,1.0,0.75,0,,,,,,,,,,,,,,,0.10232416540384293,0.050322432070970535,0.009407662648330317,0.6765681432888627,9179,966515,13567,975694,0.23453969189946192,0.31539765607724624,0.378860470258716,0.22893786393454707,0.32181027493181985,0.38984300140045697,0.23291811012014446,0.23291811012014446,0.3247586054396698,0.3247586054396698,0.3894744600869757,0.3894744600869757,13567,9965,8665,996500,100.0,100.0,0.5882338881492615,0.6437577605247498,0.42299991846084595,0.7935525178909302,0.8622392416000366,0.6766418218612671,0.3277806341648102,7.367857240436759e-05,0.9998911114122363,9965,1300,97.91209232313096,110.19070113298949,0.5313330549979582,0.008223071927204728,2.5,1.25,3.5,iou,0.25,0.25,2.0,True,False,True,True,True,0.3,0.35,1.0,30,True,30,70,0.0,0.15,4.0,0.0,20,0.5,True,True
epoch,1784195456.557331,212,515.9870607060147,2.338736828461896e-05,2.338736828461896e-05,1e-06,2.6863257907537574e-07,2.177447077482147e-05,0.6410049200057983,0.5599687099456787,0.5750452280044556,0.0810358002781868,0.018645720556378365,0.28571292757987976,0.025064047425985336,0.05771292746067047,0.01731318049132824,2.9845768949599005e-06,3.731673359652632e-06,5206,0.5,True,0.2,0.2,0.05,0.25,256,30,True,0.05,10,0.2,50,1.0,0.75,0,,,,,,,,,,,,,,,0.10159339755773544,0.04994984716176987,0.00937932899989344,0.6747254367214565,9154,966822,13567,975976,0.23365519274710694,0.3145131569248913,0.3774600132674873,0.2298960713495983,0.3207783592540724,0.3877054617822658,0.23291811012014446,0.23291811012014446,0.32239994103338987,0.32239994103338987,0.3864524213164296,0.3864524213164296,13567,9965,8665,996500,100.0,100.0,0.5883156061172485,0.6436052322387695,0.4201556444168091,0.793860912322998,0.8638608455657959,0.6747991442680359,0.3313186466693878,7.37075465794268e-05,0.9998907711321131,9965,1300,97.94039136979428,109.49554856191389,0.54052351298742,0.008290358004160225,2.5,1.25,3.5,iou,0.25,0.25,2.0,True,False,True,True,True,0.3,0.35,1.0,30,True,30,70,0.0,0.15,4.0,0.0,20,0.5,True,True
epoch,1784195979.7360437,213,516.2337117510615,2.299593006279397e-05,2.299593006279397e-05,1e-06,2.5769300399390953e-07,2.1374791748326476e-05,0.639260470867157,0.5597149133682251,0.5741970539093018,0.07954570651054382,0.018641820177435875,0.2862206697463989,0.024910368025302887,0.058061257004737854,0.01741846092045307,3.303716084701591e-06,4.130036813876359e-06,5206,0.5,True,0.2,0.2,0.05,0.25,256,30,True,0.05,10,0.2,50,1.0,0.75,0,,,,,,,,,,,,,,,0.10223527252674103,0.05027060955762863,0.00942296025447629,0.6777474754920026,9195,966613,13567,975808,0.23336035969632196,0.3148079899756763,0.3786393454706273,0.22827448957028082,0.3223262327706936,0.3885899609346208,0.23262327706935948,0.23262327706935948,0.32313702366035235,0.32313702366035235,0.38792658657035456,0.38792658657035456,13567,9965,8665,996500,100.0,100.0,0.5893154740333557,0.6440497636795044,0.4199754595756531,0.7961306571960449,0.8653349876403809,0.6777474880218506,0.33529889583587646,1.2529847936981753e-08,0.9999999815125129,9965,1300,97.92353236327145,109.19281008897815,0.5434299639891833,0.00821803999133408,2.5,1.25,3.5,iou,0.25,0.25,2.0,True,False,True,True,True,0.3,0.35,1.0,30,True,30,70,0.0,0.15,4.0,0.0,20,0.5,True,True
epoch,1784196503.4787047,214,515.7319601920899,2.260772729471826e-05,2.260772729471826e-05,1e-06,2.4769744625582134e-07,2.097841629039655e-05,0.6379835605621338,0.5597791075706482,0.5743686556816101,0.07820430397987366,0.018678059801459312,0.28456971049308777,0.025208644568920135,0.059823743999004364,0.017945602536201477,2.6901693672698457e-06,3.363058795002871e-06,5206,0.5,True,0.2,0.2,0.05,0.25,256,30,True,0.05,10,0.2,50,1.0,0.75,0,,,,,,,,,,,,,,,0.10340020060539246,0.0509825274348259,0.009423952811552722,0.6776000589666101,9193,966300,13567,975493,0.232475860543967,0.3156924891280313,0.37878676199601974,0.22753740694331834,0.32210510798260483,0.38733692046878454,0.23240215228127073,0.23240215228127073,0.32321073192304856,0.32321073192304856,0.38682096262991084,0.38682096262991084,13567,9965,8665,996500,100.0,100.0,0.5899453163146973,0.6446390151977539,0.4234611392021179,0.7943198680877686,0.8663669228553772,0.6777474880218506,0.3332350552082062,0.00014742905524045558,0.9997824720004928,9965,1300,97.89192172604115,109.88405868702102,0.5564318309770897,0.008244546013884246,2.5,1.25,3.5,iou,0.25,0.25,2.0,True,False,True,True,True,0.3,0.35,1.0,30,True,30,70,0.0,0.15,4.0,0.0,20,0.5,True,True
epoch,1784197045.2489789,215,533.1064060260542,2.2222802551199967e-05,2.2222802551199967e-05,1e-06,2.3864785451489596e-07,2.0585387868067342e-05,0.6351967453956604,0.5583367347717285,0.5744794011116028,0.07685986161231995,0.018544919788837433,0.28399404883384705,0.02505989372730255,0.05914623290300369,0.0177450031042099,2.7137482447869843e-06,3.3925321076822e-06,5206,0.5,True,0.2,0.2,0.05,0.25,256,30,True,0.05,10,0.2,50,1.0,0.75,0,1.4668487310409546,0.04330093041062355,0.4366987645626068,0.16438502073287964,0.5244969129562378,0.15736038982868195,1.9827159576379927e-06,2.4825835680530872e-06,1300,0.5,True,True,1.0,0.75,0.10347859561443329,0.05099941045045853,0.009461039760370932,0.6798113068474976,9223,965617,13567,974840,0.23291811012014446,0.3175351956954375,0.37922901157219724,0.22650549126557087,0.32018869315250237,0.388368836146532,0.23100169529004203,0.23100169529004203,0.3238003980246186,0.3238003980246186,0.3885162526719245,0.3885162526719245,13567,9965,8665,996500,100.0,100.0,0.5905503034591675,0.6466824412345886,0.424945592880249,0.7958192229270935,0.8657772541046143,0.679958701133728,0.3345617949962616,0.00014739428623045114,0.999783230531524,9965,1300,97.82639237330658,126.5465354679618,0.5498080389807001,0.008816246991045773,2.5,1.25,3.5,iou,0.25,0.25,2.0,True,False,True,True,True,0.3,0.35,1.0,30,True,30,70,0.0,0.15,4.0,0.0,20,0.5,True,True
epoch,1784197565.8776293,216,513.8110116500175,2.1841198043574957e-05,2.1841198043574957e-05,1e-06,2.3054599300697535e-07,2.019574958133444e-05,0.6329746842384338,0.5578148365020752,0.5718402862548828,0.0751599445939064,0.018534377217292786,0.284662127494812,0.024890797212719917,0.05892476066946983,0.01767805404961109,2.8595582080015447e-06,3.5742980344366515e-06,5206,0.5,True,0.2,0.2,0.05,0.25,256,30,True,0.05,10,0.2,50,1.0,0.75,0,,,,,,,,,,,,,,,0.10477056354284286,0.051542527973651886,0.009408548355813073,0.675757352399204,9168,965265,13567,974433,0.23225473575587824,0.3160610304415125,0.379744969411071,0.22510503427434214,0.31996756836441365,0.39028525097663447,0.23048573745116827,0.23048573745116827,0.3246848971769735,0.3246848971769735,0.3894007518242795,0.3894007518242795,13567,9965,8665,996500,100.0,100.0,0.5894790887832642,0.6446999311447144,0.4242401123046875,0.7955299615859985,0.865998387336731,0.6758310794830322,0.3344880938529968,7.372708382824555e-05,0.9998909090066047,9965,1300,97.78554942298044,109.45478824200109,0.563054175931029,0.008349800948053598,2.5,1.25,3.5,iou,0.25,0.25,2.0,True,False,True,True,True,0.3,0.35,1.0,30,True,30,70,0.0,0.15,4.0,0.0,20,0.5,True,True
epoch,1784198087.9251423,217,514.9936456170399,2.1462955619077758e-05,2.1462955619077758e-05,1e-06,2.2339344120601417e-07,1.980954415842676e-05,0.6307204365730286,0.5569251775741577,0.5716504454612732,0.07379515469074249,0.018563764169812202,0.28431373834609985,0.024791253730654716,0.05784612149000168,0.017355138435959816,2.0182010302960407e-06,2.52239306064439e-06,5206,0.5,True,0.2,0.2,0.05,0.25,256,30,True,0.05,10,0.2,50,1.0,0.75,0,,,,,,,,,,,,,,,0.10555538535118103,0.05168973281979561,0.009430910340110484,0.6768629763396476,9183,964530,13567,973713,0.23210731923048575,0.315618780865335,0.38121913466499596,0.22267266160536597,0.3223262327706936,0.390432667502027,0.22974865482420578,0.22974865482420578,0.32638018721898726,0.32638018721898726,0.38917962703619075,0.38917962703619075,13567,9965,8665,996500,100.0,100.0,0.5897057056427002,0.6461266875267029,0.4244285225868225,0.7942659854888916,0.8642293810844421,0.6770840883255005,0.33190831542015076,0.00022111198585283987,0.999673434969651,9965,1300,97.71329653788258,110.27264452993404,0.5445954980095848,0.008620084030553699,2.5,1.25,3.5,iou,0.25,0.25,2.0,True,False,True,True,True,0.3,0.35,1.0,30,True,30,70,0.0,0.15,4.0,0.0,20,0.5,True,True
epoch,1784198617.0338867,218,513.6733742880169,2.1088116756252628e-05,2.1088116756252628e-05,1e-06,2.1719159351615616e-07,1.9426813951121103e-05,0.6279584765434265,0.5555793642997742,0.570993185043335,0.07237903028726578,0.01843293383717537,0.2835710346698761,0.02472289837896824,0.05756649747490883,0.01727115362882614,2.625649131005048e-06,3.2806203762447694e-06,5206,0.5,True,0.2,0.2,0.05,0.25,256,30,True,0.05,10,0.2,50,1.0,0.75,0,,,,,,,,,,,,,,,0.10562756657600403,0.05167226120829582,0.009425694995865201,0.6754625193484189,9164,963072,13567,972236,0.2326969853320557,0.31628215522960124,0.37893417852141226,0.22598953342669714,0.32365298149922606,0.38984300140045697,0.23063315397656078,0.23063315397656078,0.326601312007076,0.326601312007076,0.38873737746001324,0.38873737746001324,13567,9965,8665,996500,100.0,100.0,0.5894964933395386,0.6461398005485535,0.4227082133293152,0.7955174446105957,0.8647453188896179,0.6758310794830322,0.33397212624549866,0.00036856013461328274,0.999454656428504,9965,1300,97.56507777220271,109.02796924603172,0.5301752579398453,0.008247626014053822,2.5,1.25,3.5,iou,0.25,0.25,2.0,True,False,True,True,True,0.3,0.35,1.0,30,True,30,70,0.0,0.15,4.0,0.0,20,0.5,True,True
epoch,1784199145.894592,219,514.708434731001,2.0716722560404924e-05,2.0716722560404924e-05,1e-06,2.1194165899989758e-07,1.904760093009767e-05,0.6265905499458313,0.5554488897323608,0.5716898441314697,0.07114163041114807,0.0184324998408556,0.28366991877555847,0.024707762524485588,0.05696248263120651,0.01708875223994255,2.3421043806592934e-06,2.9275138331286144e-06,5206,0.5,True,0.2,0.2,0.05,0.25,256,30,True,0.05,10,0.2,50,1.0,0.75,0,,,,,,,,,,,,,,,0.10612360388040543,0.0519254133105278,0.009453168201519303,0.676641851551559,9180,961923,13567,971103,0.23262327706935948,0.3175351956954375,0.3808505933515147,0.22628436647748212,0.325127146753151,0.3919805410186482,0.23100169529004203,0.23100169529004203,0.32925480946414093,0.32925480946414093,0.39102233360359695,0.39102233360359695,13567,9965,8665,996500,100.0,100.0,0.5896033048629761,0.6461946964263916,0.4209834039211273,0.7955715656280518,0.8643767833709717,0.6767892837524414,0.33375102281570435,0.0001474322008824247,0.9997821593745324,9965,1300,97.45137982940291,109.78365165798459,0.5307098310440779,0.008408732013776898,2.5,1.25,3.5,iou,0.25,0.25,2.0,True,False,True,True,True,0.3,0.35,1.0,30,True,30,70,0.0,0.15,4.0,0.0,20,0.5,True,True
epoch,1784199692.633705,220,532.1295726839453,2.034881375909345e-05,2.034881375909345e-05,1e-06,2.0764466114237654e-07,1.867194668033754e-05,0.6236388087272644,0.5539081692695618,0.5709313750267029,0.06973086297512054,0.01842789351940155,0.2836049199104309,0.024494174867868423,0.05573009327054024,0.01671919785439968,3.3732094379956834e-06,4.215092758386163e-06,5206,0.5,True,0.2,0.2,0.05,0.25,256,30,True,0.05,10,0.2,50,1.0,0.75,0,1.484958529472351,0.04333397001028061,0.4382933974266052,0.16794747114181519,0.5338347554206848,0.1601439267396927,1.8146921547668171e-06,2.2640822407993255e-06,1300,0.5,True,True,1.0,0.75,0.1066490188241005,0.051777612417936325,0.009493387283022639,0.6792953490086239,9216,961565,13567,970781,0.2337289010098032,0.3177563204835262,0.3805557603007297,0.22510503427434214,0.3256431045920248,0.39131716665438193,0.23100169529004203,0.23100169529004203,0.32822289378639347,0.32822289378639347,0.3890322105107983,0.3890322105107983,13567,9965,8665,996500,100.0,100.0,0.5889453291893005,0.6443955898284912,0.4205273985862732,0.7948904633522034,0.8636397123336792,0.6793690323829651,0.33286651968955994,7.368337434121575e-05,0.9998915414585755,9965,1300,97.41906673356749,127.63372012902983,0.5944038380403072,0.008661543019115925,2.5,1.25,3.5,iou,0.25,0.25,2.0,True,False,True,True,True,0.3,0.35,1.0,30,True,30,70,0.0,0.15,4.0,0.0,20,0.5,True,True
epoch,1784200223.0831275,221,513.6317967380164,1.9984430697664237e-05,1.9984430697664237e-05,1e-06,2.0430143765183581e-07,1.829989239656243e-05,0.6224989891052246,0.554085373878479,0.5708610415458679,0.06841377168893814,0.018488561734557152,0.28338387608528137,0.024566473439335823,0.05615241080522537,0.016844892874360085,3.1378649509861134e-06,3.922878022422083e-06,5206,0.5,True,0.2,0.2,0.05,0.25,256,30,True,0.05,10,0.2,50,1.0,0.75,0,,,,,,,,,,,,,,,0.10623549669981003,0.05154811590909958,0.009454414377301166,0.676641851551559,9180,961795,13567,970975,0.23232844401857447,0.3175351956954375,0.37834451241984224,0.22665290779096336,0.32807547726100095,0.3915382914424707,0.23107540355273826,0.23107540355273826,0.3265276037443797,0.3265276037443797,0.390137834451242,0.390137834451242,13567,9965,8665,996500,100.0,100.0,0.5886760950088501,0.6445661187171936,0.41960811614990234,0.7947150468826294,0.8645979166030884,0.6767892837524414,0.33124494552612305,0.0001474322008824247,0.9997821593745324,9965,1300,97.43853487205219,109.07810345699545,0.5481810269411653,0.008323839982040226,2.5,1.25,3.5,iou,0.25,0.25,2.0,True,False,True,True,True,0.3,0.35,1.0,30,True,30,70,0.0,0.15,4.0,0.0,20,0.5,True,True
epoch,1784200744.9493258,222,513.9731665890431,1.9623613334826176e-05,1.9623613334826176e-05,1e-06,2.019126402963216e-07,1.7931478878717254e-05,0.6216710209846497,0.5544392466545105,0.5718675851821899,0.06723164021968842,0.01847904361784458,0.2827918231487274,0.024690374732017517,0.05775108188390732,0.01732543110847473,2.669868536031572e-06,3.3354076549585443e-06,5206,0.5,True,0.2,0.2,0.05,0.25,256,30,True,0.05,10,0.2,50,1.0,0.75,0,,,,,,,,,,,,,,,0.10649153590202332,0.05144630745053291,0.00945630372197808,0.6769366846023439,9184,962020,13567,971204,0.23225473575587824,0.31827227832239996,0.3779022628436648,0.22724257389253336,0.32689614505786097,0.3913908749170782,0.2300434878749908,0.2300434878749908,0.3272646863713422,0.3272646863713422,0.38962187661236825,0.38962187661236825,13567,9965,8665,996500,100.0,100.0,0.5881231427192688,0.6428562998771667,0.4199281930923462,0.7942543029785156,0.864155650138855,0.6770840883255005,0.332276850938797,0.00014740372315658057,0.9997822962823996,9965,1300,97.46151530356246,109.58644969400484,0.6680491029983386,0.011594917974434793,2.5,1.25,3.5,iou,0.25,0.25,2.0,True,False,True,True,True,0.3,0.35,1.0,30,True,30,70,0.0,0.15,4.0,0.0,20,0.5,True,True
epoch,1784201264.965358,223,513.2520207769703,1.926640123826916e-05,1.926640123826916e-05,1e-06,2.0047873477660826e-07,1.756674652749588e-05,0.6202040314674377,0.554380476474762,0.5708737969398499,0.06582283228635788,0.0185020063072443,0.2838858664035797,0.024394560605287552,0.057218026369810104,0.01716555655002594,2.7362809760234086e-06,3.420374468987575e-06,5206,0.5,True,0.2,0.2,0.05,0.25,256,30,True,0.05,10,0.2,50,1.0,0.75,0,,,,,,,,,,,,,,,0.10700647532939911,0.052062422037124634,0.009456235565700966,0.6769366846023439,9184,962027,13567,971211,0.23277069359475197,0.3195990270509324,0.38018721898724844,0.22871673914645832,0.32667502026977224,0.39124345839168573,0.2317387779170045,0.2317387779170045,0.32711726984594974,0.32711726984594974,0.3894744600869757,0.3894744600869757,13567,9965,8665,996500,100.0,100.0,0.5893197059631348,0.6453222632408142,0.4227876663208008,0.7967821359634399,0.8621655702590942,0.676936686038971,0.33537259697914124,1.436627039552718e-09,0.9999999978777527,9965,1300,97.46221776216758,109.15837038797326,0.5600468409247696,0.014239002950489521,2.5,1.25,3.5,iou,0.25,0.25,2.0,True,False,True,True,True,0.3,0.35,1.0,30,True,30,70,0.0,0.15,4.0,0.0,20,0.5,True,True
epoch,1784201795.7748857,224,515.4727873200318,1.8912833580324976e-05,1.8912833580324976e-05,1e-06,2.0000000063542187e-07,1.720573533991077e-05,0.6160765290260315,0.5517204403877258,0.5692517757415771,0.06435610353946686,0.01832699030637741,0.28310713171958923,0.024178650230169296,0.05580725148320198,0.01674140803515911,2.006338718274492e-06,2.5066326543310424e-06,5206,0.5,True,0.2,0.2,0.05,0.25,256,30,True,0.05,10,0.2,50,1.0,0.75,0,,,,,,,,,,,,,,,0.10695140808820724,0.05194892734289169,0.009481636218305275,0.6784845581189651,9205,961619,13567,970824,0.232475860543967,0.3184196948477924,0.38217734208004717,0.22797965651949584,0.3272646863713422,0.3930124566963957,0.2320336109677895,0.2320336109677895,0.32755951942212724,0.32755951942212724,0.39058008402741945,0.39058008402741945,13567,9965,8665,996500,100.0,100.0,0.5895927548408508,0.6459813117980957,0.4226279556751251,0.7948452234268188,0.8636397123336792,0.6784845590591431,0.3336772918701172,9.401779355044937e-10,0.9999999986142972,9965,1300,97.4233818364275,108.91920305590611,0.5497597439680248,0.008337671984918416,2.5,1.25,3.5,iou,0.25,0.25,2.0,True,False,True,True,True,0.3,0.35,1.0,30,True,30,70,0.0,0.15,4.0,0.0,20,0.5,True,True
epoch,1784202335.3044434,225,531.5693014359567,1.8562949133671698e-05,1.8562949133671698e-05,1e-06,2e-07,1.684848490490689e-05,0.614287793636322,0.5512139201164246,0.5691450238227844,0.06307346373796463,0.018319303169846535,0.28224989771842957,0.024290652945637703,0.05564237758517265,0.016690967604517937,3.092121914960444e-06,3.864242898998782e-06,5206,0.5,True,0.2,0.2,0.05,0.25,256,30,True,0.05,10,0.2,50,1.0,0.75,0,1.4928654432296753,0.04324732720851898,0.4385284185409546,0.1699577122926712,0.5362660884857178,0.1608923077583313,2.1893749817536445e-06,2.7366506856196793e-06,1300,0.5,True,True,1.0,0.75,0.10634896159172058,0.051536522805690765,0.009487818440183702,0.6791479324832314,9214,961926,13567,971140,0.23151765312891576,0.31996756836441365,0.3808505933515147,0.22613694995208963,0.32667502026977224,0.39131716665438193,0.23100169529004203,0.23100169529004203,0.32851772683717845,0.32851772683717845,0.3888110857227095,0.3888110857227095,13567,9965,8665,996500,100.0,100.0,0.5895398259162903,0.6440669298171997,0.42430466413497925,0.7946174144744873,0.8651138544082642,0.6791479587554932,0.3334561884403229,2.6272261810511566e-08,0.9999999613158496,9965,1300,97.4550928248871,126.51323414500803,0.5392572890268639,0.008975771022960544,2.5,1.25,3.5,iou,0.25,0.25,2.0,True,False,True,True,True,0.3,0.35,1.0,30,True,30,70,0.0,0.15,4.0,0.0,20,0.5,True,True
epoch,1784202856.097179,226,513.9755297809606,1.8216786267081692e-05,1.8216786267081692e-05,1e-06,2e-07,1.6495034399020264e-05,0.613555371761322,0.5516485571861267,0.5700218081474304,0.06190725415945053,0.01834469847381115,0.2828868627548218,0.0242504570633173,0.05499640479683876,0.01649758405983448,2.5313784135505557e-06,3.163757355650887e-06,5206,0.5,True,0.2,0.2,0.05,0.25,256,30,True,0.05,10,0.2,50,1.0,0.75,0,,,,,,,,,,,,,,,0.10565274208784103,0.051171351224184036,0.009475617943743539,0.6782634333308764,9202,961922,13567,971124,0.2314439448662195,0.31738777917004496,0.37937642809758976,0.2271688656298371,0.32711726984594974,0.389253335298887,0.23166506965430825,0.23166506965430825,0.3279280607356085,0.3279280607356085,0.3881477113584433,0.3881477113584433,13567,9965,8665,996500,100.0,100.0,0.5897151827812195,0.6433200836181641,0.42309385538101196,0.7951353788375854,0.8666617274284363,0.6782634258270264,0.33441439270973206,-7.503849985823763e-09,1.000000011063327,9965,1300,97.45348720521827,109.11658756004181,0.5439954409375787,0.00825331499800086,2.5,1.25,3.5,iou,0.25,0.25,2.0,True,False,True,True,True,0.3,0.35,1.0,30,True,30,70,0.0,0.15,4.0,0.0,20,0.5,True,True
epoch,1784203377.7050827,227,513.7198930690065,1.787438294121422e-05,1.787438294121422e-05,1e-06,2e-07,1.614542258208189e-05,0.6117006540298462,0.5513512492179871,0.5671623945236206,0.06034918874502182,0.018319975584745407,0.2827449142932892,0.024315714836120605,0.05526081845164299,0.016580021008849144,3.506998609736911e-06,4.382900897326181e-06,5206,0.5,True,0.2,0.2,0.05,0.25,256,30,True,0.05,10,0.2,50,1.0,0.75,0,,,,,,,,,,,,,,,0.10606364905834198,0.05114515498280525,0.009469909511812678,0.6779686002800914,9198,962089,13567,971287,0.23011719613768702,0.31812486179700744,0.3798186776737672,0.22606324168939337,0.3255693963293285,0.3891059187734945,0.22952753003611706,0.22952753003611706,0.32711726984594974,0.32711726984594974,0.3885162526719245,0.3885162526719245,13567,9965,8665,996500,100.0,100.0,0.588876485824585,0.643609344959259,0.41841763257980347,0.7937207221984863,0.8656298518180847,0.6779686212539673,0.3349303603172302,2.097387585831001e-08,0.9999999690636481,9965,1300,97.46984445559458,109.25008753698785,0.5180570379598066,0.008054941077716649,2.5,1.25,3.5,iou,0.25,0.25,2.0,True,False,True,True,True,0.3,0.35,1.0,30,True,30,70,0.0,0.15,4.0,0.0,20,0.5,True,True
epoch,1784203898.9413908,228,513.5590775558958,1.7535776704452464e-05,1.7535776704452464e-05,1e-06,2e-07,1.579968779296725e-05,0.6093196868896484,0.5502031445503235,0.567210853099823,0.05911644920706749,0.0183038879185915,0.2818728983402252,0.024175060912966728,0.05571460723876953,0.01671557128429413,3.0818659979559015e-06,3.8528501136170235e-06,5206,0.5,True,0.2,0.2,0.05,0.25,256,30,True,0.05,10,0.2,50,1.0,0.75,0,,,,,,,,,,,,,,,0.10711465775966644,0.05181889608502388,0.009462019546255728,0.6770103928650402,9185,961538,13567,970723,0.23070686223925702,0.31827227832239996,0.379744969411071,0.2270214491044446,0.32593793764280976,0.3920542492813444,0.23026461266307954,0.23026461266307954,0.32755951942212724,0.32755951942212724,0.39058008402741945,0.39058008402741945,13567,9965,8665,996500,100.0,100.0,0.5890082120895386,0.6450411677360535,0.4206980764865875,0.7943649888038635,0.8653349876403809,0.6770104169845581,0.3341195583343506,2.4119517938459012e-08,0.9999999643734907,9965,1300,97.41324636226794,109.0580784350168,0.5274461620720103,0.008252530009485781,2.5,1.25,3.5,iou,0.25,0.25,2.0,True,False,True,True,True,0.3,0.35,1.0,30,True,30,70,0.0,0.15,4.0,0.0,20,0.5,True,True
epoch,1784204427.698703,229,513.2404166259803,1.7201004688786062e-05,1.7201004688786062e-05,1e-06,2e-07,1.5457867945392083e-05,0.6073762774467468,0.5495525002479553,0.5665788054466248,0.0578240267932415,0.018314998596906662,0.2816163897514343,0.02411803789436817,0.05579274892807007,0.016736621037125587,2.433838517390541e-06,3.0439380225288915e-06,5206,0.5,True,0.2,0.2,0.05,0.25,256,30,True,0.05,10,0.2,50,1.0,0.75,0,,,,,,,,,,,,,,,0.10707581043243408,0.051839470863342285,0.00942385089867893,0.6746517284587602,9153,962106,13567,971259,0.23151765312891576,0.31834598658509616,0.38121913466499596,0.22665290779096336,0.32851772683717845,0.3919805410186482,0.23070686223925702,0.23070686223925702,0.32962335077762217,0.32962335077762217,0.3902115427139382,0.3902115427139382,13567,9965,8665,996500,100.0,100.0,0.5890008807182312,0.6453508138656616,0.4197087585926056,0.7949308156967163,0.8662195205688477,0.6746517419815063,0.33375102281570435,1.3522746145078202e-08,0.9999999799559606,9965,1300,97.46703462117411,108.88637571595609,0.5368084439542145,0.008348596980795264,2.5,1.25,3.5,iou,0.25,0.25,2.0,True,False,True,True,True,0.3,0.35,1.0,30,True,30,70,0.0,0.15,4.0,0.0,20,0.5,True,True
epoch,1784204966.6782987,230,531.297456728993,1.687010360573904e-05,1.687010360573904e-05,1e-06,2e-07,1.5120000523754601e-05,0.6053953766822815,0.5487936735153198,0.5665156841278076,0.056601401418447495,0.01829701103270054,0.2816193103790283,0.024006033316254616,0.05515240877866745,0.01654587686061859,2.5760921289474936e-06,3.219827249267837e-06,5206,0.5,True,0.2,0.2,0.05,0.25,256,30,True,0.05,10,0.2,50,1.0,0.75,0,1.5031461715698242,0.04357975721359253,0.43930137157440186,0.17188619077205658,0.5424222350120544,0.16273903846740723,1.9861524833686417e-06,2.473901076882612e-06,1300,0.5,True,True,1.0,0.75,0.10598266869783401,0.05118822306394577,0.00939341770900689,0.6724404805778728,9123,962089,13567,971212,0.2320336109677895,0.3161347387042087,0.3784182206825385,0.22584211690130462,0.3247586054396698,0.38888479398540576,0.23011719613768702,0.23011719613768702,0.32763322768482345,0.32763322768482345,0.3877054617822658,0.3877054617822658,13567,9965,8665,996500,100.0,100.0,0.5885095000267029,0.6449246406555176,0.4194421172142029,0.7951381206512451,0.8656298518180847,0.6724404692649841,0.33308765292167664,-1.1312888625880646e-08,1.0000000168236285,9965,1300,97.46231811339689,126.14672325795982,0.5394778390182182,0.008901756955310702,2.5,1.25,3.5,iou,0.25,0.25,2.0,True,False,True,True,True,0.3,0.35,1.0,30,True,30,70,0.0,0.15,4.0,0.0,20,0.5,True,True
epoch,1784205487.705873,231,514.1923501580022,1.6543109742344112e-05,1.6543109742344112e-05,1e-06,2e-07,1.4786122579025046e-05,0.6029923558235168,0.547555685043335,0.5669361352920532,0.055436871945858,0.018220068886876106,0.2812093496322632,0.023985829204320908,0.05427693575620651,0.016283538192510605,3.417315156184486e-06,4.269479632057482e-06,5206,0.5,True,0.2,0.2,0.05,0.25,256,30,True,0.05,10,0.2,50,1.0,0.75,0,,,,,,,,,,,,,,,0.105648472905159,0.0509306974709034,0.009476340044281963,0.6782634333308764,9202,961848,13567,971050,0.23114911181543452,0.31783002874622246,0.38018721898724844,0.22598953342669714,0.32453748065158106,0.3906537922901157,0.23033832092577577,0.23033832092577577,0.32778064421021597,0.32778064421021597,0.38962187661236825,0.38962187661236825,13567,9965,8665,996500,100.0,100.0,0.5896245837211609,0.6457050442695618,0.42158132791519165,0.7942668199539185,0.8669565916061401,0.6783371567726135,0.33264538645744324,7.372344173717238e-05,0.9998913174060995,9965,1300,97.44606121424988,109.58842196606565,0.5366250469814986,0.00841806991957128,2.5,1.25,3.5,iou,0.25,0.25,2.0,True,False,True,True,True,0.3,0.35,1.0,30,True,30,70,0.0,0.15,4.0,0.0,20,0.5,True,True
epoch,1784206011.7654443,232,516.2688233869849,1.6220058957163252e-05,1.6220058957163252e-05,1e-06,2e-07,1.4456270724682484e-05,0.6010990738868713,0.5469779372215271,0.5656819343566895,0.0541212260723114,0.018145384266972542,0.28100839257240295,0.023819338530302048,0.05441928282380104,0.016326552256941795,2.072201141345431e-06,2.5898618787323358e-06,5206,0.5,True,0.2,0.2,0.05,0.25,256,30,True,0.05,10,0.2,50,1.0,0.75,0,,,,,,,,,,,,,,,0.10392266511917114,0.05032999441027641,0.009408510734770682,0.6729564384167466,9130,961268,13567,970398,0.23181248617970074,0.3176089039581337,0.38018721898724844,0.2253261590624309,0.32453748065158106,0.38777917004496204,0.22938011351072454,0.22938011351072454,0.3274121028967347,0.3274121028967347,0.3878528783076583,0.3878528783076583,13567,9965,8665,996500,100.0,100.0,0.5891822576522827,0.6438049674034119,0.420215368270874,0.7952108383178711,0.8684307336807251,0.6730301380157471,0.3304341435432434,7.36995990004985e-05,0.9998904958413634,9965,1300,97.3806322127446,109.47654560697265,0.5408705320442095,0.008523831027559936,2.5,1.25,3.5,iou,0.25,0.25,2.0,True,False,True,True,True,0.3,0.35,1.0,30,True,30,70,0.0,0.15,4.0,0.0,20,0.5,True,True
epoch,1784206533.5247166,233,513.6956005650572,1.590098667635552e-05,1.590098667635552e-05,1e-06,2e-07,1.4130481132699845e-05,0.5980618000030518,0.545193076133728,0.5649315118789673,0.05286894366145134,0.018082400783896446,0.2808755338191986,0.02360328659415245,0.05422540381550789,0.016266819089651108,2.6401949071441777e-06,3.3002643249346875e-06,5206,0.5,True,0.2,0.2,0.05,0.25,256,30,True,0.05,10,0.2,50,1.0,0.75,0,,,,,,,,,,,,,,,0.10357169806957245,0.05023428052663803,0.009474657455881308,0.6775263507039139,9192,960975,13567,970167,0.23277069359475197,0.31834598658509616,0.37849192894523476,0.22547357558782338,0.3229158988722636,0.3882951278838358,0.22923269698533205,0.22923269698533205,0.327485811159431,0.327485811159431,0.3877054617822658,0.3877054617822658,13567,9965,8665,996500,100.0,100.0,0.5902138948440552,0.6476565599441528,0.4217721223831177,0.7959870100021362,0.8680621981620789,0.677600085735321,0.3320557177066803,7.373503140717386e-05,0.9998911820807591,9965,1300,97.35745107877571,108.72039130993653,0.5330106989713386,0.00830091501120478,2.5,1.25,3.5,iou,0.25,0.25,2.0,True,False,True,True,True,0.3,0.35,1.0,30,True,30,70,0.0,0.15,4.0,0.0,20,0.5,True,True
epoch,1784207053.7217357,234,513.3403438320383,1.5585927889792095e-05,1.5585927889792095e-05,1e-06,2e-07,1.3808789529577188e-05,0.5954713821411133,0.5438565015792847,0.5640090703964233,0.05161536484956741,0.018052155151963234,0.28004029393196106,0.023538239300251007,0.05333036184310913,0.01599842682480812,3.6951805668650195e-06,4.616554178937804e-06,5206,0.5,True,0.2,0.2,0.05,0.25,256,30,True,0.05,10,0.2,50,1.0,0.75,0,,,,,,,,,,,,,,,0.10362685471773148,0.05015227198600769,0.00950862808499406,0.6797375985848013,9222,960634,13567,969856,0.23402373406058818,0.31834598658509616,0.3812928429276922,0.22598953342669714,0.3235055649738336,0.39006412618854575,0.2300434878749908,0.2300434878749908,0.3274121028967347,0.3274121028967347,0.38976929313776076,0.38976929313776076,13567,9965,8665,996500,100.0,100.0,0.5907818675041199,0.6483089923858643,0.4231288433074951,0.7955125570297241,0.8671039938926697,0.6798112988471985,0.33190831542015076,7.370026239716942e-05,0.9998915871764383,9965,1300,97.32624184646262,108.87955421104562,0.5420040070312098,0.008370486088097095,2.5,1.25,3.5,iou,0.25,0.25,2.0,True,False,True,True,True,0.3,0.35,1.0,30,True,30,70,0.0,0.15,4.0,0.0,20,0.5,True,True
epoch,1784207596.9128203,235,536.3002316959901,1.5274917147219352e-05,1.5274917147219352e-05,1e-06,2e-07,1.349123119242398e-05,0.5936415791511536,0.5434033870697021,0.5615370273590088,0.0502384714782238,0.01801942102611065,0.2789601981639862,0.023819690570235252,0.0543421246111393,0.016300398856401443,3.219192194592324e-06,4.021513177576708e-06,5206,0.5,True,0.2,0.2,0.05,0.25,256,30,True,0.05,10,0.2,50,1.0,0.75,0,1.5212469100952148,0.04315594211220741,0.43735358119010925,0.17673204839229584,0.5550425052642822,0.16650894284248352,2.144287464034278e-06,2.6759942102216883e-06,1300,0.5,True,True,1.0,0.75,0.10398730635643005,0.05031154304742813,0.009498111616215252,0.6790005159578388,9212,960665,13567,969877,0.2343185671113732,0.3179774452716149,0.38261959165622467,0.22598953342669714,0.3246111889142773,0.3938232475860544,0.23048573745116827,0.23048573745116827,0.327485811159431,0.327485811159431,0.3908749170782045,0.3908749170782045,13567,9965,8665,996500,100.0,100.0,0.5908072590827942,0.646237850189209,0.42574378848075867,0.7956005930900574,0.8665880560874939,0.6790004968643188,0.33463552594184875,-1.9093519987301022e-08,1.0000000281200383,9965,1300,97.32834922227798,131.18781554198358,0.5415704519255087,0.00982307898811996,2.5,1.25,3.5,iou,0.25,0.25,2.0,True,False,True,True,True,0.3,0.35,1.0,30,True,30,70,0.0,0.15,4.0,0.0,20,0.5,True,True
epoch,1784208125.1941862,236,520.4645954909502,1.4967988554469966e-05,1.4967988554469966e-05,1e-06,2e-07,1.3177840945090391e-05,0.5907884240150452,0.5417687296867371,0.560619056224823,0.04901925474405289,0.017940891906619072,0.2786814272403717,0.023510290309786797,0.05439985170960426,0.016319265589118004,2.3850109300838085e-06,2.98038548862678e-06,5206,0.5,True,0.2,0.2,0.05,0.25,256,30,True,0.05,10,0.2,50,1.0,0.75,0,,,,,,,,,,,,,,,0.10406364500522614,0.05061664059758186,0.009480402221370175,0.6779686002800914,9198,961014,13567,970212,0.23446598363676568,0.3177563204835262,0.38166138424117346,0.22724257389253336,0.3228421906095673,0.3919805410186482,0.23070686223925702,0.23070686223925702,0.32593793764280976,0.32593793764280976,0.39028525097663447,0.39028525097663447,13567,9965,8665,996500,100.0,100.0,0.5908185839653015,0.6459624171257019,0.4241473078727722,0.7957079410552979,0.868135929107666,0.6779686212539673,0.3361096680164337,2.097387585831001e-08,0.9999999690636481,9965,1300,97.36196688409433,109.30445349996444,0.6398105239495635,0.00908946804702282,2.5,1.25,3.5,iou,0.25,0.25,2.0,True,False,True,True,True,0.3,0.35,1.0,30,True,30,70,0.0,0.15,4.0,0.0,20,0.5,True,True
epoch,1784208651.8779566,237,518.758556200075,1.4665175769722923e-05,1.4665175769722923e-05,1e-06,2e-07,1.286865315434868e-05,0.5905945897102356,0.5427322387695312,0.5602477788925171,0.04786243289709091,0.01803618110716343,0.2785854637622833,0.023682765662670135,0.05398126319050789,0.016193851828575134,2.6307188818464056e-06,3.2873456348170293e-06,5206,0.5,True,0.2,0.2,0.05,0.25,256,30,True,0.05,10,0.2,50,1.0,0.75,0,,,,,,,,,,,,,,,0.10327726602554321,0.05010851100087166,0.009508819303552992,0.6795164737967127,9219,960302,13567,969521,0.23321294317092947,0.3154713643399425,0.38011351072455224,0.22650549126557087,0.32011498488980616,0.39072750055281197,0.23063315397656078,0.23063315397656078,0.3232844401857448,0.3232844401857448,0.3885899609346208,0.3885899609346208,13567,9965,8665,996500,100.0,100.0,0.5900543332099915,0.6446146368980408,0.42353707551956177,0.7942939400672913,0.8662195205688477,0.679663896560669,0.3320557177066803,0.00014742276395629528,0.9997830946079345,9965,1300,97.29262418464626,109.68795378901996,0.5311088310554624,0.008546588011085987,2.5,1.25,3.5,iou,0.25,0.25,2.0,True,False,True,True,True,0.3,0.35,1.0,30,True,30,70,0.0,0.15,4.0,0.0,20,0.5,True,True
epoch,1784209172.7128913,238,513.7947334379423,1.4366511999812438e-05,1.4366511999812438e-05,1e-06,2e-07,1.2563701726124279e-05,0.5886960625648499,0.5419362783432007,0.5603569149971008,0.046759456396102905,0.0179354939609766,0.27839910984039307,0.023660872131586075,0.05320308357477188,0.01596108078956604,2.0260595192667097e-06,2.5322815417894162e-06,5206,0.5,True,0.2,0.2,0.05,0.25,256,30,True,0.05,10,0.2,50,1.0,0.75,0,,,,,,,,,,,,,,,0.1032978892326355,0.05022177845239639,0.009539150996974485,0.6809169307879414,9238,959192,13567,968430,0.2326969853320557,0.31628215522960124,0.38151396771578094,0.22672661605365962,0.32018869315250237,0.3903589592393307,0.23078057050195327,0.23078057050195327,0.3230633153976561,0.3230633153976561,0.38962187661236825,0.38962187661236825,13567,9965,8665,996500,100.0,100.0,0.590289294719696,0.6476236581802368,0.42434555292129517,0.7937588691711426,0.8662195205688477,0.6809906363487244,0.3344880938529968,7.37055607830106e-05,0.9998917671450254,9965,1300,97.18314099347717,109.03207726497203,0.5235386600252241,0.008585991919972003,2.5,1.25,3.5,iou,0.25,0.25,2.0,True,False,True,True,True,0.3,0.35,1.0,30,True,30,70,0.0,0.15,4.0,0.0,20,0.5,True,True
epoch,1784209694.5641742,239,514.115113695967,1.4072029996586537e-05,1.4072029996586537e-05,1e-06,2e-07,1.2263020101777828e-05,0.5858914256095886,0.5403217077255249,0.559249997138977,0.045569371432065964,0.01793038472533226,0.27746036648750305,0.023631656542420387,0.05320322513580322,0.015959495678544044,2.38311372413591e-06,2.9786724553559907e-06,5206,0.5,True,0.2,0.2,0.05,0.25,256,30,True,0.05,10,0.2,50,1.0,0.75,0,,,,,,,,,,,,,,,0.10413873195648193,0.05061449483036995,0.009527500465058597,0.6795164737967127,9219,958401,13567,967620,0.23380260927249943,0.31539765607724624,0.37878676199601974,0.22687403257905212,0.3207783592540724,0.388368836146532,0.23041202918847203,0.23041202918847203,0.32387410628731483,0.32387410628731483,0.38659983784182206,0.38659983784182206,13567,9965,8665,996500,100.0,100.0,0.5899256467819214,0.6458538770675659,0.42487379908561707,0.7940323352813721,0.8656298518180847,0.679663896560669,0.3333824574947357,0.00014742276395629528,0.9997830946079345,9965,1300,97.10185649774209,109.07809219695628,0.5294250950682908,0.00828582199756056,2.5,1.25,3.5,iou,0.25,0.25,2.0,True,False,True,True,True,0.3,0.35,1.0,30,True,30,70,0.0,0.15,4.0,0.0,20,0.5,True,True
epoch,1784210232.9380457,240,531.5855168260168,1.3781762053315357e-05,1.3781762053315357e-05,1e-06,2e-07,1.1966641254437788e-05,0.5844134092330933,0.5399472117424011,0.5590237379074097,0.044466324150562286,0.01790456846356392,0.27735763788223267,0.023483751341700554,0.053437791764736176,0.01603190042078495,2.3905804482637905e-06,2.9864709176763427e-06,5206,0.5,True,0.2,0.2,0.05,0.25,256,30,True,0.05,10,0.2,50,1.0,0.75,0,1.534993052482605,0.04339145869016647,0.43891671299934387,0.17943550646305084,0.5604393482208252,0.1681445688009262,1.9611338757385965e-06,2.4535163447581e-06,1300,0.5,True,True,1.0,0.75,0.10400769114494324,0.05056323856115341,0.009487961915973502,0.677231517653129,9188,959197,13567,968385,0.231591361391612,0.315029114763765,0.3795238446229822,0.22738999041792585,0.32151544188103487,0.38792658657035456,0.2298960713495983,0.2298960713495983,0.3246111889142773,0.3246111889142773,0.3871895039433921,0.3871895039433921,13567,9965,8665,996500,100.0,100.0,0.5898516178131104,0.648215115070343,0.42274707555770874,0.7948798537254333,0.8651138544082642,0.6773789525032043,0.33286651968955994,0.0001474348500754008,0.9997823450971859,9965,1300,97.17862518815855,126.75511622894555,0.5540196909569204,0.014311844948679209,2.5,1.25,3.5,iou,0.25,0.25,2.0,True,False,True,True,True,0.3,0.35,1.0,30,True,30,70,0.0,0.15,4.0,0.0,20,0.5,True,True
epoch,1784210753.2480679,241,513.2705875009997,1.3495740001149894e-05,1.3495740001149894e-05,1e-06,2e-07,1.1674597685384634e-05,0.5828791260719299,0.5394207835197449,0.5598436594009399,0.043458301573991776,0.017857227474451065,0.277004212141037,0.023530354723334312,0.05290783569216728,0.01587170921266079,2.094409865094349e-06,2.6179986889474094e-06,5206,0.5,True,0.2,0.2,0.05,0.25,256,30,True,0.05,10,0.2,50,1.0,0.75,0,,,,,,,,,,,,,,,0.10362508147954941,0.050398409366607666,0.009487425110141253,0.6774526424412176,9191,959565,13567,968756,0.2338763175351957,0.3163558634922975,0.378860470258716,0.22694774084174835,0.3230633153976561,0.38800029483305076,0.23107540355273826,0.23107540355273826,0.32579052111741724,0.32579052111741724,0.3854205056386821,0.3854205056386821,13567,9965,8665,996500,100.0,100.0,0.5898335576057434,0.6472981572151184,0.4233332872390747,0.7948486804962158,0.8645979166030884,0.6775263547897339,0.3345617949962616,7.371234851627495e-05,0.9998912037177666,9965,1300,97.2158554942298,108.9612190759508,0.5288703369442374,0.008311040000990033,2.5,1.25,3.5,iou,0.25,0.25,2.0,True,False,True,True,True,0.3,0.35,1.0,30,True,30,70,0.0,0.15,4.0,0.0,20,0.5,True,True
epoch,1784211309.7060351,242,548.5430632820353,1.3213995205631402e-05,1.3213995205631402e-05,1e-06,2e-07,1.1386921420486801e-05,0.5808014273643494,0.5385385155677795,0.5580588579177856,0.04226301982998848,0.01787124201655388,0.2768099904060364,0.023476358503103256,0.052669115364551544,0.01580043137073517,1.8350676782574737e-06,2.2926615201868117e-06,5206,0.5,True,0.2,0.2,0.05,0.25,256,30,True,0.05,10,0.2,50,1.0,0.75,0,,,,,,,,,,,,,,,0.10411638021469116,0.05063273385167122,0.009507975429732005,0.6790742242205351,9213,959763,13567,968976,0.23107540355273826,0.3160610304415125,0.38033463551264096,0.22635807474017838,0.32439006412618854,0.388958502248102,0.23026461266307954,0.23026461266307954,0.3260853541682023,0.3260853541682023,0.3874106287314808,0.3874106287314808,13567,9965,8665,996500,100.0,100.0,0.5905483961105347,0.6478955149650574,0.4226458668708801,0.7943243384361267,0.865408718585968,0.6792216300964355,0.33507776260375977,0.00014740587590045262,0.9997829782366037,9965,1300,97.23793276467637,143.49881230702158,0.5627926490269601,0.008569653029553592,2.5,1.25,3.5,iou,0.25,0.25,2.0,True,False,True,True,True,0.3,0.35,1.0,30,True,30,70,0.0,0.15,4.0,0.0,20,0.5,True,True
epoch,1784211845.8831568,243,527.8933211970143,1.2936558563251627e-05,1.2936558563251627e-05,1e-06,2e-07,1.1103644006688504e-05,0.580398440361023,0.5392625331878662,0.5569289326667786,0.04113626107573509,0.017931168898940086,0.2777511477470398,0.023236442357301712,0.052992310374975204,0.01589912921190262,1.8762900708679808e-06,2.344936319786939e-06,5206,0.5,True,0.2,0.2,0.05,0.25,256,30,True,0.05,10,0.2,50,1.0,0.75,0,,,,,,,,,,,,,,,0.1043175458908081,0.05063621327280998,0.009497655256683344,0.6783371415935726,9203,959773,13567,968976,0.23181248617970074,0.316208446966905,0.37834451241984224,0.2247364929608609,0.32623277069359474,0.3877054617822658,0.23011719613768702,0.23011719613768702,0.325421979803936,0.325421979803936,0.3867472543672146,0.3867472543672146,13567,9965,8665,996500,100.0,100.0,0.5903075337409973,0.6464645862579346,0.42263269424438477,0.7957592606544495,0.8661457896232605,0.6784845590591431,0.3341195583343506,0.0001474174655704541,0.9997827253935228,9965,1300,97.23793276467637,108.74862885801122,0.6139159729937091,0.008416829979978502,2.5,1.25,3.5,iou,0.25,0.25,2.0,True,False,True,True,True,0.3,0.35,1.0,30,True,30,70,0.0,0.15,4.0,0.0,20,0.5,True,True
epoch,1784212377.5384514,244,524.4210198129294,1.2663460498064848e-05,1.2663460498064848e-05,1e-06,2e-07,1.082479650855043e-05,0.5785701274871826,0.538381814956665,0.5580313801765442,0.040187906473875046,0.017833754420280457,0.27737048268318176,0.023263897746801376,0.052345212548971176,0.01570233143866062,2.85933788291004e-06,3.5733858112507733e-06,5206,0.5,True,0.2,0.2,0.05,0.25,256,30,True,0.05,10,0.2,50,1.0,0.75,0,,,,,,,,,,,,,,,0.1043897271156311,0.05057927966117859,0.009525587574549198,0.6806958059998526,9235,960259,13567,969494,0.2326969853320557,0.31539765607724624,0.37849192894523476,0.2251787425370384,0.3255693963293285,0.3890322105107983,0.2293064052480283,0.2293064052480283,0.32763322768482345,0.32763322768482345,0.38748433699417706,0.38748433699417706,13567,9965,8665,996500,100.0,100.0,0.5904533267021179,0.6469917297363281,0.42352092266082764,0.7952917814254761,0.8666617274284363,0.6806958317756653,0.33397212624549866,2.577581270646334e-08,0.9999999621331416,9965,1300,97.28991470145509,113.11559295898769,0.5760554210282862,0.00843964098021388,2.5,1.25,3.5,iou,0.25,0.25,2.0,True,False,True,True,True,0.3,0.35,1.0,30,True,30,70,0.0,0.15,4.0,0.0,20,0.5,True,True
epoch,1784212932.7814572,245,546.7891594059765,1.2394730958351481e-05,1.2394730958351481e-05,1e-06,2e-07,1.0550409504843093e-05,0.5764912962913513,0.5373785495758057,0.5571891069412231,0.039112940430641174,0.017809497192502022,0.277481347322464,0.023112189024686813,0.0518694631755352,0.015559528954327106,2.595914338598959e-06,3.244516392442165e-06,5206,0.5,True,0.2,0.2,0.05,0.25,256,30,True,0.05,10,0.2,50,1.0,0.75,0,1.5463228225708008,0.04346386343240738,0.4390091300010681,0.18208634853363037,0.5668317675590515,0.17006465792655945,2.1874081994610606e-06,2.736477199505316e-06,1300,0.5,True,True,1.0,0.75,0.1038459911942482,0.05030707269906998,0.009495360549518737,0.6790005159578388,9212,960946,13567,970158,0.23210731923048575,0.31642957175499375,0.3786393454706273,0.2253261590624309,0.32593793764280976,0.3890322105107983,0.23019090440038328,0.23019090440038328,0.3279280607356085,0.3279280607356085,0.3871157956806958,0.3871157956806958,13567,9965,8665,996500,100.0,100.0,0.589878499507904,0.6460814476013184,0.4228086471557617,0.7950117588043213,0.8660720586776733,0.6791479587554932,0.3334561884403229,0.0001474427976543291,0.999782900330107,9965,1300,97.35654791771199,128.68092700501438,0.6350980750285089,0.009338926989585161,2.5,1.25,3.5,iou,0.25,0.25,2.0,True,False,True,True,True,0.3,0.35,1.0,30,True,30,70,0.0,0.15,4.0,0.0,20,0.5,True,True
epoch,1784213459.2831836,246,519.275543886004,1.2130399413333808e-05,1.2130399413333808e-05,1e-06,2e-07,1.0280513085193476e-05,0.574535608291626,0.536458432674408,0.5566719770431519,0.038077276200056076,0.01776398904621601,0.27657535672187805,0.023134928196668625,0.0513630174100399,0.015409862622618675,2.4810196919133887e-06,3.1017239052744117e-06,5206,0.5,True,0.2,0.2,0.05,0.25,256,30,True,0.05,10,0.2,50,1.0,0.75,0,,,,,,,,,,,,,,,0.10365603119134903,0.05020701140165329,0.009505282029552973,0.6795901820594089,9220,960767,13567,969987,0.2314439448662195,0.31355494950984003,0.37642809758973983,0.22488390948625342,0.3247586054396698,0.39072750055281197,0.22923269698533205,0.22923269698533205,0.32593793764280976,0.32593793764280976,0.38704208741799956,0.38704208741799956,13567,9965,8665,996500,100.0,100.0,0.5903363227844238,0.6461317539215088,0.4248007535934448,0.7951580286026001,0.8651875853538513,0.679663896560669,0.33485662937164307,7.371450126003598e-05,0.9998915427145195,9965,1300,97.33938785750125,108.5040812130319,0.623166322009638,0.008288100943900645,2.5,1.25,3.5,iou,0.25,0.25,2.0,True,False,True,True,True,0.3,0.35,1.0,30,True,30,70,0.0,0.15,4.0,0.0,20,0.5,True,True
epoch,1784213991.8337479,247,525.3739998099627,1.1870494849944516e-05,1.1870494849944516e-05,1e-06,2e-07,1.0015136846785455e-05,0.5721685886383057,0.5351181030273438,0.5560498833656311,0.037050630897283554,0.017699632793664932,0.27580222487449646,0.0230193343013525,0.0515933595597744,0.015477585606276989,2.8158924578747246e-06,3.5218154152971692e-06,5206,0.5,True,0.2,0.2,0.05,0.25,256,30,True,0.05,10,0.2,50,1.0,0.75,0,,,,,,,,,,,,,,,0.10253334045410156,0.049818165600299835,0.009514627179640533,0.6801061398982826,9227,960543,13567,969770,0.23166506965430825,0.31510282302646125,0.3768703471659173,0.22444165991007592,0.3235792732365298,0.388958502248102,0.22834819783297708,0.22834819783297708,0.32483231370236604,0.32483231370236604,0.3874106287314808,0.3874106287314808,13567,9965,8665,996500,100.0,100.0,0.590165376663208,0.6471818089485168,0.42647308111190796,0.79518723487854,0.8656298518180847,0.6801798343658447,0.3344880938529968,7.369446756211318e-05,0.9998916544363141,9965,1300,97.3176116407426,120.97096929803956,0.6535780839622021,0.00844174309168011,2.5,1.25,3.5,iou,0.25,0.25,2.0,True,False,True,True,True,0.3,0.35,1.0,30,True,30,70,0.0,0.15,4.0,0.0,20,0.5,True,True
epoch,1784214520.7036672,248,520.7207719200524,1.161504576964784e-05,1.161504576964784e-05,1e-06,2e-07,9.754309891114114e-06,0.570715069770813,0.5346360206604004,0.5560112595558167,0.03607854247093201,0.01772599294781685,0.27486586570739746,0.02315048687160015,0.05217977613210678,0.015654707327485085,2.6657705802790588e-06,3.3322655781375943e-06,5206,0.5,True,0.2,0.2,0.05,0.25,256,30,True,0.05,10,0.2,50,1.0,0.75,0,,,,,,,,,,,,,,,0.10171658545732498,0.049683328717947006,0.009505740687438164,0.6791479324832314,9214,960095,13567,969309,0.23100169529004203,0.31355494950984003,0.37576472322547355,0.22436795164737966,0.3209257757794649,0.38689467089260704,0.2290115721972433,0.2290115721972433,0.32439006412618854,0.32439006412618854,0.38505196432520084,0.38505196432520084,13567,9965,8665,996500,100.0,100.0,0.5903283953666687,0.6471909880638123,0.42577075958251953,0.7953020930290222,0.8646716475486755,0.6792216300964355,0.33330875635147095,7.369761320419332e-05,0.9998914969577842,9965,1300,97.27134972403412,108.84929037897382,0.6453074830351397,0.008567993994802237,2.5,1.25,3.5,iou,0.25,0.25,2.0,True,False,True,True,True,0.3,0.35,1.0,30,True,30,70,0.0,0.15,4.0,0.0,20,0.5,True,True
epoch,1784215049.297849,249,521.4551310680108,1.1364080185314072e-05,1.1364080185314072e-05,1e-06,2e-07,9.498060820794374e-06,0.5695242285728455,0.5344147086143494,0.555791437625885,0.0351097397506237,0.017712263390421867,0.2742243707180023,0.023241300135850906,0.052392590790987015,0.015717150643467903,1.7526278952573193e-06,2.1905575522396248e-06,5206,0.5,True,0.2,0.2,0.05,0.25,256,30,True,0.05,10,0.2,50,1.0,0.75,0,,,,,,,,,,,,,,,0.10167600959539413,0.04984968155622482,0.009492057792278815,0.6780423085427877,9199,959927,13567,969126,0.23232844401857447,0.3140709073487138,0.37598584801356233,0.2253261590624309,0.3174614874327412,0.3852730891132896,0.22908528045993956,0.22908528045993956,0.3216628584064274,0.3216628584064274,0.3846834230117196,0.3846834230117196,13567,9965,8665,996500,100.0,100.0,0.5900357365608215,0.6459805369377136,0.42458415031433105,0.7957261800765991,0.865408718585968,0.6781160235404968,0.3344880938529968,7.371499770914003e-05,0.9998912944169579,9965,1300,97.25298544907174,108.67239235399757,0.6538762849522755,0.008613915997557342,2.5,1.25,3.5,iou,0.25,0.25,2.0,True,False,True,True,True,0.3,0.35,1.0,30,True,30,70,0.0,0.15,4.0,0.0,20,0.5,True,True
epoch,1784215587.8899794,250,531.215501551982,1.1117625618147696e-05,1.1117625618147696e-05,1e-06,2e-07,9.246417736424485e-06,0.5680508017539978,0.5339204668998718,0.5551440715789795,0.0341302864253521,0.017645489424467087,0.2747918367385864,0.023040875792503357,0.05217822641134262,0.015654848888516426,3.0839091778034344e-06,3.854266651615035e-06,5206,0.5,True,0.2,0.2,0.05,0.25,256,30,True,0.05,10,0.2,50,1.0,0.75,0,1.5537043809890747,0.043588828295469284,0.4382987320423126,0.1838076412677765,0.5685138702392578,0.17052045464515686,2.3716700070508523e-06,2.957944161607884e-06,1300,0.5,True,True,1.0,0.75,0.10117216408252716,0.049823008477687836,0.009521313315908032,0.6801061398982826,9227,959862,13567,969089,0.23166506965430825,0.3140709073487138,0.37650180585243603,0.22635807474017838,0.31856711137318494,0.3874106287314808,0.2298960713495983,0.2298960713495983,0.32225252450799735,0.32225252450799735,0.3857153386894671,0.3857153386894671,13567,9965,8665,996500,100.0,100.0,0.5903470516204834,0.6477566361427307,0.42429104447364807,0.7964926362037659,0.8645979166030884,0.6801798343658447,0.3338984251022339,7.369446756211318e-05,0.9998916544363141,9965,1300,97.24927245358755,125.54977635701653,0.6367879339959472,0.009129323065280914,2.5,1.25,3.5,iou,0.25,0.25,2.0,True,False,True,True,True,0.3,0.35,1.0,30,True,30,70,0.0,0.15,4.0,0.0,20,0.5,True,True
epoch,1784216114.270768,251,516.2741998110432,1.0875709094669233e-05,1.0875709094669233e-05,1e-06,2e-07,8.999408233504387e-06,0.5667093396186829,0.5335915088653564,0.5536656975746155,0.03311832249164581,0.017681365832686424,0.2741950750350952,0.023046227172017097,0.05246911197900772,0.015741650015115738,2.5530259790684795e-06,3.189801418557181e-06,5206,0.5,True,0.2,0.2,0.05,0.25,256,30,True,0.05,10,0.2,50,1.0,0.75,0,,,,,,,,,,,,,,,0.10120739042758942,0.050052594393491745,0.009531013459615477,0.6807695142625488,9236,959811,13567,969047,0.23122282007813075,0.31473428171298,0.3774600132674873,0.2256209921132159,0.31827227832239996,0.388074003095747,0.23033832092577577,0.23033832092577577,0.3229158988722636,0.3229158988722636,0.3871157956806958,0.3871157956806958,13567,9965,8665,996500,100.0,100.0,0.5910326242446899,0.6499398946762085,0.42451736330986023,0.7974528670310974,0.8640082478523254,0.6809169054031372,0.33765754103660583,0.000147391140588371,0.9997835401949653,9965,1300,97.24505770195685,109.95867864100728,0.5919060610467568,0.00929113500751555,2.5,1.25,3.5,iou,0.25,0.25,2.0,True,False,True,True,True,0.3,0.35,1.0,30,True,30,70,0.0,0.15,4.0,0.0,20,0.5,True,True
epoch,1784216635.4954994,252,513.982089933008,1.0638357143751668e-05,1.0638357143751668e-05,1e-06,2e-07,8.757059399409597e-06,0.5658583641052246,0.5336098670959473,0.5542799234390259,0.032248228788375854,0.017638688907027245,0.27434390783309937,0.02312767691910267,0.052156828343868256,0.015647104009985924,2.359655582040432e-06,2.950993120975909e-06,5206,0.5,True,0.2,0.2,0.05,0.25,256,30,True,0.05,10,0.2,50,1.0,0.75,0,,,,,,,,,,,,,,,0.10158652812242508,0.050146155059337616,0.00954091878190932,0.68113805557603,9241,959324,13567,968565,0.23078057050195327,0.3156924891280313,0.37827080415714603,0.2265791995282671,0.31996756836441365,0.38822141962113954,0.2300434878749908,0.2300434878749908,0.3233581484484411,0.3233581484484411,0.3860101717402521,0.3860101717402521,13567,9965,8665,996500,100.0,100.0,0.5914632678031921,0.6487467288970947,0.42600831389427185,0.7968443632125854,0.8656298518180847,0.6812117695808411,0.33876317739486694,7.371400481104295e-05,0.9998917898837003,9965,1300,97.19668840943302,109.09317872091196,0.5380199269857258,0.008222652948461473,2.5,1.25,3.5,iou,0.25,0.25,2.0,True,False,True,True,True,0.3,0.35,1.0,30,True,30,70,0.0,0.15,4.0,0.0,20,0.5,True,True
epoch,1784217173.7676816,253,528.4473082940094,1.0405595793711126e-05,1.0405595793711126e-05,1e-06,2e-07,8.51939781042084e-06,0.5645977258682251,0.533231258392334,0.5544582009315491,0.031366847455501556,0.01768428646028042,0.2744060754776001,0.022988922894001007,0.052842363715171814,0.015852702781558037,2.114637709382805e-06,2.643797870405251e-06,5206,0.5,True,0.2,0.2,0.05,0.25,256,30,True,0.05,10,0.2,50,1.0,0.75,0,,,,,,,,,,,,,,,0.1019686907529831,0.05055335909128189,0.009547596529122905,0.6815803051522076,9247,959269,13567,968516,0.231296528340827,0.31532394781455003,0.37893417852141226,0.22687403257905212,0.32040981794059115,0.38748433699417706,0.23026461266307954,0.23026461266307954,0.32298960713495983,0.32298960713495983,0.3851256725878971,0.3851256725878971,13567,9965,8665,996500,100.0,100.0,0.5915995240211487,0.6492989659309387,0.4234076738357544,0.7976784706115723,0.8646716475486755,0.6817277073860168,0.3384683430194855,0.00014740223380926842,0.9997837813657677,9965,1300,97.19177119919719,109.0902869469719,0.5357591219944879,0.008382202009670436,2.5,1.25,3.5,iou,0.25,0.25,2.0,True,False,True,True,True,0.3,0.35,1.0,30,True,30,70,0.0,0.15,4.0,0.0,20,0.5,True,True
epoch,1784217726.8944674,254,544.6600727370242,1.0177450569452633e-05,1.0177450569452633e-05,1e-06,2e-07,8.286449528809543e-06,0.5625443458557129,0.5320951342582703,0.5537039041519165,0.03044924885034561,0.017631415277719498,0.2736477553844452,0.022945556789636612,0.05250811204314232,0.015753721818327904,2.2941649149288423e-06,2.867152716135024e-06,5206,0.5,True,0.2,0.2,0.05,0.25,256,30,True,0.05,10,0.2,50,1.0,0.75,0,,,,,,,,,,,,,,,0.10189010947942734,0.050550688058137894,0.009565645104956527,0.6823173877791701,9257,958477,13567,967734,0.23092798702734577,0.31716665438195624,0.380039802461856,0.2273162821552296,0.3191567774747549,0.3878528783076583,0.2300434878749908,0.2300434878749908,0.32195769145721237,0.32195769145721237,0.3871157956806958,0.3871157956806958,13567,9965,8665,996500,100.0,100.0,0.5924593210220337,0.651019811630249,0.4243491291999817,0.799382209777832,0.8665880560874939,0.6823911070823669,0.3415640890598297,7.371930319688413e-05,0.9998919691326107,9965,1300,97.11329653788259,125.92758016393054,0.633443949976936,0.008499054936692119,2.5,1.25,3.5,iou,0.25,0.25,2.0,True,False,True,True,True,0.3,0.35,1.0,30,True,30,70,0.0,0.15,4.0,0.0,20,0.5,True,True
epoch,1784218287.381062,255,552.1418263530359,9.953946489670986e-06,9.953946489670986e-06,1e-06,2e-07,8.058240099979852e-06,0.5610435605049133,0.5314527750015259,0.553711473941803,0.029590580612421036,0.01763705350458622,0.2736264765262604,0.02283686213195324,0.051868196576833725,0.015559107065200806,1.8610611505209818e-06,2.3262741706275847e-06,5206,0.5,True,0.2,0.2,0.05,0.25,256,30,True,0.05,10,0.2,50,1.0,0.75,0,1.5754116773605347,0.043688952922821045,0.4361532926559448,0.19025161862373352,0.5731592774391174,0.171953946352005,1.6321965858878684e-06,2.0424695321707986e-06,1300,0.5,True,True,1.0,0.75,0.10170979052782059,0.05030209571123123,0.009565470017958518,0.6819488464656888,9252,957977,13567,967229,0.23107540355273826,0.316208446966905,0.377681138055576,0.2265791995282671,0.3191567774747549,0.38822141962113954,0.23033832092577577,0.23033832092577577,0.3217365666691236,0.3217365666691236,0.3871157956806958,0.3871157956806958,13567,9965,8665,996500,100.0,100.0,0.5925215482711792,0.651019811630249,0.4229373633861542,0.7987048625946045,0.8671039938926697,0.6820225715637207,0.34149038791656494,7.372509803194038e-05,0.9998919022608549,9965,1300,97.06261916708479,131.04010519303847,0.561222183983773,0.009073772002011538,2.5,1.25,3.5,iou,0.25,0.25,2.0,True,False,True,True,True,0.3,0.35,1.0,30,True,30,70,0.0,0.15,4.0,0.0,20,0.5,True,True
epoch,1784218806.568901,256,512.088014362962,9.735108064107183e-06,9.735108064107183e-06,1e-06,2e-07,7.834794549667345e-06,0.5586379170417786,0.529938280582428,0.5527944564819336,0.028699900954961777,0.01757844164967537,0.2729943096637726,0.022756045684218407,0.051788926124572754,0.015536191873252392,1.6324776197507163e-06,2.0401178062456893e-06,5206,0.5,True,0.2,0.2,0.05,0.25,256,30,True,0.05,10,0.2,50,1.0,0.75,0,,,,,,,,,,,,,,,0.10180704295635223,0.050511814653873444,0.00955761031829065,0.6814328886268151,9245,958047,13567,967292,0.23151765312891576,0.3174614874327412,0.37922901157219724,0.22738999041792585,0.3181985700597037,0.38917962703619075,0.23026461266307954,0.23026461266307954,0.3217365666691236,0.3217365666691236,0.38822141962113954,0.38822141962113954,13567,9965,8665,996500,100.0,100.0,0.5922698974609375,0.6502425670623779,0.4253994822502136,0.7991372346878052,0.8663669228553772,0.6815803050994873,0.3399425148963928,0.000147416472672246,0.9997837137141885,9965,1300,97.06894129453086,108.46550434199162,0.6175675130216405,0.008114367024973035,2.5,1.25,3.5,iou,0.25,0.25,2.0,True,False,True,True,True,0.3,0.35,1.0,30,True,30,70,0.0,0.15,4.0,0.0,20,0.5,True,True
epoch,1784219334.3952181,257,519.4119254859397,9.5209592908607e-06,9.5209592908607e-06,1e-06,2e-07,7.616137381194612e-06,0.5587723851203918,0.5308983325958252,0.5527897477149963,0.027874084189534187,0.01760479062795639,0.27332553267478943,0.022894660010933876,0.05131923034787178,0.015394621528685093,2.079871819660184e-06,2.5993099370680284e-06,5206,0.5,True,0.2,0.2,0.05,0.25,256,30,True,0.05,10,0.2,50,1.0,0.75,0,,,,,,,,,,,,,,,0.10125719010829926,0.050483088940382004,0.00951902461011076,0.6787056829070539,9208,958118,13567,967326,0.23078057050195327,0.3137760742979288,0.3771651802167023,0.22687403257905212,0.31650328001768996,0.3872632122060883,0.23019090440038328,0.23019090440038328,0.31952531878823615,0.31952531878823615,0.3867472543672146,0.3867472543672146,13567,9965,8665,996500,100.0,100.0,0.5918524265289307,0.6498335599899292,0.4216918349266052,0.8000681400299072,0.8652613162994385,0.6788530945777893,0.34370163083076477,0.00014741167073539785,0.999782851883695,9965,1300,97.07235323632715,108.48533374804538,0.5553036769852042,0.008603578084148467,2.5,1.25,3.5,iou,0.25,0.25,2.0,True,False,True,True,True,0.3,0.35,1.0,30,True,30,70,0.0,0.15,4.0,0.0,20,0.5,True,True
epoch,1784219858.1195142,258,516.4640097150113,9.311523653757718e-06,9.311523653757718e-06,1e-06,2e-07,7.402292572784204e-06,0.5572574138641357,0.5302277207374573,0.5520726442337036,0.027029791846871376,0.017546504735946655,0.2729959785938263,0.02287917211651802,0.051440950483083725,0.015430946834385395,2.115416464221198e-06,2.643866537255235e-06,5206,0.5,True,0.2,0.2,0.05,0.25,256,30,True,0.05,10,0.2,50,1.0,0.75,0,,,,,,,,,,,,,,,0.10076306760311127,0.05013303831219673,0.00950319374709906,0.6776000589666101,9193,958166,13567,967359,0.2314439448662195,0.31539765607724624,0.3790078867841085,0.2257684086386084,0.3173140709073487,0.38689467089260704,0.23033832092577577,0.23033832092577577,0.3214417336183386,0.3214417336183386,0.38615758826564456,0.38615758826564456,13567,9965,8665,996500,100.0,100.0,0.5910070538520813,0.6480064988136292,0.42339372634887695,0.7982088327407837,0.8657772541046143,0.6777474880218506,0.3400162160396576,0.00014742905524045558,0.9997824720004928,9965,1300,97.07566482689413,109.22959589597303,0.650165423983708,0.008855272899381816,2.5,1.25,3.5,iou,0.25,0.25,2.0,True,False,True,True,True,0.3,0.35,1.0,30,True,30,70,0.0,0.15,4.0,0.0,20,0.5,True,True
epoch,1784220390.992146,259,525.6864185539307,9.106824119775993e-06,9.106824119775993e-06,1e-06,2e-07,7.193283574929174e-06,0.555614173412323,0.5294271111488342,0.5509931445121765,0.026186812669038773,0.017521614208817482,0.2729644775390625,0.022751539945602417,0.05080286040902138,0.015240449458360672,2.6293423616152722e-06,3.2865953016880667e-06,5206,0.5,True,0.2,0.2,0.05,0.25,256,30,True,0.05,10,0.2,50,1.0,0.75,0,,,,,,,,,,,,,,,0.10095202922821045,0.05014455318450928,0.009527137609500051,0.6792216407459276,9215,958022,13567,967237,0.23225473575587824,0.31554507260263875,0.37635438932704357,0.2265791995282671,0.31783002874622246,0.38534679737598587,0.23063315397656078,0.23063315397656078,0.31996756836441365,0.31996756836441365,0.38497825606250463,0.38497825606250463,13567,9965,8665,996500,100.0,100.0,0.5914250016212463,0.6491650342941284,0.4212527871131897,0.798882782459259,0.8640082478523254,0.6792953610420227,0.3407532870769501,7.372029609509223e-05,0.9998914753429465,9965,1300,97.06342197691922,119.1653572479263,0.5300259890500456,0.008259844966232777,2.5,1.25,3.5,iou,0.25,0.25,2.0,True,False,True,True,True,0.3,0.35,1.0,30,True,30,70,0.0,0.15,4.0,0.0,20,0.5,True,True
epoch,1784220956.4471195,260,557.2431388279656,8.906883136526174e-06,8.906883136526174e-06,1e-06,2e-07,6.989133307821471e-06,0.5555749535560608,0.5301967263221741,0.5502259135246277,0.02537793293595314,0.017556149512529373,0.2729133367538452,0.02282932959496975,0.05178188532590866,0.015535417944192886,2.4780745206953725e-06,3.0980966130300658e-06,5206,0.5,True,0.2,0.2,0.05,0.25,256,30,True,0.05,10,0.2,50,1.0,0.75,0,1.5778512954711914,0.04353673383593559,0.43817898631095886,0.1903524100780487,0.5749197602272034,0.1724567860364914,2.4702339942450635e-06,3.083448746110662e-06,1300,0.5,True,True,1.0,0.75,0.10070496797561646,0.049899425357580185,0.009497189944833336,0.6767155598142551,9181,957526,13567,966707,0.2332866514336257,0.31466057345028375,0.37650180585243603,0.22672661605365962,0.3184196948477924,0.3852730891132896,0.23114911181543452,0.23114911181543452,0.3204835262032874,0.3204835262032874,0.38446229822363087,0.38446229822363087,13567,9965,8665,996500,100.0,100.0,0.5906049013137817,0.6498598456382751,0.4196944236755371,0.7981605529785156,0.8662195205688477,0.6768629550933838,0.33809980750083923,0.00014739527912865924,0.9997822376331582,9965,1300,97.01023582538886,143.83763630292378,0.5764102149987593,0.009313676971942186,2.5,1.25,3.5,iou,0.25,0.25,2.0,True,False,True,True,True,0.3,0.35,1.0,30,True,30,70,0.0,0.15,4.0,0.0,20,0.5,True,True
epoch,1784221499.39962,261,535.7340121980524,8.71172262979024e-06,8.71172262979024e-06,1e-06,2e-07,6.78986415883846e-06,0.5538094639778137,0.5291206240653992,0.5517174601554871,0.024689089506864548,0.017525460571050644,0.27251529693603516,0.022739291191101074,0.05180532857775688,0.015540697611868382,2.3118625449569663e-06,2.8906752049806528e-06,5206,0.5,True,0.2,0.2,0.05,0.25,256,30,True,0.05,10,0.2,50,1.0,0.75,0,,,,,,,,,,,,,,,0.10110359638929367,0.05042610689997673,0.00955589193839231,0.6812117638387263,9242,957910,13567,967152,0.23151765312891576,0.3152502395518538,0.37620697280165105,0.2256209921132159,0.31812486179700744,0.3860101717402521,0.22974865482420578,0.22974865482420578,0.32018869315250237,0.32018869315250237,0.3864524213164296,0.3864524213164296,13567,9965,8665,996500,100.0,100.0,0.592190146446228,0.6513334512710571,0.4244401454925537,0.7991966009140015,0.8654824495315552,0.6812855005264282,0.3397213816642761,7.373668770194186e-05,0.9998917683003015,9965,1300,97.0548921224285,108.39233078598045,0.5959327099844813,0.008508716011419892,2.5,1.25,3.5,iou,0.25,0.25,2.0,True,False,True,True,True,0.3,0.35,1.0,30,True,30,70,0.0,0.15,4.0,0.0,20,0.5,True,True
epoch,1784222029.024982,262,520.9725053940201,8.52136400111695e-06,8.52136400111695e-06,1e-06,2e-07,6.595497980087844e-06,0.5538149476051331,0.5299241542816162,0.5503882169723511,0.02389070764183998,0.017560740932822227,0.27282339334487915,0.0227916669100523,0.05200659856200218,0.015601768158376217,2.3938389404065674e-06,2.992578856719774e-06,5206,0.5,True,0.2,0.2,0.05,0.25,256,30,True,0.05,10,0.2,50,1.0,0.75,0,,,,,,,,,,,,,,,0.10082375258207321,0.05014848709106445,0.009511271430610223,0.6778948920173952,9197,957761,13567,966958,0.23070686223925702,0.31458686518758755,0.3781233876317535,0.2257684086386084,0.31672440480577874,0.38659983784182206,0.23055944571386452,0.23055944571386452,0.31856711137318494,0.31856711137318494,0.3862312965283408,0.3862312965283408,13567,9965,8665,996500,100.0,100.0,0.591410219669342,0.651332676410675,0.4217914938926697,0.79850172996521,0.8649664521217346,0.6781160235404968,0.3386894762516022,0.00022113152310165862,0.9996739031147692,9965,1300,97.0354239839438,115.82039635896217,0.5772743039997295,0.008494246052578092,2.5,1.25,3.5,iou,0.25,0.25,2.0,True,False,True,True,True,0.3,0.35,1.0,30,True,30,70,0.0,0.15,4.0,0.0,20,0.5,True,True
epoch,1784222583.2381687,263,546.2748315799981,8.335828125475157e-06,8.335828125475157e-06,1e-06,2e-07,6.406056086011479e-06,0.5506682991981506,0.527492880821228,0.5505489706993103,0.023175710812211037,0.0174979567527771,0.2712840735912323,0.022657418623566628,0.0522141307592392,0.015662768855690956,3.1416959700436564e-06,3.925058990716934e-06,5206,0.5,True,0.2,0.2,0.05,0.25,256,30,True,0.05,10,0.2,50,1.0,0.75,0,,,,,,,,,,,,,,,0.10033373534679413,0.04999639838933945,0.009538271083564157,0.6792216407459276,9215,956893,13567,966108,0.23122282007813075,0.3137760742979288,0.37753372153018355,0.22635807474017838,0.3174614874327412,0.38519938085059335,0.2293064052480283,0.2293064052480283,0.3198201518390211,0.3198201518390211,0.3854205056386821,0.3854205056386821,13567,9965,8665,996500,100.0,100.0,0.591913104057312,0.6504541039466858,0.42330580949783325,0.7980626225471497,0.8662195205688477,0.6792953610420227,0.3383946418762207,7.372029609509223e-05,0.9998914753429465,9965,1300,96.95012543903663,119.9396480669966,0.5629091439768672,0.008740317076444626,2.5,1.25,3.5,iou,0.25,0.25,2.0,True,False,True,True,True,0.3,0.35,1.0,30,True,30,70,0.0,0.15,4.0,0.0,20,0.5,True,True
epoch,1784223114.9135637,264,522.8527844669297,8.155135348964355e-06,8.155135348964355e-06,1e-06,2e-07,6.221559251047822e-06,0.5514492988586426,0.5290154814720154,0.5496276021003723,0.022433454170823097,0.017553182318806648,0.272321879863739,0.022714368999004364,0.052002374082803726,0.015600324608385563,2.4323480829480104e-06,3.0401861295104027e-06,5206,0.5,True,0.2,0.2,0.05,0.25,256,30,True,0.05,10,0.2,50,1.0,0.75,0,,,,,,,,,,,,,,,0.10008779913187027,0.04985294118523598,0.009524953431375088,0.6780423085427877,9199,956580,13567,965779,0.23019090440038328,0.31281786688287755,0.3762806810643473,0.22709515736714087,0.3161347387042087,0.3839463403847571,0.23019090440038328,0.23019090440038328,0.3197464435763249,0.3197464435763249,0.38357779907127587,0.38357779907127587,13567,9965,8665,996500,100.0,100.0,0.5914363861083984,0.6506015658378601,0.42071205377578735,0.7976571321487427,0.8648927807807922,0.6782634258270264,0.3375101387500763,0.00022111728423868104,0.9996739949762601,9965,1300,96.91710988459609,108.83449773595203,0.548038040054962,0.008446510066278279,2.5,1.25,3.5,iou,0.25,0.25,2.0,True,False,True,True,True,0.3,0.35,1.0,30,True,30,70,0.0,0.15,4.0,0.0,20,0.5,True,True
epoch,1784223657.7868006,265,534.7571218250087,7.979305486583755e-06,7.979305486583755e-06,1e-06,2e-07,6.042027707353943e-06,0.5514284372329712,0.5296655893325806,0.550017774105072,0.02176281437277794,0.017558353021740913,0.27241250872612,0.02279856614768505,0.05185932293534279,0.015557698905467987,2.2350848212226992e-06,2.7919923013541847e-06,5206,0.5,True,0.2,0.2,0.05,0.25,256,30,True,0.05,10,0.2,50,1.0,0.75,0,1.5893081426620483,0.043712981045246124,0.43629270792007446,0.19402682781219482,0.5769782066345215,0.1731012910604477,2.278167585245683e-06,2.838822183548473e-06,1300,0.5,True,True,1.0,0.75,0.10007590055465698,0.04974766820669174,0.009534137494588172,0.6784845581189651,9205,956273,13567,965478,0.23048573745116827,0.31436574039949877,0.3753961819119923,0.22694774084174835,0.3173140709073487,0.3826932999189209,0.22974865482420578,0.22974865482420578,0.3193041940001474,0.3193041940001474,0.3831355494950984,0.3831355494950984,13567,9965,8665,996500,100.0,100.0,0.5917829871177673,0.6502410173416138,0.42235302925109863,0.7988011837005615,0.8652613162994385,0.6785582900047302,0.3400162160396576,7.373188576509371e-05,0.9998913403802574,9965,1300,96.88690416457601,125.77314109401777,0.5510502019897103,0.009128340985625982,2.5,1.25,3.5,iou,0.25,0.25,2.0,True,False,True,True,True,0.3,0.35,1.0,30,True,30,70,0.0,0.15,4.0,0.0,20,0.5,True,True
epoch,1784224190.9645078,266,524.9156816019677,7.808357820059177e-06,7.808357820059177e-06,1e-06,2e-07,5.86748114258674e-06,0.5489135980606079,0.5278589129447937,0.548999547958374,0.021054740995168686,0.01755532994866371,0.27152079343795776,0.022772589698433876,0.05118068680167198,0.015354389324784279,2.048813257715665e-06,2.5605295377317816e-06,5206,0.5,True,0.2,0.2,0.05,0.25,256,30,True,0.05,10,0.2,50,1.0,0.75,0,,,,,,,,,,,,,,,0.10023891925811768,0.04982186108827591,0.00955548002271512,0.6796638903221051,9221,955775,13567,964996,0.22952753003611706,0.31355494950984003,0.3758384314881698,0.22635807474017838,0.3179037370089187,0.38357779907127587,0.2294538217734208,0.2294538217734208,0.3203361096778949,0.3203361096778949,0.38402004864745337,0.38402004864745337,13567,9965,8665,996500,100.0,100.0,0.5921949744224548,0.6508595943450928,0.4252851605415344,0.7983206510543823,0.8669565916061401,0.6798850297927856,0.34038475155830383,0.00022113947068058692,0.9996747399030863,9965,1300,96.83853487205218,111.95749291300308,0.5302970920456573,0.009261213941499591,2.5,1.25,3.5,iou,0.25,0.25,2.0,True,False,True,True,True,0.3,0.35,1.0,30,True,30,70,0.0,0.15,4.0,0.0,20,0.5,True,True
epoch,1784224712.2009826,267,514.2222327380441,7.642311095728651e-06,7.642311095728651e-06,1e-06,2e-07,5.697938697744003e-06,0.5476581454277039,0.5272368788719177,0.5494487881660461,0.020421398803591728,0.017422324046492577,0.2714550793170929,0.02264263480901718,0.05074964091181755,0.015224223025143147,2.3323202640312957e-06,2.915610821219161e-06,5206,0.5,True,0.2,0.2,0.05,0.25,256,30,True,0.05,10,0.2,50,1.0,0.75,0,,,,,,,,,,,,,,,0.10013414174318314,0.049821991473436356,0.009563889142203394,0.6802535564236751,9229,955755,13567,964984,0.22952753003611706,0.3125967420947888,0.37591213975086607,0.22554728385051964,0.3157661973907275,0.38247217513083215,0.22849561435836957,0.22849561435836957,0.3198938601017174,0.3198938601017174,0.38402004864745337,0.38402004864745337,13567,9965,8665,996500,100.0,100.0,0.5920126438140869,0.6497455835342407,0.42455291748046875,0.7984894514083862,0.8665880560874939,0.6804009675979614,0.3391317129135132,0.0001474111742862938,0.999783346612797,9965,1300,96.83733065730056,109.20234970201273,0.5356982540106401,0.008213643915951252,2.5,1.25,3.5,iou,0.25,0.25,2.0,True,False,True,True,True,0.3,0.35,1.0,30,True,30,70,0.0,0.15,4.0,0.0,20,0.5,True,True
epoch,1784225241.9164305,268,522.8390875100158,7.481183522486696e-06,7.481183522486696e-06,1e-06,2e-07,5.533418965065375e-06,0.5469862222671509,0.5271852612495422,0.5497811436653137,0.01980064995586872,0.017436740919947624,0.27115491032600403,0.022685155272483826,0.05133978649973869,0.015400535427033901,2.3988595785340294e-06,2.9964321583975106e-06,5206,0.5,True,0.2,0.2,0.05,0.25,256,30,True,0.05,10,0.2,50,1.0,0.75,0,,,,,,,,,,,,,,,0.10057589411735535,0.05001484602689743,0.009519092582941065,0.6771578093904327,9187,955926,13567,965113,0.23063315397656078,0.31458686518758755,0.37554359843738483,0.2265791995282671,0.31650328001768996,0.38350409080857967,0.22834819783297708,0.22834819783297708,0.31967273531362866,0.31967273531362866,0.3846834230117196,0.3846834230117196,13567,9965,8665,996500,100.0,100.0,0.5915594100952148,0.6505172252655029,0.42252272367477417,0.7976254224777222,0.8656298518180847,0.6773052215576172,0.33854204416275024,0.0001474121671845019,0.9997823548933441,9965,1300,96.85027596588058,118.14976538694464,0.5403606160543859,0.00858427700586617,2.5,1.25,3.5,iou,0.25,0.25,2.0,True,False,True,True,True,0.3,0.35,1.0,30,True,30,70,0.0,0.15,4.0,0.0,20,0.5,True,True
epoch,1784225765.1567714,269,515.2678994060261,7.324992769787466e-06,7.324992769787466e-06,1e-06,2e-07,5.37393998599352e-06,0.5457603931427002,0.5265895128250122,0.5493696331977844,0.01917116902768612,0.017460843548178673,0.27084144949913025,0.022663401439785957,0.051173508167266846,0.01535368524491787,2.418034000584157e-06,3.023116960321204e-06,5206,0.5,True,0.2,0.2,0.05,0.25,256,30,True,0.05,10,0.2,50,1.0,0.75,0,,,,,,,,,,,,,,,0.10065483301877975,0.0499911867082119,0.009541349822200895,0.6785582663816614,9206,955647,13567,964853,0.23166506965430825,0.31473428171298,0.3756173067000811,0.22694774084174835,0.31642957175499375,0.3852730891132896,0.22768482346871086,0.22768482346871086,0.3203361096778949,0.3203361096778949,0.38505196432520084,0.38505196432520084,13567,9965,8665,996500,100.0,100.0,0.5912985801696777,0.651544451713562,0.42341089248657227,0.7982590198516846,0.8651875853538513,0.6788530945777893,0.33802610635757446,0.00029482819612791644,0.9995656966161268,9965,1300,96.82418464626191,110.4645113509614,0.5287446220172569,0.00824831600766629,2.5,1.25,3.5,iou,0.25,0.25,2.0,True,False,True,True,True,0.3,0.35,1.0,30,True,30,70,0.0,0.15,4.0,0.0,20,0.5,True,True
epoch,1784226303.0251868,270,530.7778250519186,7.17375596570706e-06,7.17375596570706e-06,1e-06,2e-07,5.2195192491956346e-06,0.5460052490234375,0.5274649262428284,0.548367440700531,0.018540766090154648,0.0174404326826334,0.2714401185512543,0.022704090923070908,0.051519863307476044,0.015456924214959145,2.020328565777163e-06,2.5256786102545448e-06,5206,0.5,True,0.2,0.2,0.05,0.25,256,30,True,0.05,10,0.2,50,1.0,0.75,0,1.5929616689682007,0.04370990768074989,0.4387255012989044,0.19411306083202362,0.5778606534004211,0.17335495352745056,2.185960283895838e-06,2.736941951297922e-06,1300,0.5,True,True,1.0,0.75,0.10038206726312637,0.049973443150520325,0.009508897092372143,0.6759047689245965,9170,955190,13567,964360,0.23107540355273826,0.3134812412471438,0.3761332645389548,0.22650549126557087,0.3160610304415125,0.38365150733397213,0.22974865482420578,0.22974865482420578,0.31878823616127366,0.31878823616127366,0.3855679221640746,0.3855679221640746,13567,9965,8665,996500,100.0,100.0,0.5900787115097046,0.6490505337715149,0.4204333424568176,0.7972829341888428,0.8655561208724976,0.6761996150016785,0.3361833989620209,0.0002948460770819672,0.9995639659199137,9965,1300,96.77471149021575,126.30295274197124,0.5462528399657458,0.00891059497371316,2.5,1.25,3.5,iou,0.25,0.25,2.0,True,False,True,True,True,0.3,0.35,1.0,30,True,30,70,0.0,0.15,4.0,0.0,20,0.5,True,True
epoch,1784226824.5325065,271,514.6328856688924,7.027489695065367e-06,7.027489695065367e-06,1e-06,2e-07,5.070173688645705e-06,0.5443535447120667,0.5263908505439758,0.5483425259590149,0.017962746322155,0.01735551469027996,0.27135881781578064,0.022594481706619263,0.05048796907067299,0.015147031284868717,1.9496935692586703e-06,2.4368182494072244e-06,5206,0.5,True,0.2,0.2,0.05,0.25,256,30,True,0.05,10,0.2,50,1.0,0.75,0,,,,,,,,,,,,,,,0.10068667680025101,0.0501345694065094,0.009546049157692391,0.6782634333308764,9202,954757,13567,963959,0.23166506965430825,0.31488169823837253,0.37569101496277735,0.22569470037591213,0.31672440480577874,0.3846834230117196,0.2290115721972433,0.2290115721972433,0.32114690056755363,0.32114690056755363,0.38475713127441585,0.38475713127441585,13567,9965,8665,996500,100.0,100.0,0.5912637710571289,0.650979220867157,0.42288851737976074,0.7991896867752075,0.8645979166030884,0.6785582900047302,0.3397213816642761,0.0002948566738538716,0.9995654659618824,9965,1300,96.73447064726543,110.12200405600015,0.5282201450318098,0.008608212927356362,2.5,1.25,3.5,iou,0.25,0.25,2.0,True,False,True,True,True,0.3,0.35,1.0,30,True,30,70,0.0,0.15,4.0,0.0,20,0.5,True,True
epoch,1784227346.2308881,272,513.7850664479192,6.886209997607236e-06,6.886209997607236e-06,1e-06,2e-07,4.9259196817673986e-06,0.542971134185791,0.5255807638168335,0.547906219959259,0.017390070483088493,0.01737082004547119,0.27102145552635193,0.022464808076620102,0.05036618188023567,0.015110460110008717,3.185583636877709e-06,3.9809160625736695e-06,5206,0.5,True,0.2,0.2,0.05,0.25,256,30,True,0.05,10,0.2,50,1.0,0.75,0,,,,,,,,,,,,,,,0.10052018612623215,0.04978768900036812,0.009565122638425495,0.6793690572713201,9217,954388,13567,963605,0.232475860543967,0.3131864081963588,0.3753961819119923,0.22643178300287461,0.3168718213311712,0.38446229822363087,0.22879044740915458,0.22879044740915458,0.32225252450799735,0.32225252450799735,0.38424117343554215,0.38424117343554215,13567,9965,8665,996500,100.0,100.0,0.5917345285415649,0.6503705978393555,0.42203831672668457,0.7988699078559875,0.8654824495315552,0.679663896560669,0.3389105796813965,0.00029483928934881387,0.9995661983947642,9965,1300,96.69894631209232,109.30010662705172,0.5392237199703231,0.008438972057774663,2.5,1.25,3.5,iou,0.25,0.25,2.0,True,False,True,True,True,0.3,0.35,1.0,30,True,30,70,0.0,0.15,4.0,0.0,20,0.5,True,True
epoch,1784227867.3397324,273,514.1932511900086,6.74993236624355e-06,6.74993236624355e-06,1e-06,2e-07,4.786773047638155e-06,0.5404322147369385,0.5236075520515442,0.5470873117446899,0.016824964433908463,0.017258545383810997,0.27007701992988586,0.022369911894202232,0.050265371799468994,0.015080329030752182,1.7179553424284677e-06,2.1482480860868236e-06,5206,0.5,True,0.2,0.2,0.05,0.25,256,30,True,0.05,10,0.2,50,1.0,0.75,0,,,,,,,,,,,,,,,0.10065065324306488,0.04996943101286888,0.00953570883762729,0.6773052259158252,9189,954452,13567,963641,0.23070686223925702,0.31392349082332127,0.37591213975086607,0.22436795164737966,0.31598732217881625,0.38350409080857967,0.22768482346871086,0.22768482346871086,0.32063094272867987,0.32063094272867987,0.38357779907127587,0.38357779907127587,13567,9965,8665,996500,100.0,100.0,0.5912445187568665,0.6494307518005371,0.4228489100933075,0.79844069480896,0.8665143251419067,0.6774526238441467,0.33802610635757446,0.00014739792832152432,0.9997824232674971,9965,1300,96.70255895634722,109.11406550405081,0.5275985449552536,0.00825619196984917,2.5,1.25,3.5,iou,0.25,0.25,2.0,True,False,True,True,True,0.3,0.35,1.0,30,True,30,70,0.0,0.15,4.0,0.0,20,0.5,True,True
epoch,1784228389.903415,274,514.3123565880815,6.618671745352319e-06,6.618671745352319e-06,1e-06,2e-07,4.652749045254474e-06,0.5411511063575745,0.5248317718505859,0.5475876331329346,0.016319306567311287,0.017387092113494873,0.27069202065467834,0.022374557331204414,0.050637707114219666,0.01519095990806818,1.6252298564722878e-06,2.0312966171331936e-06,5206,0.5,True,0.2,0.2,0.05,0.25,256,30,True,0.05,10,0.2,50,1.0,0.75,0,,,,,,,,,,,,,,,0.10114575177431107,0.05012683942914009,0.009543476703513706,0.6775263507039139,9192,953979,13567,963171,0.23122282007813075,0.31296528340827007,0.37340605881919364,0.22591582516400088,0.3166506965430825,0.3829881329697059,0.22908528045993956,0.22908528045993956,0.3203361096778949,0.3203361096778949,0.3826932999189209,0.3826932999189209,13567,9965,8665,996500,100.0,100.0,0.5917755961418152,0.6500106453895569,0.42440134286880493,0.7986847162246704,0.8671039938926697,0.6777474880218506,0.34082701802253723,0.00022113731793671487,0.9996737172444827,9965,1300,96.65539387857501,109.52813813707326,0.5237917230697349,0.008339397027157247,2.5,1.25,3.5,iou,0.25,0.25,2.0,True,False,True,True,True,0.3,0.35,1.0,30,True,30,70,0.0,0.15,4.0,0.0,20,0.5,True,True
epoch,1784228929.4675975,275,531.4924277820392,6.492442529139775e-06,6.492442529139775e-06,1e-06,2e-07,4.523862371858518e-06,0.5403620004653931,0.5245627164840698,0.5469630360603333,0.015798933804035187,0.017407558858394623,0.27106600999832153,0.022284096106886864,0.0503973662853241,0.015119963325560093,1.7328339936284465e-06,2.1656549051840557e-06,5206,0.5,True,0.2,0.2,0.05,0.25,256,30,True,0.05,10,0.2,50,1.0,0.75,0,1.6048896312713623,0.04343453049659729,0.4370342791080475,0.19790956377983093,0.5820256471633911,0.17460645735263824,1.4691166825286928e-06,1.8384940858595655e-06,1300,0.5,True,True,1.0,0.75,0.10126268863677979,0.050244204699993134,0.009562489612763837,0.6785582663816614,9206,953514,13567,962720,0.23151765312891576,0.31326011645905505,0.3751750571239036,0.22481020122355716,0.31724036264465244,0.38505196432520084,0.2280533647821921,0.2280533647821921,0.32114690056755363,0.32114690056755363,0.38497825606250463,0.38497825606250463,13567,9965,8665,996500,100.0,100.0,0.5917141437530518,0.6504859924316406,0.4231038987636566,0.798809289932251,0.8653349876403809,0.6787793636322021,0.34104812145233154,0.00022109725054075824,0.9996742722858314,9965,1300,96.61013547415956,126.30079758306965,0.5386464799521491,0.008888440090231597,2.5,1.25,3.5,iou,0.25,0.25,2.0,True,False,True,True,True,0.3,0.35,1.0,30,True,30,70,0.0,0.15,4.0,0.0,20,0.5,True,True
epoch,1784229449.050863,276,512.6955446429783,6.371258560061962e-06,6.371258560061962e-06,1e-06,2e-07,4.40012716132643e-06,0.5398056507110596,0.5244839787483215,0.5471742749214172,0.015321849845349789,0.017368758097290993,0.2709048390388489,0.022349637001752853,0.04982052370905876,0.014948016032576561,2.32474053518672e-06,2.9051993806206156e-06,5206,0.5,True,0.2,0.2,0.05,0.25,256,30,True,0.05,10,0.2,50,1.0,0.75,0,,,,,,,,,,,,,,,0.10111039876937866,0.05023752897977829,0.009548924992622701,0.6773789341785215,9190,953222,13567,962412,0.23107540355273826,0.3131864081963588,0.3742168497088524,0.22539986732512715,0.31672440480577874,0.38350409080857967,0.2277585317314071,0.2277585317314071,0.31878823616127366,0.31878823616127366,0.3834303825458834,0.3834303825458834,13567,9965,8665,996500,100.0,100.0,0.5915865302085876,0.652051568031311,0.4215667247772217,0.7987076640129089,0.8649664521217346,0.677600085735321,0.3420800566673279,0.00022115155679958143,0.9996736252526303,9965,1300,96.57922729553437,108.31752089201473,0.5250573820667341,0.008198627969250083,2.5,1.25,3.5,iou,0.25,0.25,2.0,True,False,True,True,True,0.3,0.35,1.0,30,True,30,70,0.0,0.15,4.0,0.0,20,0.5,True,True
epoch,1784229969.8226964,277,513.7456047600135,6.255133127306705e-06,6.255133127306705e-06,1e-06,2e-07,4.281556982618429e-06,0.5382976531982422,0.5234460234642029,0.5469729900360107,0.014852079562842846,0.01729775406420231,0.26964858174324036,0.022476354613900185,0.050074875354766846,0.015021934174001217,1.910314722408657e-06,2.3873010377428727e-06,5206,0.5,True,0.2,0.2,0.05,0.25,256,30,True,0.05,10,0.2,50,1.0,0.75,0,,,,,,,,,,,,,,,0.10102292895317078,0.05018876865506172,0.009589744335836422,0.6801798481609789,9228,953050,13567,962278,0.2317387779170045,0.3122282007813076,0.3737008918699786,0.2250313260116459,0.315029114763765,0.38195621729195844,0.2276111152060146,0.2276111152060146,0.31768261222082994,0.31768261222082994,0.38239846686813594,0.38239846686813594,13567,9965,8665,996500,100.0,100.0,0.5920389890670776,0.65029376745224,0.4242269694805145,0.7989500164985657,0.8656298518180847,0.6804746985435486,0.3436279296875,0.0002948503825697113,0.9995666989776391,9965,1300,96.56578023080783,108.88457194797229,0.5493509859079495,0.008376201032660902,2.5,1.25,3.5,iou,0.25,0.25,2.0,True,False,True,True,True,0.3,0.35,1.0,30,True,30,70,0.0,0.15,4.0,0.0,20,0.5,True,True
epoch,1784230492.158164,278,514.0858377870172,6.144078965336332e-06,6.144078965336332e-06,1e-06,2e-07,4.168164838290781e-06,0.5379486680030823,0.5235418677330017,0.5469556450843811,0.014406509697437286,0.01734125055372715,0.26980122923851013,0.02242925763130188,0.05030704662203789,0.015092438086867332,1.812816890378599e-06,2.265742068630061e-06,5206,0.5,True,0.2,0.2,0.05,0.25,256,30,True,0.05,10,0.2,50,1.0,0.75,0,,,,,,,,,,,,,,,0.10092144459486008,0.0500725582242012,0.009584701054795104,0.6798850151101938,9224,953143,13567,962367,0.23100169529004203,0.3125967420947888,0.37502764059851107,0.22584211690130462,0.3165769882803862,0.38357779907127587,0.22842190609567334,0.22842190609567334,0.31923048573745116,0.31923048573745116,0.3831355494950984,0.3831355494950984,13567,9965,8665,996500,100.0,100.0,0.5920026898384094,0.6502742767333984,0.4237319231033325,0.7988324165344238,0.8656298518180847,0.6801061630249023,0.3423011600971222,0.00022114791470850825,0.9996748332440851,9965,1300,96.57471149021576,109.30187863507308,0.5226501249708235,0.00815549399703741,2.5,1.25,3.5,iou,0.25,0.25,2.0,True,False,True,True,True,0.3,0.35,1.0,30,True,30,70,0.0,0.15,4.0,0.0,20,0.5,True,True
epoch,1784231015.23352,279,516.0221547799883,6.038108252491158e-06,6.038108252491158e-06,1e-06,2e-07,4.059963163069913e-06,0.5385391116142273,0.5245482325553894,0.5473703145980835,0.013991070911288261,0.017362158745527267,0.2708264887332916,0.022374840453267097,0.050379134714603424,0.015114719048142433,1.772409632394556e-06,2.215768972746446e-06,5206,0.5,True,0.2,0.2,0.05,0.25,256,30,True,0.05,10,0.2,50,1.0,0.75,0,,,,,,,,,,,,,,,0.10077934712171555,0.04993224889039993,0.009541859805422121,0.6768629763396476,9183,953208,13567,962391,0.2298960713495983,0.3114911181543451,0.37392201665806735,0.22422053512198717,0.315618780865335,0.38217734208004717,0.22694774084174835,0.22694774084174835,0.3174614874327412,0.3174614874327412,0.3821036338173509,0.3821036338173509,13567,9965,8665,996500,100.0,100.0,0.5917332172393799,0.6492452025413513,0.42441239953041077,0.7990779876708984,0.8657035231590271,0.67723149061203,0.3422274589538574,0.0003685142723823809,0.9994558518357595,9965,1300,96.57711991971901,109.80475692206528,0.5367653769208118,0.008257759036496282,2.5,1.25,3.5,iou,0.25,0.25,2.0,True,False,True,True,True,0.3,0.35,1.0,30,True,30,70,0.0,0.15,4.0,0.0,20,0.5,True,True
epoch,1784231554.749778,280,532.4056838779943,5.937232609654026e-06,5.937232609654026e-06,1e-06,2e-07,3.956963822488848e-06,0.5363301038742065,0.5227668285369873,0.5465370416641235,0.013563251122832298,0.017303818836808205,0.2697578966617584,0.022247137501835823,0.05007755011320114,0.015022849664092064,2.327820538994274e-06,2.9088630526530324e-06,5206,0.5,True,0.2,0.2,0.05,0.25,256,30,True,0.05,10,0.2,50,1.0,0.75,0,1.6090542078018188,0.043496012687683105,0.43742749094963074,0.1987360566854477,0.58304363489151,0.1749233901500702,1.991333419937291e-06,2.482598802089342e-06,1300,0.5,True,True,1.0,0.75,0.10043017566204071,0.04976505786180496,0.009581759323249277,0.6795901820594089,9220,953025,13567,962245,0.23114911181543452,0.31068032726468636,0.37510134886120733,0.22399941033389842,0.31488169823837253,0.38335667428318715,0.2276111152060146,0.2276111152060146,0.31672440480577874,0.31672440480577874,0.3818088007665659,0.3818088007665659,13567,9965,8665,996500,100.0,100.0,0.591515064239502,0.6512805819511414,0.42347145080566406,0.7984074354171753,0.8640819787979126,0.679958701133728,0.3418589234352112,0.000368519074319118,0.9994580272688552,9965,1300,96.56246864024084,127.33769795997068,0.5645387810654938,0.00897162000183016,2.5,1.25,3.5,iou,0.25,0.25,2.0,True,False,True,True,True,0.3,0.35,1.0,30,True,30,70,0.0,0.15,4.0,0.0,20,0.5,True,True
epoch,1784232081.4629478,281,518.5224604770774,5.8414630989759154e-06,5.8414630989759154e-06,1e-06,2e-07,3.8591781115859504e-06,0.5356106758117676,0.5224452018737793,0.5461052656173706,0.013165563344955444,0.01719573698937893,0.26913556456565857,0.02236294187605381,0.050577517598867416,0.015173325315117836,1.8957945258080144e-06,2.370511083427118e-06,5206,0.5,True,0.2,0.2,0.05,0.25,256,30,True,0.05,10,0.2,50,1.0,0.75,0,,,,,,,,,,,,,,,0.0998653918504715,0.04949551448225975,0.009564972497066804,0.6784108498562689,9204,953057,13567,962261,0.23048573745116827,0.3095009950615464,0.3728901009803199,0.22385199380850593,0.31466057345028375,0.38062946856342594,0.2276111152060146,0.2276111152060146,0.31598732217881625,0.31598732217881625,0.3805557603007297,0.3805557603007297,13567,9965,8665,996500,100.0,100.0,0.5914088487625122,0.649696409702301,0.4249195456504822,0.7992628812789917,0.8652613162994385,0.6787793636322021,0.34104812145233154,0.00036851377593327683,0.9994570934302403,9965,1300,96.56407425990969,113.51646180602256,0.5221684280550107,0.00958411698229611,2.5,1.25,3.5,iou,0.25,0.25,2.0,True,False,True,True,True,0.3,0.35,1.0,30,True,30,70,0.0,0.15,4.0,0.0,20,0.5,True,True
epoch,1784232603.8174226,282,515.2000283639645,5.750810222662946e-06,5.750810222662946e-06,1e-06,2e-07,3.766616753666385e-06,0.5353986024856567,0.5225920081138611,0.5464975833892822,0.012807094492018223,0.01730816252529621,0.26950809359550476,0.022294586524367332,0.05033267289400101,0.01510049868375063,2.505250904505374e-06,3.1321881124313222e-06,5206,0.5,True,0.2,0.2,0.05,0.25,256,30,True,0.05,10,0.2,50,1.0,0.75,0,,,,,,,,,,,,,,,0.0995572954416275,0.049465250223875046,0.009579516012991712,0.6791479324832314,9214,952630,13567,961844,0.23055944571386452,0.3094272867988502,0.37156335225178744,0.2253261590624309,0.31473428171298,0.3811454264022997,0.22768482346871086,0.22768482346871086,0.3179774452716149,0.3179774452716149,0.3813665511903884,0.3813665511903884,13567,9965,8665,996500,100.0,100.0,0.5909379720687866,0.6492031216621399,0.4236205518245697,0.7987412214279175,0.8631237745285034,0.6794427633285522,0.34016361832618713,0.00029483084532089254,0.999566069636423,9965,1300,96.52222779729051,109.18122826202307,0.5713346980046481,0.008456664043478668,2.5,1.25,3.5,iou,0.25,0.25,2.0,True,False,True,True,True,0.3,0.35,1.0,30,True,30,70,0.0,0.15,4.0,0.0,20,0.5,True,True
epoch,1784233151.5243237,283,540.604947510059,5.665283921824549e-06,5.665283921824549e-06,1e-06,2e-07,3.6792898991261244e-06,0.5344300270080566,0.5219855904579163,0.5458829402923584,0.01244458369910717,0.01723765954375267,0.2688181698322296,0.02228529378771782,0.050948090851306915,0.015284448862075806,2.291474629600998e-06,2.8632243811443914e-06,5206,0.5,True,0.2,0.2,0.05,0.25,256,30,True,0.05,10,0.2,50,1.0,0.75,0,,,,,,,,,,,,,,,0.09950569272041321,0.0495438352227211,0.009559994842552271,0.6776737672293064,9194,952522,13567,961716,0.23100169529004203,0.3092061620107614,0.37016289526055873,0.2257684086386084,0.31532394781455003,0.37967126114837474,0.22893786393454707,0.22893786393454707,0.3170192378565637,0.3170192378565637,0.3790815950468047,0.3790815950468047,13567,9965,8665,996500,100.0,100.0,0.5913113951683044,0.6497475504875183,0.42281875014305115,0.7983015775680542,0.864155650138855,0.6780422925949097,0.3416377902030945,0.0003685253656032783,0.9994564861666771,9965,1300,96.50938283993979,134.41677328699734,0.5156346680596471,0.008197964052669704,2.5,1.25,3.5,iou,0.25,0.25,2.0,True,False,True,True,True,0.3,0.35,1.0,30,True,30,70,0.0,0.15,4.0,0.0,20,0.5,True,True
epoch,1784233675.7914793,284,516.109015388065,5.584893575383398e-06,5.584893575383398e-06,1e-06,2e-07,3.597207124338852e-06,0.5352540612220764,0.5231513977050781,0.54527348279953,0.01210243720561266,0.017288414761424065,0.2695816159248352,0.0223306305706501,0.050498105585575104,0.015149776823818684,1.4529985037370352e-06,1.8162822925660294e-06,5206,0.5,True,0.2,0.2,0.05,0.25,256,30,True,0.05,10,0.2,50,1.0,0.75,0,,,,,,,,,,,,,,,0.09975752234458923,0.049546606838703156,0.009555940814281735,0.6776737672293064,9194,952930,13567,962124,0.23026461266307954,0.30913245374806514,0.37082626962482496,0.22510503427434214,0.3148079899756763,0.3799660941991597,0.2290115721972433,0.2290115721972433,0.31628215522960124,0.31628215522960124,0.3795975528856785,0.3795975528856785,13567,9965,8665,996500,100.0,100.0,0.5910117030143738,0.650519609451294,0.42267346382141113,0.7976040840148926,0.8652613162994385,0.6778948903083801,0.3383946418762207,0.0002211230790737373,0.9996738091963296,9965,1300,96.55032614149523,108.53833338594995,0.554454887052998,0.008430940913967788,2.5,1.25,3.5,iou,0.25,0.25,2.0,True,False,True,True,True,0.3,0.35,1.0,30,True,30,70,0.0,0.15,4.0,0.0,20,0.5,True,True
epoch,1784234254.628859,285,571.8570277319523,5.5096479990469086e-06,5.5096479990469086e-06,1e-06,2e-07,3.520377430605792e-06,0.5324333310127258,0.5206311941146851,0.5456649661064148,0.011802172288298607,0.017181692644953728,0.2680750787258148,0.02236597053706646,0.05003911256790161,0.015012852847576141,2.1727253169956384e-06,2.7152309485245496e-06,5206,0.5,True,0.2,0.2,0.05,0.25,256,30,True,0.05,10,0.2,50,1.0,0.75,0,1.6157385110855103,0.04383723437786102,0.43779823184013367,0.20002059638500214,0.5868367552757263,0.17605897784233093,2.022220542130526e-06,2.536553665777319e-06,1300,0.5,True,True,1.0,0.75,0.09998523443937302,0.04956569895148277,0.009563947596800931,0.6782634333308764,9202,952953,13567,962155,0.231296528340827,0.3103117859512051,0.3737008918699786,0.22554728385051964,0.31532394781455003,0.38121913466499596,0.2294538217734208,0.2294538217734208,0.31694552959386746,0.31694552959386746,0.3823247586054397,0.3823247586054397,13567,9965,8665,996500,100.0,100.0,0.5910918712615967,0.6508595943450928,0.4247409701347351,0.7977901101112366,0.8650401830673218,0.6784845590591431,0.3367730379104614,0.0002211257282667134,0.9996740887831356,9965,1300,96.55343702960361,156.10399316600524,0.542856615036726,0.008996412041597068,2.5,1.25,3.5,iou,0.25,0.25,2.0,True,False,True,True,True,0.3,0.35,1.0,30,True,30,70,0.0,0.15,4.0,0.0,20,0.5,True,True
epoch,1784234778.5666456,286,516.8453488330124,5.439555444340465e-06,5.439555444340465e-06,1e-06,2e-07,3.4488092431686897e-06,0.5324429273605347,0.5209288001060486,0.5457435250282288,0.01151448767632246,0.017226461321115494,0.2686035633087158,0.022227566689252853,0.05034717172384262,0.015103842131793499,1.8139196527044987e-06,2.2669385089102434e-06,5206,0.5,True,0.2,0.2,0.05,0.25,256,30,True,0.05,10,0.2,50,1.0,0.75,0,,,,,,,,,,,,,,,0.10022301971912384,0.04972325265407562,0.009558307651531294,0.6778211837546989,9196,952899,13567,962095,0.23041202918847203,0.31023807768850886,0.37502764059851107,0.2257684086386084,0.3170192378565637,0.38247217513083215,0.22996977961229453,0.22996977961229453,0.3188619444239699,0.3188619444239699,0.3825458833935284,0.3825458833935284,13567,9965,8665,996500,100.0,100.0,0.5910237431526184,0.6493380665779114,0.4236343502998352,0.7980575561523438,0.8645241856575012,0.6780422925949097,0.33832091093063354,0.00022110884021075972,0.999673901108197,9965,1300,96.54741595584547,109.01322904706467,0.5243022459326312,0.008268858073279262,2.5,1.25,3.5,iou,0.25,0.25,2.0,True,False,True,True,True,0.3,0.35,1.0,30,True,30,70,0.0,0.15,4.0,0.0,20,0.5,True,True
epoch,1784235300.3026965,287,514.7195576559752,5.374623597702535e-06,5.374623597702535e-06,1e-06,2e-07,3.3825104102857488e-06,0.5325809121131897,0.5213585495948792,0.5446672439575195,0.011222608387470245,0.017234181985259056,0.2693319320678711,0.022157451137900352,0.04995378851890564,0.014985432848334312,1.7336400333078927e-06,2.1665796339220833e-06,5206,0.5,True,0.2,0.2,0.05,0.25,256,30,True,0.05,10,0.2,50,1.0,0.75,0,,,,,,,,,,,,,,,0.10010193288326263,0.04975508153438568,0.009556473614467223,0.6777474754920026,9195,952980,13567,962175,0.23019090440038328,0.30972211984963516,0.3741431414461561,0.22584211690130462,0.31591361391612,0.3822510503427434,0.22915898872263582,0.22915898872263582,0.3179774452716149,0.3179774452716149,0.38121913466499596,0.38121913466499596,13567,9965,8665,996500,100.0,100.0,0.5913288593292236,0.6501230001449585,0.423112154006958,0.798515796661377,0.8658509850502014,0.6779686212539673,0.33920541405677795,0.0002211457619646362,0.9996738112133338,9965,1300,96.55544405418966,109.03211711300537,0.541498014004901,0.008277522982098162,2.5,1.25,3.5,iou,0.25,0.25,2.0,True,False,True,True,True,0.3,0.35,1.0,30,True,30,70,0.0,0.15,4.0,0.0,20,0.5,True,True
epoch,1784235821.9324272,288,513.761949997046,5.314859579641837e-06,5.314859579641837e-06,1e-06,2e-07,3.3214882023711525e-06,0.5312032103538513,0.5202234983444214,0.5449876189231873,0.010979593731462955,0.017161419615149498,0.2680874466896057,0.02231479063630104,0.05017533153295517,0.01505452860146761,1.8105715753335971e-06,2.2633194021182135e-06,5206,0.5,True,0.2,0.2,0.05,0.25,256,30,True,0.05,10,0.2,50,1.0,0.75,0,,,,,,,,,,,,,,,0.10000713169574738,0.049545370042324066,0.009575420074395807,0.6790742242205351,9213,952938,13567,962151,0.23048573745116827,0.3103117859512051,0.37318493403110486,0.22643178300287461,0.31473428171298,0.38261959165622467,0.22856932262106583,0.22856932262106583,0.3189356526866662,0.3189356526866662,0.3823247586054397,0.3823247586054397,13567,9965,8665,996500,100.0,100.0,0.5908852815628052,0.6490959525108337,0.4225049614906311,0.7988421320915222,0.8637871146202087,0.6793690323829651,0.33802610635757446,0.00029480816242999364,0.999566055930757,9965,1300,96.5530356246864,108.40276691596955,0.5431652499828488,0.00822690303903073,2.5,1.25,3.5,iou,0.25,0.25,2.0,True,False,True,True,True,0.3,0.35,1.0,30,True,30,70,0.0,0.15,4.0,0.0,20,0.5,True,True
epoch,1784236348.546674,289,518.866280318005,5.260269943956471e-06,5.260269943956471e-06,1e-06,2e-07,3.265749311197661e-06,0.5322518348693848,0.5215021967887878,0.5449827909469604,0.010749639011919498,0.017175039276480675,0.26888802647590637,0.022234607487916946,0.05038835480809212,0.015116513706743717,1.6079094393717241e-06,2.0104214399907505e-06,5206,0.5,True,0.2,0.2,0.05,0.25,256,30,True,0.05,10,0.2,50,1.0,0.75,0,,,,,,,,,,,,,,,0.10001629590988159,0.0497446283698082,0.009557269274398227,0.6775263507039139,9192,952589,13567,961781,0.2290115721972433,0.3114911181543451,0.37296380924301614,0.22591582516400088,0.31532394781455003,0.38195621729195844,0.22915898872263582,0.22915898872263582,0.3204835262032874,0.3204835262032874,0.3818088007665659,0.3818088007665659,13567,9965,8665,996500,100.0,100.0,0.5909489989280701,0.64895099401474,0.42380309104919434,0.7985891103744507,0.8644505143165588,0.677821159362793,0.3389105796813965,0.0002948086588790977,0.9995650642432641,9965,1300,96.51590566984446,109.39512226893567,0.5223835509968922,0.008439323981292546,2.5,1.25,3.5,iou,0.25,0.25,2.0,True,False,True,True,True,0.3,0.35,1.0,30,True,30,70,0.0,0.15,4.0,0.0,20,0.5,True,True
epoch,1784236887.271796,290,531.7355426220456,5.21086067701509e-06,5.21086067701509e-06,1e-06,2e-07,3.2152998491627812e-06,0.5311058163642883,0.5205663442611694,0.5450032353401184,0.010540000163018703,0.017136583104729652,0.26795491576194763,0.022368716076016426,0.049944918602705,0.01498444750905037,2.2234512471186463e-06,2.7813362066808622e-06,5206,0.5,True,0.2,0.2,0.05,0.25,256,30,True,0.05,10,0.2,50,1.0,0.75,0,1.6128815412521362,0.04366780444979668,0.4375890791416168,0.19926242530345917,0.5870484113693237,0.17612673342227936,2.0006202703370946e-06,2.507361386960838e-06,1300,0.5,True,True,1.0,0.75,0.10002465546131134,0.049504928290843964,0.009537055227605592,0.6762733102380777,9175,952862,13567,962037,0.23026461266307954,0.3117122429424338,0.37384830839537114,0.22650549126557087,0.31591361391612,0.3823247586054397,0.22974865482420578,0.22974865482420578,0.3203361096778949,0.3203361096778949,0.3827670081816172,0.3827670081816172,13567,9965,8665,996500,100.0,100.0,0.5911552906036377,0.6494132876396179,0.42341992259025574,0.7989217042922974,0.8647453188896179,0.6764944195747375,0.33986881375312805,0.00022110933665986376,0.9996731542341489,9965,1300,96.54159558454592,126.20236951706465,0.5289834359427914,0.008896743995137513,2.5,1.25,3.5,iou,0.25,0.25,2.0,True,False,True,True,True,0.3,0.35,1.0,30,True,30,70,0.0,0.15,4.0,0.0,20,0.5,True,True
epoch,1784237408.3948963,291,514.2413111570058,5.16663719710065e-06,5.16663719710065e-06,1e-06,2e-07,3.1701453486185696e-06,0.5297698974609375,0.5194314122200012,0.5443995594978333,0.010338358581066132,0.0171499140560627,0.26813605427742004,0.022121617570519447,0.04982425644993782,0.014947699382901192,2.3844722818466835e-06,2.979498503918876e-06,5206,0.5,True,0.2,0.2,0.05,0.25,256,30,True,0.05,10,0.2,50,1.0,0.75,0,,,,,,,,,,,,,,,0.09991377592086792,0.04950122535228729,0.009547588779062454,0.6770103928650402,9185,952838,13567,962023,0.22923269698533205,0.3114911181543451,0.3735534753445861,0.22510503427434214,0.3161347387042087,0.38173509250386967,0.22864303088376206,0.22864303088376206,0.31967273531362866,0.31967273531362866,0.38166138424117346,0.38166138424117346,13567,9965,8665,996500,100.0,100.0,0.5908883213996887,0.6493395566940308,0.4233880043029785,0.7980658411979675,0.8653349876403809,0.6773789525032043,0.3389105796813965,0.0003685596381641787,0.9994559033214685,9965,1300,96.54019066733568,109.36316266597714,0.5274621179560199,0.008202488999813795,2.5,1.25,3.5,iou,0.25,0.25,2.0,True,False,True,True,True,0.3,0.35,1.0,30,True,30,70,0.0,0.15,4.0,0.0,20,0.5,True,True
epoch,1784237929.4802816,292,514.1931247819448,5.127604353816063e-06,5.127604353816063e-06,1e-06,2e-07,3.1302907612648293e-06,0.530260443687439,0.5201036334037781,0.5437821745872498,0.010156738571822643,0.01716235838830471,0.2679081857204437,0.02224988304078579,0.050038550049066544,0.015012008138000965,2.0499687707342673e-06,2.5608101168472786e-06,5206,0.5,True,0.2,0.2,0.05,0.25,256,30,True,0.05,10,0.2,50,1.0,0.75,0,,,,,,,,,,,,,,,0.09969030320644379,0.04945599287748337,0.00954923097871562,0.6771578093904327,9187,952880,13567,962067,0.2296012382988133,0.31097516031547134,0.37296380924301614,0.2250313260116459,0.31532394781455003,0.38151396771578094,0.22790594825679958,0.22790594825679958,0.3194516105255399,0.3194516105255399,0.3826932999189209,0.3826932999189209,13567,9965,8665,996500,100.0,100.0,0.5910296440124512,0.6498619914054871,0.4222944676876068,0.7983143925666809,0.8654824495315552,0.6775263547897339,0.33854204416275024,0.0003685453993012011,0.9994560427108173,9965,1300,96.54460612142499,109.09957826393656,0.5374942240305245,0.008458025055006146,2.5,1.25,3.5,iou,0.25,0.25,2.0,True,False,True,True,True,0.3,0.35,1.0,30,True,30,70,0.0,0.15,4.0,0.0,20,0.5,True,True
epoch,1784238452.084004,293,515.8022133179475,5.093766427552459e-06,5.093766427552459e-06,1e-06,2e-07,3.0957404576061965e-06,0.5304384231567383,0.5204251408576965,0.544145941734314,0.010013449937105179,0.017132317647337914,0.26768290996551514,0.022340204566717148,0.050164561718702316,0.01504812203347683,1.9256178802606883e-06,2.4080227376543917e-06,5206,0.5,True,0.2,0.2,0.05,0.25,256,30,True,0.05,10,0.2,50,1.0,0.75,0,,,,,,,,,,,,,,,0.09958012402057648,0.049343448132276535,0.009577713676879498,0.6791479324832314,9214,952811,13567,962025,0.22996977961229453,0.31208078425591507,0.3742168497088524,0.22613694995208963,0.3152502395518538,0.38409375691014963,0.22856932262106583,0.22856932262106583,0.32018869315250237,0.32018869315250237,0.3832829660204909,0.3832829660204909,13567,9965,8665,996500,100.0,100.0,0.5914484262466431,0.6507359743118286,0.4249018132686615,0.798515796661377,0.8649664521217346,0.6794427633285522,0.33942654728889465,0.00029483084532089254,0.999566069636423,9965,1300,96.54039136979428,109.11356200592127,0.5321373150218278,0.008463933016173542,2.5,1.25,3.5,iou,0.25,0.25,2.0,True,False,True,True,True,0.3,0.35,1.0,30,True,30,70,0.0,0.15,4.0,0.0,20,0.5,True,True
epoch,1784238981.0909553,294,521.7527762700338,5.065127129019761e-06,5.065127129019761e-06,1e-06,2e-07,3.066498226472815e-06,0.5296964645385742,0.5198233723640442,0.5436030626296997,0.009873433038592339,0.01715764030814171,0.26783645153045654,0.02220461703836918,0.04980440437793732,0.014941644854843616,2.04644334189652e-06,2.558633696025936e-06,5206,0.5,True,0.2,0.2,0.05,0.25,256,30,True,0.05,10,0.2,50,1.0,0.75,0,,,,,,,,,,,,,,,0.09964092820882797,0.04947192966938019,0.009586172621807816,0.6795901820594089,9220,952582,13567,961802,0.2298960713495983,0.31200707599321886,0.3756173067000811,0.22451536817277218,0.3160610304415125,0.38475713127441585,0.22879044740915458,0.22879044740915458,0.32063094272867987,0.32063094272867987,0.3843885899609346,0.3843885899609346,13567,9965,8665,996500,100.0,100.0,0.5918114185333252,0.6504053473472595,0.4249025583267212,0.7983990907669067,0.8657772541046143,0.6798850297927856,0.3397213816642761,0.0002948477333767352,0.9995663270693479,9965,1300,96.51801304565981,116.23323243600316,0.5185287740314379,0.008374528959393501,2.5,1.25,3.5,iou,0.25,0.25,2.0,True,False,True,True,True,0.3,0.35,1.0,30,True,30,70,0.0,0.15,4.0,0.0,20,0.5,True,True
epoch,1784239524.0372279,295,535.5642389609711,5.0416895988398045e-06,5.0416895988398045e-06,1e-06,2e-07,3.042567274604856e-06,0.5290805101394653,0.5193170309066772,0.5436158180236816,0.009763605892658234,0.017155179753899574,0.26780465245246887,0.02213844284415245,0.05010669305920601,0.015031262300908566,1.5658409893148928e-06,1.9572521523514297e-06,5206,0.5,True,0.2,0.2,0.05,0.25,256,30,True,0.05,10,0.2,50,1.0,0.75,0,1.6207101345062256,0.04356187954545021,0.4366767704486847,0.2018090933561325,0.59028160572052,0.17707866430282593,1.8936995047624805e-06,2.364964075241005e-06,1300,0.5,True,True,1.0,0.75,0.09952566027641296,0.04945068806409836,0.0095727949255559,0.6787793911697502,9209,952788,13567,961997,0.22967494656150955,0.31281786688287755,0.37650180585243603,0.2251787425370384,0.31583990565342374,0.38402004864745337,0.2277585317314071,0.2277585317314071,0.32040981794059115,0.32040981794059115,0.3843885899609346,0.3843885899609346,13567,9965,8665,996500,100.0,100.0,0.5920082926750183,0.651444137096405,0.424558162689209,0.7995278835296631,0.8653349876403809,0.679074227809906,0.3409744203090668,0.00029483664015583777,0.9995658256077443,9965,1300,96.5375815353738,127.55129510699771,0.6141939340159297,0.01009450200945139,2.5,1.25,3.5,iou,0.25,0.25,2.0,True,False,True,True,True,0.3,0.35,1.0,30,True,30,70,0.0,0.15,4.0,0.0,20,0.5,True,True
epoch,1784240049.0334094,296,517.8140661229845,5.023456407201877e-06,5.023456407201877e-06,1e-06,2e-07,3.023950226300871e-06,0.5292300581932068,0.5195828080177307,0.5421518087387085,0.00964745506644249,0.017120057716965675,0.2673047184944153,0.022293388843536377,0.0500471368432045,0.015014647506177425,1.5224771914290613e-06,1.9038681102756527e-06,5206,0.5,True,0.2,0.2,0.05,0.25,256,30,True,0.05,10,0.2,50,1.0,0.75,0,,,,,,,,,,,,,,,0.09972412884235382,0.049633413553237915,0.009583303460192871,0.6798113068474976,9223,953180,13567,962403,0.23048573745116827,0.3126704503574851,0.37694405542861353,0.22547357558782338,0.31598732217881625,0.38409375691014963,0.22790594825679958,0.22790594825679958,0.3200412766271099,0.3200412766271099,0.38446229822363087,0.38446229822363087,13567,9965,8665,996500,100.0,100.0,0.5923240780830383,0.650942325592041,0.42375892400741577,0.7998158931732178,0.8656298518180847,0.6801061630249023,0.3418589234352112,0.00029485617740476755,0.9995664556602556,9965,1300,96.57832413447065,112.68977501394693,0.528316504904069,0.008205500897020102,2.5,1.25,3.5,iou,0.25,0.25,2.0,True,False,True,True,True,0.3,0.35,1.0,30,True,30,70,0.0,0.15,4.0,0.0,20,0.5,True,True
epoch,1784240574.3952363,297,517.0926115140319,5.010429553580932e-06,5.010429553580932e-06,1e-06,2e-07,3.010649123130017e-06,0.5291897654533386,0.5195959806442261,0.5430840253829956,0.009594032540917397,0.01718096435070038,0.2674020528793335,0.022329503670334816,0.04985389485955238,0.014956217259168625,2.2274168713920517e-06,2.7834212232846767e-06,5206,0.5,True,0.2,0.2,0.05,0.25,256,30,True,0.05,10,0.2,50,1.0,0.75,0,,,,,,,,,,,,,,,0.09972720593214035,0.049605101346969604,0.009584893509838849,0.6801798481609789,9228,953537,13567,962765,0.2308542787646495,0.3128915751455738,0.3765755141151323,0.2273162821552296,0.31583990565342374,0.3841674651728459,0.22871673914645832,0.22871673914645832,0.3198938601017174,0.3198938601017174,0.38379892385936465,0.38379892385936465,13567,9965,8665,996500,100.0,100.0,0.5920364260673523,0.650942325592041,0.42356693744659424,0.8001807928085327,0.8648927807807922,0.6803272366523743,0.3395739793777466,0.0001473884913953949,0.9997833564739806,9965,1300,96.61465127947817,109.88741599291097,0.5248608259717003,0.008690326008945704,2.5,1.25,3.5,iou,0.25,0.25,2.0,True,False,True,True,True,0.3,0.35,1.0,30,True,30,70,0.0,0.15,4.0,0.0,20,0.5,True,True
epoch,1784241097.428718,298,515.1304807370761,5.002610466518242e-06,5.002610466518242e-06,1e-06,2e-07,3.002665423708115e-06,0.5287711024284363,0.5192233324050903,0.5432909727096558,0.009547642432153225,0.017130330204963684,0.2674471437931061,0.02217012271285057,0.05015935003757477,0.015046397224068642,2.1307930637703976e-06,2.6624288693710696e-06,5206,0.5,True,0.2,0.2,0.05,0.25,256,30,True,0.05,10,0.2,50,1.0,0.75,0,,,,,,,,,,,,,,,0.09966862201690674,0.0495542548596859,0.009567827841402922,0.6791479324832314,9214,953805,13567,963019,0.23070686223925702,0.3131864081963588,0.37694405542861353,0.22665290779096336,0.31768261222082994,0.3838726321220609,0.22842190609567334,0.22842190609567334,0.31996756836441365,0.31996756836441365,0.38446229822363087,0.38446229822363087,13567,9965,8665,996500,100.0,100.0,0.5921310186386108,0.6507687568664551,0.4251062870025635,0.8000048398971558,0.8648190498352051,0.6792953610420227,0.3416377902030945,0.00014742855879135153,0.9997829684004242,9965,1300,96.64014049172103,110.3221240430139,0.5441462229937315,0.008998142089694738,2.5,1.25,3.5,iou,0.25,0.25,2.0,True,False,True,True,True,0.3,0.35,1.0,30,True,30,70,0.0,0.15,4.0,0.0,20,0.5,True,True
epoch,1784241624.2226427,299,518.9216031229589,5.000000003464839e-06,5.000000003464839e-06,1e-06,2e-07,3.000000003537784e-06,0.528321385383606,0.5188143253326416,0.5427078008651733,0.009507383219897747,0.017116758972406387,0.26745566725730896,0.02214527130126953,0.0501285158097744,0.015037703327834606,2.2749145500711165e-06,2.8429597023205133e-06,5206,0.5,True,0.2,0.2,0.05,0.25,256,30,True,0.05,10,0.2,50,1.0,0.75,0,,,,,,,,,,,,,,,0.09957309812307358,0.04940503463149071,0.009574123384580874,0.6795164737967127,9219,953689,13567,962908,0.23026461266307954,0.3124493255693963,0.37465909928502983,0.2247364929608609,0.3166506965430825,0.38475713127441585,0.22827448957028082,0.22827448957028082,0.3188619444239699,0.3188619444239699,0.3846097147490234,0.3846097147490234,13567,9965,8665,996500,100.0,100.0,0.5919950008392334,0.6510223150253296,0.42511236667633057,0.798759937286377,0.8646716475486755,0.679663896560669,0.34259599447250366,0.00014742276395629528,0.9997830946079345,9965,1300,96.62900150526843,111.93766252603382,0.5321267670951784,0.008907550014555454,2.5,1.25,3.5,iou,0.25,0.25,2.0,True,False,True,True,True,0.3,0.35,1.0,30,True,30,70,0.0,0.15,4.0,0.0,20,0.5,True,True
epoch,1784242164.772729,300,531.4930870069657,5e-06,5e-06,1e-06,2e-07,3e-06,0.5289493799209595,0.5194509625434875,0.5428037047386169,0.00949906650930643,0.017129652202129364,0.26756295561790466,0.022209404036402702,0.050101060420274734,0.015030628070235252,2.0767283785971813e-06,2.595257228676928e-06,5206,0.5,True,0.2,0.2,0.05,0.25,256,30,True,0.05,10,0.2,50,1.0,0.75,0,1.620951533317566,0.04345943033695221,0.4360399544239044,0.20185725390911102,0.590723991394043,0.17722593247890472,1.8569910480437102e-06,2.3235838852997404e-06,1300,0.5,True,True,1.0,0.75,0.09971712529659271,0.0496235117316246,0.009589577304805483,0.6807695142625488,9236,953893,13567,963129,0.23137023660352327,0.3112699933662564,0.37465909928502983,0.22466278469816467,0.31650328001768996,0.38320925775779463,0.22842190609567334,0.22842190609567334,0.3189356526866662,0.3189356526866662,0.38239846686813594,0.38239846686813594,13567,9965,8665,996500,100.0,100.0,0.5924604535102844,0.6508601307868958,0.42556312680244446,0.7993102073669434,0.86629319190979,0.6809169054031372,0.34126925468444824,0.000147391140588371,0.9997835401949653,9965,1300,96.6511791269443,126.85017894697376,0.5236918400041759,0.008656022953800857,2.5,1.25,3.5,iou,0.25,0.25,2.0,True,False,True,True,True,0.3,0.35,1.0,30,True,30,70,0.0,0.15,4.0,0.0,20,0.5,True,True
