type,time,epoch,epoch_time,lr,lr_head,lr_vision,lr_text,lr_transformer,train_loss,train_odvg_negative_phrases,train_loss_main,train_loss_aux,train_loss_aux_contrib,train_loss_bbox,train_loss_giou,train_loss_score,train_loss_rank,train_loss_rank_raw,train_loss_text_alignment,train_loss_text_alignment_contrib,train_loss_text_alignment_rank,train_loss_text_alignment_rank_contrib,val_loss,val_loss_bbox,val_loss_giou,val_loss_score,val_loss_text_alignment,val_loss_text_alignment_contrib,val_loss_text_alignment_rank,val_loss_text_alignment_rank_contrib,val_loss_rank_raw,val_loss_rank,val_loss_text_negative,val_loss_text_negative_contrib,val_text_negative_queries,val_score_negative_iou_ignore_thr,val_duplicate_suppression_enabled,val_hard_negative_mining_enabled,val_matcher_score_alpha,val_matcher_cost_score_effective,map50,map50_95,precision,recall,tp,fp,num_gt,num_pred,quality_recall_iou,quality_recall50_at_1,quality_recall50_at_5,quality_recall50_at_10,text_recall_iou,text_recall50_at_1,text_recall50_at_5,text_recall50_at_10,final_recall_iou,final_recall50_at_1,final_recall50_at_5,final_recall50_at_10,recall50_at_1,recall50_at_5,recall50_at_10,raw_oracle_num_gt,raw_oracle_num_samples,raw_oracle_positive_samples,raw_oracle_num_pred,raw_oracle_avg_pred_per_sample,raw_oracle_avg_pred_per_positive_sample,raw_best_iou_mean,raw_best_iou_median,raw_best_iou_p25,raw_best_iou_p75,raw_oracle_recall25,raw_oracle_recall50,raw_oracle_recall75,raw_oracle_gap50,raw_oracle_retention50,valid_samples,valid_images,odvg_phrase_rows,skipped_empty_gt,avg_selected_per_sample,eval_loop_time,phrase_token_reduction,phrase_score_fusion,evaluation_mode,lambda_bbox,lambda_giou,lambda_score,classification_type,ia_bce_alpha,classification_focal_alpha,classification_focal_gamma,normalize_classification_by_num_gt,dense_score_assignment_enabled,pairwise_ranking_enabled,duplicate_suppression_enabled,duplicate_suppression_active,duplicate_loss_weight,duplicate_margin,duplicate_background_weight,duplicate_classification_weight,duplicate_max_pairs,duplicate_start_epoch,hard_negative_mining_enabled,hard_negative_mining_active,hard_negative_loss_weight,hard_negative_topk,hard_negative_max_iou,hard_negative_start_epoch,lambda_rank_max,lambda_aux,pos_weight,quality_warmup_epoch,aux_score_enabled,matcher_score_start_epoch,matcher_score_warmup_epoch,matcher_score_alpha_min,negative_sample_ratio,negative_phrase_max_per_image,negative_sampling_mode,max_query_loss_weight,lambda_text_negative,text_negative_topk,text_negative_hard_mix,score_negative_iou_ignore_thr,matcher_score_alpha,matcher_cost_score_effective,negative_text_as_empty_target,use_negative_queries_in_val
epoch,1784680347.7769878,1,851.4654226410203,5.252786412680962e-05,5.252786412680962e-05,5.252786412680962e-05,5.252786412680962e-06,5.252786412680962e-05,2.7280545234680176,12286,2.363879680633545,2.8093478679656982,0.36417511105537415,0.06513304263353348,0.8842685222625732,0.25160619616508484,0.009713536128401756,0.3735506534576416,0.08035262674093246,0.008357149548828602,0.3735506534576416,0.009713536128401756,,,,,,,,,,,,,,,,,,,0.00012384384172037244,1.9584100300562568e-05,0.0032336878413337165,0.038295265003233825,1125,346775,29377,347900,0.5,0.0023487762535316743,0.0077271334717636244,0.014467100112332777,0.5,0.0029955407291418455,0.014773462232358647,0.02651734350001702,0.5,0.0015998910712462131,0.007488851822854614,0.01650951424583858,0.0015998910712462131,0.007488851822854614,0.01650951424583858,29377,17395,17395,1739500,100.0,100.0,0.21921026706695557,0.11784937232732773,0.04168647155165672,0.3794466555118561,0.3390747904777527,0.15910406410694122,0.02331756055355072,0.1208087991037074,0.240693191705611,17395,2683,17395,0,20.0,180.03663551108912,mean,geometric_mean,odvg_phrase_grounding,5.0,2.0,1.0,iou,0.25,0.25,2.0,True,False,False,True,False,0.1,0.25,0.05,0.25,128,5,True,False,0.05,10,0.3,10,0.0,0.5,1.0,10,True,5,12,0.0,0.1,3,odvg_appended_phrase,4.0,0.25,20,0.5,0.5,0.0,0.0,True,False
epoch,1784680984.8515742,2,633.7842602068558,9.997657153022218e-05,9.997657153022218e-05,9.997657153022218e-05,9.997657153022218e-06,9.997657153022218e-05,2.883445978164673,12286,2.0068020820617676,2.366940975189209,0.8766453266143799,0.03941812738776207,0.7828157544136047,0.20177583396434784,0.016157159581780434,0.18359436094760895,0.06973374634981155,0.02454744093120098,0.18359436094760895,0.016157159581780434,,,,,,,,,,,,,,,,,,,0.00031037014559842646,4.840456313104369e-05,0.004716872664558781,0.05586002655138374,1641,346259,29377,347900,0.5,0.005991081458283691,0.019232733090512988,0.029070361166899275,0.5,0.014126697756748477,0.035776287571909995,0.05834496374714913,0.5,0.007761173707322055,0.019471014739421998,0.030261769411444327,0.007761173707322055,0.019471014739421998,0.030261769411444327,29377,17395,17395,1739500,100.0,100.0,0.29998359084129333,0.26290175318717957,0.07285936176776886,0.4826497435569763,0.5166627168655396,0.2327330857515335,0.04472886770963669,0.17687305920014978,0.24001755646818543,17395,2683,17395,0,20.0,104.05902220797725,mean,geometric_mean,odvg_phrase_grounding,4.99560346786577,2.0,1.0087930642684606,iou,0.25,0.25,2.0,True,False,False,True,False,0.1,0.25,0.05,0.25,128,5,True,False,0.05,10,0.3,10,0.0,0.5,1.0,10,True,5,12,0.0,0.1,3,odvg_appended_phrase,4.0,0.25,20,0.5,0.5,0.0,0.0,True,False
epoch,1784681618.7359967,3,617.991369569907,9.995834764548755e-05,9.995834764548755e-05,9.995834764548755e-05,9.995834764548755e-06,9.995834764548755e-05,2.971385955810547,12286,1.8787000179290771,2.1853761672973633,1.0926880836486816,0.03308930993080139,0.7283233404159546,0.17855395376682281,0.02656988799571991,0.16399618983268738,0.07067932933568954,0.04580192640423775,0.16399618983268738,0.02656988799571991,,,,,,,,,,,,,,,,,,,0.0124917421489954,0.0052296994253993034,0.013736705949985628,0.16267828573373727,4779,343121,29377,347900,0.5,0.04152908738128468,0.0648806889743677,0.09282772236783879,0.5,0.035776287571909995,0.07236954079722231,0.1063076556489771,0.5,0.04142696667460939,0.06596997651223746,0.0986145624127719,0.04142696667460939,0.06596997651223746,0.0986145624127719,29377,17395,17395,1739500,100.0,100.0,0.3540470004081726,0.349318265914917,0.10324281454086304,0.5610159635543823,0.5822241902351379,0.336487740278244,0.06617421656847,0.17380945454450675,0.483459770627059,17395,2683,17395,0,20.0,100.37399477884173,mean,geometric_mean,odvg_phrase_grounding,4.982465416782565,2.0,1.03506916643487,iou,0.25,0.25,2.0,True,False,False,True,False,0.1,0.25,0.05,0.25,128,5,True,False,0.05,10,0.3,10,0.0,0.5,1.0,10,True,5,12,0.0,0.1,3,odvg_appended_phrase,4.0,0.25,20,0.5,0.5,0.0,0.0,True,False
epoch,1784682250.1336672,4,617.4884295680095,9.993491941812663e-05,9.993491941812663e-05,9.993491941812663e-05,9.993491941812663e-06,9.993491941812663e-05,2.8229317665100098,12286,1.7998799085617065,2.0461056232452393,1.0230528116226196,0.029665086418390274,0.698841392993927,0.14589524269104004,0.0358370840549469,0.16006329655647278,0.06901325285434723,0.061847664415836334,0.16006329655647278,0.0358370840549469,,,,,,,,,,,,,,,,,,,0.015159438364207745,0.0071080527268350124,0.017729232538085657,0.20996017292439664,6168,341732,29377,347900,0.5,0.05061783027538551,0.0789052660244409,0.12472342308608776,0.5,0.04285665656806345,0.0917043945944106,0.1365694250604214,0.5,0.05068591074650237,0.08329645641147837,0.12799128569969703,0.05068591074650237,0.08329645641147837,0.12799128569969703,29377,17395,17395,1739500,100.0,100.0,0.3805118799209595,0.3774651288986206,0.1206756979227066,0.6004048585891724,0.6120434403419495,0.36691969633102417,0.10130374133586884,0.15695952340662753,0.5722237727324857,17395,2683,17395,0,20.0,103.51404469902627,mean,geometric_mean,odvg_phrase_grounding,4.960739878387102,2.0,1.0785202432257963,iou,0.25,0.25,2.0,True,False,False,True,False,0.1,0.25,0.05,0.25,128,5,True,False,0.05,10,0.3,10,0.0,0.5,1.0,10,True,5,12,0.0,0.1,3,odvg_appended_phrase,4.0,0.25,20,0.5,0.5,0.0,0.0,True,False
epoch,1784682903.9726188,5,638.7825188669376,9.990628941730855e-05,9.990628941730855e-05,9.990628941730855e-05,9.990628941730855e-06,9.990628941730855e-05,2.746323585510254,12286,1.7591743469238281,1.9743021726608276,0.9871510863304138,0.02867334522306919,0.6875224709510803,0.11790454387664795,0.03954768180847168,0.15819072723388672,0.06790408492088318,0.06790408492088318,0.15819072723388672,0.03954768180847168,1.7104933261871338,0.026290934532880783,0.650845468044281,0.135358527302742,0.08545170724391937,0.08545170724391937,,,0.15324079990386963,0.03831019997596741,0.0,0.0,0,0.5494415413112564,True,True,0.0,0.0,1.0,2.0,0.019365742802619934,0.008555460721254349,0.020198332854268468,0.23920073526908806,7027,340873,29377,347900,0.5,0.059808693876161625,0.107567144364639,0.16798856248085237,0.5,0.04510331211491984,0.10988188038261225,0.156482962862103,0.5,0.06042141811621336,0.11086904721380672,0.1714266262722538,0.06042141811621336,0.11086904721380672,0.1714266262722538,29377,17395,17395,1739500,100.0,100.0,0.38153648376464844,0.38557425141334534,0.12487823516130447,0.59567791223526,0.6176260113716125,0.37005141377449036,0.09555093944072723,0.1308506785054023,0.6463986526338666,17395,2683,17395,0,20.0,119.44705365109257,mean,geometric_mean,odvg_phrase_grounding,4.930681564753217,2.0,1.1386368704935645,iou,0.25,0.25,2.0,True,False,False,True,True,0.1,0.25,0.05,0.25,128,5,True,False,0.05,10,0.3,10,0.0,0.5,1.0,10,True,5,12,0.0,0.1,3,odvg_appended_phrase,4.0,0.25,20,0.5,0.5,0.0,0.0,True,False
epoch,1784683536.8239257,6,618.0163457300514,9.987246078263554e-05,9.987246078263554e-05,9.987246078263554e-05,9.987246078263555e-06,9.987246078263554e-05,2.6588187217712402,12286,1.7059125900268555,1.905815839767456,0.952907919883728,0.02695477195084095,0.6719465255737305,0.09909695386886597,0.03899015486240387,0.15596061944961548,0.06756126880645752,0.06756126880645752,0.15596061944961548,0.03899015486240387,,,,,,,,,,,,,,,,,,,0.023493699729442596,0.012511203065514565,0.02035067548146019,0.24100486775368485,7080,340820,29377,347900,0.5,0.0663444191033802,0.12628927392177555,0.17248187357456513,0.5,0.05252408346665759,0.11257105899172823,0.15988698641794602,0.5,0.0676039078190421,0.12853592946863193,0.17544337406814856,0.0676039078190421,0.12853592946863193,0.17544337406814856,29377,17395,17395,1739500,100.0,100.0,0.38959428668022156,0.39770668745040894,0.13781636953353882,0.5952250361442566,0.6382884383201599,0.3741362392902374,0.09844435751438141,0.13313137153655258,0.6441633887454685,17395,2683,17395,0,20.0,105.36885839398019,mean,geometric_mean,odvg_phrase_grounding,4.892642882125692,2.0,1.214714235748616,iou,0.25,0.25,2.0,True,False,False,True,True,0.1,0.25,0.05,0.25,128,5,True,False,0.05,10,0.3,10,0.0,0.5,1.0,10,True,5,12,0.0,0.1,3,odvg_appended_phrase,4.0,0.25,20,0.5,0.5,0.019675925925925927,0.03935185185185185,True,False
epoch,1784684197.123323,7,645.8096794621088,9.98334372237986e-05,9.98334372237986e-05,9.98334372237986e-05,9.983343722379861e-06,9.98334372237986e-05,2.6086666584014893,12286,1.6798486709594727,1.8576445579528809,0.9288222789764404,0.026542285457253456,0.6658343076705933,0.08257643133401871,0.03898860514163971,0.15595442056655884,0.06658393144607544,0.06658393144607544,0.15595442056655884,0.03898860514163971,,,,,,,,,,,,,,,,,,,0.021373720839619637,0.010827241465449333,0.02097441793618856,0.24839159886986417,7297,340603,29377,347900,0.5,0.06297443578309563,0.12370221601933486,0.18034516798856248,0.5,0.05351125029785206,0.1097116792048201,0.1512748068216632,0.5,0.06542533274330259,0.12632331415733397,0.1827279844776526,0.06542533274330259,0.12632331415733397,0.1827279844776526,29377,17395,17395,1739500,100.0,100.0,0.39134225249290466,0.3979952037334442,0.14419762790203094,0.5974949598312378,0.641011655330658,0.372025728225708,0.10058889538049698,0.12363412935584384,0.6676731742573594,17395,2683,17395,0,20.0,106.26985309203155,mean,geometric_mean,odvg_phrase_grounding,4.847069799279232,2.0,1.3058604014415343,iou,0.25,0.25,2.0,True,False,False,True,True,0.1,0.25,0.05,0.25,128,5,True,False,0.05,10,0.3,10,0.0,0.5,1.0,10,True,5,12,0.0,0.1,3,odvg_appended_phrase,4.0,0.25,20,0.5,0.5,0.07407407407407407,0.14814814814814814,True,False
epoch,1784684831.4393668,8,626.8138933370356,9.978922302017073e-05,9.978922302017073e-05,9.978922302017073e-05,9.978922302017074e-06,9.978922302017073e-05,2.5647406578063965,12286,1.6524766683578491,1.8245267868041992,0.9122633934020996,0.025577832013368607,0.6584072113037109,0.07084187865257263,0.038854606449604034,0.15541842579841614,0.06594043225049973,0.06594043225049973,0.15541842579841614,0.038854606449604034,,,,,,,,,,,,,,,,,,,0.024880051612854004,0.013575578108429909,0.022492095429721186,0.26636484324471527,7825,340075,29377,347900,0.5,0.07281206385948191,0.13013582053987813,0.1823875821220683,0.5,0.05936617081390203,0.12339585389930899,0.16727371753412534,0.5,0.0741736732818191,0.13231439561561767,0.18371515130884705,0.0741736732818191,0.13231439561561767,0.18371515130884705,29377,17395,17395,1739500,100.0,100.0,0.4011949598789215,0.4102397561073303,0.15324418246746063,0.6063671112060547,0.6527555584907532,0.3874799907207489,0.1092691570520401,0.12111514747603364,0.6874286405067055,17395,2683,17395,0,20.0,106.64330236520618,mean,geometric_mean,odvg_phrase_grounding,4.794496618942349,2.0,1.4110067621153037,iou,0.25,0.25,2.0,True,False,False,True,True,0.1,0.25,0.05,0.25,128,5,True,False,0.05,10,0.3,10,0.0,0.5,1.0,10,True,5,12,0.0,0.1,3,odvg_appended_phrase,4.0,0.25,20,0.5,0.5,0.15625,0.3125,True,False
epoch,1784685482.3520837,9,635.4723376019392,9.973982302033758e-05,9.973982302033758e-05,9.973982302033758e-05,9.973982302033759e-06,9.973982302033758e-05,2.5290346145629883,12286,1.6331714391708374,1.7917290925979614,0.8958645462989807,0.025012953206896782,0.6542009711265564,0.06124594435095787,0.03890294209122658,0.1556117683649063,0.06550993025302887,0.06550993025302887,0.1556117683649063,0.03890294209122658,,,,,,,,,,,,,,,,,,,0.03032393380999565,0.014953479170799255,0.02498131647025007,0.29584368723831567,8691,339209,29377,347900,0.5,0.07546720223303945,0.14896007080368995,0.2116281444667597,0.5,0.06270211389862818,0.13646730435374613,0.18882118664261158,0.5,0.07570548388194846,0.15107056540831262,0.21244511012016204,0.07570548388194846,0.15107056540831262,0.21244511012016204,29377,17395,17395,1739500,100.0,100.0,0.41017258167266846,0.4204738140106201,0.15885385870933533,0.6214081048965454,0.6606528759002686,0.4118868410587311,0.11611124128103256,0.11604315382041541,0.7182644788502268,17395,2683,17395,0,20.0,104.91652927501127,mean,geometric_mean,odvg_phrase_grounding,4.735539713586371,2.0,1.5289205728272584,iou,0.25,0.25,2.0,True,False,False,True,True,0.1,0.25,0.05,0.25,128,5,True,False,0.05,10,0.3,10,0.0,0.5,1.0,10,True,5,12,0.0,0.1,3,odvg_appended_phrase,4.0,0.25,20,0.5,0.5,0.25925925925925924,0.5185185185185185,True,False
epoch,1784686147.5256467,10,650.1458222568035,9.968524264156583e-05,9.968524264156583e-05,9.968524264156583e-05,9.968524264156583e-06,9.968524264156583e-05,2.511173963546753,12286,1.6246819496154785,1.772981882095337,0.8864909410476685,0.02465374954044819,0.6518371105194092,0.055043041706085205,0.038750506937503815,0.15500202775001526,0.06469850242137909,0.06469850242137909,0.15500202775001526,0.038750506937503815,1.5966734886169434,0.02275833673775196,0.6251145005226135,0.06423785537481308,0.08138890564441681,0.08138890564441681,,,0.1512417048215866,0.03781042620539665,0.0,0.0,0,0.5311744900929367,True,True,0.37615740740740744,0.7523148148148149,1.0,2.0,0.03144165500998497,0.01625131629407406,0.024285714285714285,0.2876059502331756,8449,339451,29377,347900,0.5,0.08227524934472547,0.16356333185825647,0.22398474997446982,0.5,0.0641998842631991,0.13367600503795488,0.1796984035129523,0.5,0.08227524934472547,0.16601422881846342,0.2254484801034823,0.08227524934472547,0.16601422881846342,0.2254484801034823,29377,17395,17395,1739500,100.0,100.0,0.4069254398345947,0.4177277982234955,0.15377405285835266,0.614404559135437,0.6621506810188293,0.40082377195358276,0.11073288321495056,0.11321782172040717,0.717537158116664,17395,2683,17395,0,20.0,119.52399913105182,mean,geometric_mean,odvg_phrase_grounding,4.670890299021787,2.0,1.6582194019564265,iou,0.25,0.25,2.0,True,False,False,True,True,0.1,0.25,0.05,0.25,128,5,True,True,0.05,10,0.3,10,0.0,0.5,1.0,10,True,5,12,0.0,0.1,3,odvg_appended_phrase,4.0,0.25,20,0.5,0.5,0.37615740740740744,0.7523148148148149,True,False
epoch,1784686788.717706,11,626.3540489589795,9.962548786920908e-05,9.962548786920908e-05,9.962548786920908e-05,9.962548786920909e-06,9.962548786920908e-05,2.4892148971557617,12286,1.614237666130066,1.7499593496322632,0.8749796748161316,0.02378179132938385,0.6422929763793945,0.05616286024451256,0.03864501416683197,0.15458005666732788,0.0643727257847786,0.0643727257847786,0.15458005666732788,0.03864501416683197,,,,,,,,,,,,,,,,,,,0.035525158047676086,0.01870281994342804,0.026835297499281402,0.31779963917350307,9336,338564,29377,347900,0.5,0.08813016986077543,0.1750348912414474,0.23681791877999797,0.5,0.07039520713483337,0.14977703645709228,0.20294788439936004,0.5,0.08833441127412602,0.17683902372604418,0.238009327024543,0.08833441127412602,0.17683902372604418,0.238009327024543,29377,17395,17395,1739500,100.0,100.0,0.42379462718963623,0.4455050528049469,0.16342604160308838,0.6423341631889343,0.6726691126823425,0.434829980134964,0.13187187910079956,0.11703034096146092,0.7308595398018861,17395,2683,17395,0,20.0,104.9244451308623,mean,geometric_mean,odvg_phrase_grounding,4.601306330524842,2.0,1.7973873389503148,iou,0.25,0.25,2.0,True,False,False,True,True,0.1,0.25,0.05,0.25,128,5,True,True,0.05,10,0.3,10,0.0,0.5,1.0,10,True,5,12,0.0,0.1,3,odvg_appended_phrase,4.0,0.25,20,0.5,0.5,0.5,1.0,True,False
epoch,1784687445.4080837,12,641.8453817199916,9.95605652560515e-05,9.95605652560515e-05,9.95605652560515e-05,9.956056525605149e-06,9.95605652560515e-05,2.4800729751586914,12286,1.6102937459945679,1.7395604848861694,0.8697802424430847,0.023127611726522446,0.636826753616333,0.05506313592195511,0.038621000945568085,0.15448400378227234,0.06411045789718628,0.06411045789718628,0.15448400378227234,0.038621000945568085,,,,,,,,,,,,,,,,,,,0.0377388596534729,0.02045227587223053,0.026208680655360736,0.3103788678217653,9118,338782,29377,347900,0.5,0.0913639922388263,0.1780985124417061,0.23858801102903632,0.5,0.07250570173945604,0.14858562821254723,0.1990332573101406,0.5,0.09163631412329373,0.17966436327739388,0.23954113762467236,0.09163631412329373,0.17966436327739388,0.23954113762467236,29377,17395,17395,1739500,100.0,100.0,0.42436668276786804,0.4424685537815094,0.1700936257839203,0.6372886896133423,0.6776729822158813,0.429928183555603,0.1357865035533905,0.1195493157338377,0.7219318939615963,17395,2683,17395,0,20.0,105.63125446997583,mean,geometric_mean,odvg_phrase_grounding,4.527603616504936,2.0,1.9447927669901282,iou,0.25,0.25,2.0,True,False,False,True,True,0.1,0.25,0.05,0.25,128,5,True,True,0.05,10,0.3,10,0.0,0.5,1.0,10,True,5,12,0.0,0.1,3,odvg_appended_phrase,4.0,0.25,20,0.5,0.5,0.6238425925925927,1.2476851851851853,True,False
epoch,1784688101.3636112,13,640.8273656230886,9.949048192158921e-05,9.949048192158921e-05,9.949048192158921e-05,9.949048192158921e-06,9.949048192158921e-05,2.455749988555908,12286,1.5976848602294922,1.7161325216293335,0.8580662608146667,0.022438712418079376,0.6290789246559143,0.05320833623409271,0.03840908408164978,0.15363633632659912,0.06313405185937881,0.06313405185937881,0.15363633632659912,0.03840908408164978,,,,,,,,,,,,,,,,,,,0.04999713599681854,0.02635117433965206,0.029407875826386893,0.348265649998298,10231,337669,29377,347900,0.5,0.09844436123497975,0.2011777921503217,0.2679987745515199,0.5,0.07025904619259965,0.17265207475235728,0.23096299826394798,0.5,0.09824011982162917,0.2024372808659836,0.26963270585832455,0.09824011982162917,0.2024372808659836,0.26963270585832455,29377,17395,17395,1739500,100.0,100.0,0.43515345454216003,0.46127983927726746,0.18300950527191162,0.6530056595802307,0.6878169775009155,0.45518603920936584,0.1370459944009781,0.10692038921106783,0.7651061763739878,17395,2683,17395,0,20.0,107.6331453351304,mean,geometric_mean,odvg_phrase_grounding,4.450646253896916,2.0,2.0987074922061684,iou,0.25,0.25,2.0,True,False,False,True,True,0.1,0.25,0.05,0.25,128,5,True,True,0.05,10,0.3,10,0.0,0.5,1.0,10,True,5,12,0.0,0.1,3,odvg_appended_phrase,4.0,0.25,20,0.5,0.5,0.7407407407407407,1.4814814814814814,True,False
epoch,1784688758.6261823,14,642.5727241090499,9.941524555124963e-05,9.941524555124963e-05,9.941524555124963e-05,9.941524555124963e-06,9.941524555124963e-05,2.45759654045105,12286,1.604092001914978,1.70701003074646,0.85350501537323,0.022279847413301468,0.6302791237831116,0.051934029906988144,0.038161687552928925,0.1526467502117157,0.06227754428982735,0.06227754428982735,0.1526467502117157,0.038161687552928925,,,,,,,,,,,,,,,,,,,0.05122790113091469,0.026752177625894547,0.029951135383730957,0.35469925451884127,10420,337480,29377,347900,0.5,0.10072505701739456,0.1941995438608435,0.26588827994689723,0.5,0.06954420124587263,0.1769751846682779,0.2360690335977125,0.5,0.10089525819518672,0.1950845899853627,0.26724988936923444,0.10089525819518672,0.1950845899853627,0.26724988936923444,29377,17395,17395,1739500,100.0,100.0,0.4352618157863617,0.4615779221057892,0.17971199750900269,0.6504632234573364,0.6906423568725586,0.45249685645103455,0.1396670937538147,0.09779760193219328,0.7838712014504876,17395,2683,17395,0,20.0,104.93573041888885,mean,geometric_mean,odvg_phrase_grounding,4.371336497414574,2.0,2.2573270051708527,iou,0.25,0.25,2.0,True,False,False,True,True,0.1,0.25,0.05,0.25,128,5,True,True,0.05,10,0.3,10,0.0,0.5,1.0,10,True,5,12,0.0,0.1,3,odvg_appended_phrase,4.0,0.25,20,0.5,0.5,0.84375,1.6875,True,False
epoch,1784689444.6540565,15,670.0927488468587,9.933486439554858e-05,9.933486439554858e-05,9.933486439554858e-05,9.933486439554859e-06,9.933486439554858e-05,2.440633773803711,12286,1.5946861505508423,1.6918957233428955,0.8459478616714478,0.021897433325648308,0.6244685649871826,0.05146912857890129,0.03801622614264488,0.15206490457057953,0.06171583756804466,0.06171583756804466,0.15206490457057953,0.03801622614264488,1.559877872467041,0.020250270143151283,0.5899482369422913,0.061153214424848557,0.07803864777088165,0.07803864777088165,,,0.14870959520339966,0.037177398800849915,0.0,0.0,0,0.4962634953206788,True,True,0.925925925925926,1.851851851851852,1.0,2.0,0.055091045796871185,0.028820812702178955,0.030942799655073298,0.3664431357864996,10765,337135,29377,347900,0.5,0.10947339755591108,0.20757735643530653,0.2800490179392041,0.5,0.07727133471763624,0.20206283827484087,0.26333526228001497,0.5,0.10930319637811893,0.2095857303332539,0.2813765871259829,0.10930319637811893,0.2095857303332539,0.2813765871259829,29377,17395,17395,1739500,100.0,100.0,0.44243472814559937,0.4706912934780121,0.1852942407131195,0.6673882603645325,0.6923784017562866,0.4650236666202545,0.150730162858963,0.0985805308337549,0.7880096478739924,17395,2683,17395,0,20.0,126.50162696605548,mean,geometric_mean,odvg_phrase_grounding,4.290604181439063,2.0,2.4187916371218736,iou,0.25,0.25,2.0,True,False,False,True,True,0.1,0.25,0.05,0.25,128,5,True,True,0.05,10,0.3,10,0.0,0.5,1.0,10,True,5,12,0.0,0.1,3,odvg_appended_phrase,4.0,0.25,20,0.5,0.5,0.925925925925926,1.851851851851852,True,False
epoch,1784690107.22215,16,647.6254293741658,9.924934726918561e-05,9.924934726918561e-05,9.924934726918561e-05,9.924934726918563e-06,9.924934726918561e-05,2.4179069995880127,12286,1.5782390832901,1.679329514503479,0.8396647572517395,0.02130413055419922,0.6171309351921082,0.04984460398554802,0.03791731595993042,0.15166926383972168,0.06074794754385948,0.06074794754385948,0.15166926383972168,0.03791731595993042,,,,,,,,,,,,,,,,,,,0.06589123606681824,0.03241622447967529,0.03293187697614257,0.38999897879293327,11457,336443,29377,347900,0.5,0.11389862817850699,0.23126936038397386,0.31180855771521937,0.5,0.08074343874459611,0.22606120434353405,0.2844402083262416,0.5,0.11376246723627327,0.23579671171324507,0.31357864996425777,0.11376246723627327,0.23579671171324507,0.31357864996425777,29377,17395,17395,1739500,100.0,100.0,0.446438193321228,0.47728487849235535,0.19006334245204926,0.669812798500061,0.6969738006591797,0.477244108915329,0.1447390764951706,0.08724513012239571,0.8171897180235819,17395,2683,17395,0,20.0,107.29487287113443,mean,geometric_mean,odvg_phrase_grounding,4.209395818560937,2.0,2.5812083628781264,iou,0.25,0.25,2.0,True,False,False,True,True,0.1,0.25,0.05,0.25,128,5,True,True,0.05,10,0.3,10,0.0,0.5,1.0,10,True,5,12,0.0,0.1,3,odvg_appended_phrase,4.0,0.25,20,0.5,0.5,0.9803240740740741,1.9606481481481481,True,False
epoch,1784690763.9052963,17,642.5204063078854,9.915870355007733e-05,9.915870355007733e-05,9.915870355007733e-05,9.915870355007733e-06,9.915870355007733e-05,2.4137330055236816,12286,1.5784369707107544,1.6705948114395142,0.8352974057197571,0.021464303135871887,0.6159018278121948,0.049150820821523666,0.03750664368271828,0.1500265747308731,0.05928914621472359,0.05928914621472359,0.1500265747308731,0.03750664368271828,,,,,,,,,,,,,,,,,,,0.06988824903964996,0.034535203129053116,0.03342914630640989,0.39588793954454166,11630,336270,29377,347900,0.5,0.11869830139224563,0.24246859788269734,0.32402900228069575,0.5,0.08693876161623039,0.2330054123974538,0.29683085406951015,0.5,0.11658780678762297,0.24910644381659122,0.3279095891343568,0.11658780678762297,0.24910644381659122,0.3279095891343568,29377,17395,17395,1739500,100.0,100.0,0.4518651068210602,0.4836466312408447,0.19167329370975494,0.6736037135124207,0.7018415927886963,0.48183953762054443,0.15981890261173248,0.08595159807600278,0.8216177972848486,17395,2683,17395,0,20.0,102.93336459505372,mean,geometric_mean,odvg_phrase_grounding,4.128663502585426,2.0,2.742672994829147,iou,0.25,0.25,2.0,True,False,False,True,True,0.1,0.25,0.05,0.25,128,5,True,True,0.05,10,0.3,10,0.0,0.5,1.0,10,True,5,12,0.0,0.1,3,odvg_appended_phrase,4.0,0.25,20,0.5,0.5,1.0,2.0,True,False
epoch,1784691404.3772209,18,625.5131848880555,9.906294317832897e-05,9.906294317832897e-05,9.906294317832897e-05,9.906294317832897e-06,9.906294317832897e-05,2.3940842151641846,12286,1.5652357339859009,1.657697319984436,0.828848659992218,0.020588643848896027,0.6058314442634583,0.049964580684900284,0.03731199726462364,0.14924798905849457,0.061039336025714874,0.061039336025714874,0.14924798905849457,0.03731199726462364,,,,,,,,,,,,,,,,,,,0.07192514836788177,0.035433948040008545,0.03381144006898534,0.40041529087381283,11763,336137,29377,347900,0.5,0.12445110120162031,0.2344010620553494,0.3219185076760731,0.5,0.08976410116758007,0.2253123191612486,0.29444803758042004,0.5,0.12097899717466044,0.24314940259386594,0.3232801170984103,0.12097899717466044,0.24314940259386594,0.3232801170984103,29377,17395,17395,1739500,100.0,100.0,0.45707017183303833,0.49248048663139343,0.19903455674648285,0.6829138994216919,0.7100793123245239,0.49215373396873474,0.16369949281215668,0.0917384430949219,0.8135979943601326,17395,2683,17395,0,20.0,101.59965753881261,mean,geometric_mean,odvg_phrase_grounding,4.049353746103084,2.0,2.9012925077938307,iou,0.25,0.25,2.0,True,False,False,True,True,0.1,0.25,0.05,0.25,128,5,True,True,0.05,10,0.3,10,0.0,0.5,1.0,10,True,5,12,0.0,0.1,3,odvg_appended_phrase,4.0,0.25,20,0.5,0.5,1.0,2.0,True,False
epoch,1784692038.00875,19,618.5779572532047,9.896207665514444e-05,9.896207665514444e-05,9.896207665514444e-05,9.896207665514443e-06,9.896207665514444e-05,2.363269090652466,12286,1.541631817817688,1.6432747840881348,0.8216373920440674,0.019609782844781876,0.5942948460578918,0.04942071810364723,0.03626688942313194,0.14506755769252777,0.060772113502025604,0.060772113502025604,0.14506755769252777,0.03626688942313194,,,,,,,,,,,,,,,,,,,0.0860600620508194,0.04268375784158707,0.035104915205518825,0.41573339687510635,12213,335687,29377,347900,0.5,0.12993157912652756,0.27429621812982946,0.3523504782653096,0.5,0.10058889607516085,0.24791503557204617,0.3193995302447493,0.5,0.13493549375361677,0.27780236239234773,0.35231643802975116,0.13493549375361677,0.27780236239234773,0.35231643802975116,29377,17395,17395,1739500,100.0,100.0,0.46645626425743103,0.50567626953125,0.21723386645317078,0.6888896822929382,0.7253293395042419,0.5073016285896301,0.16788643598556519,0.09156823171452377,0.8194994327751395,17395,2683,17395,0,20.0,107.80364015698433,mean,geometric_mean,odvg_phrase_grounding,3.972396383495064,2.0,3.055207233009872,iou,0.25,0.25,2.0,True,False,False,True,True,0.1,0.25,0.05,0.25,128,5,True,True,0.05,10,0.3,10,0.0,0.5,1.0,10,True,5,12,0.0,0.1,3,odvg_appended_phrase,4.0,0.25,20,0.5,0.5,1.0,2.0,True,False
epoch,1784692715.413141,20,661.9555940742139,9.885611504167465e-05,9.885611504167465e-05,9.885611504167465e-05,9.885611504167465e-06,9.885611504167465e-05,2.349680185317993,12286,1.533664584159851,1.6320273876190186,0.8160136938095093,0.01917180046439171,0.5875617861747742,0.049798257648944855,0.03579781576991081,0.14319126307964325,0.06115459278225899,0.06115459278225899,0.14319126307964325,0.03579781576991081,1.497633457183838,0.017938414588570595,0.5568785667419434,0.05448979511857033,0.07701674103736877,0.07701674103736877,,,0.1397046595811844,0.0349261648952961,0.0,0.0,0,0.4633474064085087,True,True,1.0,2.0,1.0,2.0,0.09262856841087341,0.04705485701560974,0.036257545271629776,0.42938353133403684,12614,335286,29377,347900,0.5,0.13241651632229295,0.28267011607720327,0.36586445178200633,0.5,0.1090308744936515,0.2558464104571604,0.33396875106375734,0.5,0.13799911495387548,0.2860060591619294,0.3664771760220581,0.13799911495387548,0.2860060591619294,0.3664771760220581,29377,17395,17395,1739500,100.0,100.0,0.4733637869358063,0.51593017578125,0.22726859152317047,0.6972399353981018,0.73101407289505,0.5180923938751221,0.17380943894386292,0.08870886254108523,0.828777909906033,17395,2683,17395,0,20.0,121.30307211587206,mean,geometric_mean,odvg_phrase_grounding,3.8986936694751573,2.0,3.2026126610496854,iou,0.25,0.25,2.0,True,False,False,True,True,0.1,0.25,0.05,0.25,128,5,True,True,0.05,10,0.3,10,0.0,0.5,1.0,10,True,5,12,0.0,0.1,3,odvg_appended_phrase,4.0,0.25,20,0.5,0.5,1.0,2.0,True,False
epoch,1784693374.8419912,21,644.9867659229785,9.874506995780461e-05,9.874506995780461e-05,9.874506995780461e-05,9.87450699578046e-06,9.874506995780461e-05,2.3444182872772217,12286,1.5285412073135376,1.6317576169967651,0.8158788084983826,0.019102981314063072,0.5870316028594971,0.04790249466896057,0.03553082421422005,0.1421232968568802,0.059288837015628815,0.059288837015628815,0.1421232968568802,0.03553082421422005,,,,,,,,,,,,,,,,,,,0.09472128748893738,0.04912358522415161,0.03670594998562805,0.43469380808115193,12770,335130,29377,347900,0.5,0.13537801681587636,0.2880144330598768,0.3706981652313034,0.5,0.11328590393845525,0.26895190114715595,0.3427511318378323,0.5,0.1400415290873813,0.2927119855669401,0.3715151308847057,0.1400415290873813,0.2927119855669401,0.3715151308847057,29377,17395,17395,1739500,100.0,100.0,0.47447440028190613,0.5162627100944519,0.22289489209651947,0.7003936767578125,0.7271674871444702,0.5180583596229553,0.18174082040786743,0.08336455154180339,0.8390827017973874,17395,2683,17395,0,20.0,105.76868913206272,mean,geometric_mean,odvg_phrase_grounding,3.829109700978213,2.0,3.3417805980435733,iou,0.25,0.25,2.0,True,False,False,True,True,0.1,0.25,0.05,0.25,128,5,True,True,0.05,10,0.3,10,0.0,0.5,1.0,10,True,5,12,0.0,0.1,3,odvg_appended_phrase,4.0,0.25,20,0.5,0.5,1.0,2.0,True,False
epoch,1784694034.0292625,22,645.0435035999399,9.862895358087911e-05,9.862895358087911e-05,9.862895358087911e-05,9.862895358087911e-06,9.862895358087911e-05,2.324958562850952,12286,1.5152357816696167,1.6194367408752441,0.8097183704376221,0.018527235835790634,0.5776347517967224,0.048802610486745834,0.03507646918296814,0.14030587673187256,0.05925584211945534,0.05925584211945534,0.14030587673187256,0.03507646918296814,,,,,,,,,,,,,,,,,,,0.10208272933959961,0.05306040495634079,0.03784420810577752,0.4481737413622902,13166,334734,29377,347900,0.5,0.13799911495387548,0.2984647853763148,0.38329305238792255,0.5,0.12165980188582905,0.27678115532559483,0.355073697109984,0.5,0.1432413112298737,0.30081356162984646,0.3838376961568574,0.1432413112298737,0.30081356162984646,0.3838376961568574,29377,17395,17395,1739500,100.0,100.0,0.4836896061897278,0.5295910835266113,0.23514051735401154,0.7087398767471313,0.7373455166816711,0.5341933965682983,0.18902543187141418,0.08601965520600813,0.8389728219056893,17395,2683,17395,0,20.0,107.07516707899049,mean,geometric_mean,odvg_phrase_grounding,3.7644602864136294,2.0,3.471079427172741,iou,0.25,0.25,2.0,True,False,False,True,True,0.1,0.25,0.05,0.25,128,5,True,True,0.05,10,0.3,10,0.0,0.5,1.0,10,True,5,12,0.0,0.1,3,odvg_appended_phrase,4.0,0.25,20,0.5,0.5,1.0,2.0,True,False
epoch,1784694702.245692,23,653.7847152571194,9.850777864436743e-05,9.850777864436743e-05,9.850777864436743e-05,9.850777864436743e-06,9.850777864436743e-05,2.308387279510498,12286,1.5005100965499878,1.6157552003860474,0.8078776001930237,0.017844870686531067,0.5691035389900208,0.04879893735051155,0.03487539291381836,0.13950157165527344,0.06004836782813072,0.06004836782813072,0.13950157165527344,0.03487539291381836,,,,,,,,,,,,,,,,,,,0.10553061217069626,0.055277545005083084,0.038798505317620004,0.459475099567689,13498,334402,29377,347900,0.5,0.1419818225142118,0.3055791946080267,0.3981005548558396,0.5,0.12377029649045171,0.28263607584164485,0.36191578445722844,0.5,0.1476665418524696,0.31044694829288216,0.3991217619225925,0.1476665418524696,0.31044694829288216,0.3991217619225925,29377,17395,17395,1739500,100.0,100.0,0.48876187205314636,0.5407410860061646,0.23918931186199188,0.7151870727539062,0.7411240339279175,0.5453585982322693,0.1985226571559906,0.08588349866458028,0.8425192177349657,17395,2683,17395,0,20.0,109.35393435298465,mean,geometric_mean,odvg_phrase_grounding,3.7055033810576523,2.0,3.588993237884696,iou,0.25,0.25,2.0,True,False,False,True,True,0.1,0.25,0.05,0.25,128,5,True,True,0.05,10,0.3,10,0.0,0.5,1.0,10,True,5,12,0.0,0.1,3,odvg_appended_phrase,4.0,0.25,20,0.5,0.5,1.0,2.0,True,False
epoch,1784695360.0568843,24,643.8533350639045,9.838155843646685e-05,9.838155843646685e-05,9.838155843646685e-05,9.838155843646684e-06,9.838155843646685e-05,2.298633575439453,12286,1.4943588972091675,1.608548879623413,0.8042744398117065,0.017679883167147636,0.5658751726150513,0.04850206896662712,0.03435551002621651,0.13742204010486603,0.05889024958014488,0.05889024958014488,0.13742204010486603,0.03435551002621651,,,,,,,,,,,,,,,,,,,0.10909182578325272,0.05702929571270943,0.03936763437769474,0.46621506620825814,13696,334204,29377,347900,0.5,0.14450079994553564,0.3116043163018688,0.4060319297409538,0.5,0.12816148687748918,0.2876059502331756,0.3693705960445246,0.5,0.15198965176839024,0.3166763114000749,0.40718929774994045,0.15198965176839024,0.3166763114000749,0.40718929774994045,29377,17395,17395,1739500,100.0,100.0,0.4938278794288635,0.5469232797622681,0.25164303183555603,0.7181908488273621,0.7516764998435974,0.5519964694976807,0.2023351639509201,0.08578140328942252,0.8445979131578795,17395,2683,17395,0,20.0,106.44006582093425,mean,geometric_mean,odvg_phrase_grounding,3.652930200720767,2.0,3.6941395985584657,iou,0.25,0.25,2.0,True,False,False,True,True,0.1,0.25,0.05,0.25,128,5,True,True,0.05,10,0.3,10,0.0,0.5,1.0,10,True,5,12,0.0,0.1,3,odvg_appended_phrase,4.0,0.25,20,0.5,0.5,1.0,2.0,True,False
epoch,1784696038.600914,25,662.4471192080528,9.825030679864553e-05,9.825030679864553e-05,9.825030679864553e-05,9.825030679864553e-06,9.825030679864553e-05,2.273723840713501,12286,1.4735145568847656,1.6004184484481812,0.8002092242240906,0.017086803913116455,0.5572572946548462,0.04751873016357422,0.03398190438747406,0.13592761754989624,0.05859777703881264,0.05859777703881264,0.13592761754989624,0.03398190438747406,1.45737624168396,0.016244160011410713,0.5316982269287109,0.05385763198137283,0.07358075678348541,0.07358075678348541,,,0.13339334726333618,0.033348336815834045,0.0,0.0,0,0.45,True,True,1.0,2.0,1.0,2.0,0.11345132440328598,0.059381239116191864,0.04034780109226789,0.4778227865336828,14037,333863,29377,347900,0.5,0.14671341525683357,0.3149742996221534,0.4149845116928209,0.5,0.13374408550907171,0.29148653708683664,0.37788065493413214,0.5,0.15488307179085678,0.32038669707594375,0.41648228205739185,0.15488307179085678,0.32038669707594375,0.41648228205739185,29377,17395,17395,1739500,100.0,100.0,0.5003031492233276,0.5502762198448181,0.2620333731174469,0.7244188785552979,0.7595057487487793,0.5571365356445312,0.210164412856102,0.07931374911084843,0.8576403735233533,17395,2683,17395,0,20.0,128.64929552795365,mean,geometric_mean,odvg_phrase_grounding,3.607357117874308,2.0,3.785285764251384,iou,0.25,0.25,2.0,True,False,False,True,True,0.1,0.25,0.05,0.25,128,5,True,True,0.05,10,0.3,10,0.0,0.5,1.0,10,True,5,12,0.0,0.1,3,odvg_appended_phrase,4.0,0.25,20,0.5,0.5,1.0,2.0,True,False
epoch,1784696694.8076463,26,640.728027862031,9.811403812412464e-05,9.811403812412464e-05,9.811403812412464e-05,9.811403812412465e-06,9.811403812412464e-05,2.2659497261047363,12286,1.4707627296447754,1.5903677940368652,0.7951838970184326,0.0170357134193182,0.5564104318618774,0.04687589034438133,0.0341375507414341,0.1365502029657364,0.05728583037853241,0.05728583037853241,0.1365502029657364,0.0341375507414341,,,,,,,,,,,,,,,,,,,0.1156557947397232,0.06019328162074089,0.04043978154642139,0.47891207407155256,14069,333831,29377,347900,0.5,0.14807502467917077,0.322463151445008,0.4230180072846104,0.5,0.1354120570514348,0.2979201416073799,0.3830547707390135,0.5,0.15552983626646696,0.32807979031214896,0.42431153623583073,0.15552983626646696,0.32807979031214896,0.42431153623583073,29377,17395,17395,1739500,100.0,100.0,0.49953725934028625,0.5508258938789368,0.2594541907310486,0.7270822525024414,0.757939875125885,0.5562174320220947,0.21333014965057373,0.07730535795054216,0.861015938192546,17395,2683,17395,0,20.0,106.51890690205619,mean,geometric_mean,odvg_phrase_grounding,3.5693184352467826,2.0,3.8613631295064352,iou,0.25,0.25,2.0,True,False,False,True,True,0.1,0.25,0.05,0.25,128,5,True,True,0.05,10,0.3,10,0.0,0.5,1.0,10,True,5,12,0.0,0.1,3,odvg_appended_phrase,4.0,0.25,20,0.5,0.5,1.0,2.0,True,False
epoch,1784697351.028615,27,642.2710772037972,9.797276735629997e-05,9.797276735629997e-05,9.797276735629997e-05,9.797276735629996e-06,9.797276735629997e-05,2.240997076034546,12286,1.4517040252685547,1.5785832405090332,0.7892916202545166,0.01636410504579544,0.5470466613769531,0.04701460897922516,0.03375503420829773,0.13502013683319092,0.05682419240474701,0.05682419240474701,0.13502013683319092,0.03375503420829773,,,,,,,,,,,,,,,,,,,0.11936814337968826,0.06214325502514839,0.04116125323368784,0.4874561731967185,14320,333580,29377,347900,0.5,0.1503557204615856,0.3295775606767199,0.42669435272492084,0.5,0.13953092555400484,0.3043877863634816,0.3870034380637914,0.5,0.1603295094802056,0.3359430847261463,0.42771555979167375,0.1603295094802056,0.3359430847261463,0.42771555979167375,29377,17395,17395,1739500,100.0,100.0,0.5068259239196777,0.5582513809204102,0.2747166156768799,0.7284762263298035,0.7695135474205017,0.5646253824234009,0.2162916511297226,0.07716920922668236,0.8633267089490944,17395,2683,17395,0,20.0,103.17963159899227,mean,geometric_mean,odvg_phrase_grounding,3.539260121612898,2.0,3.921479756774204,iou,0.25,0.25,2.0,True,False,False,True,True,0.1,0.25,0.05,0.25,128,5,True,True,0.05,10,0.3,10,0.0,0.5,1.0,10,True,5,12,0.0,0.1,3,odvg_appended_phrase,4.0,0.25,20,0.5,0.5,1.0,2.0,True,False
epoch,1784698007.1973133,28,642.0360744760837,9.782650998710315e-05,9.782650998710315e-05,9.782650998710315e-05,9.782650998710316e-06,9.782650998710315e-05,2.2373085021972656,12286,1.4494328498840332,1.5757554769515991,0.7878777384757996,0.015962759032845497,0.5413556694984436,0.049002666026353836,0.0337161123752594,0.1348644495010376,0.057695262134075165,0.057695262134075165,0.1348644495010376,0.0337161123752594,,,,,,,,,,,,,,,,,,,0.12054622173309326,0.06379477679729462,0.041204369071572294,0.487966776730095,14335,333565,29377,347900,0.5,0.15355550260407802,0.33039452633012223,0.4294856520407121,0.5,0.14065425332743303,0.30574939578581883,0.3888075705483882,0.5,0.16376757327160704,0.33676005037954865,0.4306089798141403,0.16376757327160704,0.33676005037954865,0.4306089798141403,29377,17395,17395,1739500,100.0,100.0,0.5121699571609497,0.5618504881858826,0.28581318259239197,0.7364681363105774,0.774177074432373,0.5673826336860657,0.2301119863986969,0.0794158569559707,0.8600312166059145,17395,2683,17395,0,20.0,106.64536790619604,mean,geometric_mean,odvg_phrase_grounding,3.5175345832174347,2.0,3.96493083356513,iou,0.25,0.25,2.0,True,False,False,True,True,0.1,0.25,0.05,0.25,128,5,True,True,0.05,10,0.3,10,0.0,0.5,1.0,10,True,5,12,0.0,0.1,3,odvg_appended_phrase,4.0,0.25,20,0.5,0.5,1.0,2.0,True,False
epoch,1784698668.4025195,29,646.5664439699613,9.767528205530292e-05,9.767528205530292e-05,9.767528205530292e-05,9.767528205530292e-06,9.767528205530292e-05,2.218574285507202,12286,1.4374581575393677,1.5622347593307495,0.7811173796653748,0.015866301953792572,0.5411166548728943,0.046512141823768616,0.033656045794487,0.134624183177948,0.0561906062066555,0.0561906062066555,0.134624183177948,0.033656045794487,,,,,,,,,,,,,,,,,,,0.1261865645647049,0.06684544682502747,0.04229376257545272,0.50086802600674,14714,333186,29377,347900,0.5,0.15403206590189605,0.3365217687306396,0.43711066480580046,0.5,0.14450079994553564,0.31146815535963507,0.39418592776662015,0.5,0.16570786669843757,0.3443169826735201,0.4381659121081118,0.16570786669843757,0.3443169826735201,0.4381659121081118,29377,17395,17395,1739500,100.0,100.0,0.5160003900527954,0.568495512008667,0.2926376760005951,0.7410117387771606,0.7788065671920776,0.574020504951477,0.23368622362613678,0.07315247894473709,0.8725612093754024,17395,2683,17395,0,20.0,108.23203426296823,mean,geometric_mean,odvg_phrase_grounding,3.5043965321342303,2.0,3.9912069357315394,iou,0.25,0.25,2.0,True,False,False,True,True,0.1,0.25,0.05,0.25,128,5,True,True,0.05,10,0.3,10,0.0,0.5,1.0,10,True,5,12,0.0,0.1,3,odvg_appended_phrase,4.0,0.25,20,0.5,0.5,1.0,2.0,True,False
epoch,1784699345.975192,30,662.7910741600208,9.751910014474616e-05,9.751910014474616e-05,9.751910014474616e-05,9.751910014474617e-06,9.751910014474616e-05,2.199770450592041,12286,1.4224588871002197,1.5546280145645142,0.7773140072822571,0.015528126619756222,0.5333007574081421,0.04705335944890976,0.033591099083423615,0.13436439633369446,0.055530063807964325,0.055530063807964325,0.13436439633369446,0.033591099083423615,1.4225447177886963,0.015476349741220474,0.5181297063827515,0.05122855678200722,0.06978943198919296,0.06978943198919296,,,0.13409873843193054,0.033524684607982635,0.0,0.0,0,0.45,True,True,1.0,2.0,1.0,2.0,0.12658080458641052,0.06598769128322601,0.04281115263006611,0.5069952684072574,14894,333006,29377,347900,0.5,0.15345338189740274,0.33999387275759946,0.44432719474418764,0.5,0.14916431221704055,0.32185042720495627,0.4053170847942268,0.5,0.16339313068046432,0.34864009258944073,0.44596112605099225,0.16339313068046432,0.34864009258944073,0.44596112605099225,29377,17395,17395,1739500,100.0,100.0,0.5182455778121948,0.5696424841880798,0.298077791929245,0.7396324872970581,0.782993495464325,0.5821220874786377,0.2344350963830948,0.0751268190713803,0.8709431909777221,17395,2683,17395,0,20.0,124.28456765599549,mean,geometric_mean,odvg_phrase_grounding,3.5,2.0,4.0,iou,0.25,0.25,2.0,True,False,False,True,True,0.1,0.25,0.05,0.25,128,5,True,True,0.05,10,0.3,10,0.0,0.5,1.0,10,True,5,12,0.0,0.1,3,odvg_appended_phrase,4.0,0.25,20,0.5,0.5,1.0,2.0,True,False
epoch,1784699999.8982432,31,646.8963615440298,9.735798138253937e-05,9.735798138253937e-05,9.735798138253937e-05,9.735798138253938e-06,9.735798138253937e-05,2.1869101524353027,12286,1.414038896560669,1.5457402467727661,0.7728701233863831,0.015588587149977684,0.5329787135124207,0.045580074191093445,0.03343270346522331,0.13373081386089325,0.05452360212802887,0.05452360212802887,0.13373081386089325,0.03343270346522331,,,,,,,,,,,,,,,,,,,0.1338506042957306,0.07005046308040619,0.04314170738718023,0.5109098954964768,15009,332891,29377,347900,0.5,0.15736800898662218,0.34721040269598663,0.45487966776730093,0.5,0.15454266943527248,0.3275691867787725,0.4155291554617558,0.5,0.1686012867209041,0.35534601899445145,0.45692208190080674,0.1686012867209041,0.35534601899445145,0.45692208190080674,29377,17395,17395,1739500,100.0,100.0,0.5200618505477905,0.5745747089385986,0.29954349994659424,0.7415279150009155,0.7835381627082825,0.5845049023628235,0.23889437317848206,0.07359500686634668,0.8740900092217472,17395,2683,17395,0,20.0,110.55269834492356,mean,geometric_mean,odvg_phrase_grounding,3.5,2.0,4.0,iou,0.25,0.25,2.0,True,False,False,True,True,0.1,0.25,0.05,0.25,128,5,True,True,0.05,10,0.3,10,0.0,0.5,1.0,10,True,5,12,0.0,0.1,3,odvg_appended_phrase,4.0,0.25,20,0.5,0.5,1.0,2.0,True,False
epoch,1784700644.9233782,32,629.5335099641234,9.719194343717051e-05,9.719194343717051e-05,9.719194343717051e-05,9.719194343717051e-06,9.719194343717051e-05,2.1667733192443848,12286,1.4000245332717896,1.5334943532943726,0.7667471766471863,0.015072132460772991,0.5286290645599365,0.04492170363664627,0.03314844146370888,0.1325937658548355,0.054289065301418304,0.054289065301418304,0.1325937658548355,0.03314844146370888,,,,,,,,,,,,,,,,,,,0.13953320682048798,0.07286413013935089,0.04393791319344639,0.520339040746162,15286,332614,29377,347900,0.5,0.1582870953466998,0.3528951220342445,0.462640841474623,0.5,0.1576062906355312,0.3365898492017565,0.42512850188923307,0.5,0.17183510909895497,0.36297103175953976,0.4645470946658951,0.17183510909895497,0.36297103175953976,0.4645470946658951,29377,17395,17395,1739500,100.0,100.0,0.5265001058578491,0.5859718918800354,0.30422767996788025,0.750572919845581,0.786329448223114,0.5940361618995667,0.251046746969223,0.07369712115340465,0.8759383251724251,17395,2683,17395,0,20.0,103.40918430895545,mean,geometric_mean,odvg_phrase_grounding,3.5,2.0,4.0,iou,0.25,0.25,2.0,True,False,False,True,True,0.1,0.25,0.05,0.25,128,5,True,True,0.05,10,0.3,10,0.0,0.5,1.0,10,True,5,12,0.0,0.1,3,odvg_appended_phrase,4.0,0.25,20,0.5,0.5,1.0,2.0,True,False
epoch,1784701280.6208029,33,621.244211849058,9.702100451657131e-05,9.702100451657131e-05,9.702100451657131e-05,9.702100451657132e-06,9.702100451657131e-05,2.1473093032836914,12286,1.3877414464950562,1.5191320180892944,0.7595660090446472,0.014857918955385685,0.5239076614379883,0.04465486481785774,0.03298144415020943,0.1319257766008377,0.05338964983820915,0.05338964983820915,0.1319257766008377,0.03298144415020943,,,,,,,,,,,,,,,,,,,0.1406450718641281,0.07336210459470749,0.04443518252371371,0.5262280014977704,15459,332441,29377,347900,0.5,0.16005718759573817,0.35667358818123024,0.4664193076216087,0.5,0.16434625727610036,0.3468019198692855,0.4378255097525275,0.5,0.17248187357456513,0.36760050379548626,0.46795111822173807,0.17248187357456513,0.36760050379548626,0.46795111822173807,29377,17395,17395,1739500,100.0,100.0,0.5278021097183228,0.5848758816719055,0.30814820528030396,0.7506992220878601,0.7890186309814453,0.5962827801704407,0.25114884972572327,0.07005477867267029,0.8825141677701208,17395,2683,17395,0,20.0,103.82002597302198,mean,geometric_mean,odvg_phrase_grounding,3.5,2.0,4.0,iou,0.25,0.25,2.0,True,False,False,True,True,0.1,0.25,0.05,0.25,128,5,True,True,0.05,10,0.3,10,0.0,0.5,1.0,10,True,5,12,0.0,0.1,3,odvg_appended_phrase,4.0,0.25,20,0.5,0.5,1.0,2.0,True,False
epoch,1784701936.764489,34,641.0234611730557,9.684518336612076e-05,9.684518336612076e-05,9.684518336612076e-05,9.684518336612077e-06,9.684518336612076e-05,2.129300355911255,12286,1.3730559349060059,1.5124948024749756,0.7562474012374878,0.014483070001006126,0.5169341564178467,0.04490724951028824,0.032508693635463715,0.13003477454185486,0.053737737238407135,0.053737737238407135,0.13003477454185486,0.032508693635463715,,,,,,,,,,,,,,,,,,,0.1464683711528778,0.07636550068855286,0.04477723483759701,0.5302787895292236,15578,332322,29377,347900,0.5,0.16060183136467304,0.3592606460836709,0.47295503284882734,0.5,0.16652483235183987,0.3522143173230759,0.44391871191748644,0.5,0.17496681077033052,0.37066412499574497,0.4741124008578139,0.17496681077033052,0.37066412499574497,0.4741124008578139,29377,17395,17395,1739500,100.0,100.0,0.5313390493392944,0.5877717733383179,0.3186490833759308,0.7519494891166687,0.7963712811470032,0.5973039865493774,0.2526806592941284,0.06702519702015386,0.8877871259367309,17395,2683,17395,0,20.0,102.41898487997241,mean,geometric_mean,odvg_phrase_grounding,3.5,2.0,4.0,iou,0.25,0.25,2.0,True,False,False,True,True,0.1,0.25,0.05,0.25,128,5,True,True,0.05,10,0.3,10,0.0,0.5,1.0,10,True,5,12,0.0,0.1,3,odvg_appended_phrase,4.0,0.25,20,0.5,0.5,1.0,2.0,True,False
epoch,1784702596.8265116,35,646.3193278019316,9.666449926658933e-05,9.666449926658933e-05,9.666449926658933e-05,9.666449926658932e-06,9.666449926658933e-05,2.1211562156677246,12286,1.366594910621643,1.509125828742981,0.7545629143714905,0.014233940280973911,0.5133838653564453,0.045439209789037704,0.032590873539447784,0.13036349415779114,0.052894242107868195,0.052894242107868195,0.13036349415779114,0.032590873539447784,1.383489966392517,0.014967823401093483,0.5045915842056274,0.05023244023323059,0.06601177155971527,0.06601177155971527,,,0.12970079481601715,0.03242519870400429,0.0,0.0,0,0.45,True,True,1.0,2.0,1.0,2.0,0.1502080261707306,0.07722409069538116,0.04497844208105777,0.5326616060183137,15648,332252,29377,347900,0.5,0.16192940055145183,0.3627667903461892,0.4737719985022296,0.5,0.16917997072539742,0.35503965687442557,0.4432719474418763,0.5,0.17799639173503082,0.3744425911427307,0.47414644109337234,0.17799639173503082,0.3744425911427307,0.47414644109337234,29377,17395,17395,1739500,100.0,100.0,0.5346269011497498,0.5916930437088013,0.32454630732536316,0.7558797001838684,0.7994008660316467,0.6038057208061218,0.25921639800071716,0.07114411478780813,0.8821738311905593,17395,2683,17395,0,20.0,122.21672008722089,mean,geometric_mean,odvg_phrase_grounding,3.5,2.0,4.0,iou,0.25,0.25,2.0,True,False,False,True,True,0.1,0.25,0.05,0.25,128,5,True,True,0.05,10,0.3,10,0.0,0.5,1.0,10,True,5,12,0.0,0.1,3,odvg_appended_phrase,4.0,0.25,20,0.5,0.5,1.0,2.0,True,False
epoch,1784703258.3626165,36,647.2259107341524,9.647897203202462e-05,9.647897203202462e-05,9.647897203202462e-05,9.647897203202463e-06,9.647897203202462e-05,2.107390880584717,12286,1.359169602394104,1.4964388608932495,0.7482194304466248,0.014389927498996258,0.5128398537635803,0.04412107169628143,0.03257964551448822,0.13031858205795288,0.051954858005046844,0.051954858005046844,0.13031858205795288,0.03257964551448822,,,,,,,,,,,,,,,,,,,0.14990746974945068,0.07730182260274887,0.04513365909744179,0.5344997787384689,15702,332198,29377,347900,0.5,0.1629165673826463,0.3657963713108895,0.4770398611158389,0.5,0.17037137896994248,0.35895428396364504,0.4457568846376417,0.5,0.17765598937944652,0.377948735405249,0.4790141947782279,0.17765598937944652,0.377948735405249,0.4790141947782279,29377,17395,17395,1739500,100.0,100.0,0.5337542295455933,0.5879823565483093,0.31663787364959717,0.758115291595459,0.7971542477607727,0.5995506644248962,0.2630629539489746,0.06505088568642736,0.8915006027908821,17395,2683,17395,0,20.0,108.50731125101447,mean,geometric_mean,odvg_phrase_grounding,3.5,2.0,4.0,iou,0.25,0.25,2.0,True,False,False,True,True,0.1,0.25,0.05,0.25,128,5,True,True,0.05,10,0.3,10,0.0,0.5,1.0,10,True,5,12,0.0,0.1,3,odvg_appended_phrase,4.0,0.25,20,0.5,0.5,1.0,2.0,True,False
epoch,1784703915.4444401,37,641.8965886989608,9.628862200757866e-05,9.628862200757866e-05,9.628862200757866e-05,9.628862200757865e-06,9.628862200757866e-05,2.0887022018432617,12286,1.3463391065597534,1.4847272634506226,0.7423636317253113,0.01400022953748703,0.5073672533035278,0.0441661961376667,0.032217808067798615,0.12887123227119446,0.05179661512374878,0.05179661512374878,0.12887123227119446,0.032217808067798615,,,,,,,,,,,,,,,,,,,0.15711663663387299,0.08089537173509598,0.045883874676631214,0.5433842802192191,15963,331937,29377,347900,0.5,0.16220172243591927,0.3701194812268101,0.4856860809476802,0.5,0.17149470674337067,0.3654219287197467,0.45532219082956055,0.5,0.17656670184157675,0.3833951730945978,0.48721789154780953,0.17656670184157675,0.3833951730945978,0.48721789154780953,29377,17395,17395,1739500,100.0,100.0,0.5382323861122131,0.5941631197929382,0.3273999094963074,0.7597144246101379,0.7975627183914185,0.6090138554573059,0.26384586095809937,0.06562957523808677,0.8922363183530434,17395,2683,17395,0,20.0,104.88028874713928,mean,geometric_mean,odvg_phrase_grounding,3.5,2.0,4.0,iou,0.25,0.25,2.0,True,False,False,True,True,0.1,0.25,0.05,0.25,128,5,True,True,0.05,10,0.3,10,0.0,0.5,1.0,10,True,5,12,0.0,0.1,3,odvg_appended_phrase,4.0,0.25,20,0.5,0.5,1.0,2.0,True,False
epoch,1784704558.7826636,38,628.7677063588053,9.609347006727664e-05,9.609347006727664e-05,9.609347006727664e-05,9.609347006727664e-06,9.609347006727664e-05,2.08280086517334,12286,1.33998703956604,1.485626220703125,0.7428131103515625,0.014066696166992188,0.5064876675605774,0.04324456304311752,0.03205337002873421,0.12821348011493683,0.05121716856956482,0.05121716856956482,0.12821348011493683,0.03205337002873421,,,,,,,,,,,,,,,,,,,0.16160742938518524,0.08307645469903946,0.04629203794193734,0.5482179936685162,16105,331795,29377,347900,0.5,0.16468665963168466,0.374782993498315,0.48997515062804237,0.5,0.17510297171256425,0.37161725159138104,0.4584879327364945,0.5,0.18031112775300406,0.3882629267794533,0.49079211628144465,0.18031112775300406,0.3882629267794533,0.49079211628144465,29377,17395,17395,1739500,100.0,100.0,0.5409616827964783,0.5985971689224243,0.32834041118621826,0.7652884125709534,0.799468994140625,0.6111583709716797,0.27712154388427734,0.06294037730316349,0.8970146196261786,17395,2683,17395,0,20.0,102.09507561894134,mean,geometric_mean,odvg_phrase_grounding,3.5,2.0,4.0,iou,0.25,0.25,2.0,True,False,False,True,True,0.1,0.25,0.05,0.25,128,5,True,True,0.05,10,0.3,10,0.0,0.5,1.0,10,True,5,12,0.0,0.1,3,odvg_appended_phrase,4.0,0.25,20,0.5,0.5,1.0,2.0,True,False
epoch,1784705224.9633634,39,651.128849870991,9.589353761172797e-05,9.589353761172797e-05,9.589353761172797e-05,9.589353761172797e-06,9.589353761172797e-05,2.0758938789367676,12286,1.3351271152496338,1.4815326929092407,0.7407663464546204,0.013958899304270744,0.5056844353675842,0.042711291462183,0.03222501277923584,0.12890005111694336,0.05047336220741272,0.05047336220741272,0.12890005111694336,0.03222501277923584,,,,,,,,,,,,,,,,,,,0.16097280383110046,0.08338472992181778,0.04631790744466801,0.5485243557885421,16114,331786,29377,347900,0.5,0.16580998740511285,0.3768254076318208,0.4924260475882493,0.5,0.17432004629472037,0.37393198760935425,0.46202811723457127,0.5,0.18027708751744562,0.3907478639752187,0.49327705347721007,0.18027708751744562,0.3907478639752187,0.49327705347721007,29377,17395,17395,1739500,100.0,100.0,0.5416721701622009,0.6004022359848022,0.32783687114715576,0.7676793932914734,0.797869086265564,0.6121455430984497,0.27756407856941223,0.06362118730990762,0.8960685281021876,17395,2683,17395,0,20.0,110.35445115389302,mean,geometric_mean,odvg_phrase_grounding,3.5,2.0,4.0,iou,0.25,0.25,2.0,True,False,False,True,True,0.1,0.25,0.05,0.25,128,5,True,True,0.05,10,0.3,10,0.0,0.5,1.0,10,True,5,12,0.0,0.1,3,odvg_appended_phrase,4.0,0.25,20,0.5,0.5,1.0,2.0,True,False
epoch,1784705893.226257,40,653.1183108801488,9.568884656577947e-05,9.568884656577947e-05,9.568884656577947e-05,9.568884656577947e-06,9.568884656577947e-05,2.050405502319336,12286,1.3185876607894897,1.4636385440826416,0.7318192720413208,0.013609971851110458,0.4984433948993683,0.04282130300998688,0.03166535496711731,0.12666141986846924,0.04968199506402016,0.04968199506402016,0.12666141986846924,0.03166535496711731,1.3596028089523315,0.014963061548769474,0.5020710825920105,0.047083862125873566,0.06192133203148842,0.06192133203148842,,,0.1264418661594391,0.03161046653985977,0.0,0.0,0,0.45,True,True,1.0,2.0,1.0,2.0,0.16769833862781525,0.08642341941595078,0.04611957459039954,0.5461755795350104,16045,331855,29377,347900,0.5,0.16574190693399599,0.37754025257854784,0.48888586309017257,0.5,0.17384348299690233,0.36950675698675833,0.45637743813187187,0.5,0.1817408176464581,0.39081594444633555,0.4904176736903019,0.1817408176464581,0.39081594444633555,0.4904176736903019,29377,17395,17395,1739500,100.0,100.0,0.5442847609519958,0.6037121415138245,0.3341091573238373,0.7684047222137451,0.8050515651702881,0.6120774745941162,0.278585284948349,0.06590189505910582,0.8923307950471352,17395,2683,17395,0,20.0,119.02471937681548,mean,geometric_mean,odvg_phrase_grounding,3.5,2.0,4.0,iou,0.25,0.25,2.0,True,False,False,True,True,0.1,0.25,0.05,0.25,128,5,True,True,0.05,10,0.3,10,0.0,0.5,1.0,10,True,5,12,0.0,0.1,3,odvg_appended_phrase,4.0,0.25,20,0.5,0.5,1.0,2.0,True,False
epoch,1784706547.0323598,41,637.9836423969828,9.547941937611096e-05,9.547941937611096e-05,9.547941937611096e-05,9.547941937611096e-06,9.547941937611096e-05,2.035247802734375,12286,1.3070168495178223,1.456459641456604,0.728229820728302,0.013260124251246452,0.49381518363952637,0.04265245050191879,0.03149208799004555,0.1259683519601822,0.04958959296345711,0.04958959296345711,0.1259683519601822,0.03149208799004555,,,,,,,,,,,,,,,,,,,0.17119061946868896,0.08875251561403275,0.047168726645587813,0.5586002655138373,16410,331490,29377,347900,0.5,0.16781836130306022,0.38584607005480476,0.5006978248289479,0.5,0.17898355856622528,0.38091023589883244,0.4721040269598666,0.5,0.18405555366443135,0.3989175205092419,0.5010382271845322,0.18405555366443135,0.3989175205092419,0.5010382271845322,29377,17395,17395,1739500,100.0,100.0,0.5502853989601135,0.6096155047416687,0.3444417119026184,0.7729021310806274,0.8077067136764526,0.6246042847633362,0.28900161385536194,0.06600401924949884,0.8943266627213294,17395,2683,17395,0,20.0,108.07305512181483,mean,geometric_mean,odvg_phrase_grounding,3.5,2.0,4.0,iou,0.25,0.25,2.0,True,False,False,True,True,0.1,0.25,0.05,0.25,128,5,True,True,0.05,10,0.3,10,0.0,0.5,1.0,10,True,5,12,0.0,0.1,3,odvg_appended_phrase,4.0,0.25,20,0.5,0.5,1.0,2.0,True,False
epoch,1784707206.4059563,42,645.3826818261296,9.526527900877382e-05,9.526527900877382e-05,9.526527900877382e-05,9.526527900877383e-06,9.526527900877382e-05,2.023885488510132,12286,1.3018255233764648,1.4441183805465698,0.7220591902732849,0.013264579698443413,0.49261584877967834,0.04221104457974434,0.03139158710837364,0.12556634843349457,0.04896065220236778,0.04896065220236778,0.12556634843349457,0.03139158710837364,,,,,,,,,,,,,,,,,,,0.17477938532829285,0.09009330719709396,0.04699626329405002,0.5565578513803315,16350,331550,29377,347900,0.5,0.16873744766313784,0.3859822309970385,0.4994042958777275,0.5,0.18129829458419852,0.38182932225891003,0.47186574531095754,0.5,0.1860298873268203,0.3988834802736835,0.5011403478912074,0.1860298873268203,0.3988834802736835,0.5011403478912074,29377,17395,17395,1739500,100.0,100.0,0.5506390929222107,0.6088674068450928,0.3413330614566803,0.7738566994667053,0.8101235628128052,0.6198386549949646,0.28968241810798645,0.06328080361463306,0.8979076198222147,17395,2683,17395,0,20.0,105.79417310492136,mean,geometric_mean,odvg_phrase_grounding,3.5,2.0,4.0,iou,0.25,0.25,2.0,True,False,False,True,True,0.1,0.25,0.05,0.25,128,5,True,True,0.05,10,0.3,10,0.0,0.5,1.0,10,True,5,12,0.0,0.1,3,odvg_appended_phrase,4.0,0.25,20,0.5,0.5,1.0,2.0,True,False
epoch,1784707858.7884939,43,637.6100446979981,9.504644894667249e-05,9.504644894667249e-05,9.504644894667249e-05,9.50464489466725e-06,9.504644894667249e-05,2.015617609024048,12286,1.2943789958953857,1.4424775838851929,0.7212387919425964,0.012950899079442024,0.4871310591697693,0.04326687753200531,0.03134240582585335,0.1253696233034134,0.04931865260004997,0.04931865260004997,0.1253696233034134,0.03134240582585335,,,,,,,,,,,,,,,,,,,0.17652222514152527,0.09097804129123688,0.04732394366197183,0.5604384382339925,16464,331436,29377,347900,0.5,0.16809068318752765,0.3874800013616094,0.502297715900194,0.5,0.18528100214453483,0.38955645573067366,0.4792865166626953,0.5,0.18548524355788543,0.40143649794056574,0.503727405793648,0.18548524355788543,0.40143649794056574,0.503727405793648,29377,17395,17395,1739500,100.0,100.0,0.551694929599762,0.6088000535964966,0.3444233238697052,0.7760740518569946,0.8098512291908264,0.6238894462585449,0.29237157106399536,0.06345100802455239,0.8982976737223765,17395,2683,17395,0,20.0,110.5195665480569,mean,geometric_mean,odvg_phrase_grounding,3.5,2.0,4.0,iou,0.25,0.25,2.0,True,False,False,True,True,0.1,0.25,0.05,0.25,128,5,True,True,0.05,10,0.3,10,0.0,0.5,1.0,10,True,5,12,0.0,0.1,3,odvg_appended_phrase,4.0,0.25,20,0.5,0.5,1.0,2.0,True,False
epoch,1784708513.4781601,44,640.5678017979953,9.482295318698925e-05,9.482295318698925e-05,9.482295318698925e-05,9.482295318698927e-06,9.482295318698925e-05,2.0064520835876465,12286,1.2863858938217163,1.4401286840438843,0.7200643420219421,0.012831627391278744,0.4846627116203308,0.04265910014510155,0.03111809305846691,0.12447237223386765,0.04944854602217674,0.04944854602217674,0.12447237223386765,0.03111809305846691,,,,,,,,,,,,,,,,,,,0.1817530393600464,0.0935589149594307,0.047766599597585516,0.5656806345099908,16618,331282,29377,347900,0.5,0.16819280389420294,0.3920754331619975,0.5068591074650236,0.5,0.18473635837559996,0.38897777172618037,0.48102256867617527,0.5,0.1876978588691834,0.4063723320965381,0.5086972801851789,0.1876978588691834,0.4063723320965381,0.5086972801851789,29377,17395,17395,1739500,100.0,100.0,0.5552476644515991,0.6161308288574219,0.3514237701892853,0.7768219709396362,0.814616858959198,0.6311059594154358,0.29444804787635803,0.06542532490544495,0.896332265716449,17395,2683,17395,0,20.0,108.54175718710758,mean,geometric_mean,odvg_phrase_grounding,3.5,2.0,4.0,iou,0.25,0.25,2.0,True,False,False,True,True,0.1,0.25,0.05,0.25,128,5,True,True,0.05,10,0.3,10,0.0,0.5,1.0,10,True,5,12,0.0,0.1,3,odvg_appended_phrase,4.0,0.25,20,0.5,0.5,1.0,2.0,True,False
epoch,1784709194.484821,45,665.7262498859782,9.459481623855274e-05,9.459481623855274e-05,9.459481623855274e-05,9.459481623855274e-06,9.459481623855274e-05,1.9862570762634277,12286,1.2717235088348389,1.4290714263916016,0.7145357131958008,0.012631296180188656,0.479045033454895,0.04237069934606552,0.031014185398817062,0.12405674159526825,0.04822520911693573,0.04822520911693573,0.12405674159526825,0.031014185398817062,1.3238365650177002,0.014310453087091446,0.48873844742774963,0.04615478962659836,0.060195885598659515,0.060195885598659515,,,0.12251417338848114,0.030628543347120285,0.0,0.0,0,0.45,True,True,1.0,2.0,1.0,2.0,0.1836870312690735,0.09451713413000107,0.048151767749353265,0.5702420260748204,16752,331148,29377,347900,0.5,0.1682608843653198,0.3957517786023079,0.5136331143411512,0.5,0.18368111107328863,0.3926541171664908,0.48592436259658917,0.5,0.1882084624025598,0.4098784763590564,0.5149266432923716,0.1882084624025598,0.4098784763590564,0.5149266432923716,29377,17395,17395,1739500,100.0,100.0,0.5585075616836548,0.6165401339530945,0.36356523633003235,0.7788669466972351,0.8184974789619446,0.6385948061943054,0.2957755923271179,0.06835278011948498,0.8929637706782613,17395,2683,17395,0,20.0,127.00910189701244,mean,geometric_mean,odvg_phrase_grounding,3.5,2.0,4.0,iou,0.25,0.25,2.0,True,False,False,True,True,0.1,0.25,0.05,0.25,128,5,True,True,0.05,10,0.3,10,0.0,0.5,1.0,10,True,5,12,0.0,0.1,3,odvg_appended_phrase,4.0,0.25,20,0.5,0.5,1.0,2.0,True,False
epoch,1784709851.7666152,46,642.4815468238667,9.436206311915018e-05,9.436206311915018e-05,9.436206311915018e-05,9.436206311915018e-06,9.436206311915018e-05,1.9661723375320435,12286,1.2569478750228882,1.4184489250183105,0.7092244625091553,0.012292599305510521,0.47309863567352295,0.04198455810546875,0.03071807138621807,0.12287228554487228,0.04828694090247154,0.04828694090247154,0.12287228554487228,0.03071807138621807,,,,,,,,,,,,,,,,,,,0.1882450431585312,0.09677380323410034,0.04843633227939063,0.573612009395105,16851,331049,29377,347900,0.5,0.16897572931204685,0.39677298566906083,0.5165946148347347,0.5,0.18626816897572931,0.39646662354903495,0.48691152942778365,0.5,0.18892330734928686,0.41246553426149707,0.517411580488137,0.18892330734928686,0.41246553426149707,0.517411580488137,29377,17395,17395,1739500,100.0,100.0,0.5621590614318848,0.6232231259346008,0.3713122308254242,0.7790696024894714,0.8232631087303162,0.6418967247009277,0.30081355571746826,0.0682847153058227,0.8936204023511136,17395,2683,17395,0,20.0,106.40971034299582,mean,geometric_mean,odvg_phrase_grounding,3.5,2.0,4.0,iou,0.25,0.25,2.0,True,False,False,True,True,0.1,0.25,0.05,0.25,128,5,True,True,0.05,10,0.3,10,0.0,0.5,1.0,10,True,5,12,0.0,0.1,3,odvg_appended_phrase,4.0,0.25,20,0.5,0.5,1.0,2.0,True,False
epoch,1784710480.011769,47,614.1396923109423,9.412471935278405e-05,9.412471935278405e-05,9.412471935278405e-05,9.412471935278406e-06,9.412471935278405e-05,1.9639910459518433,12286,1.255330204963684,1.417318344116211,0.7086591720581055,0.01225962582975626,0.4738452136516571,0.041532307863235474,0.030549760907888412,0.12219904363155365,0.04748813807964325,0.04748813807964325,0.12219904363155365,0.030549760907888412,,,,,,,,,,,,,,,,,,,0.19512945413589478,0.10042758285999298,0.04893360160965795,0.5795009701467134,17024,330876,29377,347900,0.5,0.16982673520100758,0.39953024474929366,0.5187391496749157,0.5,0.18912754876263743,0.39987064710487796,0.4933791741838853,0.5,0.18824250263811826,0.4145419886305613,0.5198624774483439,0.18824250263811826,0.4145419886305613,0.5198624774483439,29377,17395,17395,1739500,100.0,100.0,0.5637123584747314,0.6244173049926758,0.37317484617233276,0.7807061076164246,0.8248289227485657,0.6456411480903625,0.30231133103370667,0.06614017794364913,0.8975589177683695,17395,2683,17395,0,20.0,101.01114261313342,mean,geometric_mean,odvg_phrase_grounding,3.5,2.0,4.0,iou,0.25,0.25,2.0,True,False,False,True,True,0.1,0.25,0.05,0.25,128,5,True,True,0.05,10,0.3,10,0.0,0.5,1.0,10,True,5,12,0.0,0.1,3,odvg_appended_phrase,4.0,0.25,20,0.5,0.5,1.0,2.0,True,False
epoch,1784711112.6193366,48,617.788253813982,9.388281096687294e-05,9.388281096687294e-05,9.388281096687294e-05,9.388281096687294e-06,9.388281096687294e-05,1.9505847692489624,12286,1.2453701496124268,1.4104257822036743,0.7052128911018372,0.011994688771665096,0.4680609405040741,0.042159292846918106,0.030547823756933212,0.12219129502773285,0.047527872025966644,0.047527872025966644,0.12219129502773285,0.030547823756933212,,,,,,,,,,,,,,,,,,,0.19795012474060059,0.10218130052089691,0.04935901121011785,0.5845389250093611,17172,330728,29377,347900,0.5,0.17037137896994248,0.4017428600605916,0.5213942880484733,0.5,0.19161248595840283,0.404704360554175,0.49644279538414404,0.5,0.19147632501616912,0.41716308676856045,0.522789937706369,0.19147632501616912,0.41716308676856045,0.522789937706369,29377,17395,17395,1739500,100.0,100.0,0.5668602585792542,0.6303574442863464,0.37982112169265747,0.782913863658905,0.8263607621192932,0.6525512933731079,0.30340060591697693,0.0680123683637468,0.8957746784744176,17395,2683,17395,0,20.0,102.98604688886553,mean,geometric_mean,odvg_phrase_grounding,3.5,2.0,4.0,iou,0.25,0.25,2.0,True,False,False,True,True,0.1,0.25,0.05,0.25,128,5,True,True,0.05,10,0.3,10,0.0,0.5,1.0,10,True,5,12,0.0,0.1,3,odvg_appended_phrase,4.0,0.25,20,0.5,0.5,1.0,2.0,True,False
epoch,1784711739.7947464,49,610.8166095369961,9.36363644893974e-05,9.36363644893974e-05,9.36363644893974e-05,9.36363644893974e-06,9.36363644893974e-05,1.940846562385559,12286,1.238669753074646,1.4043519496917725,0.7021759748458862,0.011996233835816383,0.4674660563468933,0.04123668745160103,0.03021201491355896,0.12084805965423584,0.04647098854184151,0.04647098854184151,0.12084805965423584,0.03021201491355896,,,,,,,,,,,,,,,,,,,0.20075398683547974,0.10216691344976425,0.04946536361023283,0.585798413725023,17209,330691,29377,347900,0.5,0.17207339074786399,0.4053851652653436,0.5292235422269123,0.5,0.1938591415052592,0.40756374034108317,0.5003574224733636,0.5,0.19334853797188276,0.4223372025734418,0.5294958641113796,0.19334853797188276,0.4223372025734418,0.5294958641113796,29377,17395,17395,1739500,100.0,100.0,0.5683557391166687,0.6299994587898254,0.3826088607311249,0.7843054533004761,0.831841230392456,0.6538448333740234,0.3076215982437134,0.06804641964900049,0.89592879506616,17395,2683,17395,0,20.0,100.8563556780573,mean,geometric_mean,odvg_phrase_grounding,3.5,2.0,4.0,iou,0.25,0.25,2.0,True,False,False,True,True,0.1,0.25,0.05,0.25,128,5,True,True,0.05,10,0.3,10,0.0,0.5,1.0,10,True,5,12,0.0,0.1,3,odvg_appended_phrase,4.0,0.25,20,0.5,0.5,1.0,2.0,True,False
epoch,1784712382.8190207,50,635.7600236311555,9.338540694599092e-05,9.338540694599092e-05,9.338540694599092e-05,9.338540694599092e-06,9.338540694599092e-05,1.932853102684021,12286,1.232874870300293,1.3999543190002441,0.6999771595001221,0.01168054062873125,0.46290233731269836,0.041980814188718796,0.030247295275330544,0.12098918110132217,0.0475178062915802,0.0475178062915802,0.12098918110132217,0.030247295275330544,1.3027281761169434,0.01397828571498394,0.48159047961235046,0.045423295348882675,0.058573249727487564,0.058573249727487564,,,0.12081591039896011,0.03020397759974003,0.0,0.0,0,0.45,True,True,1.0,2.0,1.0,2.0,0.20425263047218323,0.10503755509853363,0.04969531474561656,0.5885216325696974,17289,330611,29377,347900,0.5,0.17091602273887735,0.407155257514382,0.5277257718623413,0.5,0.19307621608741532,0.4115804881369779,0.5063825441672056,0.5,0.19311025632297377,0.42305204752016884,0.5286448582224189,0.19311025632297377,0.42305204752016884,0.5286448582224189,29377,17395,17395,1739500,100.0,100.0,0.5709997415542603,0.6324211359024048,0.3854057490825653,0.785903811454773,0.8316710591316223,0.6575892567634583,0.3106171488761902,0.06906762419376089,0.8949684419515916,17395,2683,17395,0,20.0,119.91979449894279,mean,geometric_mean,odvg_phrase_grounding,3.5,2.0,4.0,iou,0.25,0.25,2.0,True,False,False,True,True,0.1,0.25,0.05,0.25,128,5,True,True,0.05,10,0.3,10,0.0,0.5,1.0,10,True,5,12,0.0,0.1,3,odvg_appended_phrase,4.0,0.25,20,0.5,0.5,1.0,2.0,True,False
epoch,1784713030.9574487,51,631.0900016371161,9.312996585697615e-05,9.312996585697615e-05,9.312996585697615e-05,9.312996585697616e-06,9.312996585697615e-05,1.9120620489120483,12286,1.2169963121414185,1.3901300430297852,0.6950650215148926,0.011397033929824829,0.4586900770664215,0.04078592360019684,0.029721448197960854,0.11888579279184341,0.04666447266936302,0.04666447266936302,0.11888579279184341,0.029721448197960854,,,,,,,,,,,,,,,,,,,0.21002550423145294,0.10827095806598663,0.050037367059499856,0.5925724206011506,17408,330492,29377,347900,0.5,0.17203935051230554,0.4102529189501991,0.5327296864894305,0.5,0.19590155563876502,0.41311229873710725,0.5071314293494911,0.5,0.192259250434013,0.42645607107601186,0.5339891752050924,0.192259250434013,0.42645607107601186,0.5339891752050924,29377,17395,17395,1739500,100.0,100.0,0.573470413684845,0.6359953880310059,0.3871610164642334,0.791067898273468,0.8324539661407471,0.6591891646385193,0.3205569088459015,0.06661674403736872,0.8989413849453981,17395,2683,17395,0,20.0,106.80064293299802,mean,geometric_mean,odvg_phrase_grounding,3.5,2.0,4.0,iou,0.25,0.25,2.0,True,False,False,True,True,0.1,0.25,0.05,0.25,128,5,True,True,0.05,10,0.3,10,0.0,0.5,1.0,10,True,5,12,0.0,0.1,3,odvg_appended_phrase,4.0,0.25,20,0.5,0.5,1.0,2.0,True,False
epoch,1784713674.0887542,52,629.000275624916,9.287006923434707e-05,9.287006923434707e-05,9.287006923434707e-05,9.287006923434707e-06,9.287006923434707e-05,1.9154388904571533,12286,1.2212885618209839,1.3883031606674194,0.6941515803337097,0.011667542159557343,0.4601948857307434,0.04109442979097366,0.029951801523566246,0.11980720609426498,0.04586838185787201,0.04586838185787201,0.11980720609426498,0.029951801523566246,,,,,,,,,,,,,,,,,,,0.2103102207183838,0.10830163955688477,0.05001724633515378,0.5923341389522415,17401,330499,29377,347900,0.5,0.17227763216121456,0.4129761377948735,0.5349763420362869,0.5,0.19573135446097287,0.4144058276883276,0.506961228171699,0.5,0.1947441876297784,0.43030261769411443,0.5366102733430915,0.1947441876297784,0.43030261769411443,0.5366102733430915,29377,17395,17395,1739500,100.0,100.0,0.5725930333137512,0.6381391882896423,0.3842661678791046,0.7899588346481323,0.8322837352752686,0.6549682021141052,0.3220546543598175,0.0626340631618637,0.9043708336378872,17395,2683,17395,0,20.0,106.06714758090675,mean,geometric_mean,odvg_phrase_grounding,3.5,2.0,4.0,iou,0.25,0.25,2.0,True,False,False,True,True,0.1,0.25,0.05,0.25,128,5,True,True,0.05,10,0.3,10,0.0,0.5,1.0,10,True,5,12,0.0,0.1,3,odvg_appended_phrase,4.0,0.25,20,0.5,0.5,1.0,2.0,True,False
epoch,1784714316.403609,53,628.5358094950207,9.26057455786971e-05,9.26057455786971e-05,9.26057455786971e-05,9.26057455786971e-06,9.26057455786971e-05,1.90445876121521,12286,1.2149912118911743,1.3789315223693848,0.6894657611846924,0.011421908624470234,0.45679348707199097,0.0414460264146328,0.02958475798368454,0.11833903193473816,0.04603591933846474,0.04603591933846474,0.11833903193473816,0.02958475798368454,,,,,,,,,,,,,,,,,,,0.2087632417678833,0.1079532653093338,0.049844782983615984,0.5902917248187357,17341,330559,29377,347900,0.5,0.17496681077033052,0.41273785614596453,0.5335806923783912,0.5,0.19596963610988188,0.4149845116928209,0.5082207168873608,0.5,0.19596963610988188,0.4309153419341662,0.5348061408584948,0.19596963610988188,0.4309153419341662,0.5348061408584948,29377,17395,17395,1739500,100.0,100.0,0.5736173391342163,0.6391267776489258,0.3866957724094391,0.7905384302139282,0.8321816325187683,0.6576914191246033,0.3230077922344208,0.06739969430586756,0.8975207941809892,17395,2683,17395,0,20.0,102.93358159204945,mean,geometric_mean,odvg_phrase_grounding,3.5,2.0,4.0,iou,0.25,0.25,2.0,True,False,False,True,True,0.1,0.25,0.05,0.25,128,5,True,True,0.05,10,0.3,10,0.0,0.5,1.0,10,True,5,12,0.0,0.1,3,odvg_appended_phrase,4.0,0.25,20,0.5,0.5,1.0,2.0,True,False
epoch,1784714947.6379085,54,623.638439679984,9.233702387609375e-05,9.233702387609375e-05,9.233702387609375e-05,9.233702387609376e-06,9.233702387609375e-05,1.8965345621109009,12286,1.2072474956512451,1.378577470779419,0.6892887353897095,0.011252968572080135,0.45508018136024475,0.040713194757699966,0.029273908585309982,0.11709563434123993,0.04587535560131073,0.04587535560131073,0.11709563434123993,0.029273908585309982,,,,,,,,,,,,,,,,,,,0.21151766180992126,0.10908448696136475,0.05026731819488359,0.595295639445825,17488,330412,29377,347900,0.5,0.17374136229022705,0.413248459679341,0.5364400721652994,0.5,0.1967866017632842,0.4191714606665078,0.5143819995234367,0.5,0.19603771658099875,0.43234503182762024,0.5370187561697927,0.19603771658099875,0.43234503182762024,0.5370187561697927,29377,17395,17395,1739500,100.0,100.0,0.5733699202537537,0.6380655169487,0.38590461015701294,0.7884764075279236,0.8333390355110168,0.658984899520874,0.31807196140289307,0.06368926007504905,0.9033524742048636,17395,2683,17395,0,20.0,101.67796818981878,mean,geometric_mean,odvg_phrase_grounding,3.5,2.0,4.0,iou,0.25,0.25,2.0,True,False,False,True,True,0.1,0.25,0.05,0.25,128,5,True,True,0.05,10,0.3,10,0.0,0.5,1.0,10,True,5,12,0.0,0.1,3,odvg_appended_phrase,4.0,0.25,20,0.5,0.5,1.0,2.0,True,False
epoch,1784715594.2069786,55,631.244226305047,9.206393359489994e-05,9.206393359489994e-05,9.206393359489994e-05,9.206393359489995e-06,9.206393359489994e-05,1.8851948976516724,12286,1.1988095045089722,1.3727654218673706,0.6863827109336853,0.011230170726776123,0.4538985788822174,0.03955966234207153,0.02952941693365574,0.11811766773462296,0.04463978111743927,0.04463978111743927,0.11811766773462296,0.02952941693365574,1.2944462299346924,0.013942473568022251,0.48117586970329285,0.04456821456551552,0.055905718356370926,0.055905718356370926,,,0.12071511149406433,0.030178777873516083,0.0,0.0,0,0.45,True,True,1.0,2.0,1.0,2.0,0.2137756198644638,0.1091572642326355,0.05023857430296062,0.5949552370902407,17478,330422,29377,347900,0.5,0.17517105218368112,0.41644824182183343,0.5374272389964938,0.5,0.19838649283453041,0.4219627599822991,0.5167648160125268,0.5,0.19845457330564728,0.4351363311434115,0.5386186472410389,0.19845457330564728,0.4351363311434115,0.5386186472410389,29377,17395,17395,1739500,100.0,100.0,0.5748515725135803,0.639662504196167,0.39138084650039673,0.7889270782470703,0.8356877565383911,0.659597635269165,0.31926336884498596,0.06464239817892437,0.9019972256987467,17395,2683,17395,0,20.0,121.5911358979065,mean,geometric_mean,odvg_phrase_grounding,3.5,2.0,4.0,iou,0.25,0.25,2.0,True,False,False,True,True,0.1,0.25,0.05,0.25,128,5,True,True,0.05,10,0.3,10,0.0,0.5,1.0,10,True,5,12,0.0,0.1,3,odvg_appended_phrase,4.0,0.25,20,0.5,0.5,1.0,2.0,True,False
epoch,1784716256.8468869,56,648.9615119849332,9.178650468254244e-05,9.178650468254244e-05,9.178650468254244e-05,9.178650468254244e-06,9.178650468254244e-05,1.8789476156234741,12286,1.1933698654174805,1.371148705482483,0.6855743527412415,0.01115418877452612,0.4509434103965759,0.03985588252544403,0.02910873480141163,0.11643493920564651,0.04470507428050041,0.04470507428050041,0.11643493920564651,0.02910873480141163,,,,,,,,,,,,,,,,,,,0.21598854660987854,0.11118403822183609,0.05070997413049727,0.6005378357218232,17642,330258,29377,347900,0.5,0.1753752935970317,0.41512067263505464,0.5391973312455323,0.5,0.1996119413146339,0.4197161044354427,0.5143479592878782,0.5,0.1966844810566089,0.4353405725567621,0.5402185383122852,0.1966844810566089,0.4353405725567621,0.5402185383122852,29377,17395,17395,1739500,100.0,100.0,0.5761677026748657,0.6393104195594788,0.3930504322052002,0.7900457382202148,0.8364707231521606,0.6644994616508484,0.31926336884498596,0.06396162592902521,0.9037446535018671,17395,2683,17395,0,20.0,111.63616343494505,mean,geometric_mean,odvg_phrase_grounding,3.5,2.0,4.0,iou,0.25,0.25,2.0,True,False,False,True,True,0.1,0.25,0.05,0.25,128,5,True,True,0.05,10,0.3,10,0.0,0.5,1.0,10,True,5,12,0.0,0.1,3,odvg_appended_phrase,4.0,0.25,20,0.5,0.5,1.0,2.0,True,False
epoch,1784716909.0135992,57,637.1354374669027,9.150476756222783e-05,9.150476756222783e-05,9.150476756222783e-05,9.150476756222783e-06,9.150476756222783e-05,1.8804528713226318,12286,1.1951316595077515,1.3706426620483398,0.6853213310241699,0.011264845728874207,0.45307061076164246,0.03937103971838951,0.02897372841835022,0.11589491367340088,0.04407551512122154,0.04407551512122154,0.11589491367340088,0.02897372841835022,,,,,,,,,,,,,,,,,,,0.21680119633674622,0.11226073652505875,0.050537510778959474,0.5984954215883174,17582,330318,29377,347900,0.5,0.17500085100588897,0.4159035980528985,0.5392654117166491,0.5,0.198352452598972,0.420533070088845,0.5157436089457739,0.5,0.1968887224699595,0.43401300336998333,0.5405929809034279,0.1968887224699595,0.43401300336998333,0.5405929809034279,29377,17395,17395,1739500,100.0,100.0,0.5750136971473694,0.6400836110115051,0.3902966380119324,0.7908081412315369,0.8315688967704773,0.6597678661346436,0.3211015462875366,0.06127244454632619,0.9071302988651134,17395,2683,17395,0,20.0,102.91945652803406,mean,geometric_mean,odvg_phrase_grounding,3.5,2.0,4.0,iou,0.25,0.25,2.0,True,False,False,True,True,0.1,0.25,0.05,0.25,128,5,True,True,0.05,10,0.3,10,0.0,0.5,1.0,10,True,5,12,0.0,0.1,3,odvg_appended_phrase,4.0,0.25,20,0.5,0.5,1.0,2.0,True,False
epoch,1784717542.4909735,58,617.8691307641566,9.121875312960624e-05,9.121875312960624e-05,9.121875312960624e-05,9.121875312960625e-06,9.121875312960624e-05,1.8650509119033813,12286,1.181894063949585,1.366309642791748,0.683154821395874,0.010834957472980022,0.44491222500801086,0.04027216136455536,0.028725288808345795,0.11490115523338318,0.04499282315373421,0.04499282315373421,0.11490115523338318,0.028725288808345795,,,,,,,,,,,,,,,,,,,0.21814723312854767,0.11143304407596588,0.05106064961195746,0.6046907444599516,17764,330136,29377,347900,0.5,0.17598801783708343,0.42148619668448106,0.5460053783572182,0.5,0.1998502229635429,0.42812404261837494,0.523028219355278,0.5,0.19831841236341355,0.4408550907172278,0.5474010280151138,0.19831841236341355,0.4408550907172278,0.5474010280151138,29377,17395,17395,1739500,100.0,100.0,0.5780700445175171,0.6415657997131348,0.40102431178092957,0.7918267250061035,0.8364707231521606,0.6673928499221802,0.3251863718032837,0.06270210546222854,0.9060491800750641,17395,2683,17395,0,20.0,101.377817312954,mean,geometric_mean,odvg_phrase_grounding,3.5,2.0,4.0,iou,0.25,0.25,2.0,True,False,False,True,True,0.1,0.25,0.05,0.25,128,5,True,True,0.05,10,0.3,10,0.0,0.5,1.0,10,True,5,12,0.0,0.1,3,odvg_appended_phrase,4.0,0.25,20,0.5,0.5,1.0,2.0,True,False
epoch,1784718168.8716104,59,618.8755923239514,9.092849274938331e-05,9.092849274938331e-05,9.092849274938331e-05,9.092849274938332e-06,9.092849274938331e-05,1.8494470119476318,12286,1.1721912622451782,1.354509949684143,0.6772549748420715,0.010719012469053268,0.443156898021698,0.03906780853867531,0.0287295114248991,0.1149180456995964,0.04416536167263985,0.04416536167263985,0.1149180456995964,0.0287295114248991,,,,,,,,,,,,,,,,,,,0.2255893051624298,0.11499400436878204,0.051540672607071,0.6103754637982095,17931,329969,29377,347900,0.5,0.17666882254825203,0.42315416822684415,0.5481158729618409,0.5,0.205160499710658,0.43241311229873713,0.528338496102393,0.5,0.20076930932362053,0.4415699356639548,0.5488647581441264,0.20076930932362053,0.4415699356639548,0.5488647581441264,29377,17395,17395,1739500,100.0,100.0,0.5811510682106018,0.6457757949829102,0.40366730093955994,0.7936310172080994,0.8388875722885132,0.6705926656723022,0.32940736413002014,0.06021720187409274,0.9102030115200828,17395,2683,17395,0,20.0,102.62783763301559,mean,geometric_mean,odvg_phrase_grounding,3.5,2.0,4.0,iou,0.25,0.25,2.0,True,False,False,True,True,0.1,0.25,0.05,0.25,128,5,True,True,0.05,10,0.3,10,0.0,0.5,1.0,10,True,5,12,0.0,0.1,3,odvg_appended_phrase,4.0,0.25,20,0.5,0.5,1.0,2.0,True,False
epoch,1784718814.256371,60,631.00113821798,9.063401825188065e-05,9.063401825188065e-05,9.063401825188065e-05,9.063401825188066e-06,9.063401825188065e-05,1.845396637916565,12286,1.1679919958114624,1.3548046350479126,0.6774023175239563,0.010703506879508495,0.44156935811042786,0.03910483419895172,0.028325017541646957,0.11330007016658783,0.043806277215480804,0.043806277215480804,0.11330007016658783,0.028325017541646957,1.2828980684280396,0.01366871315985918,0.4766240417957306,0.044618964195251465,0.055282942950725555,0.055282942950725555,,,0.11737541854381561,0.029343854635953903,0.0,0.0,0,0.45,True,True,1.0,2.0,1.0,2.0,0.2256281077861786,0.11396127939224243,0.05132796780684105,0.6078564863668856,17857,330043,29377,347900,0.5,0.1746944888858631,0.4223372025734418,0.5469925451884127,0.5,0.20008850461245192,0.43145998570310107,0.5287129386935358,0.5,0.19899921707458215,0.4415358954283964,0.5477754706062566,0.19899921707458215,0.4415358954283964,0.5477754706062566,29377,17395,17395,1739500,100.0,100.0,0.5795144438743591,0.6426874399185181,0.40481704473495483,0.7913155555725098,0.8388535380363464,0.6696735620498657,0.3240630328655243,0.061817075682980116,0.9076907329389583,17395,2683,17395,0,20.0,120.2049866199959,mean,geometric_mean,odvg_phrase_grounding,3.5,2.0,4.0,iou,0.25,0.25,2.0,True,False,False,True,True,0.1,0.25,0.05,0.25,128,5,True,True,0.05,10,0.3,10,0.0,0.5,1.0,10,True,5,12,0.0,0.1,3,odvg_appended_phrase,4.0,0.25,20,0.5,0.5,1.0,2.0,True,False
epoch,1784719440.6669736,61,619.2292837388813,9.033536192954534e-05,9.033536192954534e-05,9.033536192954534e-05,9.033536192954535e-06,9.033536192954534e-05,1.8369135856628418,12286,1.16217839717865,1.3494728803634644,0.6747364401817322,0.010590157471597195,0.4410838782787323,0.03816497325897217,0.028143713250756264,0.11257485300302505,0.043562136590480804,0.043562136590480804,0.11257485300302505,0.028143713250756264,,,,,,,,,,,,,,,,,,,0.23140877485275269,0.1164754182100296,0.05173325668295487,0.6126561595806242,17998,329902,29377,347900,0.5,0.17670286278381048,0.4287708070939851,0.5545494774823841,0.5,0.20342444769717807,0.44031044694829286,0.5364060319297409,0.5,0.2012118323858801,0.44834394254008236,0.5557408857269293,0.2012118323858801,0.44834394254008236,0.5557408857269293,29377,17395,17395,1739500,100.0,100.0,0.5805978775024414,0.6445715427398682,0.4009036719799042,0.7931195497512817,0.8384109735488892,0.6713415384292603,0.32552677392959595,0.058685378848636005,0.9125849132083464,17395,2683,17395,0,20.0,101.4635440108832,mean,geometric_mean,odvg_phrase_grounding,3.5,2.0,4.0,iou,0.25,0.25,2.0,True,False,False,True,True,0.1,0.25,0.05,0.25,128,5,True,True,0.05,10,0.3,10,0.0,0.5,1.0,10,True,5,12,0.0,0.1,3,odvg_appended_phrase,4.0,0.25,20,0.5,0.5,1.0,2.0,True,False
epoch,1784720077.2382674,62,621.4252352530602,9.003255653340868e-05,9.003255653340868e-05,9.003255653340868e-05,9.003255653340869e-06,9.003255653340868e-05,1.8203654289245605,12286,1.1493289470672607,1.34207022190094,0.67103511095047,0.010295828804373741,0.4351009130477905,0.03804656118154526,0.028154034167528152,0.11261613667011261,0.04391053318977356,0.04391053318977356,0.11261613667011261,0.028154034167528152,,,,,,,,,,,,,,,,,,,0.23073887825012207,0.11737022548913956,0.052037941937338315,0.6162644245498179,18104,329796,29377,347900,0.5,0.17636246042822618,0.42703475508050515,0.5529155461755796,0.5,0.2040371719372298,0.4407870102461109,0.5373931987609354,0.5,0.20080334955917895,0.446812131939953,0.5535282704156312,0.20080334955917895,0.446812131939953,0.5535282704156312,29377,17395,17395,1739500,100.0,100.0,0.5826718807220459,0.6444116234779358,0.4078156352043152,0.7932264804840088,0.8439595699310303,0.6750519275665283,0.32522040605545044,0.05878750301671043,0.9129141024326358,17395,2683,17395,0,20.0,104.35728916781954,mean,geometric_mean,odvg_phrase_grounding,3.5,2.0,4.0,iou,0.25,0.25,2.0,True,False,False,True,True,0.1,0.25,0.05,0.25,128,5,True,True,0.05,10,0.3,10,0.0,0.5,1.0,10,True,5,12,0.0,0.1,3,odvg_appended_phrase,4.0,0.25,20,0.5,0.5,1.0,2.0,True,False
epoch,1784720721.76321,63,629.8170105589088,8.972563526949467e-05,8.972563526949467e-05,8.972563526949467e-05,8.972563526949468e-06,8.972563526949467e-05,1.8232718706130981,12286,1.1506818532943726,1.3451783657073975,0.6725891828536987,0.010303941555321217,0.43510526418685913,0.03861502557992935,0.028105856850743294,0.11242342740297318,0.04325347766280174,0.04325347766280174,0.11242342740297318,0.028105856850743294,,,,,,,,,,,,,,,,,,,0.23396065831184387,0.11923684179782867,0.05185685541822363,0.6141198897096368,18041,329859,29377,347900,0.5,0.17782619055723867,0.42805596214725805,0.5530857473533717,0.5,0.20519453994621642,0.44204649896177284,0.5388228886543895,0.5,0.20196071756816558,0.4480375804200565,0.5550260407802022,0.20196071756816558,0.4480375804200565,0.5550260407802022,29377,17395,17395,1739500,100.0,100.0,0.5842233300209045,0.6462266445159912,0.4104081094264984,0.7947739958763123,0.8438915014266968,0.6752220988273621,0.329986035823822,0.06110220911772524,0.9095079837821665,17395,2683,17395,0,20.0,102.09767956100404,mean,geometric_mean,odvg_phrase_grounding,3.5,2.0,4.0,iou,0.25,0.25,2.0,True,False,False,True,True,0.1,0.25,0.05,0.25,128,5,True,True,0.05,10,0.3,10,0.0,0.5,1.0,10,True,5,12,0.0,0.1,3,odvg_appended_phrase,4.0,0.25,20,0.5,0.5,1.0,2.0,True,False
epoch,1784721358.05828,64,621.8973680909257,8.941463179517859e-05,8.941463179517859e-05,8.941463179517859e-05,8.941463179517858e-06,8.941463179517859e-05,1.810826301574707,12286,1.1411558389663696,1.3393365144729614,0.6696682572364807,0.010186677798628807,0.4318866431713104,0.03823764994740486,0.027610797435045242,0.11044318974018097,0.04268580302596092,0.04268580302596092,0.11044318974018097,0.027610797435045242,,,,,,,,,,,,,,,,,,,0.2354162484407425,0.11904069036245346,0.052224777234837594,0.6184770398611158,18169,329731,29377,347900,0.5,0.17670286278381048,0.4311536235830752,0.5567280525581237,0.5,0.20499029853286585,0.4418422575484222,0.5405929809034279,0.5,0.20141607379923068,0.4515437246825748,0.5580556217449024,0.20141607379923068,0.4515437246825748,0.5580556217449024,29377,17395,17395,1739500,100.0,100.0,0.5875440835952759,0.6507707834243774,0.415283739566803,0.7961385250091553,0.8474316596984863,0.6810770034790039,0.33434319496154785,0.06259996361788811,0.9080868047252781,17395,2683,17395,0,20.0,102.68267733813263,mean,geometric_mean,odvg_phrase_grounding,3.5,2.0,4.0,iou,0.25,0.25,2.0,True,False,False,True,True,0.1,0.25,0.05,0.25,128,5,True,True,0.05,10,0.3,10,0.0,0.5,1.0,10,True,5,12,0.0,0.1,3,odvg_appended_phrase,4.0,0.25,20,0.5,0.5,1.0,2.0,True,False
epoch,1784722007.7644093,65,642.7390581020154,8.909958021549606e-05,8.909958021549606e-05,8.909958021549606e-05,8.909958021549607e-06,8.909958021549606e-05,1.7976428270339966,12286,1.1323606967926025,1.3305655717849731,0.6652827858924866,0.009967966936528683,0.4287804067134857,0.03767286613583565,0.027252255007624626,0.1090090200304985,0.04327632486820221,0.04327632486820221,0.1090090200304985,0.027252255007624626,1.262069582939148,0.01346155907958746,0.47009122371673584,0.04335429146885872,0.05367133393883705,0.05367133393883705,,,0.11736377328634262,0.029340943321585655,0.0,0.0,0,0.45,True,True,1.0,2.0,1.0,2.0,0.24045340716838837,0.12190990149974823,0.052684679505605056,0.6239234775504646,18329,329571,29377,347900,0.5,0.1772134663171869,0.4355448139701127,0.5645573067365626,0.5,0.20495625829730743,0.44728869523777104,0.5459372978861013,0.5,0.20066718861694524,0.4564795588385472,0.564353065323212,0.20066718861694524,0.4564795588385472,0.564353065323212,29377,17395,17395,1739500,100.0,100.0,0.5909815430641174,0.6546413898468018,0.4206567108631134,0.798773467540741,0.8516526818275452,0.685774564743042,0.34128740429878235,0.06185108719257737,0.9098084263073349,17395,2683,17395,0,20.0,118.94006082601845,mean,geometric_mean,odvg_phrase_grounding,3.5,2.0,4.0,iou,0.25,0.25,2.0,True,False,False,True,True,0.1,0.25,0.05,0.25,128,5,True,True,0.05,10,0.3,10,0.0,0.5,1.0,10,True,5,12,0.0,0.1,3,odvg_appended_phrase,4.0,0.25,20,0.5,0.5,1.0,2.0,True,False
epoch,1784722646.9278643,66,624.8265974840615,8.878051507940312e-05,8.878051507940312e-05,8.878051507940312e-05,8.878051507940312e-06,8.878051507940312e-05,1.7873437404632568,12286,1.1263443231582642,1.3220014572143555,0.6610007286071777,0.009942697361111641,0.42787352204322815,0.037043496966362,0.027296733111143112,0.10918693244457245,0.04212107136845589,0.04212107136845589,0.10918693244457245,0.027296733111143112,,,,,,,,,,,,,,,,,,,0.2422804832458496,0.12335684150457382,0.05285426846795056,0.625931851448412,18388,329512,29377,347900,0.5,0.17694114443271947,0.43540865302787896,0.5632978180209007,0.5,0.20526262041733329,0.44875242536678356,0.5466861830683868,0.5,0.20141607379923068,0.4564795588385472,0.5638424617898355,0.20141607379923068,0.4564795588385472,0.5638424617898355,29377,17395,17395,1739500,100.0,100.0,0.5901575088500977,0.6551117300987244,0.4219714105129242,0.7963939309120178,0.8511760830879211,0.6856724619865417,0.3355686366558075,0.059740610538129735,0.9128729621646927,17395,2683,17395,0,20.0,107.85784526192583,mean,geometric_mean,odvg_phrase_grounding,3.5,2.0,4.0,iou,0.25,0.25,2.0,True,False,False,True,True,0.1,0.25,0.05,0.25,128,5,True,True,0.05,10,0.3,10,0.0,0.5,1.0,10,True,5,12,0.0,0.1,3,odvg_appended_phrase,4.0,0.25,20,0.5,0.5,1.0,2.0,True,False
epoch,1784723305.5221117,67,644.5880170350429,8.845747137598749e-05,8.845747137598749e-05,8.845747137598749e-05,8.845747137598748e-06,8.845747137598749e-05,1.780516505241394,12286,1.119521141052246,1.3219857215881348,0.6609928607940674,0.009947202168405056,0.42795711755752563,0.0356900729238987,0.02700060047209263,0.10800240188837051,0.041482992470264435,0.041482992470264435,0.10800240188837051,0.02700060047209263,,,,,,,,,,,,,,,,,,,0.244572713971138,0.12420511245727539,0.05276516240298936,0.6248766041461007,18357,329543,29377,347900,0.5,0.1782006331483814,0.4345916873744766,0.5620723695407972,0.5,0.20638594819076148,0.44830990230452394,0.5476393096640229,0.5,0.20274364298600947,0.4554923920073527,0.562923375429758,0.20274364298600947,0.4554923920073527,0.562923375429758,29377,17395,17395,1739500,100.0,100.0,0.5893844962120056,0.6507503390312195,0.4189092814922333,0.7979608774185181,0.8499165773391724,0.6818259358406067,0.336487740278244,0.056949331694506,0.9164752634053227,17395,2683,17395,0,20.0,109.78085218300112,mean,geometric_mean,odvg_phrase_grounding,3.5,2.0,4.0,iou,0.25,0.25,2.0,True,False,False,True,True,0.1,0.25,0.05,0.25,128,5,True,True,0.05,10,0.3,10,0.0,0.5,1.0,10,True,5,12,0.0,0.1,3,odvg_appended_phrase,4.0,0.25,20,0.5,0.5,1.0,2.0,True,False
epoch,1784723962.1318758,68,642.0405230410397,8.81304845306316e-05,8.81304845306316e-05,8.81304845306316e-05,8.813048453063161e-06,8.81304845306316e-05,1.778971552848816,12286,1.1193290948867798,1.3192883729934692,0.6596441864967346,0.00986330397427082,0.4250825047492981,0.036927659064531326,0.02696865051984787,0.10787460207939148,0.042062826454639435,0.042062826454639435,0.10787460207939148,0.02696865051984787,,,,,,,,,,,,,,,,,,,0.24478718638420105,0.12437999248504639,0.053046852543834434,0.6282125472308269,18455,329445,29377,347900,0.5,0.17772406985056335,0.43755318786806,0.5654423528610818,0.5,0.20750927596418967,0.453143615753821,0.5513156551043333,0.5,0.20240324063042517,0.4582156108520271,0.5671103244034449,0.20240324063042517,0.4582156108520271,0.5671103244034449,29377,17395,17395,1739500,100.0,100.0,0.5921066999435425,0.6552760004997253,0.4266672730445862,0.7999392747879028,0.8526397943496704,0.688225507736206,0.34166184067726135,0.06001296050537919,0.9128004413803537,17395,2683,17395,0,20.0,108.81169867515564,mean,geometric_mean,odvg_phrase_grounding,3.5,2.0,4.0,iou,0.25,0.25,2.0,True,False,False,True,True,0.1,0.25,0.05,0.25,128,5,True,True,0.05,10,0.3,10,0.0,0.5,1.0,10,True,5,12,0.0,0.1,3,odvg_appended_phrase,4.0,0.25,20,0.5,0.5,1.0,2.0,True,False
epoch,1784724612.9212954,69,634.690361734014,8.779959040112787e-05,8.779959040112787e-05,8.779959040112787e-05,8.779959040112787e-06,8.779959040112787e-05,1.7711491584777832,12286,1.1133872270584106,1.3155213594436646,0.6577606797218323,0.009750522673130035,0.4219871461391449,0.037065643817186356,0.026944600045681,0.107778400182724,0.0419272780418396,0.0419272780418396,0.107778400182724,0.026944600045681,,,,,,,,,,,,,,,,,,,0.24882788956165314,0.1267581284046173,0.053245185398102905,0.6305613234843586,18524,329376,29377,347900,0.5,0.17837083432617354,0.436600061272424,0.5670082036967696,0.5,0.20624978724852777,0.45297341457602885,0.5524730231133199,0.5,0.20339040746161963,0.45954318003880584,0.5673826462879124,0.20339040746161963,0.45954318003880584,0.5673826462879124,29377,17395,17395,1739500,100.0,100.0,0.593656063079834,0.6584819555282593,0.424932062625885,0.8015627264976501,0.8519589900970459,0.6896551847457886,0.34554243087768555,0.059093861261430014,0.9143139027031133,17395,2683,17395,0,20.0,105.40075689996593,mean,geometric_mean,odvg_phrase_grounding,3.5,2.0,4.0,iou,0.25,0.25,2.0,True,False,False,True,True,0.1,0.25,0.05,0.25,128,5,True,True,0.05,10,0.3,10,0.0,0.5,1.0,10,True,5,12,0.0,0.1,3,odvg_appended_phrase,4.0,0.25,20,0.5,0.5,1.0,2.0,True,False
epoch,1784725267.431076,70,639.5392215759493,8.746482527374642e-05,8.746482527374642e-05,8.746482527374642e-05,8.746482527374643e-06,8.746482527374642e-05,1.7684396505355835,12286,1.1092528104782104,1.3183753490447998,0.6591876745223999,0.009806331247091293,0.4216397702693939,0.03650769591331482,0.02690502069890499,0.10762008279561996,0.04112901911139488,0.04112901911139488,0.10762008279561996,0.02690502069890499,1.2584748268127441,0.013486011885106564,0.4702076315879822,0.04304353892803192,0.05194588750600815,0.05194588750600815,,,0.11625061929225922,0.029062654823064804,0.0,0.0,0,0.45,True,True,1.0,2.0,1.0,2.0,0.249127596616745,0.12780845165252686,0.05312158666283415,0.629097593355346,18481,329419,29377,347900,0.5,0.17816659291282297,0.43677026245021616,0.5675528474657044,0.5,0.20580726418626816,0.45661571978078086,0.5534601899445144,0.5,0.20247132110154203,0.45828369132314395,0.568778295945808,0.20247132110154203,0.45828369132314395,0.568778295945808,29377,17395,17395,1739500,100.0,100.0,0.591109037399292,0.655083954334259,0.42216265201568604,0.8003678917884827,0.8493719696998596,0.6866936683654785,0.34264901280403137,0.05759607501013253,0.9161255190436994,17395,2683,17395,0,20.0,126.28638546192087,mean,geometric_mean,odvg_phrase_grounding,3.5,2.0,4.0,iou,0.25,0.25,2.0,True,False,False,True,True,0.1,0.25,0.05,0.25,128,5,True,True,0.05,10,0.3,10,0.0,0.5,1.0,10,True,5,12,0.0,0.1,3,odvg_appended_phrase,4.0,0.25,20,0.5,0.5,1.0,2.0,True,False
epoch,1784725919.0225945,71,636.4632656429894,8.712622585925595e-05,8.712622585925595e-05,8.712622585925595e-05,8.712622585925594e-06,8.712622585925595e-05,1.7579153776168823,12286,1.1046258211135864,1.3065807819366455,0.6532903909683228,0.009720858186483383,0.4199429750442505,0.03633785620331764,0.0266279224306345,0.106511689722538,0.04125899076461792,0.04125899076461792,0.106511689722538,0.0266279224306345,,,,,,,,,,,,,,,,,,,0.24879901111125946,0.12678341567516327,0.05339752802529463,0.6323654559689553,18577,329323,29377,347900,0.5,0.1787793171528747,0.442931545086292,0.5726248425639106,0.5,0.20839432208870887,0.4575007659053001,0.556115328318072,0.5,0.20410525240834668,0.4648194165503625,0.5732716070395207,0.20410525240834668,0.4648194165503625,0.5732716070395207,29377,17395,17395,1739500,100.0,100.0,0.5931264758110046,0.659634530544281,0.42633748054504395,0.8018270134925842,0.8515845537185669,0.6895530223846436,0.3446914255619049,0.05718756641568823,0.9170657446791842,17395,2683,17395,0,20.0,105.17443699692376,mean,geometric_mean,odvg_phrase_grounding,3.5,2.0,4.0,iou,0.25,0.25,2.0,True,False,False,True,True,0.1,0.25,0.05,0.25,128,5,True,True,0.05,10,0.3,10,0.0,0.5,1.0,10,True,5,12,0.0,0.1,3,odvg_appended_phrase,4.0,0.25,20,0.5,0.5,1.0,2.0,True,False
epoch,1784726563.6578019,72,637.5521774380468,8.67838292888979e-05,8.67838292888979e-05,8.67838292888979e-05,8.67838292888979e-06,8.67838292888979e-05,1.7482576370239258,12286,1.10006582736969,1.2963820695877075,0.6481910347938538,0.009628458879888058,0.41595083475112915,0.03722510114312172,0.026454832404851913,0.10581932961940765,0.04140344634652138,0.04140344634652138,0.10581932961940765,0.026454832404851913,,,,,,,,,,,,,,,,,,,0.2509935796260834,0.12741181254386902,0.053176200057487785,0.6297443578309562,18500,329400,29377,347900,0.5,0.1796984035129523,0.440480648126085,0.5712972733771318,0.5,0.20880280491541,0.45763692684753376,0.5569663342070327,0.5,0.20669231031078736,0.4620961977056881,0.5720461585594172,0.20669231031078736,0.4620961977056881,0.5720461585594172,29377,17395,17395,1739500,100.0,100.0,0.5948563814163208,0.6578125357627869,0.4264795184135437,0.8038028478622437,0.8523675203323364,0.687612771987915,0.34635940194129944,0.05786841415695887,0.9158415659010244,17395,2683,17395,0,20.0,107.74671698198654,mean,geometric_mean,odvg_phrase_grounding,3.5,2.0,4.0,iou,0.25,0.25,2.0,True,False,False,True,True,0.1,0.25,0.05,0.25,128,5,True,True,0.05,10,0.3,10,0.0,0.5,1.0,10,True,5,12,0.0,0.1,3,odvg_appended_phrase,4.0,0.25,20,0.5,0.5,1.0,2.0,True,False
epoch,1784727195.4583576,73,624.6131804650649,8.643767311031469e-05,8.643767311031469e-05,8.643767311031469e-05,8.643767311031469e-06,8.643767311031469e-05,1.74766206741333,12286,1.097338080406189,1.3006442785263062,0.6503221392631531,0.009628419764339924,0.41428494453430176,0.03745817020535469,0.026198487728834152,0.10479395091533661,0.0412980280816555,0.0412980280816555,0.10479395091533661,0.026198487728834152,,,,,,,,,,,,,,,,,,,0.2532506585121155,0.12938246130943298,0.053432020695602184,0.6327739387956565,18589,329311,29377,347900,0.5,0.18078769105082207,0.4435783095619022,0.5723525206794431,0.5,0.2096878510399292,0.4578071280253259,0.5545154372468257,0.5,0.2076454369064234,0.46655546856384245,0.5743949348129489,0.2076454369064234,0.46655546856384245,0.5743949348129489,29377,17395,17395,1739500,100.0,100.0,0.5967814922332764,0.6625478267669678,0.43120643496513367,0.8072218298912048,0.8512781858444214,0.6926847696304321,0.35429078340530396,0.059910830834775664,0.9135092419214877,17395,2683,17395,0,20.0,103.06386567419395,mean,geometric_mean,odvg_phrase_grounding,3.5,2.0,4.0,iou,0.25,0.25,2.0,True,False,False,True,True,0.1,0.25,0.05,0.25,128,5,True,True,0.05,10,0.3,10,0.0,0.5,1.0,10,True,5,12,0.0,0.1,3,odvg_appended_phrase,4.0,0.25,20,0.5,0.5,1.0,2.0,True,False
epoch,1784727822.0256305,74,611.4950936669484,8.60877952834321e-05,8.60877952834321e-05,8.60877952834321e-05,8.608779528343212e-06,8.60877952834321e-05,1.731384515762329,12286,1.0862374305725098,1.290299654006958,0.645149827003479,0.00942548830062151,0.4124964475631714,0.03620082885026932,0.02609994448721409,0.10439977794885635,0.04050108417868614,0.04050108417868614,0.10439977794885635,0.02609994448721409,,,,,,,,,,,,,,,,,,,0.25537165999412537,0.13138094544410706,0.05372536282081868,0.6362460428226163,18691,329208,29377,347899,0.5,0.17786023079279709,0.4436123497974606,0.5743608945773905,0.5,0.20788371855533241,0.4596793409810396,0.5571365353848249,0.5,0.20533070088845015,0.46791707798617965,0.5757565442352861,0.20533070088845015,0.46791707798617965,0.5757565442352861,29377,17395,17395,1739500,100.0,100.0,0.5962451696395874,0.6610729098320007,0.42735081911087036,0.8062223792076111,0.8525717258453369,0.6910508275032043,0.35309937596321106,0.054804784680588026,0.9206935546570431,17395,2683,17395,0,19.999942512216155,101.2553044219967,mean,geometric_mean,odvg_phrase_grounding,3.5,2.0,4.0,iou,0.25,0.25,2.0,True,False,False,True,True,0.1,0.25,0.05,0.25,128,5,True,True,0.05,10,0.3,10,0.0,0.5,1.0,10,True,5,12,0.0,0.1,3,odvg_appended_phrase,4.0,0.25,20,0.5,0.5,1.0,2.0,True,False
epoch,1784728468.5302074,75,632.5584160259459,8.573423417629666e-05,8.573423417629666e-05,8.573423417629666e-05,8.573423417629665e-06,8.573423417629666e-05,1.7271521091461182,12286,1.0809214115142822,1.2924602031707764,0.6462301015853882,0.009312806650996208,0.4079887270927429,0.0370042510330677,0.026263492181897163,0.10505396872758865,0.04086373373866081,0.04086373373866081,0.10505396872758865,0.026263492181897163,1.2460829019546509,0.013253364711999893,0.46524012088775635,0.04322659969329834,0.05138321593403816,0.05138321593403816,,,0.11229762434959412,0.02807440608739853,0.0,0.0,0,0.45,True,True,1.0,2.0,1.0,2.0,0.25760984420776367,0.13208100199699402,0.05395251236058411,0.6389011811961739,18769,329111,29377,347880,0.5,0.1780985124417061,0.4436123497974606,0.5758586649419614,0.5,0.20784967831977397,0.4568880416652483,0.5556728052558124,0.5,0.2061817067774109,0.46835960104843927,0.5769819927153896,0.2061817067774109,0.46835960104843927,0.5769819927153896,29377,17395,17395,1739500,100.0,100.0,0.5979292392730713,0.6651500463485718,0.43027231097221375,0.8049353957176208,0.8522993922233582,0.6956803202629089,0.3540184497833252,0.05677913906673504,0.9183832898345072,17395,2683,17395,0,19.99885024432308,119.51150057604536,mean,geometric_mean,odvg_phrase_grounding,3.5,2.0,4.0,iou,0.25,0.25,2.0,True,False,False,True,True,0.1,0.25,0.05,0.25,128,5,True,True,0.05,10,0.3,10,0.0,0.5,1.0,10,True,5,12,0.0,0.1,3,odvg_appended_phrase,4.0,0.25,20,0.5,0.5,1.0,2.0,True,False
epoch,1784729094.9920878,76,612.0150088770315,8.537702856086799e-05,8.537702856086799e-05,8.537702856086799e-05,8.5377028560868e-06,8.537702856086799e-05,1.7266391515731812,12286,1.0805937051773071,1.2920904159545898,0.6460452079772949,0.009566136635839939,0.41177770495414734,0.035420648753643036,0.02600781060755253,0.10403124243021011,0.03978392109274864,0.03978392109274864,0.10403124243021011,0.02600781060755253,,,,,,,,,,,,,,,,,,,0.26004526019096375,0.13237115740776062,0.054116226241481435,0.6406372332096538,18820,328950,29377,347770,0.5,0.179119719508459,0.4447356775708888,0.5773223950709739,0.5,0.2087687646798516,0.4590325765054294,0.558021581509344,0.5,0.20682847125302106,0.4677809170439459,0.5784116826088437,0.20682847125302106,0.4677809170439459,0.5784116826088437,29377,17395,17395,1739500,100.0,100.0,0.5995396971702576,0.6646482348442078,0.4363832175731659,0.8086611032485962,0.8553289771080017,0.6974844336509705,0.3553119897842407,0.056847200441316637,0.9184968184253934,17395,2683,17395,0,19.992526588100027,102.45669820904732,mean,geometric_mean,odvg_phrase_grounding,3.5,2.0,4.0,iou,0.25,0.25,2.0,True,False,False,True,True,0.1,0.25,0.05,0.25,128,5,True,True,0.05,10,0.3,10,0.0,0.5,1.0,10,True,5,12,0.0,0.1,3,odvg_appended_phrase,4.0,0.25,20,0.5,0.5,1.0,2.0,True,False
epoch,1784729728.074753,77,617.1895333048888,8.501621760876719e-05,8.501621760876719e-05,8.501621760876719e-05,8.501621760876719e-06,8.501621760876719e-05,1.7173084020614624,12286,1.072631597518921,1.289355754852295,0.6446778774261475,0.009375160560011864,0.40735289454460144,0.03573090210556984,0.025899382308125496,0.10359752923250198,0.040045566856861115,0.040045566856861115,0.10359752923250198,0.025899382308125496,,,,,,,,,,,,,,,,,,,0.25993460416793823,0.13243746757507324,0.054165623137840804,0.64050107226742,18816,328563,29377,347379,0.5,0.1795622425707186,0.4465398100554856,0.5794328896755966,0.5,0.20829220138203355,0.462402559825714,0.5594172311672396,0.5,0.20693059195969635,0.4698573714130102,0.5793648092044797,0.20693059195969635,0.4698573714130102,0.5793648092044797,29377,17395,17395,1739500,100.0,100.0,0.5993212461471558,0.6663353443145752,0.43444013595581055,0.8064206838607788,0.85440993309021,0.697178065776825,0.3518398702144623,0.056676993509404916,0.9187051396313608,17395,2683,17395,0,19.97004886461627,101.25530804693699,mean,geometric_mean,odvg_phrase_grounding,3.5,2.0,4.0,iou,0.25,0.25,2.0,True,False,False,True,True,0.1,0.25,0.05,0.25,128,5,True,True,0.05,10,0.3,10,0.0,0.5,1.0,10,True,5,12,0.0,0.1,3,odvg_appended_phrase,4.0,0.25,20,0.5,0.5,1.0,2.0,True,False
epoch,1784730357.445374,78,614.7564719941001,8.465184088698113e-05,8.465184088698113e-05,8.465184088698113e-05,8.465184088698113e-06,8.465184088698113e-05,1.7222836017608643,12286,1.077513337135315,1.289543628692627,0.6447718143463135,0.00937948003411293,0.4077436029911041,0.036540787667036057,0.02588973008096218,0.10355892032384872,0.04042672738432884,0.04042672738432884,0.10355892032384872,0.02588973008096218,,,,,,,,,,,,,,,,,,,0.2553146779537201,0.13142059743404388,0.053832366167115966,0.6369268475337849,18711,328868,29377,347579,0.5,0.1792558804506927,0.44524628110426523,0.5764713891820131,0.5,0.20938148891990332,0.4588964155631957,0.5578854205671103,0.5,0.2065221091329952,0.4685298022262314,0.5773904755420908,0.2065221091329952,0.4685298022262314,0.5773904755420908,29377,17395,17395,1739500,100.0,100.0,0.5987730622291565,0.6661472916603088,0.4281452000141144,0.80816251039505,0.8533887267112732,0.6930932402610779,0.35636723041534424,0.05616639272729296,0.9189627174748726,17395,2683,17395,0,19.981546421385456,102.85088163521141,mean,geometric_mean,odvg_phrase_grounding,3.5,2.0,4.0,iou,0.25,0.25,2.0,True,False,False,True,True,0.1,0.25,0.05,0.25,128,5,True,True,0.05,10,0.3,10,0.0,0.5,1.0,10,True,5,12,0.0,0.1,3,odvg_appended_phrase,4.0,0.25,20,0.5,0.5,1.0,2.0,True,False
epoch,1784730990.7764652,79,626.0312298231293,8.428393835352348e-05,8.428393835352348e-05,8.428393835352348e-05,8.428393835352349e-06,8.428393835352348e-05,1.7077891826629639,12286,1.0677458047866821,1.280085563659668,0.640042781829834,0.009393740445375443,0.4091580808162689,0.03409168869256973,0.02567746303975582,0.10270985215902328,0.03900603577494621,0.03900603577494621,0.10270985215902328,0.02567746303975582,,,,,,,,,,,,,,,,,,,0.26073092222213745,0.13341739773750305,0.05441038644426428,0.6442454981788474,18926,328912,29377,347838,0.5,0.1805834496374715,0.44739081594444635,0.5825986315825306,0.5,0.2102665350444225,0.46495557749259625,0.5666337611056268,0.5,0.20825816114647513,0.4713551417775811,0.5834155972359328,0.20825816114647513,0.4713551417775811,0.5834155972359328,29377,17395,17395,1739500,100.0,100.0,0.5998537540435791,0.666770875453949,0.43564337491989136,0.8078131675720215,0.855158805847168,0.6990162134170532,0.3566395342350006,0.05477071523820587,0.9216460016421277,17395,2683,17395,0,19.996435757401553,104.83412048197351,mean,geometric_mean,odvg_phrase_grounding,3.5,2.0,4.0,iou,0.25,0.25,2.0,True,False,False,True,True,0.1,0.25,0.05,0.25,128,5,True,True,0.05,10,0.3,10,0.0,0.5,1.0,10,True,5,12,0.0,0.1,3,odvg_appended_phrase,4.0,0.25,20,0.5,0.5,1.0,2.0,True,False
epoch,1784731646.6293626,80,640.9640728179365,8.391255035305296e-05,8.391255035305296e-05,8.391255035305296e-05,8.391255035305294e-06,8.391255035305296e-05,1.7016756534576416,12286,1.0636032819747925,1.2761424779891968,0.6380712389945984,0.009315207600593567,0.40731197595596313,0.03410566970705986,0.025645937770605087,0.10258375108242035,0.039007969200611115,0.039007969200611115,0.10258375108242035,0.025645937770605087,1.2471437454223633,0.01375827006995678,0.46794432401657104,0.04240218177437782,0.049338459968566895,0.049338459968566895,,,0.11341850459575653,0.028354626148939133,0.0,0.0,0,0.45,True,True,1.0,2.0,1.0,2.0,0.2639327347278595,0.13480332493782043,0.05446965122631473,0.6448582224188991,18944,328846,29377,347790,0.5,0.1803792082241209,0.44705041358886205,0.5832794362936992,0.5,0.21159410423120129,0.4694148483507506,0.568233652176873,0.5,0.20897300609320216,0.4717976648398407,0.5835177179426082,0.20897300609320216,0.4717976648398407,0.5835177179426082,29377,17395,17395,1739500,100.0,100.0,0.5985413789749146,0.6655791997909546,0.4317561686038971,0.8076674938201904,0.8532865643501282,0.6964632272720337,0.3552779257297516,0.05160500485313457,0.9259041930249994,17395,2683,17395,0,19.993676343776947,119.76741668093018,mean,geometric_mean,odvg_phrase_grounding,3.5,2.0,4.0,iou,0.25,0.25,2.0,True,False,False,True,True,0.1,0.25,0.05,0.25,128,5,True,True,0.05,10,0.3,10,0.0,0.5,1.0,10,True,5,12,0.0,0.1,3,odvg_appended_phrase,4.0,0.25,20,0.5,0.5,1.0,2.0,True,False
epoch,1784732276.1054754,81,615.2260190960951,8.353771761244894e-05,8.353771761244894e-05,8.353771761244894e-05,8.353771761244895e-06,8.353771761244894e-05,1.7023937702178955,12286,1.060677170753479,1.283434271812439,0.6417171359062195,0.009208371862769127,0.4039097726345062,0.035067118704319,0.0254692230373621,0.1018768921494484,0.03926481306552887,0.03926481306552887,0.1018768921494484,0.0254692230373621,,,,,,,,,,,,,,,,,,,0.26681259274482727,0.13535001873970032,0.05449788689877239,0.6452667052456003,18956,328874,29377,347830,0.5,0.1801409265752119,0.4474929366511216,0.5859686149028152,0.5,0.21156006399564284,0.47155938319093166,0.571399394083807,0.5,0.20999421315995506,0.4733635156755285,0.5873983047962692,0.20999421315995506,0.4733635156755285,0.5873983047962692,29377,17395,17395,1739500,100.0,100.0,0.6019733548164368,0.66828852891922,0.44106870889663696,0.8068727850914001,0.8584607243537903,0.702250063419342,0.35817134380340576,0.05698335817374178,0.9188560298645146,17395,2683,17395,0,19.995975855130784,101.2072809280362,mean,geometric_mean,odvg_phrase_grounding,3.5,2.0,4.0,iou,0.25,0.25,2.0,True,False,False,True,True,0.1,0.25,0.05,0.25,128,5,True,True,0.05,10,0.3,10,0.0,0.5,1.0,10,True,5,12,0.0,0.1,3,odvg_appended_phrase,4.0,0.25,20,0.5,0.5,1.0,2.0,True,False
epoch,1784732906.1959782,82,615.459186708089,8.315948123634542e-05,8.315948123634542e-05,8.315948123634542e-05,8.315948123634542e-06,8.315948123634542e-05,1.6908385753631592,12286,1.051970362663269,1.2777378559112549,0.6388689279556274,0.008935200981795788,0.39686641097068787,0.03628489002585411,0.025461573153734207,0.10184629261493683,0.039868660271167755,0.039868660271167755,0.10184629261493683,0.025461573153734207,,,,,,,,,,,,,,,,,,,0.2670326828956604,0.1357274353504181,0.05452005335295741,0.6456071076011846,18966,328906,29377,347872,0.5,0.18075365081526365,0.45198624774483437,0.5867175000851006,0.5,0.2133301562446812,0.4768015794669299,0.5749055383463254,0.5,0.21040269598665623,0.478469551009293,0.5879089083296456,0.21040269598665623,0.478469551009293,0.5879089083296456,29377,17395,17395,1739500,100.0,100.0,0.6044046878814697,0.6703197360038757,0.4433305561542511,0.8084678649902344,0.8604691028594971,0.7070837616920471,0.3599414527416229,0.06147665409086256,0.9130560516002385,17395,2683,17395,0,19.998390342052314,101.05113882292062,mean,geometric_mean,odvg_phrase_grounding,3.5,2.0,4.0,iou,0.25,0.25,2.0,True,False,False,True,True,0.1,0.25,0.05,0.25,128,5,True,True,0.05,10,0.3,10,0.0,0.5,1.0,10,True,5,12,0.0,0.1,3,odvg_appended_phrase,4.0,0.25,20,0.5,0.5,1.0,2.0,True,False
epoch,1784733538.653027,83,617.3668653538916,8.277788270262341e-05,8.277788270262341e-05,8.277788270262341e-05,8.277788270262341e-06,8.277788270262341e-05,1.6817349195480347,12286,1.0464316606521606,1.270607829093933,0.6353039145469666,0.00892123393714428,0.39614325761795044,0.03559854254126549,0.025504929944872856,0.10201971977949142,0.039151571691036224,0.039151571691036224,0.10201971977949142,0.025504929944872856,,,,,,,,,,,,,,,,,,,0.2661747932434082,0.13712549209594727,0.05445221525627869,0.6448241821833407,18943,328940,29377,347883,0.5,0.18146849576199067,0.4489226265445757,0.5857643734894645,0.5,0.21220682847125302,0.4681213193995302,0.5702420260748204,0.5,0.21087925928447424,0.4759846138135276,0.587228103618477,0.21087925928447424,0.4759846138135276,0.587228103618477,29377,17395,17395,1739500,100.0,100.0,0.6052064299583435,0.673224687576294,0.4431018531322479,0.8096224069595337,0.8615583777427673,0.7063348889350891,0.36681756377220154,0.06151070675174841,0.9129156612319045,17395,2683,17395,0,19.99902270767462,103.11803935514763,mean,geometric_mean,odvg_phrase_grounding,3.5,2.0,4.0,iou,0.25,0.25,2.0,True,False,False,True,True,0.1,0.25,0.05,0.25,128,5,True,True,0.05,10,0.3,10,0.0,0.5,1.0,10,True,5,12,0.0,0.1,3,odvg_appended_phrase,4.0,0.25,20,0.5,0.5,1.0,2.0,True,False
epoch,1784734168.1799247,84,614.2277808240615,8.239296385786232e-05,8.239296385786232e-05,8.239296385786232e-05,8.239296385786233e-06,8.239296385786232e-05,1.6784271001815796,12286,1.0468871593475342,1.2630796432495117,0.6315398216247559,0.009030986577272415,0.39950335025787354,0.034386396408081055,0.025192802771925926,0.1007712110877037,0.03841651976108551,0.03841651976108551,0.1007712110877037,0.025192802771925926,,,,,,,,,,,,,,,,,,,0.26934516429901123,0.13812296092510223,0.05467876191434609,0.6473431596146645,19017,328778,29377,347795,0.5,0.18279606494876943,0.4498757531402117,0.5850835687782959,0.5,0.21247915035572046,0.47458896415563195,0.5742928141062736,0.5,0.21285359294686318,0.47591653334241074,0.5872961840895939,0.21285359294686318,0.47591653334241074,0.5872961840895939,29377,17395,17395,1739500,100.0,100.0,0.6061510443687439,0.6735749840736389,0.44897791743278503,0.8088023066520691,0.8616604804992676,0.7067773938179016,0.36324334144592285,0.059434234203237124,0.9159081279012298,17395,2683,17395,0,19.993963782696177,100.67247809213586,mean,geometric_mean,odvg_phrase_grounding,3.5,2.0,4.0,iou,0.25,0.25,2.0,True,False,False,True,True,0.1,0.25,0.05,0.25,128,5,True,True,0.05,10,0.3,10,0.0,0.5,1.0,10,True,5,12,0.0,0.1,3,odvg_appended_phrase,4.0,0.25,20,0.5,0.5,1.0,2.0,True,False
epoch,1784734814.1625662,85,630.5951802129857,8.200476691275113e-05,8.200476691275113e-05,8.200476691275113e-05,8.200476691275113e-06,8.200476691275113e-05,1.6711140871047974,12286,1.0420410633087158,1.2581455707550049,0.6290727853775024,0.008813861757516861,0.3959559500217438,0.03490036725997925,0.025131776928901672,0.10052710771560669,0.038863204419612885,0.038863204419612885,0.10052710771560669,0.025131776928901672,1.2458326816558838,0.013442347757518291,0.46443629264831543,0.043982721865177155,0.04938675835728645,0.04938675835728645,,,0.11240412294864655,0.028101030737161636,0.0,0.0,0,0.45,True,True,1.0,2.0,1.0,2.0,0.27010661363601685,0.1377076804637909,0.05481228825989175,0.6487728495081186,19059,328655,29377,347714,0.5,0.1816046567042244,0.4494672703135106,0.5870238622051265,0.5,0.21254723082683732,0.4699935323552439,0.5699016237192361,0.5,0.21152602376008442,0.47765258535589067,0.5882493106852299,0.21152602376008442,0.47765258535589067,0.5882493106852299,29377,17395,17395,1739500,100.0,100.0,0.6063206195831299,0.6736536622047424,0.4475756883621216,0.8098182678222656,0.8622051477432251,0.7069135904312134,0.3673281967639923,0.058140740923094736,0.9177541050135573,17395,2683,17395,0,19.989307272204655,119.85066774603911,mean,geometric_mean,odvg_phrase_grounding,3.5,2.0,4.0,iou,0.25,0.25,2.0,True,False,False,True,True,0.1,0.25,0.05,0.25,128,5,True,True,0.05,10,0.3,10,0.0,0.5,1.0,10,True,5,12,0.0,0.1,3,odvg_appended_phrase,4.0,0.25,20,0.5,0.5,1.0,2.0,True,False
epoch,1784735435.498717,86,615.0756507879123,8.161333443745946e-05,8.161333443745946e-05,8.161333443745946e-05,8.161333443745946e-06,8.161333443745946e-05,1.6695287227630615,12286,1.0414749383926392,1.2561087608337402,0.6280543804168701,0.008964634500443935,0.3955710530281067,0.0350281186401844,0.0249271672219038,0.0997086688876152,0.03851519525051117,0.03851519525051117,0.0997086688876152,0.0249271672219038,,,,,,,,,,,,,,,,,,,0.27223968505859375,0.1394471675157547,0.05514506029918058,0.6526534363617796,19173,328510,29377,347683,0.5,0.18119617387752324,0.4511012016203152,0.5898832419920346,0.5,0.2139769207202914,0.47561017122238486,0.5754501821152602,0.5,0.21142390305340913,0.4791503557204616,0.5905300064676448,0.21142390305340913,0.4791503557204616,0.5905300064676448,29377,17395,17395,1739500,100.0,100.0,0.6075978875160217,0.6753268241882324,0.45094984769821167,0.8114298582077026,0.8625795841217041,0.7094665765762329,0.3688940405845642,0.05681314021445327,0.9199213295027597,17395,2683,17395,0,19.987525150905434,100.7762163109146,mean,geometric_mean,odvg_phrase_grounding,3.5,2.0,4.0,iou,0.25,0.25,2.0,True,False,False,True,True,0.1,0.25,0.05,0.25,128,5,True,True,0.05,10,0.3,10,0.0,0.5,1.0,10,True,5,12,0.0,0.1,3,odvg_appended_phrase,4.0,0.25,20,0.5,0.5,1.0,2.0,True,False
epoch,1784736062.0782542,87,611.3835416669026,8.121870935696925e-05,8.121870935696925e-05,8.121870935696925e-05,8.121870935696926e-06,8.121870935696925e-05,1.6616041660308838,12286,1.0340968370437622,1.2550119161605835,0.6275059580802917,0.008883487433195114,0.3921359181404114,0.03520132228732109,0.02483256533741951,0.09933026134967804,0.03829266503453255,0.03829266503453255,0.09933026134967804,0.02483256533741951,,,,,,,,,,,,,,,,,,,0.2694571614265442,0.1377997100353241,0.05478573298391667,0.6482962862103006,19045,328582,29377,347627,0.5,0.18095789222861422,0.45001191408244545,0.5858664941961398,0.5,0.21200258705790245,0.4726827109643599,0.5712972733771318,0.5,0.2103686557510978,0.47751642441365694,0.5873642645607108,0.2103686557510978,0.47751642441365694,0.5873642645607108,29377,17395,17395,1739500,100.0,100.0,0.6068065762519836,0.6735652089118958,0.4486214816570282,0.8114067316055298,0.8617625832557678,0.7073901295661926,0.3683494031429291,0.05909384335589207,0.9164621601489812,17395,2683,17395,0,19.984305835010062,102.74236513394862,mean,geometric_mean,odvg_phrase_grounding,3.5,2.0,4.0,iou,0.25,0.25,2.0,True,False,False,True,True,0.1,0.25,0.05,0.25,128,5,True,True,0.05,10,0.3,10,0.0,0.5,1.0,10,True,5,12,0.0,0.1,3,odvg_appended_phrase,4.0,0.25,20,0.5,0.5,1.0,2.0,True,False
epoch,1784736685.2726338,88,615.9998680478893,8.082093494636763e-05,8.082093494636763e-05,8.082093494636763e-05,8.082093494636764e-06,8.082093494636763e-05,1.6599537134170532,12286,1.0308736562728882,1.25816011428833,0.629080057144165,0.00886860303580761,0.3916776180267334,0.03475029021501541,0.0244929026812315,0.097971610724926,0.03822953999042511,0.03822953999042511,0.097971610724926,0.0244929026812315,,,,,,,,,,,,,,,,,,,0.2715389132499695,0.1387159526348114,0.05484606908694414,0.6489430506859107,19064,328527,29377,347591,0.5,0.18187697858869184,0.45331381693161316,0.5876025462096198,0.5,0.21271743200462948,0.47394219968002177,0.5742247336351568,0.5,0.21234298941348675,0.4811246893828505,0.5891003165741907,0.21234298941348675,0.4811246893828505,0.5891003165741907,29377,17395,17395,1739500,100.0,100.0,0.6078393459320068,0.6746550798416138,0.4496414363384247,0.8127407431602478,0.8631241917610168,0.7079688310623169,0.37110665440559387,0.059025780376406156,0.9166265832807396,17395,2683,17395,0,19.982236274791607,100.94775217003189,mean,geometric_mean,odvg_phrase_grounding,3.5,2.0,4.0,iou,0.25,0.25,2.0,True,False,False,True,True,0.1,0.25,0.05,0.25,128,5,True,True,0.05,10,0.3,10,0.0,0.5,1.0,10,True,5,12,0.0,0.1,3,odvg_appended_phrase,4.0,0.25,20,0.5,0.5,1.0,2.0,True,False
epoch,1784737303.2753472,89,610.8477867851034,8.04200548261012e-05,8.04200548261012e-05,8.04200548261012e-05,8.04200548261012e-06,8.04200548261012e-05,1.6596989631652832,12286,1.0307854413986206,1.2578331232070923,0.6289165616035461,0.008878563530743122,0.39243626594543457,0.03446448594331741,0.024604419246315956,0.09841767698526382,0.037843190133571625,0.037843190133571625,0.09841767698526382,0.024604419246315956,,,,,,,,,,,,,,,,,,,0.2731558084487915,0.13988396525382996,0.05502517124225195,0.6499982979882221,19095,327928,29377,347023,0.5,0.18344282942437962,0.4542669435272492,0.5896109201075671,0.5,0.2145556047247847,0.4747251250978657,0.5747012969329748,0.5,0.21322803553800593,0.48214589644960343,0.5909725295299043,0.21322803553800593,0.48214589644960343,0.5909725295299043,29377,17395,17395,1739500,100.0,100.0,0.6068170666694641,0.6741283535957336,0.4449129104614258,0.8116182684898376,0.8630901575088501,0.7053136825561523,0.37117472290992737,0.05531538456793028,0.9215733567404224,17395,2683,17395,0,19.949583213567117,100.8909416210372,mean,geometric_mean,odvg_phrase_grounding,3.5,2.0,4.0,iou,0.25,0.25,2.0,True,False,False,True,True,0.1,0.25,0.05,0.25,128,5,True,True,0.05,10,0.3,10,0.0,0.5,1.0,10,True,5,12,0.0,0.1,3,odvg_appended_phrase,4.0,0.25,20,0.5,0.5,1.0,2.0,True,False
epoch,1784737944.276616,90,626.8643523498904,8.001611295719266e-05,8.001611295719266e-05,8.001611295719266e-05,8.001611295719266e-06,8.001611295719266e-05,1.65682053565979,12286,1.0267096757888794,1.2602171897888184,0.6301085948944092,0.0087665980681777,0.39046910405158997,0.0344381220638752,0.02443413808941841,0.09773655235767365,0.03815533593297005,0.03815533593297005,0.09773655235767365,0.02443413808941841,1.2524261474609375,0.013781195506453514,0.4662726819515228,0.04471028968691826,0.04881275072693825,0.04881275072693825,,,0.11314541846513748,0.02828635461628437,0.0,0.0,0,0.45,True,True,1.0,2.0,1.0,2.0,0.2739640474319458,0.14077357947826385,0.05517917941023717,0.6509854648194165,19124,327456,29377,346580,0.5,0.18293222589100316,0.4561731967185213,0.5913129318854886,0.5,0.21421520236920039,0.47853763148040984,0.577969159546584,0.5,0.21336419648023963,0.4846989141164857,0.5924362596589169,0.21336419648023963,0.4846989141164857,0.5924362596589169,29377,17395,17395,1739500,100.0,100.0,0.605514407157898,0.6733477711677551,0.44350501894950867,0.8124680519104004,0.859754204750061,0.7056200504302979,0.37086835503578186,0.0546345856108813,0.9225722319291177,17395,2683,17395,0,19.92411612532337,119.94493387290277,mean,geometric_mean,odvg_phrase_grounding,3.5,2.0,4.0,iou,0.25,0.25,2.0,True,False,False,True,True,0.1,0.25,0.05,0.25,128,5,True,True,0.05,10,0.3,10,0.0,0.5,1.0,10,True,5,12,0.0,0.1,3,odvg_appended_phrase,4.0,0.25,20,0.5,0.5,1.0,2.0,True,False
epoch,1784738573.0441966,91,613.6265779971145,7.960915363641997e-05,7.960915363641997e-05,7.960915363641997e-05,7.960915363641996e-06,7.960915363641997e-05,1.6499871015548706,12286,1.0214859247207642,1.2570050954818726,0.6285025477409363,0.008744919672608376,0.38967302441596985,0.03381677716970444,0.02443631924688816,0.09774527698755264,0.03746884688735008,0.03746884688735008,0.09774527698755264,0.02443631924688816,,,,,,,,,,,,,,,,,,,0.2748611867427826,0.14036722481250763,0.055050624924019194,0.6474112400857814,19019,326463,29377,345482,0.5,0.18146849576199067,0.4541307825850155,0.5886918337474896,0.5,0.21435136331143412,0.47697178064472207,0.5757565442352861,0.5,0.21084521904891582,0.4817374136229023,0.5904619259965279,0.21084521904891582,0.4817374136229023,0.5904619259965279,29377,17395,17395,1739500,100.0,100.0,0.6056460738182068,0.6749167442321777,0.4408303201198578,0.8125274777412415,0.8594138026237488,0.7042924761772156,0.36654525995254517,0.05688123609143414,0.9192363428327729,17395,2683,17395,0,19.860994538660535,100.96537499106489,mean,geometric_mean,odvg_phrase_grounding,3.5,2.0,4.0,iou,0.25,0.25,2.0,True,False,False,True,True,0.1,0.25,0.05,0.25,128,5,True,True,0.05,10,0.3,10,0.0,0.5,1.0,10,True,5,12,0.0,0.1,3,odvg_appended_phrase,4.0,0.25,20,0.5,0.5,1.0,2.0,True,False
epoch,1784739191.5929847,92,611.56114105694,7.919922149145865e-05,7.919922149145865e-05,7.919922149145865e-05,7.919922149145865e-06,7.919922149145865e-05,1.6460572481155396,12286,1.0200172662734985,1.2520779371261597,0.6260389685630798,0.008724294602870941,0.38856571912765503,0.03400949761271477,0.02436015196144581,0.09744060784578323,0.0376213975250721,0.0376213975250721,0.09744060784578323,0.02436015196144581,,,,,,,,,,,,,,,,,,,0.27567243576049805,0.14096324145793915,0.05560354573335111,0.6529597984818055,19182,325796,29377,344978,0.5,0.1838853524866392,0.4561391564829629,0.5928107022500596,0.5,0.21401096095584982,0.4767675392313715,0.5773564353065324,0.5,0.21292167341798005,0.4834053851652653,0.5936617081390203,0.21292167341798005,0.4834053851652653,0.5936617081390203,29377,17395,17395,1739500,100.0,100.0,0.6058247089385986,0.6749954223632812,0.4480508267879486,0.8122622966766357,0.858018159866333,0.7080709338188171,0.3687919080257416,0.05511113533701162,0.9221672113558137,17395,2683,17395,0,19.832020695602186,102.09179793507792,mean,geometric_mean,odvg_phrase_grounding,3.5,2.0,4.0,iou,0.25,0.25,2.0,True,False,False,True,True,0.1,0.25,0.05,0.25,128,5,True,True,0.05,10,0.3,10,0.0,0.5,1.0,10,True,5,12,0.0,0.1,3,odvg_appended_phrase,4.0,0.25,20,0.5,0.5,1.0,2.0,True,False
epoch,1784739818.126469,93,612.1987772190478,7.878636147598791e-05,7.878636147598791e-05,7.878636147598791e-05,7.87863614759879e-06,7.878636147598791e-05,1.6339139938354492,12286,1.0120298862457275,1.2437688112258911,0.6218844056129456,0.008450228720903397,0.3830932378768921,0.034789200872182846,0.02404998429119587,0.09619993716478348,0.038167111575603485,0.038167111575603485,0.09619993716478348,0.02404998429119587,,,,,,,,,,,,,,,,,,,0.27718019485473633,0.14229300618171692,0.055696070808124894,0.6558872587398304,19268,326681,29377,345949,0.5,0.18412363413554822,0.4568540014296899,0.5969976512237465,0.5,0.21472580590257684,0.4788099533648773,0.5784797630799605,0.5,0.21561085202709604,0.4866732477788746,0.5988017837083432,0.21561085202709604,0.4866732477788746,0.5988017837083432,29377,17395,17395,1739500,100.0,100.0,0.6080756187438965,0.6790022253990173,0.44645074009895325,0.8144797682762146,0.8596521019935608,0.7081390023231506,0.3740341067314148,0.05225174358332019,0.9262125890370381,17395,2683,17395,0,19.887841333716587,101.12744548800401,mean,geometric_mean,odvg_phrase_grounding,3.5,2.0,4.0,iou,0.25,0.25,2.0,True,False,False,True,True,0.1,0.25,0.05,0.25,128,5,True,True,0.05,10,0.3,10,0.0,0.5,1.0,10,True,5,12,0.0,0.1,3,odvg_appended_phrase,4.0,0.25,20,0.5,0.5,1.0,2.0,True,False
epoch,1784740448.6745303,94,617.4026188040152,7.837061886476095e-05,7.837061886476095e-05,7.837061886476095e-05,7.837061886476095e-06,7.837061886476095e-05,1.622992753982544,12286,1.0065686702728271,1.2328500747680664,0.6164250373840332,0.00858852919191122,0.3855254054069519,0.032955024391412735,0.023724792525172234,0.09489917010068893,0.036551691591739655,0.036551691591739655,0.09489917010068893,0.023724792525172234,,,,,,,,,,,,,,,,,,,0.277498334646225,0.1409410983324051,0.055762888387432735,0.6561255403887395,19275,326385,29377,345660,0.5,0.18405555366443135,0.45794328896755965,0.5954998808591756,0.5,0.21533853014262858,0.48061408584947407,0.5814072233379854,0.5,0.21356843789359023,0.485992443067706,0.5970997719304217,0.21356843789359023,0.485992443067706,0.5970997719304217,29377,17395,17395,1739500,100.0,100.0,0.6081178784370422,0.6767898201942444,0.4531523585319519,0.8141611218452454,0.8606392741203308,0.7103176116943359,0.37406814098358154,0.054192071305596445,0.9237072678286394,17395,2683,17395,0,19.87122736418511,102.83626436511986,mean,geometric_mean,odvg_phrase_grounding,3.5,2.0,4.0,iou,0.25,0.25,2.0,True,False,False,True,True,0.1,0.25,0.05,0.25,128,5,True,True,0.05,10,0.3,10,0.0,0.5,1.0,10,True,5,12,0.0,0.1,3,odvg_appended_phrase,4.0,0.25,20,0.5,0.5,1.0,2.0,True,False
epoch,1784741086.2755108,95,630.6109014970716,7.795203924864009e-05,7.795203924864009e-05,7.795203924864009e-05,7.795203924864009e-06,7.795203924864009e-05,1.6251256465911865,12286,1.004738450050354,1.240774154663086,0.620387077331543,0.00840503815561533,0.38246312737464905,0.033769313246011734,0.024011578410863876,0.0960463136434555,0.037299759685993195,0.037299759685993195,0.0960463136434555,0.024011578410863876,1.2519901990890503,0.0138503173366189,0.46864020824432373,0.04403713345527649,0.04755989834666252,0.04755989834666252,,,0.11002957820892334,0.027507394552230835,0.0,0.0,0,0.45,True,True,1.0,2.0,1.0,2.0,0.2818740904331207,0.14371678233146667,0.055548013852343724,0.654661810259727,19232,326991,29377,346223,0.5,0.18323858801102905,0.45961126050992274,0.597269973108214,0.5,0.21608741532491405,0.4843925519964598,0.5844027640671273,0.5,0.21550873132042073,0.4894645470946659,0.5987337032372264,0.21550873132042073,0.4894645470946659,0.5987337032372264,29377,17395,17395,1739500,100.0,100.0,0.6098424792289734,0.6776484847068787,0.45388466119766235,0.8153654336929321,0.8645539283752441,0.7115430235862732,0.3724682629108429,0.056881213326546165,0.9200593478664759,17395,2683,17395,0,19.90359298649037,119.81153379403986,mean,geometric_mean,odvg_phrase_grounding,3.5,2.0,4.0,iou,0.25,0.25,2.0,True,False,False,True,True,0.1,0.25,0.05,0.25,128,5,True,True,0.05,10,0.3,10,0.0,0.5,1.0,10,True,5,12,0.0,0.1,3,odvg_appended_phrase,4.0,0.25,20,0.5,0.5,1.0,2.0,True,False
epoch,1784741709.580857,96,609.1992136400659,7.753066852959721e-05,7.753066852959721e-05,7.753066852959721e-05,7.753066852959722e-06,7.753066852959721e-05,1.620459794998169,12286,1.0017932653427124,1.2373318672180176,0.6186659336090088,0.008481098338961601,0.3828544020652771,0.03298987075686455,0.023700669407844543,0.09480267763137817,0.03705879673361778,0.03705879673361778,0.09480267763137817,0.023700669407844543,,,,,,,,,,,,,,,,,,,0.28319719433784485,0.14391852915287018,0.055701406919522814,0.6557851380331552,19265,326597,29377,345862,0.5,0.1827279844776526,0.46189195629233754,0.5981209789971746,0.5,0.2152364094359533,0.48612860400993974,0.5862409367872826,0.5,0.21493004731592744,0.4900091908636008,0.5996527895973041,0.21493004731592744,0.4900091908636008,0.5996527895973041,29377,17395,17395,1739500,100.0,100.0,0.6100062727928162,0.6796503067016602,0.4521312117576599,0.8150941133499146,0.8648602366447449,0.713176965713501,0.3753276467323303,0.057391827680345786,0.9195265264590705,17395,2683,17395,0,19.88283989652199,101.36888670106418,mean,geometric_mean,odvg_phrase_grounding,3.5,2.0,4.0,iou,0.25,0.25,2.0,True,False,False,True,True,0.1,0.25,0.05,0.25,128,5,True,True,0.05,10,0.3,10,0.0,0.5,1.0,10,True,5,12,0.0,0.1,3,odvg_appended_phrase,4.0,0.25,20,0.5,0.5,1.0,2.0,True,False
epoch,1784742339.6958961,97,615.871556103928,7.710655291568007e-05,7.710655291568007e-05,7.710655291568007e-05,7.710655291568008e-06,7.710655291568007e-05,1.6177772283554077,12286,1.0004547834396362,1.2346446514129639,0.6173223257064819,0.008498240262269974,0.38267120718955994,0.03274859860539436,0.0238104909658432,0.0952419638633728,0.03686283156275749,0.03686283156275749,0.0952419638633728,0.0238104909658432,,,,,,,,,,,,,,,,,,,0.2818203270435333,0.14254796504974365,0.0556955864202896,0.6543894883752596,19224,325938,29377,345162,0.5,0.18344282942437962,0.4603601456922082,0.5976103754637982,0.5,0.214896007080369,0.48292882186744734,0.5834496374714913,0.5,0.21373863907138238,0.48983898968580863,0.5994485481839534,0.21373863907138238,0.48983898968580863,0.5994485481839534,29377,17395,17395,1739500,100.0,100.0,0.6073229908943176,0.675324559211731,0.448580801486969,0.8136981725692749,0.8625455498695374,0.7115770578384399,0.3715151250362396,0.05718756946318038,0.9196326401572035,17395,2683,17395,0,19.842598447829836,102.47696715407073,mean,geometric_mean,odvg_phrase_grounding,3.5,2.0,4.0,iou,0.25,0.25,2.0,True,False,False,True,True,0.1,0.25,0.05,0.25,128,5,True,True,0.05,10,0.3,10,0.0,0.5,1.0,10,True,5,12,0.0,0.1,3,odvg_appended_phrase,4.0,0.25,20,0.5,0.5,1.0,2.0,True,False
epoch,1784742955.7199323,98,609.3433933861088,7.667973891594508e-05,7.667973891594508e-05,7.667973891594508e-05,7.667973891594508e-06,7.667973891594508e-05,1.605147123336792,12286,0.9886572957038879,1.2329782247543335,0.6164891123771667,0.008107606321573257,0.3760513663291931,0.033267609775066376,0.023438235744833946,0.09375294297933578,0.03747961297631264,0.03747961297631264,0.09375294297933578,0.023438235744833946,,,,,,,,,,,,,,,,,,,0.2848847806453705,0.14422111213207245,0.05560705961860038,0.6554106954420125,19254,326997,29377,346251,0.5,0.1836470708377302,0.4613813527589611,0.5970316914593049,0.5,0.21652993838717363,0.4808523674983831,0.5801477346223236,0.5,0.21738094427613439,0.491370800285938,0.5984273411172005,0.21738094427613439,0.491370800285938,0.5984273411172005,29377,17395,17395,1739500,100.0,100.0,0.6089284420013428,0.6753735542297363,0.45114144682884216,0.8137572407722473,0.8636348247528076,0.7096708416938782,0.3724682629108429,0.054260146251865704,0.9235418125361402,17395,2683,17395,0,19.905202644438056,100.73491383995861,mean,geometric_mean,odvg_phrase_grounding,3.5,2.0,4.0,iou,0.25,0.25,2.0,True,False,False,True,True,0.1,0.25,0.05,0.25,128,5,True,True,0.05,10,0.3,10,0.0,0.5,1.0,10,True,5,12,0.0,0.1,3,odvg_appended_phrase,4.0,0.25,20,0.5,0.5,1.0,2.0,True,False
epoch,1784743586.6252842,99,616.3011034189258,7.625027333535706e-05,7.625027333535706e-05,7.625027333535706e-05,7.625027333535706e-06,7.625027333535706e-05,1.6096539497375488,12286,0.9939961433410645,1.2313205003738403,0.6156602501869202,0.008364537730813026,0.37863123416900635,0.03334309533238411,0.023684529587626457,0.09473811835050583,0.036807142198085785,0.036807142198085785,0.09473811835050583,0.023684529587626457,,,,,,,,,,,,,,,,,,,0.28579750657081604,0.14342477917671204,0.055596109512996664,0.6559212989753889,19269,327320,29377,346589,0.5,0.185212921673418,0.4600537835721823,0.5958743234503183,0.5,0.21836811110732887,0.4853797188276543,0.5853558906627634,0.5,0.21823195016509514,0.4890560642679647,0.597269973108214,0.21823195016509514,0.4890560642679647,0.597269973108214,29377,17395,17395,1739500,100.0,100.0,0.6080679893493652,0.6758686304092407,0.45118632912635803,0.8140358924865723,0.8618307113647461,0.7125301957130432,0.3714810907840729,0.056608896737654346,0.920552283849522,17395,2683,17395,0,19.924633515377984,107.49305327702314,mean,geometric_mean,odvg_phrase_grounding,3.5,2.0,4.0,iou,0.25,0.25,2.0,True,False,False,True,True,0.1,0.25,0.05,0.25,128,5,True,True,0.05,10,0.3,10,0.0,0.5,1.0,10,True,5,12,0.0,0.1,3,odvg_appended_phrase,4.0,0.25,20,0.5,0.5,1.0,2.0,True,False
epoch,1784744249.6878753,100,652.2869300139137,7.581820326965656e-05,7.581820326965656e-05,7.581820326965656e-05,7.581820326965655e-06,7.581820326965656e-05,1.6058098077774048,12286,0.9907199740409851,1.230177879333496,0.615088939666748,0.008252876810729504,0.3760331869125366,0.03389427065849304,0.02337351068854332,0.09349404275417328,0.03697793185710907,0.03697793185710907,0.09349404275417328,0.02337351068854332,1.2658206224441528,0.013911370187997818,0.4703284204006195,0.04658685624599457,0.04738517850637436,0.04738517850637436,,,0.11189182847738266,0.027972957119345665,0.0,0.0,0,0.45,True,True,1.0,2.0,1.0,2.0,0.28542566299438477,0.14522519707679749,0.05575834768638462,0.6556830173264799,19262,326193,29377,345455,0.5,0.18412363413554822,0.46223235864792184,0.5981550192327331,0.5,0.21789154780951084,0.48755829390339384,0.5853558906627634,0.5,0.2172788235694591,0.49314089253497634,0.5997889505395377,0.2172788235694591,0.49314089253497634,0.5997889505395377,29377,17395,17395,1739500,100.0,100.0,0.6090681552886963,0.6794296503067017,0.4507821500301361,0.8141228556632996,0.8622391819953918,0.7102495431900024,0.3733533024787903,0.05456652586352251,0.9231727406420519,17395,2683,17395,0,19.859442368496694,118.80891348095611,mean,geometric_mean,odvg_phrase_grounding,3.5,2.0,4.0,iou,0.25,0.25,2.0,True,False,False,True,True,0.1,0.25,0.05,0.25,128,5,True,True,0.05,10,0.3,10,0.0,0.5,1.0,10,True,5,12,0.0,0.1,3,odvg_appended_phrase,4.0,0.25,20,0.5,0.5,1.0,2.0,True,False
epoch,1784744882.4244907,101,613.6162378729787,7.538357610019528e-05,7.538357610019528e-05,7.538357610019528e-05,7.538357610019528e-06,7.538357610019528e-05,1.5954742431640625,12286,0.9859811663627625,1.2189844846725464,0.6094922423362732,0.008345273323357105,0.3790213167667389,0.031755104660987854,0.023220332339406013,0.09288132935762405,0.03591717407107353,0.03591717407107353,0.09288132935762405,0.023220332339406013,,,,,,,,,,,,,,,,,,,0.2871760427951813,0.14527590572834015,0.05609336752535261,0.6552404942642203,19249,323911,29377,343160,0.5,0.18439595602001566,0.46192599652789595,0.5988698641794601,0.5,0.21901487558293903,0.4870476903700174,0.5879089083296456,0.5,0.2184361915784457,0.49259624876604147,0.6005718759573816,0.2184361915784457,0.49259624876604147,0.6005718759573816,29377,17395,17395,1739500,100.0,100.0,0.6093488335609436,0.6780751943588257,0.45282554626464844,0.8138372898101807,0.8625795841217041,0.7099431753158569,0.3727746307849884,0.05470268105163667,0.9229478034952597,17395,2683,17395,0,19.727507904570277,102.2664293628186,mean,geometric_mean,odvg_phrase_grounding,3.5,2.0,4.0,iou,0.25,0.25,2.0,True,False,False,True,True,0.1,0.25,0.05,0.25,128,5,True,True,0.05,10,0.3,10,0.0,0.5,1.0,10,True,5,12,0.0,0.1,3,odvg_appended_phrase,4.0,0.25,20,0.5,0.5,1.0,2.0,True,False
epoch,1784745516.3698215,102,617.56013720599,7.494643948874014e-05,7.494643948874014e-05,7.494643948874014e-05,7.494643948874014e-06,7.494643948874014e-05,1.5985190868377686,12286,0.9864068031311035,1.2242270708084106,0.6121135354042053,0.00836160033941269,0.37883350253105164,0.03203967958688736,0.02325650490820408,0.09302601963281631,0.03584637865424156,0.03584637865424156,0.09302601963281631,0.02325650490820408,,,,,,,,,,,,,,,,,,,0.28502658009529114,0.1444391906261444,0.056000209477092805,0.6552064540286618,19248,324465,29377,343713,0.5,0.18289818565544474,0.4600537835721823,0.5994825884195119,0.5,0.21768730639616027,0.485992443067706,0.5859005344316983,0.5,0.21792558804506929,0.4912686795792627,0.6002655138373557,0.21792558804506929,0.4912686795792627,0.6002655138373557,29377,17395,17395,1739500,100.0,100.0,0.6072575449943542,0.6770437359809875,0.444318562746048,0.8139448165893555,0.8596521019935608,0.7082751989364624,0.37318310141563416,0.05306874490780056,0.9250732695603517,17395,2683,17395,0,19.75929864903708,103.55058895098045,mean,geometric_mean,odvg_phrase_grounding,3.5,2.0,4.0,iou,0.25,0.25,2.0,True,False,False,True,True,0.1,0.25,0.05,0.25,128,5,True,True,0.05,10,0.3,10,0.0,0.5,1.0,10,True,5,12,0.0,0.1,3,odvg_appended_phrase,4.0,0.25,20,0.5,0.5,1.0,2.0,True,False
epoch,1784746142.2352672,103,617.4118533348665,7.450684137224669e-05,7.450684137224669e-05,7.450684137224669e-05,7.45068413722467e-06,7.450684137224669e-05,1.585112452507019,12286,0.9756364822387695,1.218953251838684,0.609476625919342,0.008184412494301796,0.37596237659454346,0.03123484179377556,0.02265290915966034,0.09061163663864136,0.035428352653980255,0.035428352653980255,0.09061163663864136,0.02265290915966034,,,,,,,,,,,,,,,,,,,0.28828370571136475,0.14700059592723846,0.05648278259650189,0.6581339142866869,19334,322965,29377,342299,0.5,0.18480443884671682,0.4651598189059468,0.6022738877353031,0.5,0.2208870885386527,0.4922898866460156,0.5936276679034619,0.5,0.21775538686727713,0.4966470367974946,0.603533376450965,0.21775538686727713,0.4966470367974946,0.603533376450965,29377,17395,17395,1739500,100.0,100.0,0.610063910484314,0.6789385676383972,0.45407217741012573,0.8166634440422058,0.8637369275093079,0.7107941508293152,0.3780168294906616,0.0526602365426283,0.9259135201363331,17395,2683,17395,0,19.67801092267893,101.86571066500619,mean,geometric_mean,odvg_phrase_grounding,3.5,2.0,4.0,iou,0.25,0.25,2.0,True,False,False,True,True,0.1,0.25,0.05,0.25,128,5,True,True,0.05,10,0.3,10,0.0,0.5,1.0,10,True,5,12,0.0,0.1,3,odvg_appended_phrase,4.0,0.25,20,0.5,0.5,1.0,2.0,True,False
epoch,1784746771.9808915,104,614.4852496299427,7.406482995760221e-05,7.406482995760221e-05,7.406482995760221e-05,7.406482995760221e-06,7.406482995760221e-05,1.575776219367981,12286,0.9712013006210327,1.2091487646102905,0.6045743823051453,0.008239315822720528,0.3747905492782593,0.03073892928659916,0.022580474615097046,0.09032189846038818,0.03533873334527016,0.03533873334527016,0.09032189846038818,0.022580474615097046,,,,,,,,,,,,,,,,,,,0.2899014353752136,0.14653357863426208,0.05687803131886027,0.6598699663001668,19385,321432,29377,340817,0.5,0.18351090989549648,0.46417265207475233,0.6041120604554584,0.5,0.22075092759641896,0.491609081934847,0.5908363685876706,0.5,0.21823195016509514,0.49644279538414404,0.6058140722333799,0.21823195016509514,0.49644279538414404,0.6058140722333799,29377,17395,17395,1739500,100.0,100.0,0.6088985800743103,0.6770375370979309,0.4552048146724701,0.8150355815887451,0.8614221811294556,0.7125301957130432,0.3741362392902374,0.0526602294128764,0.926094038218018,17395,2683,17395,0,19.59281402701926,102.26208208594471,mean,geometric_mean,odvg_phrase_grounding,3.5,2.0,4.0,iou,0.25,0.25,2.0,True,False,False,True,True,0.1,0.25,0.05,0.25,128,5,True,True,0.05,10,0.3,10,0.0,0.5,1.0,10,True,5,12,0.0,0.1,3,odvg_appended_phrase,4.0,0.25,20,0.5,0.5,1.0,2.0,True,False
epoch,1784747411.8701572,105,631.2674138548318,7.362045371633932e-05,7.362045371633932e-05,7.362045371633932e-05,7.362045371633933e-06,7.362045371633932e-05,1.5786008834838867,12286,0.9761658310890198,1.2048742771148682,0.6024371385574341,0.008460995741188526,0.38111862540245056,0.029127471148967743,0.022474978119134903,0.08989991247653961,0.03447742760181427,0.03447742760181427,0.08989991247653961,0.022474978119134903,1.2658913135528564,0.014273487031459808,0.48000484704971313,0.04291655868291855,0.04421476647257805,0.04421476647257805,,,0.10918156802654266,0.027295392006635666,0.0,0.0,0,0.45,True,True,1.0,2.0,1.0,2.0,0.29074543714523315,0.14652962982654572,0.057008699061190424,0.6534023215440651,19195,317508,29377,336703,0.5,0.1835449501310549,0.4655002212615311,0.6037376178643156,0.5,0.21993396194301665,0.4933451339483269,0.592129897538891,0.5,0.21809578922286144,0.4976001633931307,0.6049971065799775,0.21809578922286144,0.4976001633931307,0.6049971065799775,29377,17395,17395,1739500,100.0,100.0,0.601348340511322,0.6673937439918518,0.43814852833747864,0.8114884495735168,0.8581543564796448,0.6978588700294495,0.3655240535736084,0.044456548485384384,0.936295789314094,17395,2683,17395,0,19.356309284277092,118.74684615898877,mean,geometric_mean,odvg_phrase_grounding,3.5,2.0,4.0,iou,0.25,0.25,2.0,True,False,False,True,True,0.1,0.25,0.05,0.25,128,5,True,True,0.05,10,0.3,10,0.0,0.5,1.0,10,True,5,12,0.0,0.1,3,odvg_appended_phrase,4.0,0.25,20,0.5,0.5,1.0,2.0,True,False
epoch,1784748050.5735633,106,631.4763991041109,7.317376137932058e-05,7.317376137932058e-05,7.317376137932058e-05,7.317376137932058e-06,7.317376137932058e-05,1.580715537071228,12286,0.9747644066810608,1.2119046449661255,0.6059523224830627,0.008331844583153725,0.3760066032409668,0.031003685668110847,0.022866979241371155,0.09146791696548462,0.03502612188458443,0.03502612188458443,0.09146791696548462,0.022866979241371155,,,,,,,,,,,,,,,,,,,0.29147276282310486,0.14719489216804504,0.056987932279311,0.6582700752289206,19338,319997,29377,339335,0.5,0.18405555366443135,0.46539810055485586,0.6015250025530177,0.5,0.21860639275623786,0.49392381795282025,0.5929809034278517,0.5,0.21925315723184804,0.49783844504203967,0.6029887326820301,0.21925315723184804,0.49783844504203967,0.6029887326820301,29377,17395,17395,1739500,100.0,100.0,0.6060501337051392,0.6752303242683411,0.4472767114639282,0.8128475546836853,0.859992504119873,0.7078326344490051,0.3683494031429291,0.04956255922008457,0.9299798330735833,17395,2683,17395,0,19.507617131359588,105.79214576701634,mean,geometric_mean,odvg_phrase_grounding,3.5,2.0,4.0,iou,0.25,0.25,2.0,True,False,False,True,True,0.1,0.25,0.05,0.25,128,5,True,True,0.05,10,0.3,10,0.0,0.5,1.0,10,True,5,12,0.0,0.1,3,odvg_appended_phrase,4.0,0.25,20,0.5,0.5,1.0,2.0,True,False
epoch,1784748698.2004874,107,633.4236419480294,7.272480193139446e-05,7.272480193139446e-05,7.272480193139446e-05,7.272480193139447e-06,7.272480193139446e-05,1.5635228157043457,12286,0.9630533456802368,1.2009388208389282,0.6004694104194641,0.008106845431029797,0.37118130922317505,0.03084615431725979,0.02245512790977955,0.0898205116391182,0.03487887978553772,0.03487887978553772,0.0898205116391182,0.02245512790977955,,,,,,,,,,,,,,,,,,,0.2942444682121277,0.14826101064682007,0.0573180942687823,0.6594614834734657,19373,318618,29377,337991,0.5,0.1845321169622494,0.4670660720972189,0.6050992272866528,0.5,0.21983184123634136,0.4961364332641182,0.5940701909657214,0.5,0.2190829560540559,0.4992000544643769,0.6063246757667563,0.2190829560540559,0.4992000544643769,0.6063246757667563,29377,17395,17395,1739500,100.0,100.0,0.6054116487503052,0.6743135452270508,0.44669732451438904,0.8120597004890442,0.8591415286064148,0.7074241638183594,0.3687238395214081,0.047962680344893704,0.9322009583528889,17395,2683,17395,0,19.430353549870652,102.95531145692803,mean,geometric_mean,odvg_phrase_grounding,3.5,2.0,4.0,iou,0.25,0.25,2.0,True,False,False,True,True,0.1,0.25,0.05,0.25,128,5,True,True,0.05,10,0.3,10,0.0,0.5,1.0,10,True,5,12,0.0,0.1,3,odvg_appended_phrase,4.0,0.25,20,0.5,0.5,1.0,2.0,True,False
epoch,1784749348.9747612,108,635.6302986158989,7.227362460602375e-05,7.227362460602375e-05,7.227362460602375e-05,7.227362460602375e-06,7.227362460602375e-05,1.5629571676254272,12286,0.9611638784408569,1.2035877704620361,0.6017938852310181,0.008203231729567051,0.3723888695240021,0.029996292665600777,0.02234332077205181,0.08937328308820724,0.03446115925908089,0.03446115925908089,0.08937328308820724,0.02234332077205181,,,,,,,,,,,,,,,,,,,0.29389140009880066,0.1490677297115326,0.05733006703417469,0.6588147189978555,19354,318235,29377,337589,0.5,0.18449807672669094,0.46727031351056947,0.6052353882288866,0.5,0.22054668618306839,0.49783844504203967,0.5943425128501889,0.5,0.21945739864519861,0.4996425775266365,0.6065289171801069,0.21945739864519861,0.4996425775266365,0.6065289171801069,29377,17395,17395,1739500,100.0,100.0,0.6059685945510864,0.6766331791877747,0.4447459876537323,0.8138574957847595,0.8602988719940186,0.7061306238174438,0.3703577518463135,0.04731590481958836,0.9329927024495953,17395,2683,17395,0,19.407243460764587,111.36469030193985,mean,geometric_mean,odvg_phrase_grounding,3.5,2.0,4.0,iou,0.25,0.25,2.0,True,False,False,True,True,0.1,0.25,0.05,0.25,128,5,True,True,0.05,10,0.3,10,0.0,0.5,1.0,10,True,5,12,0.0,0.1,3,odvg_appended_phrase,4.0,0.25,20,0.5,0.5,1.0,2.0,True,False
epoch,1784750000.2763667,109,637.0613917310257,7.182027887988652e-05,7.182027887988652e-05,7.182027887988652e-05,7.182027887988653e-06,7.182027887988652e-05,1.5523148775100708,12286,0.9559375643730164,1.1927565336227417,0.5963782668113708,0.008028006181120872,0.36868932843208313,0.0305401049554348,0.02234097756445408,0.08936391025781631,0.034772224724292755,0.034772224724292755,0.08936391025781631,0.02234097756445408,,,,,,,,,,,,,,,,,,,0.2942802309989929,0.14914904534816742,0.05789649794752598,0.6596657248868162,19379,315339,29377,334718,0.5,0.18504272049562584,0.46495557749259625,0.605745991762263,0.5,0.2215678932498213,0.49382169724614494,0.5951594785035913,0.5,0.21993396194301665,0.49882561187323415,0.6073458828335092,0.21993396194301665,0.49882561187323415,0.6073458828335092,29377,17395,17395,1739500,100.0,100.0,0.6055682301521301,0.6747449636459351,0.44500845670700073,0.8119001984596252,0.8587329983711243,0.7067433595657349,0.369915246963501,0.04707763467891868,0.9333879348964156,17395,2683,17395,0,19.242196033342914,107.54850861988962,mean,geometric_mean,odvg_phrase_grounding,3.5,2.0,4.0,iou,0.25,0.25,2.0,True,False,False,True,True,0.1,0.25,0.05,0.25,128,5,True,True,0.05,10,0.3,10,0.0,0.5,1.0,10,True,5,12,0.0,0.1,3,odvg_appended_phrase,4.0,0.25,20,0.5,0.5,1.0,2.0,True,False
epoch,1784750648.3457484,110,633.3691614209674,7.136481446745035e-05,7.136481446745035e-05,7.136481446745035e-05,7.136481446745036e-06,7.136481446745035e-05,1.5475744009017944,12286,0.9521996974945068,1.1907482147216797,0.5953741073608398,0.008012080565094948,0.36828112602233887,0.030007563531398773,0.02234838157892227,0.08939352631568909,0.034356169402599335,0.034356169402599335,0.08939352631568909,0.02234838157892227,1.264400839805603,0.014320524409413338,0.47536078095436096,0.04492373764514923,0.044172368943691254,0.044172368943691254,,,0.10742096602916718,0.026855241507291794,0.0,0.0,0,0.45,True,True,1.0,2.0,1.0,2.0,0.2957919239997864,0.15037430822849274,0.05775700378099973,0.6603805698335432,19400,316490,29377,335890,0.5,0.1855873642645607,0.46692991115498517,0.6070735609490417,0.5,0.2230656636143922,0.49879157163767573,0.5970657316948633,0.5,0.2222486979609899,0.5015488307179086,0.6087074922558464,0.2222486979609899,0.5015488307179086,0.6087074922558464,29377,17395,17395,1739500,100.0,100.0,0.6075677871704102,0.6777004599571228,0.4474603831768036,0.8150643706321716,0.859243631362915,0.7074241638183594,0.37781256437301636,0.04704359398481617,0.9335001596059486,17395,2683,17395,0,19.309571716010346,119.25383717822842,mean,geometric_mean,odvg_phrase_grounding,3.5,2.0,4.0,iou,0.25,0.25,2.0,True,False,False,True,True,0.1,0.25,0.05,0.25,128,5,True,True,0.05,10,0.3,10,0.0,0.5,1.0,10,True,5,12,0.0,0.1,3,odvg_appended_phrase,4.0,0.25,20,0.5,0.5,1.0,2.0,True,False
epoch,1784751279.6629505,111,617.3869977770373,7.090728131552069e-05,7.090728131552069e-05,7.090728131552069e-05,7.090728131552069e-06,7.090728131552069e-05,1.5467013120651245,12286,0.9511174559593201,1.1911729574203491,0.5955864787101746,0.007858115248382092,0.3660775125026703,0.030748335644602776,0.022273963317275047,0.08909585326910019,0.03487392142415047,0.03487392142415047,0.08909585326910019,0.022273963317275047,,,,,,,,,,,,,,,,,,,0.29562908411026,0.15045210719108582,0.05761706574205461,0.6606869319535691,19409,317453,29377,336862,0.5,0.18548524355788543,0.46934676787963375,0.6065629574156653,0.5,0.2215678932498213,0.5015488307179086,0.5989039044150185,0.5,0.2207849678319774,0.5049188140381932,0.6082649691935869,0.2207849678319774,0.5049188140381932,0.6082649691935869,29377,17395,17395,1739500,100.0,100.0,0.6110121011734009,0.6810165047645569,0.45603063702583313,0.815351665019989,0.8634645938873291,0.7131429314613342,0.37869763374328613,0.05245599950776514,0.9264439186121145,17395,2683,17395,0,19.365449841908596,106.65902965003625,mean,geometric_mean,odvg_phrase_grounding,3.5,2.0,4.0,iou,0.25,0.25,2.0,True,False,False,True,True,0.1,0.25,0.05,0.25,128,5,True,True,0.05,10,0.3,10,0.0,0.5,1.0,10,True,5,12,0.0,0.1,3,odvg_appended_phrase,4.0,0.25,20,0.5,0.5,1.0,2.0,True,False
epoch,1784751909.5841238,112,614.9267310448922,7.044772959776356e-05,7.044772959776356e-05,7.044772959776356e-05,7.044772959776357e-06,7.044772959776356e-05,1.5424898862838745,12286,0.9474238753318787,1.1901278495788574,0.5950639247894287,0.007827335968613625,0.36434033513069153,0.030748294666409492,0.022267820313572884,0.08907128125429153,0.034794531762599945,0.034794531762599945,0.08907128125429153,0.022267820313572884,,,,,,,,,,,,,,,,,,,0.2956245243549347,0.1502613127231598,0.05752432945644434,0.6599720870068421,19388,317652,29377,337040,0.5,0.18449807672669094,0.4671001123327773,0.6054736698777956,0.5,0.2254144398679239,0.4980767266909487,0.5970316914593049,0.5,0.22047860571195152,0.502059434251285,0.6075160840113013,0.22047860571195152,0.502059434251285,0.6075160840113013,29377,17395,17395,1739500,100.0,100.0,0.6115594506263733,0.6803657412528992,0.4552861154079437,0.8162548542022705,0.8637709617614746,0.7134492993354797,0.3798549771308899,0.05347721232863767,0.9250441308465124,17395,2683,17395,0,19.37568266743317,100.43724325112998,mean,geometric_mean,odvg_phrase_grounding,3.5,2.0,4.0,iou,0.25,0.25,2.0,True,False,False,True,True,0.1,0.25,0.05,0.25,128,5,True,True,0.05,10,0.3,10,0.0,0.5,1.0,10,True,5,12,0.0,0.1,3,odvg_appended_phrase,4.0,0.25,20,0.5,0.5,1.0,2.0,True,False
epoch,1784752524.2636511,113,608.1502208269667,6.998620970920352e-05,6.998620970920352e-05,6.998620970920352e-05,6.998620970920353e-06,6.998620970920352e-05,1.54604172706604,12286,0.9490621089935303,1.1939629316329956,0.5969814658164978,0.007920329459011555,0.36444491147994995,0.031118765473365784,0.022194834426045418,0.08877933770418167,0.03461955860257149,0.03461955860257149,0.08877933770418167,0.022194834426045418,,,,,,,,,,,,,,,,,,,0.2956734001636505,0.14966781437397003,0.05793486290942481,0.6593593627667903,19370,314971,29377,334341,0.5,0.1845661571978078,0.47019777376859445,0.6087415324914048,0.5,0.22333798549885966,0.5009361064778568,0.5976444156993567,0.5,0.22047860571195152,0.5042380093270246,0.61057970521156,0.22047860571195152,0.5042380093270246,0.61057970521156,29377,17395,17395,1739500,100.0,100.0,0.6113613247871399,0.6774161458015442,0.45676374435424805,0.8165494203567505,0.8644858002662659,0.7132109999656677,0.3787316679954529,0.05385163719887742,0.9244941017434256,17395,2683,17395,0,19.220523138833,101.98752181581222,mean,geometric_mean,odvg_phrase_grounding,3.5,2.0,4.0,iou,0.25,0.25,2.0,True,False,False,True,True,0.1,0.25,0.05,0.25,128,5,True,True,0.05,10,0.3,10,0.0,0.5,1.0,10,True,5,12,0.0,0.1,3,odvg_appended_phrase,4.0,0.25,20,0.5,0.5,1.0,2.0,True,False
epoch,1784753139.7648456,114,608.223732105922,6.952277226069719e-05,6.952277226069719e-05,6.952277226069719e-05,6.95227722606972e-06,6.952277226069719e-05,1.5367987155914307,12286,0.9433185458183289,1.1869630813598633,0.5934815406799316,0.007757353596389294,0.36075830459594727,0.03152817115187645,0.02222508005797863,0.08890032023191452,0.03488073870539665,0.03488073870539665,0.08890032023191452,0.02222508005797863,,,,,,,,,,,,,,,,,,,0.29744741320610046,0.14900310337543488,0.05776875783441772,0.6588827994689723,19356,315704,29377,335060,0.5,0.18579160567791128,0.46733839398168636,0.6059161929400552,0.5,0.22289546243660005,0.5013105490689995,0.5991421860639276,0.5,0.2222486979609899,0.5034891241447391,0.6081288082513531,0.2222486979609899,0.5034891241447391,0.6081288082513531,29377,17395,17395,1739500,100.0,100.0,0.6103819608688354,0.6789160966873169,0.4534454047679901,0.8165686130523682,0.8620689511299133,0.7136875987052917,0.38063791394233704,0.054804799236319424,0.9232089792007856,17395,2683,17395,0,19.261856855418223,100.60550972889178,mean,geometric_mean,odvg_phrase_grounding,3.5,2.0,4.0,iou,0.25,0.25,2.0,True,False,False,True,True,0.1,0.25,0.05,0.25,128,5,True,True,0.05,10,0.3,10,0.0,0.5,1.0,10,True,5,12,0.0,0.1,3,odvg_appended_phrase,4.0,0.25,20,0.5,0.5,1.0,2.0,True,False
epoch,1784753775.7664013,115,628.8010134040378,6.905746807338328e-05,6.905746807338328e-05,6.905746807338328e-05,6.905746807338327e-06,6.905746807338328e-05,1.5355932712554932,12286,0.944409966468811,1.1823629140853882,0.5911814570426941,0.007846003398299217,0.3622927963733673,0.03130418807268143,0.021819205954670906,0.08727682381868362,0.03449047729372978,0.03449047729372978,0.08727682381868362,0.021819205954670906,1.2711515426635742,0.014464082196354866,0.4768398106098175,0.045647263526916504,0.04456203058362007,0.04456203058362007,,,0.10830022394657135,0.027075055986642838,0.0,0.0,0,0.45,True,True,1.0,2.0,1.0,2.0,0.29840466380119324,0.15099167823791504,0.05791019348074724,0.6618442999625558,19443,316301,29377,335744,0.5,0.18514484120230112,0.4684276815195561,0.6057119515267045,0.5,0.22449535350784627,0.5003574224733636,0.5980869387616162,0.5,0.221942335840964,0.5030806413180379,0.6074480035401845,0.221942335840964,0.5030806413180379,0.6074480035401845,29377,17395,17395,1739500,100.0,100.0,0.6132876873016357,0.6831016540527344,0.456875741481781,0.8177720308303833,0.8655410408973694,0.7159682512283325,0.3848589062690735,0.05412395126577674,0.9244045372501918,17395,2683,17395,0,19.30117849956884,119.0619005060289,mean,geometric_mean,odvg_phrase_grounding,3.5,2.0,4.0,iou,0.25,0.25,2.0,True,False,False,True,True,0.1,0.25,0.05,0.25,128,5,True,True,0.05,10,0.3,10,0.0,0.5,1.0,10,True,5,12,0.0,0.1,3,odvg_appended_phrase,4.0,0.25,20,0.5,0.5,1.0,2.0,True,False
epoch,1784754396.9123886,116,607.4406062287744,6.85903481731094e-05,6.85903481731094e-05,6.85903481731094e-05,6.859034817310939e-06,6.85903481731094e-05,1.532766342163086,12286,0.935866117477417,1.1937955617904663,0.5968977808952332,0.007609033025801182,0.35456860065460205,0.032576557248830795,0.02200109139084816,0.08800436556339264,0.03548737242817879,0.03548737242817879,0.08800436556339264,0.02200109139084816,,,,,,,,,,,,,,,,,,,0.29676586389541626,0.1502445638179779,0.0579945702650568,0.6631718691493345,19482,316446,29377,335928,0.5,0.1853490826156517,0.46866596316846515,0.6065629574156653,0.5,0.22105728971644484,0.49926813493549377,0.5976784559349151,0.5,0.22245293937434046,0.5032508424958301,0.6083670899002621,0.22245293937434046,0.5032508424958301,0.6083670899002621,29377,17395,17395,1739500,100.0,100.0,0.6156904101371765,0.6840205788612366,0.46509847044944763,0.817021906375885,0.8694556951522827,0.7216189503669739,0.38125064969062805,0.05844708121763942,0.9190056175937222,17395,2683,17395,0,19.311756251796492,101.72539768996648,mean,geometric_mean,odvg_phrase_grounding,3.5,2.0,4.0,iou,0.25,0.25,2.0,True,False,False,True,True,0.1,0.25,0.05,0.25,128,5,True,True,0.05,10,0.3,10,0.0,0.5,1.0,10,True,5,12,0.0,0.1,3,odvg_appended_phrase,4.0,0.25,20,0.5,0.5,1.0,2.0,True,False
epoch,1784755010.441879,117,606.1386709108483,6.812146378483658e-05,6.812146378483658e-05,6.812146378483658e-05,6.812146378483659e-06,6.812146378483658e-05,1.5158751010894775,12286,0.926452100276947,1.1788474321365356,0.5894237160682678,0.007457872852683067,0.35240766406059265,0.03180587291717529,0.02149539813399315,0.0859815925359726,0.03497817739844322,0.03497817739844322,0.0859815925359726,0.02149539813399315,,,,,,,,,,,,,,,,,,,0.2979571223258972,0.15014362335205078,0.05852559653447574,0.6659291282295674,19563,314701,29377,334264,0.5,0.18541716308676856,0.47053817612417875,0.608911733669197,0.5,0.22207849678319774,0.5012765088334411,0.5970997719304217,0.5,0.22173809442761344,0.5074718317050754,0.6111583892160534,0.22173809442761344,0.5074718317050754,0.6111583892160534,29377,17395,17395,1739500,100.0,100.0,0.6144313812255859,0.6824960112571716,0.4637245237827301,0.8160858750343323,0.8678557872772217,0.7206658124923706,0.38162508606910706,0.054736684262803204,0.9240470640982672,17395,2683,17395,0,19.21609657947686,99.99229774880223,mean,geometric_mean,odvg_phrase_grounding,3.5,2.0,4.0,iou,0.25,0.25,2.0,True,False,False,True,True,0.1,0.25,0.05,0.25,128,5,True,True,0.05,10,0.3,10,0.0,0.5,1.0,10,True,5,12,0.0,0.1,3,odvg_appended_phrase,4.0,0.25,20,0.5,0.5,1.0,2.0,True,False
epoch,1784755631.5835955,118,613.336004354991,6.765086632702188e-05,6.765086632702188e-05,6.765086632702188e-05,6.765086632702189e-06,6.765086632702188e-05,1.5159164667129517,12286,0.9270203113555908,1.1777945756912231,0.5888972878456116,0.007665624376386404,0.35738423466682434,0.029890742152929306,0.021483400836586952,0.08593360334634781,0.03397729620337486,0.03397729620337486,0.08593360334634781,0.021483400836586952,,,,,,,,,,,,,,,,,,,0.3015478849411011,0.15195508301258087,0.05910179749111512,0.6668482145896449,19590,311872,29377,331462,0.5,0.18538312285121014,0.4734315961466453,0.6115668720427545,0.5,0.22252101984545733,0.5027402389624536,0.5995506688906287,0.5,0.22184021513428873,0.5086632399496205,0.6136433264118187,0.22184021513428873,0.5086632399496205,0.6136433264118187,29377,17395,17395,1739500,100.0,100.0,0.6131635904312134,0.6829949617385864,0.4625069797039032,0.8184253573417664,0.8648262023925781,0.7184872627258301,0.3830207288265228,0.05163904813618514,0.928128095214556,17395,2683,17395,0,19.055015809140556,101.5121084251441,mean,geometric_mean,odvg_phrase_grounding,3.5,2.0,4.0,iou,0.25,0.25,2.0,True,False,False,True,True,0.1,0.25,0.05,0.25,128,5,True,True,0.05,10,0.3,10,0.0,0.5,1.0,10,True,5,12,0.0,0.1,3,odvg_appended_phrase,4.0,0.25,20,0.5,0.5,1.0,2.0,True,False
epoch,1784756252.7296245,119,606.3534036788624,6.717860740597969e-05,6.717860740597969e-05,6.717860740597969e-05,6.71786074059797e-06,6.717860740597969e-05,1.5131853818893433,12286,0.9215916395187378,1.1831848621368408,0.5915924310684204,0.007470831274986267,0.3530479371547699,0.030606746673583984,0.021448535844683647,0.08579414337873459,0.03439551591873169,0.03439551591873169,0.08579414337873459,0.021448535844683647,,,,,,,,,,,,,,,,,,,0.300788938999176,0.15203377604484558,0.05815435590513574,0.6631718691493345,19482,315523,29377,335005,0.5,0.1853490826156517,0.4705722163597372,0.6111583892160534,0.5,0.22401879021002824,0.5016849916601422,0.598937944650577,0.5,0.22337202573441808,0.5076079926473092,0.6126901998161828,0.22337202573441808,0.5076079926473092,0.6126901998161828,29377,17395,17395,1739500,100.0,100.0,0.6125349402427673,0.6813985109329224,0.4562798738479614,0.8185043931007385,0.8625455498695374,0.7142322063446045,0.3834291994571686,0.051060337195270034,0.9285101725437535,17395,2683,17395,0,19.258695027306697,100.41305501805618,mean,geometric_mean,odvg_phrase_grounding,3.5,2.0,4.0,iou,0.25,0.25,2.0,True,False,False,True,True,0.1,0.25,0.05,0.25,128,5,True,True,0.05,10,0.3,10,0.0,0.5,1.0,10,True,5,12,0.0,0.1,3,odvg_appended_phrase,4.0,0.25,20,0.5,0.5,1.0,2.0,True,False
epoch,1784756893.5830364,120,626.7137901540846,6.670473881022253e-05,6.670473881022253e-05,6.670473881022253e-05,6.670473881022254e-06,6.670473881022253e-05,1.5075020790100098,12286,0.9193904399871826,1.176222562789917,0.5881112813949585,0.0073829214088618755,0.35021889209747314,0.03132341057062149,0.02147446945309639,0.08589787781238556,0.03476269543170929,0.03476269543170929,0.08589787781238556,0.02147446945309639,1.2789850234985352,0.014281322248280048,0.47246071696281433,0.04958207160234451,0.04504347965121269,0.04504347965121269,,,0.10920900851488113,0.027302252128720284,0.0,0.0,0,0.45,True,True,1.0,2.0,1.0,2.0,0.30063891410827637,0.1517387479543686,0.057880504955461695,0.6637845933893862,19500,317401,29377,336901,0.5,0.18728937604248222,0.4727167511999183,0.6109541478027027,0.5,0.2234060659699765,0.5027402389624536,0.600129352895122,0.5,0.22568676175239133,0.5092759641896722,0.6134390849984682,0.22568676175239133,0.5092759641896722,0.6134390849984682,29377,17395,17395,1739500,100.0,100.0,0.6126493811607361,0.6826260089874268,0.4591667652130127,0.818159818649292,0.8646900653839111,0.716649055480957,0.3814548850059509,0.05286446209157081,0.9262338215793887,17395,2683,17395,0,19.367691865478587,118.87058910611086,mean,geometric_mean,odvg_phrase_grounding,3.5,2.0,4.0,iou,0.25,0.25,2.0,True,False,False,True,True,0.1,0.25,0.05,0.25,128,5,True,True,0.05,10,0.3,10,0.0,0.5,1.0,10,True,5,12,0.0,0.1,3,odvg_appended_phrase,4.0,0.25,20,0.5,0.5,1.0,2.0,True,False
epoch,1784757508.5393856,121,606.6196532789618,6.622931250478199e-05,6.622931250478199e-05,6.622931250478199e-05,6.622931250478199e-06,6.622931250478199e-05,1.5079976320266724,12286,0.9187554717063904,1.1784822940826416,0.5892411470413208,0.0074040391482412815,0.3492923378944397,0.031774185597896576,0.021275890991091728,0.08510356396436691,0.03470475971698761,0.03470475971698761,0.08510356396436691,0.021275890991091728,,,,,,,,,,,,,,,,,,,0.301286518573761,0.15140941739082336,0.05815390970399217,0.6613336964291793,19428,314651,29377,334079,0.5,0.18606392756237874,0.4697552507063349,0.60993294073595,0.5,0.224869796098989,0.503012560846921,0.5992783470061612,0.5,0.22320182455662593,0.5071314293494911,0.6110222282738197,0.22320182455662593,0.5071314293494911,0.6110222282738197,29377,17395,17395,1739500,100.0,100.0,0.6137281060218811,0.6825255751609802,0.4586789011955261,0.8190758228302002,0.8675835132598877,0.7172958254814148,0.38400790095329285,0.05596212905223552,0.9219818001663729,17395,2683,17395,0,19.205461339465362,100.399560384918,mean,geometric_mean,odvg_phrase_grounding,3.5,2.0,4.0,iou,0.25,0.25,2.0,True,False,False,True,True,0.1,0.25,0.05,0.25,128,5,True,True,0.05,10,0.3,10,0.0,0.5,1.0,10,True,5,12,0.0,0.1,3,odvg_appended_phrase,4.0,0.25,20,0.5,0.5,1.0,2.0,True,False
epoch,1784758123.107795,122,607.0241820199881,6.575238062551001e-05,6.575238062551001e-05,6.575238062551001e-05,6.575238062551002e-06,6.575238062551001e-05,1.50077486038208,12286,0.9165027737617493,1.1685433387756348,0.5842716693878174,0.007450404576957226,0.351050466299057,0.030563276261091232,0.021338768303394318,0.08535507321357727,0.03412267938256264,0.03412267938256264,0.08535507321357727,0.021338768303394318,,,,,,,,,,,,,,,,,,,0.3046235740184784,0.1531272679567337,0.05876664233949321,0.6660652891718011,19567,313394,29377,332961,0.5,0.18722129557136535,0.4730571535555026,0.6131667631140008,0.5,0.22595908363685877,0.5064846648738809,0.602103686557511,0.5,0.22415495115226197,0.510365251727542,0.6149368553630391,0.22415495115226197,0.510365251727542,0.6149368553630391,29377,17395,17395,1739500,100.0,100.0,0.6124262809753418,0.682332456111908,0.45552340149879456,0.8176900148391724,0.8656772375106812,0.7193382382392883,0.38182932138442993,0.05327294906748725,0.925941724997294,17395,2683,17395,0,19.14118999712561,100.15439346781932,mean,geometric_mean,odvg_phrase_grounding,3.5,2.0,4.0,iou,0.25,0.25,2.0,True,False,False,True,True,0.1,0.25,0.05,0.25,128,5,True,True,0.05,10,0.3,10,0.0,0.5,1.0,10,True,5,12,0.0,0.1,3,odvg_appended_phrase,4.0,0.25,20,0.5,0.5,1.0,2.0,True,False
epoch,1784758745.018989,123,608.9294801498763,6.527399547336168e-05,6.527399547336168e-05,6.527399547336168e-05,6.5273995473361684e-06,6.527399547336168e-05,1.4934852123260498,12286,0.9086477160453796,1.1696760654449463,0.5848380327224731,0.007318656425923109,0.3461846113204956,0.03100084885954857,0.02113664150238037,0.08454656600952148,0.03439997136592865,0.03439997136592865,0.08454656600952148,0.02113664150238037,,,,,,,,,,,,,,,,,,,0.3035406470298767,0.15264162421226501,0.05952344789458016,0.6670184157674371,19595,309603,29377,329198,0.5,0.1877318991047418,0.47353371685332063,0.6133029240562344,0.5,0.22718453211696224,0.5077101133539844,0.6032610545664976,0.5,0.22561868128127446,0.510297171256425,0.6146985737141301,0.22561868128127446,0.510297171256425,0.6146985737141301,29377,17395,17395,1739500,100.0,100.0,0.6125457882881165,0.682135820388794,0.45941221714019775,0.8155192136764526,0.8657112717628479,0.7171937227249146,0.3832249641418457,0.050175306957477406,0.9300393947023954,17395,2683,17395,0,18.924863466513365,101.5662235871423,mean,geometric_mean,odvg_phrase_grounding,3.5,2.0,4.0,iou,0.25,0.25,2.0,True,False,False,True,True,0.1,0.25,0.05,0.25,128,5,True,True,0.05,10,0.3,10,0.0,0.5,1.0,10,True,5,12,0.0,0.1,3,odvg_appended_phrase,4.0,0.25,20,0.5,0.5,1.0,2.0,True,False
epoch,1784759363.7936413,124,610.5914181009866,6.479420950865987e-05,6.479420950865987e-05,6.479420950865987e-05,6.479420950865988e-06,6.479420950865987e-05,1.4855877161026,12286,0.9054881930351257,1.160196304321289,0.5800981521606445,0.0073012178763747215,0.34768351912498474,0.029858000576496124,0.020852379500865936,0.08340951800346375,0.03393562510609627,0.03393562510609627,0.08340951800346375,0.020852379500865936,,,,,,,,,,,,,,,,,,,0.3042256534099579,0.15321767330169678,0.05961714708506252,0.6665078122340606,19580,308849,29377,328429,0.5,0.18654049086019675,0.4727848316710352,0.6144262518296627,0.5,0.22762705517922183,0.5093780848963475,0.6049971065799775,0.5,0.2239507097389114,0.51084181502536,0.6159240221942336,0.2239507097389114,0.51084181502536,0.6159240221942336,29377,17395,17395,1739500,100.0,100.0,0.6108213663101196,0.6798444986343384,0.4547972083091736,0.8149403929710388,0.8656772375106812,0.7153214812278748,0.3750893473625183,0.04881366899381412,0.9317598167050377,17395,2683,17395,0,18.880655360735844,104.65195260406472,mean,geometric_mean,odvg_phrase_grounding,3.5,2.0,4.0,iou,0.25,0.25,2.0,True,False,False,True,True,0.1,0.25,0.05,0.25,128,5,True,True,0.05,10,0.3,10,0.0,0.5,1.0,10,True,5,12,0.0,0.1,3,odvg_appended_phrase,4.0,0.25,20,0.5,0.5,1.0,2.0,True,False
epoch,1784760012.0254169,125,633.2661759289913,6.431307534534228e-05,6.431307534534228e-05,6.431307534534228e-05,6.431307534534228e-06,6.431307534534228e-05,1.4909553527832031,12286,0.9067995548248291,1.168314814567566,0.584157407283783,0.007347837556153536,0.34754678606987,0.030215231701731682,0.021275753155350685,0.08510301262140274,0.03363567590713501,0.03363567590713501,0.08510301262140274,0.021275753155350685,1.2873263359069824,0.014770766720175743,0.47679752111434937,0.04983105883002281,0.04389848932623863,0.04389848932623863,,,0.10545865446329117,0.026364663615822792,0.0,0.0,0,0.45,True,True,1.0,2.0,1.0,2.0,0.3027001619338989,0.15282775461673737,0.06037615733587154,0.6650440821050482,19537,304051,29377,323588,0.5,0.185689484971236,0.47261463049324304,0.6122817169894815,0.5,0.2254484801034823,0.508152636416244,0.6056779112911461,0.5,0.22350818667665182,0.5104333321986588,0.6141198897096368,0.22350818667665182,0.5104333321986588,0.6141198897096368,29377,17395,17395,1739500,100.0,100.0,0.6110261678695679,0.6808174252510071,0.45672687888145447,0.8132035136222839,0.8647921681404114,0.716751217842102,0.37631481885910034,0.05170713573705388,0.9278590193502192,17395,2683,17395,0,18.602356999137683,118.80434502102435,mean,geometric_mean,odvg_phrase_grounding,3.5,2.0,4.0,iou,0.25,0.25,2.0,True,False,False,True,True,0.1,0.25,0.05,0.25,128,5,True,True,0.05,10,0.3,10,0.0,0.5,1.0,10,True,5,12,0.0,0.1,3,odvg_appended_phrase,4.0,0.25,20,0.5,0.5,1.0,2.0,True,False
epoch,1784760626.9424329,126,607.358068277128,6.38306457451918e-05,6.38306457451918e-05,6.38306457451918e-05,6.383064574519181e-06,6.38306457451918e-05,1.4786903858184814,12286,0.9009758830070496,1.1554242372512817,0.5777121186256409,0.007279590237885714,0.3457442820072174,0.029890496283769608,0.021032189950346947,0.08412875980138779,0.03345315158367157,0.03345315158367157,0.08412875980138779,0.021032189950346947,,,,,,,,,,,,,,,,,,,0.3026048541069031,0.15257859230041504,0.06012140194896679,0.6638526738605031,19502,304875,29377,324377,0.5,0.1853490826156517,0.47084453824420464,0.6110222282738197,0.5,0.22422303162337884,0.5086632399496205,0.605269428464445,0.5,0.22401879021002824,0.5097184872519318,0.6129625217006501,0.22401879021002824,0.5097184872519318,0.6129625217006501,29377,17395,17395,1739500,100.0,100.0,0.6093403697013855,0.6798743605613708,0.4522962272167206,0.8131532073020935,0.8640432953834534,0.712189793586731,0.3742043077945709,0.048337119726227895,0.9321288789006755,17395,2683,17395,0,18.647714860592124,99.87727525201626,mean,geometric_mean,odvg_phrase_grounding,3.5,2.0,4.0,iou,0.25,0.25,2.0,True,False,False,True,True,0.1,0.25,0.05,0.25,128,5,True,True,0.05,10,0.3,10,0.0,0.5,1.0,10,True,5,12,0.0,0.1,3,odvg_appended_phrase,4.0,0.25,20,0.5,0.5,1.0,2.0,True,False
epoch,1784761242.9988759,127,608.2473403990734,6.33469736120506e-05,6.33469736120506e-05,6.33469736120506e-05,6.33469736120506e-06,6.33469736120506e-05,1.4728509187698364,12286,0.8969473242759705,1.1518069505691528,0.5759034752845764,0.007244959473609924,0.3436657190322876,0.02993765100836754,0.020737269893288612,0.08294907957315445,0.03357026353478432,0.03357026353478432,0.08294907957315445,0.020737269893288612,,,,,,,,,,,,,,,,,,,0.30524522066116333,0.1525072306394577,0.0600765931372549,0.6674949790652551,19609,306791,29377,326400,0.5,0.18691493345133947,0.4737719985022296,0.6126901998161828,0.5,0.22742281376587126,0.51084181502536,0.6053375089355618,0.5,0.22388262926779454,0.5120672635054635,0.6141539299451952,0.22388262926779454,0.5120672635054635,0.6141539299451952,29377,17395,17395,1739500,100.0,100.0,0.6102152466773987,0.6788086295127869,0.4584037959575653,0.8116464614868164,0.8640092611312866,0.716138482093811,0.37451067566871643,0.04864350302855591,0.9320752839781289,17395,2683,17395,0,18.764012647312445,101.62670787703246,mean,geometric_mean,odvg_phrase_grounding,3.5,2.0,4.0,iou,0.25,0.25,2.0,True,False,False,True,True,0.1,0.25,0.05,0.25,128,5,True,True,0.05,10,0.3,10,0.0,0.5,1.0,10,True,5,12,0.0,0.1,3,odvg_appended_phrase,4.0,0.25,20,0.5,0.5,1.0,2.0,True,False
epoch,1784761857.2161717,128,606.7009260519408,6.286211198601856e-05,6.286211198601856e-05,6.286211198601856e-05,6.286211198601856e-06,6.286211198601856e-05,1.4729148149490356,12286,0.8961174488067627,1.1535968780517578,0.5767984390258789,0.0072427489794790745,0.34523463249206543,0.029278887435793877,0.020691771060228348,0.08276708424091339,0.03309116140007973,0.03309116140007973,0.08276708424091339,0.020691771060228348,,,,,,,,,,,,,,,,,,,0.3055287003517151,0.1532277762889862,0.06060606060606061,0.6666439731762944,19584,303552,29377,323136,0.5,0.18657453109575517,0.4752016883956837,0.61405180923852,0.5,0.22694625046805325,0.5093780848963475,0.607958607073561,0.5,0.22572080198794975,0.5133267522211253,0.6168431085543112,0.22572080198794975,0.5133267522211253,0.6168431085543112,29377,17395,17395,1739500,100.0,100.0,0.6103692054748535,0.6789268255233765,0.45664075016975403,0.8129640221595764,0.8638049960136414,0.7151172757148743,0.37519147992134094,0.04847330253857984,0.9322162892930771,17395,2683,17395,0,18.57637252083932,101.1929989818018,mean,geometric_mean,odvg_phrase_grounding,3.5,2.0,4.0,iou,0.25,0.25,2.0,True,False,False,True,True,0.1,0.25,0.05,0.25,128,5,True,True,0.05,10,0.3,10,0.0,0.5,1.0,10,True,5,12,0.0,0.1,3,odvg_appended_phrase,4.0,0.25,20,0.5,0.5,1.0,2.0,True,False
epoch,1784762480.4229548,129,607.1096405889839,6.237611403763685e-05,6.237611403763685e-05,6.237611403763685e-05,6.237611403763685e-06,6.237611403763685e-05,1.4661345481872559,12286,0.8893670439720154,1.153533697128296,0.576766848564148,0.007196247112005949,0.34292373061180115,0.028948863968253136,0.020470144227147102,0.08188057690858841,0.03291034325957298,0.03291034325957298,0.08188057690858841,0.020470144227147102,,,,,,,,,,,,,,,,,,,0.30422985553741455,0.1539640873670578,0.060181119564179125,0.6648398406916975,19531,305006,29377,324537,0.5,0.18579160567791128,0.47366987779555436,0.6135071654695851,0.5,0.2257548422235082,0.5133607924566838,0.6087074922558464,0.5,0.22534635939680703,0.5120332232699051,0.6152091772475066,0.22534635939680703,0.5120332232699051,0.6152091772475066,29377,17395,17395,1739500,100.0,100.0,0.6123948097229004,0.683313250541687,0.45729827880859375,0.8150072693824768,0.8658133745193481,0.7163426876068115,0.37869763374328613,0.051502846915113976,0.9281030604400012,17395,2683,17395,0,18.656912906007474,99.57882800581865,mean,geometric_mean,odvg_phrase_grounding,3.5,2.0,4.0,iou,0.25,0.25,2.0,True,False,False,True,True,0.1,0.25,0.05,0.25,128,5,True,True,0.05,10,0.3,10,0.0,0.5,1.0,10,True,5,12,0.0,0.1,3,odvg_appended_phrase,4.0,0.25,20,0.5,0.5,1.0,2.0,True,False
epoch,1784763122.6049533,130,626.6806227830239,6.188903306205722e-05,6.188903306205722e-05,6.188903306205722e-05,6.188903306205722e-06,6.188903306205722e-05,1.4631778001785278,12286,0.8884689807891846,1.149419903755188,0.574709951877594,0.007114713545888662,0.3407154381275177,0.02962883934378624,0.020417794585227966,0.08167117834091187,0.033407993614673615,0.033407993614673615,0.08167117834091187,0.020417794585227966,1.2959012985229492,0.014825048856437206,0.47995904088020325,0.05016624927520752,0.04404960200190544,0.04404960200190544,,,0.10785114020109177,0.02696278505027294,0.0,0.0,0,0.45,True,True,1.0,2.0,1.0,2.0,0.30508896708488464,0.15422454476356506,0.060431327058403615,0.6685502263675664,19640,305357,29377,324997,0.5,0.18718725533580693,0.47387411920890493,0.6150730163052728,0.5,0.22708241141028696,0.5105014126697757,0.6082309289580284,0.5,0.2247336351567553,0.5126119072743983,0.6176260339721551,0.2247336351567553,0.5126119072743983,0.6176260339721551,29377,17395,17395,1739500,100.0,100.0,0.6138046383857727,0.6847547292709351,0.45903727412223816,0.8152815103530884,0.8665963411331177,0.7231166958808899,0.3810463845729828,0.054566469513323446,0.9245398843310465,17395,2683,17395,0,18.6833572865766,118.43203535000794,mean,geometric_mean,odvg_phrase_grounding,3.5,2.0,4.0,iou,0.25,0.25,2.0,True,False,False,True,True,0.1,0.25,0.05,0.25,128,5,True,True,0.05,10,0.3,10,0.0,0.5,1.0,10,True,5,12,0.0,0.1,3,odvg_appended_phrase,4.0,0.25,20,0.5,0.5,1.0,2.0,True,False
epoch,1784763747.7994633,131,609.6518117841333,6.140092247319755e-05,6.140092247319755e-05,6.140092247319755e-05,6.140092247319756e-06,6.140092247319755e-05,1.4550983905792236,12286,0.8833329081535339,1.143531084060669,0.5717655420303345,0.007064972072839737,0.33877095580101013,0.02947237715125084,0.02044050209224224,0.08176200836896896,0.03325943648815155,0.03325943648815155,0.08176200836896896,0.02044050209224224,,,,,,,,,,,,,,,,,,,0.30709803104400635,0.15560419857501984,0.060106721225358734,0.6660312489362427,19566,305955,29377,325521,0.5,0.18664261156687204,0.47295503284882734,0.6132008033495592,0.5,0.2272185723525207,0.5113864587942949,0.6070054804779249,0.5,0.2242911120944957,0.5116587806787622,0.6152091772475066,0.2242911120944957,0.5116587806787622,0.6152091772475066,29377,17395,17395,1739500,100.0,100.0,0.6146548986434937,0.685712456703186,0.45672792196273804,0.8178591132164001,0.8681961894035339,0.7182149291038513,0.385914146900177,0.05218368016760866,0.9273425293000793,17395,2683,17395,0,18.71348088531187,100.12288199504837,mean,geometric_mean,odvg_phrase_grounding,3.5,2.0,4.0,iou,0.25,0.25,2.0,True,False,False,True,True,0.1,0.25,0.05,0.25,128,5,True,True,0.05,10,0.3,10,0.0,0.5,1.0,10,True,5,12,0.0,0.1,3,odvg_appended_phrase,4.0,0.25,20,0.5,0.5,1.0,2.0,True,False
epoch,1784764385.2938955,132,621.6232237569056,6.091183579788444e-05,6.091183579788444e-05,6.091183579788444e-05,6.091183579788445e-06,6.091183579788444e-05,1.4569461345672607,12286,0.8868821859359741,1.140125036239624,0.570062518119812,0.007182265166193247,0.34237897396087646,0.028813587501645088,0.0203391183167696,0.0813564732670784,0.03266387805342674,0.03266387805342674,0.0813564732670784,0.0203391183167696,,,,,,,,,,,,,,,,,,,0.3086397647857666,0.15596504509449005,0.06116818516990989,0.6664056915273854,19577,300475,29377,320052,0.5,0.18630220921128773,0.47581441263573543,0.6146985737141301,0.5,0.22762705517922183,0.5132586717500085,0.6106818259182354,0.5,0.22367838785444397,0.5137011948122681,0.6171494706743371,0.22367838785444397,0.5137011948122681,0.6171494706743371,29377,17395,17395,1739500,100.0,100.0,0.6119380593299866,0.6829857230186462,0.45463529229164124,0.8155247569084167,0.8640092611312866,0.7139939665794373,0.38376960158348083,0.047588275052051876,0.9333491916184739,17395,2683,17395,0,18.399080195458467,110.25453055114485,mean,geometric_mean,odvg_phrase_grounding,3.5,2.0,4.0,iou,0.25,0.25,2.0,True,False,False,True,True,0.1,0.25,0.05,0.25,128,5,True,True,0.05,10,0.3,10,0.0,0.5,1.0,10,True,5,12,0.0,0.1,3,odvg_appended_phrase,4.0,0.25,20,0.5,0.5,1.0,2.0,True,False
epoch,1784765023.8784845,133,622.2224431668874,6.042182666998329e-05,6.042182666998329e-05,6.042182666998329e-05,6.04218266699833e-06,6.042182666998329e-05,1.4474022388458252,12286,0.8787705898284912,1.1372677087783813,0.5686338543891907,0.0070887175388634205,0.3404757082462311,0.027903297916054726,0.0202677920460701,0.0810711681842804,0.03253386914730072,0.03253386914730072,0.0810711681842804,0.0202677920460701,,,,,,,,,,,,,,,,,,,0.3079829812049866,0.15442591905593872,0.06157488139809414,0.6622868230248153,19456,296517,29377,315973,0.5,0.1845661571978078,0.4730571535555026,0.6115328318071961,0.5,0.22503999727678115,0.5131225108077748,0.6077884058957688,0.5,0.22367838785444397,0.513054430336658,0.6139496885318446,0.22367838785444397,0.513054430336658,0.6139496885318446,29377,17395,17395,1739500,100.0,100.0,0.6101083159446716,0.6798725724220276,0.4526146352291107,0.8150030970573425,0.8650304675102234,0.7107941508293152,0.37982094287872314,0.048507327804499845,0.9317561522588443,17395,2683,17395,0,18.164587525150907,100.40853295312263,mean,geometric_mean,odvg_phrase_grounding,3.5,2.0,4.0,iou,0.25,0.25,2.0,True,False,False,True,True,0.1,0.25,0.05,0.25,128,5,True,True,0.05,10,0.3,10,0.0,0.5,1.0,10,True,5,12,0.0,0.1,3,odvg_appended_phrase,4.0,0.25,20,0.5,0.5,1.0,2.0,True,False
epoch,1784765636.4324324,134,604.4014527408872,5.993094882451693e-05,5.993094882451693e-05,5.993094882451693e-05,5.993094882451693e-06,5.993094882451693e-05,1.4398061037063599,12286,0.8744391202926636,1.1307315826416016,0.5653657913208008,0.007042037323117256,0.3394201397895813,0.027571624144911766,0.01983897015452385,0.0793558806180954,0.032438986003398895,0.032438986003398895,0.0793558806180954,0.01983897015452385,,,,,,,,,,,,,,,,,,,0.3080177903175354,0.1538092941045761,0.0622581992964058,0.6644653981005548,19520,294013,29377,313533,0.5,0.1853490826156517,0.47625693569799504,0.6149368553630391,0.5,0.22626544575688465,0.5122034244476972,0.6079926473091194,0.5,0.22364434761888552,0.5150968444701637,0.6169452292609865,0.22364434761888552,0.5150968444701637,0.6169452292609865,29377,17395,17395,1739500,100.0,100.0,0.6110327243804932,0.6820102334022522,0.4536454677581787,0.8157346248626709,0.8639071583747864,0.7146747708320618,0.37961670756340027,0.05020937273150694,0.9297451445318958,17395,2683,17395,0,18.02431733256683,99.2402653049212,mean,geometric_mean,odvg_phrase_grounding,3.5,2.0,4.0,iou,0.25,0.25,2.0,True,False,False,True,True,0.1,0.25,0.05,0.25,128,5,True,True,0.05,10,0.3,10,0.0,0.5,1.0,10,True,5,12,0.0,0.1,3,odvg_appended_phrase,4.0,0.25,20,0.5,0.5,1.0,2.0,True,False
epoch,1784766267.9344037,135,623.3617209950462,5.9439256091772765e-05,5.9439256091772765e-05,5.9439256091772765e-05,5.943925609177276e-06,5.9439256091772765e-05,1.441799283027649,12286,0.8755922913551331,1.1324167251586914,0.5662083625793457,0.007105525117367506,0.3395412862300873,0.02795255370438099,0.019925694912672043,0.07970277965068817,0.032004766166210175,0.032004766166210175,0.07970277965068817,0.019925694912672043,1.309333324432373,0.015012549236416817,0.4854641556739807,0.05160263925790787,0.042478758841753006,0.042478758841753006,,,0.10387766361236572,0.02596941590309143,0.0,0.0,0,0.45,True,True,1.0,2.0,1.0,2.0,0.3105444014072418,0.15580613911151886,0.06267659326366776,0.6659972087006842,19565,292593,29377,312158,0.5,0.18538312285121014,0.4761207747557613,0.6181025972699731,0.5,0.22432515233005412,0.5129523096299826,0.6117030329849883,0.5,0.22548252033904076,0.5163563331858256,0.6204854137590632,0.22548252033904076,0.5163563331858256,0.6204854137590632,29377,17395,17395,1739500,100.0,100.0,0.6129223704338074,0.6842867732048035,0.45809200406074524,0.8158500790596008,0.8646560311317444,0.714913010597229,0.38445040583610535,0.048915801896544764,0.9315779665896958,17395,2683,17395,0,17.945271629778674,117.68293567886576,mean,geometric_mean,odvg_phrase_grounding,3.5,2.0,4.0,iou,0.25,0.25,2.0,True,False,False,True,True,0.1,0.25,0.05,0.25,128,5,True,True,0.05,10,0.3,10,0.0,0.5,1.0,10,True,5,12,0.0,0.1,3,odvg_appended_phrase,4.0,0.25,20,0.5,0.5,1.0,2.0,True,False
epoch,1784766880.1945636,136,604.6106813759543,5.8946802391399825e-05,5.8946802391399825e-05,5.8946802391399825e-05,5.894680239139983e-06,5.8946802391399825e-05,1.4236923456192017,12286,0.8647724390029907,1.1178398132324219,0.5589199066162109,0.006792232859879732,0.33294928073883057,0.028551215305924416,0.019822314381599426,0.0792892575263977,0.0324743427336216,0.0324743427336216,0.0792892575263977,0.019822314381599426,,,,,,,,,,,,,,,,,,,0.31155669689178467,0.1570000797510147,0.06311883975891595,0.6676992204786057,19615,291148,29377,310763,0.5,0.18579160567791128,0.475780372400177,0.6170473499676618,0.5,0.2254144398679239,0.513054430336658,0.61057970521156,0.5,0.22653776764135208,0.5157776491813323,0.6202811723457127,0.22653776764135208,0.5157776491813323,0.6202811723457127,29377,17395,17395,1739500,100.0,100.0,0.6148243546485901,0.6863410472869873,0.46112918853759766,0.8166744112968445,0.8666644096374512,0.7173639535903931,0.3875480890274048,0.04966473311178732,0.9307677325251481,17395,2683,17395,0,17.865076171313596,98.99246076797135,mean,geometric_mean,odvg_phrase_grounding,3.5,2.0,4.0,iou,0.25,0.25,2.0,True,False,False,True,True,0.1,0.25,0.05,0.25,128,5,True,True,0.05,10,0.3,10,0.0,0.5,1.0,10,True,5,12,0.0,0.1,3,odvg_appended_phrase,4.0,0.25,20,0.5,0.5,1.0,2.0,True,False
epoch,1784767502.0397449,137,607.0305976560339,5.845364172649581e-05,5.845364172649581e-05,5.845364172649581e-05,5.845364172649582e-06,5.845364172649581e-05,1.4329249858856201,12286,0.8666913509368896,1.1324658393859863,0.5662329196929932,0.006907487288117409,0.33328714966773987,0.02852945774793625,0.020083248615264893,0.08033299446105957,0.03279105946421623,0.03279105946421623,0.08033299446105957,0.020083248615264893,,,,,,,,,,,,,,,,,,,0.3109729290008545,0.1569323092699051,0.062024337505326786,0.6688565884875923,19649,297146,29377,316795,0.5,0.1845321169622494,0.4741124008578139,0.618647241038908,0.5,0.2258910031657419,0.5110460564387106,0.609388296967015,0.5,0.225108077747898,0.5148585628212548,0.6208598563502059,0.225108077747898,0.5148585628212548,0.6208598563502059,29377,17395,17395,1739500,100.0,100.0,0.6142110824584961,0.6844997406005859,0.4593230187892914,0.81763756275177,0.8669026494026184,0.7185553312301636,0.3854716420173645,0.049698742742571245,0.9308351903012295,17395,2683,17395,0,18.211842483472264,101.22184645198286,mean,geometric_mean,odvg_phrase_grounding,3.5,2.0,4.0,iou,0.25,0.25,2.0,True,False,False,True,True,0.1,0.25,0.05,0.25,128,5,True,True,0.05,10,0.3,10,0.0,0.5,1.0,10,True,5,12,0.0,0.1,3,odvg_appended_phrase,4.0,0.25,20,0.5,0.5,1.0,2.0,True,False
epoch,1784768116.7460544,138,606.6289438221138,5.795982817768505e-05,5.795982817768505e-05,5.795982817768505e-05,5.795982817768505e-06,5.795982817768505e-05,1.4311693906784058,12286,0.8653855323791504,1.1315668821334839,0.5657834410667419,0.006845203693956137,0.333678662776947,0.028206001967191696,0.01980721578001976,0.07922886312007904,0.03253712132573128,0.03253712132573128,0.07922886312007904,0.01980721578001976,,,,,,,,,,,,,,,,,,,0.3104860186576843,0.15787172317504883,0.06238481560997853,0.6706266807366307,19701,296097,29377,315798,0.5,0.1862341287401709,0.47571229192906017,0.6180345167988562,0.5,0.22616332505020934,0.5133948326922422,0.6115328318071961,0.5,0.2254144398679239,0.5164584538925009,0.6201790516390373,0.2254144398679239,0.5164584538925009,0.6201790516390373,29377,17395,17395,1739500,100.0,100.0,0.6150580644607544,0.6861820220947266,0.4612085819244385,0.8183490633964539,0.8675494194030762,0.7201212048530579,0.3866630494594574,0.049494524116427185,0.9312691755459046,17395,2683,17395,0,18.154527162977868,99.57357882312499,mean,geometric_mean,odvg_phrase_grounding,3.5,2.0,4.0,iou,0.25,0.25,2.0,True,False,False,True,True,0.1,0.25,0.05,0.25,128,5,True,True,0.05,10,0.3,10,0.0,0.5,1.0,10,True,5,12,0.0,0.1,3,odvg_appended_phrase,4.0,0.25,20,0.5,0.5,1.0,2.0,True,False
epoch,1784768741.7754207,139,608.7555061341263,5.746541589718793e-05,5.746541589718793e-05,5.746541589718793e-05,5.746541589718793e-06,5.746541589718793e-05,1.4286131858825684,12286,0.8617890477180481,1.1336489915847778,0.5668244957923889,0.006978877820074558,0.3339621126651764,0.02748081646859646,0.01955324411392212,0.07821297645568848,0.031851015985012054,0.031851015985012054,0.07821297645568848,0.01955324411392212,,,,,,,,,,,,,,,,,,,0.31131279468536377,0.156815305352211,0.06291116183329759,0.6689587091942676,19652,292725,29377,312377,0.5,0.18722129557136535,0.47925247642713686,0.6208258161146475,0.5,0.2278993770636893,0.5178200633148381,0.6145964530074548,0.5,0.2272185723525207,0.5200667188616945,0.622527827892569,0.2272185723525207,0.5200667188616945,0.622527827892569,29377,17395,17395,1739500,100.0,100.0,0.6142359972000122,0.6850396990776062,0.4566722512245178,0.8183542490005493,0.8660516738891602,0.717636227607727,0.38969260454177856,0.048677518413459464,0.932169647321557,17395,2683,17395,0,17.95786145444093,98.85015957197174,mean,geometric_mean,odvg_phrase_grounding,3.5,2.0,4.0,iou,0.25,0.25,2.0,True,False,False,True,True,0.1,0.25,0.05,0.25,128,5,True,True,0.05,10,0.3,10,0.0,0.5,1.0,10,True,5,12,0.0,0.1,3,odvg_appended_phrase,4.0,0.25,20,0.5,0.5,1.0,2.0,True,False
epoch,1784769372.962984,140,622.0405888790265,5.6970459102882527e-05,5.6970459102882527e-05,5.6970459102882527e-05,5.6970459102882535e-06,5.6970459102882527e-05,1.4272781610488892,12286,0.8603400588035583,1.1338759660720825,0.5669379830360413,0.006913228426128626,0.3350057899951935,0.02677847445011139,0.019210854545235634,0.07684341818094254,0.03178514167666435,0.03178514167666435,0.07684341818094254,0.019210854545235634,1.317544937133789,0.015244183130562305,0.4848758280277252,0.053647518157958984,0.0425129272043705,0.0425129272043705,,,0.10542584955692291,0.026356462389230728,0.0,0.0,0,0.45,True,True,1.0,2.0,1.0,2.0,0.31269511580467224,0.15620607137680054,0.0635681325042119,0.6691629506076182,19658,289585,29377,309243,0.5,0.1876978588691834,0.4780610681825918,0.6207236954079722,0.5,0.2301800728461041,0.5195220750927596,0.6177962351499472,0.5,0.2266739285835858,0.5189433910882664,0.6225959083636858,0.2266739285835858,0.5189433910882664,0.6225959083636858,29377,17395,17395,1739500,100.0,100.0,0.6129655838012695,0.6848964095115662,0.4562508165836334,0.8180694580078125,0.8653028011322021,0.7139939665794373,0.3871055543422699,0.044831015971819044,0.9372109316461132,17395,2683,17395,0,17.77769473986778,118.04916001087986,mean,geometric_mean,odvg_phrase_grounding,3.5,2.0,4.0,iou,0.25,0.25,2.0,True,False,False,True,True,0.1,0.25,0.05,0.25,128,5,True,True,0.05,10,0.3,10,0.0,0.5,1.0,10,True,5,12,0.0,0.1,3,odvg_appended_phrase,4.0,0.25,20,0.5,0.5,1.0,2.0,True,False
epoch,1784769990.6994317,141,610.7417176680174,5.6475012072359006e-05,5.6475012072359006e-05,5.6475012072359006e-05,5.647501207235901e-06,5.6475012072359006e-05,1.4201093912124634,12286,0.8578681349754333,1.1244834661483765,0.5622417330741882,0.00691309804096818,0.33403879404067993,0.026593372225761414,0.018978174775838852,0.07591269910335541,0.03185763955116272,0.03185763955116272,0.07591269910335541,0.018978174775838852,,,,,,,,,,,,,,,,,,,0.31443729996681213,0.15610769391059875,0.06415455028854215,0.6694352724920857,19666,286875,29377,306541,0.5,0.18620008850461245,0.4796269190182796,0.6214725805902577,0.5,0.22966946931272764,0.5195220750927596,0.6161282636075842,0.5,0.22636756646355993,0.5209858052217722,0.6234809544882051,0.22636756646355993,0.5209858052217722,0.6234809544882051,29377,17395,17395,1739500,100.0,100.0,0.6118688583374023,0.6820420622825623,0.45671704411506653,0.8171249032020569,0.8635667562484741,0.7147428393363953,0.386901319026947,0.04530756684430959,0.936609974454063,17395,2683,17395,0,17.622362747916068,104.58345297793858,mean,geometric_mean,odvg_phrase_grounding,3.5,2.0,4.0,iou,0.25,0.25,2.0,True,False,False,True,True,0.1,0.25,0.05,0.25,128,5,True,True,0.05,10,0.3,10,0.0,0.5,1.0,10,True,5,12,0.0,0.1,3,odvg_appended_phrase,4.0,0.25,20,0.5,0.5,1.0,2.0,True,False
epoch,1784770627.377699,142,628.4657131801359,5.597912913696743e-05,5.597912913696743e-05,5.597912913696743e-05,5.597912913696744e-06,5.597912913696743e-05,1.412865161895752,12286,0.8510584235191345,1.1236140727996826,0.5618070363998413,0.006775232497602701,0.33133089542388916,0.02640564553439617,0.019076213240623474,0.0763048529624939,0.031771935522556305,0.031771935522556305,0.0763048529624939,0.019076213240623474,,,,,,,,,,,,,,,,,,,0.3158075511455536,0.15753380954265594,0.06354468491509785,0.6681417435408653,19628,289257,29377,308885,0.5,0.18742553698471592,0.47911631548490313,0.6209279368213229,0.5,0.22800149777036458,0.5181604656704224,0.6165707866698438,0.5,0.22810361847703986,0.5203050005106036,0.6223235864792185,0.22810361847703986,0.5203050005106036,0.6223235864792185,29377,17395,17395,1739500,100.0,100.0,0.6128736734390259,0.6838783621788025,0.4579523801803589,0.8171217441558838,0.8659155368804932,0.7170575857162476,0.38489294052124023,0.04891584217538225,0.9317825469672402,17395,2683,17395,0,17.757114113250935,105.2447784950491,mean,geometric_mean,odvg_phrase_grounding,3.5,2.0,4.0,iou,0.25,0.25,2.0,True,False,False,True,True,0.1,0.25,0.05,0.25,128,5,True,True,0.05,10,0.3,10,0.0,0.5,1.0,10,True,5,12,0.0,0.1,3,odvg_appended_phrase,4.0,0.25,20,0.5,0.5,1.0,2.0,True,False
epoch,1784771260.7830014,143,625.1007548139896,5.548286467585977e-05,5.548286467585977e-05,5.548286467585977e-05,5.548286467585977e-06,5.548286467585977e-05,1.407213807106018,12286,0.849111795425415,1.116202712059021,0.5581013560295105,0.0067888484336435795,0.3310496211051941,0.026198802515864372,0.01906220242381096,0.07624880969524384,0.03154142573475838,0.03154142573475838,0.07624880969524384,0.01906220242381096,,,,,,,,,,,,,,,,,,,0.3164673149585724,0.15771609544754028,0.06345519759381082,0.6714776866255915,19726,291139,29377,310865,0.5,0.18688089321578105,0.48068216632059096,0.6242298396704905,0.5,0.22708241141028696,0.5204411614528373,0.6183068386833237,0.5,0.22817169894815673,0.5221431732307588,0.62640841474623,0.22817169894815673,0.5221431732307588,0.62640841474623,29377,17395,17395,1739500,100.0,100.0,0.6126421689987183,0.6844387054443359,0.4556909501552582,0.8165315389633179,0.8633965253829956,0.7161044478416443,0.38632264733314514,0.0446267612160528,0.9376812120765917,17395,2683,17395,0,17.87093992526588,104.84518848708831,mean,geometric_mean,odvg_phrase_grounding,3.5,2.0,4.0,iou,0.25,0.25,2.0,True,False,False,True,True,0.1,0.25,0.05,0.25,128,5,True,True,0.05,10,0.3,10,0.0,0.5,1.0,10,True,5,12,0.0,0.1,3,odvg_appended_phrase,4.0,0.25,20,0.5,0.5,1.0,2.0,True,False
epoch,1784771886.1875787,144,618.365498963045,5.498627311002656e-05,5.498627311002656e-05,5.498627311002656e-05,5.498627311002657e-06,5.498627311002656e-05,1.4024415016174316,12286,0.8469203114509583,1.111041784286499,0.5555208921432495,0.0067449212074279785,0.33095550537109375,0.025908567011356354,0.018701914697885513,0.07480765879154205,0.03141346946358681,0.03141346946358681,0.07480765879154205,0.018701914697885513,,,,,,,,,,,,,,,,,,,0.31642985343933105,0.15716537833213806,0.06401025517557758,0.6697075943765531,19674,287683,29377,307357,0.5,0.18613200803349558,0.48255437927630457,0.6250127650883344,0.5,0.22994179119719507,0.5212581271062395,0.6183749191544405,0.5,0.2285801817748579,0.5245259897198489,0.6273275011063076,0.2285801817748579,0.5245259897198489,0.6273275011063076,29377,17395,17395,1739500,100.0,100.0,0.6103149652481079,0.6807177662849426,0.45145466923713684,0.8167231678962708,0.8626816868782043,0.7117472887039185,0.38199952244758606,0.04203969432736532,0.940934521290669,17395,2683,17395,0,17.66927277953435,102.3459983500652,mean,geometric_mean,odvg_phrase_grounding,3.5,2.0,4.0,iou,0.25,0.25,2.0,True,False,False,True,True,0.1,0.25,0.05,0.25,128,5,True,True,0.05,10,0.3,10,0.0,0.5,1.0,10,True,5,12,0.0,0.1,3,odvg_appended_phrase,4.0,0.25,20,0.5,0.5,1.0,2.0,True,False
epoch,1784772522.8179772,145,629.0647301510908,5.448940889632911e-05,5.448940889632911e-05,5.448940889632911e-05,5.4489408896329115e-06,5.448940889632911e-05,1.4093563556671143,12286,0.8469966053962708,1.1247190237045288,0.5623595118522644,0.0067475526593625546,0.328391432762146,0.02700277790427208,0.019100090488791466,0.07640036195516586,0.03165056183934212,0.03165056183934212,0.07640036195516586,0.019100090488791466,1.3233284950256348,0.015291902236640453,0.489040344953537,0.05322673171758652,0.041993506252765656,0.041993506252765656,,,0.10659684985876083,0.02664921246469021,0.0,0.0,0,0.45,True,True,1.0,2.0,1.0,2.0,0.3150724768638611,0.15718163549900055,0.06414039955241753,0.667324777887463,19604,286038,29377,305642,0.5,0.18647241038907988,0.48068216632059096,0.6232767130748544,0.5,0.23133744085509073,0.5226197365285767,0.6183068386833237,0.5,0.2278993770636893,0.5233345814753038,0.6243319603771658,0.2278993770636893,0.5233345814753038,0.6243319603771658,29377,17395,17395,1739500,100.0,100.0,0.6091806888580322,0.6787688732147217,0.4510959982872009,0.8161674737930298,0.8619328141212463,0.7117132544517517,0.37750622630119324,0.04438847656428868,0.937631516222805,17395,2683,17395,0,17.570681230238574,119.92839451902546,mean,geometric_mean,odvg_phrase_grounding,3.5,2.0,4.0,iou,0.25,0.25,2.0,True,False,False,True,True,0.1,0.25,0.05,0.25,128,5,True,True,0.05,10,0.3,10,0.0,0.5,1.0,10,True,5,12,0.0,0.1,3,odvg_appended_phrase,4.0,0.25,20,0.5,0.5,1.0,2.0,True,False
epoch,1784773161.2649198,146,630.3182922301348,5.399232652152754e-05,5.399232652152754e-05,5.399232652152754e-05,5.399232652152755e-06,5.399232652152754e-05,1.4013967514038086,12286,0.8421585559844971,1.1184791326522827,0.5592395663261414,0.006783626042306423,0.32919958233833313,0.02572312019765377,0.018670842051506042,0.07468336820602417,0.031190475448966026,0.031190475448966026,0.07468336820602417,0.018670842051506042,,,,,,,,,,,,,,,,,,,0.31647589802742004,0.15709124505519867,0.06262032272743183,0.6698777955543452,19679,294580,29377,314259,0.5,0.18660857133131362,0.48088640773394153,0.6212342989413486,0.5,0.22980563025496137,0.5236069033597712,0.6190216836300507,0.5,0.2279334172992477,0.5230962998263948,0.622766109541478,0.2279334172992477,0.5230962998263948,0.622766109541478,29377,17395,17395,1739500,100.0,100.0,0.6106404066085815,0.6820186972618103,0.45243996381759644,0.8154197931289673,0.8619328141212463,0.7134492993354797,0.3823399245738983,0.0435715037811345,0.9389283810051845,17395,2683,17395,0,18.066053463638976,108.12302200985141,mean,geometric_mean,odvg_phrase_grounding,3.5,2.0,4.0,iou,0.25,0.25,2.0,True,False,False,True,True,0.1,0.25,0.05,0.25,128,5,True,True,0.05,10,0.3,10,0.0,0.5,1.0,10,True,5,12,0.0,0.1,3,odvg_appended_phrase,4.0,0.25,20,0.5,0.5,1.0,2.0,True,False
epoch,1784773795.0524616,147,626.1924431719817,5.349508049630593e-05,5.349508049630593e-05,5.349508049630593e-05,5.349508049630593e-06,5.349508049630593e-05,1.3940553665161133,12286,0.8368754982948303,1.114363193511963,0.5571815967559814,0.006603797432035208,0.3242533206939697,0.02680245228111744,0.018840227276086807,0.07536090910434723,0.031529732048511505,0.031529732048511505,0.07536090910434723,0.018840227276086807,,,,,,,,,,,,,,,,,,,0.31637731194496155,0.15746472775936127,0.0637764427665143,0.6710692037988902,19714,289397,29377,309111,0.5,0.18674473227354732,0.48214589644960343,0.6234809544882051,0.5,0.22997583143275352,0.5243557885420567,0.620621574701297,0.5,0.2279334172992477,0.524219627599823,0.6252510467372434,0.2279334172992477,0.524219627599823,0.6252510467372434,29377,17395,17395,1739500,100.0,100.0,0.6111894845962524,0.6836766004562378,0.4530949890613556,0.8174595236778259,0.8612520098686218,0.7146747708320618,0.38601627945899963,0.04360556703317153,0.9389854395134116,17395,2683,17395,0,17.770106352400116,102.94638792495243,mean,geometric_mean,odvg_phrase_grounding,3.5,2.0,4.0,iou,0.25,0.25,2.0,True,False,False,True,True,0.1,0.25,0.05,0.25,128,5,True,True,0.05,10,0.3,10,0.0,0.5,1.0,10,True,5,12,0.0,0.1,3,odvg_appended_phrase,4.0,0.25,20,0.5,0.5,1.0,2.0,True,False
epoch,1784774433.005331,148,630.9052030940074,5.299772534929434e-05,5.299772534929434e-05,5.299772534929434e-05,5.299772534929434e-06,5.299772534929434e-05,1.383423924446106,12286,0.8330455422401428,1.1007546186447144,0.5503773093223572,0.0065154689364135265,0.32465749979019165,0.025877490639686584,0.01856214739382267,0.07424858957529068,0.03125976026058197,0.03125976026058197,0.07424858957529068,0.01856214739382267,,,,,,,,,,,,,,,,,,,0.3170042335987091,0.15885663032531738,0.06428772145363769,0.6697416346121116,19675,286371,29377,306046,0.5,0.18701705415801478,0.4827245804540967,0.624978724852776,0.5,0.23035027402389624,0.5236409435953296,0.6197024883412193,0.5,0.22960138884161077,0.5248323518398748,0.627191340164074,0.22960138884161077,0.5248323518398748,0.627191340164074,29377,17395,17395,1739500,100.0,100.0,0.6122803092002869,0.6839069724082947,0.4549221098423004,0.8164805173873901,0.8632603883743286,0.7151853442192078,0.3857439458370209,0.045443709607096205,0.9364588354970995,17395,2683,17395,0,17.59390629491233,103.79496458987705,mean,geometric_mean,odvg_phrase_grounding,3.5,2.0,4.0,iou,0.25,0.25,2.0,True,False,False,True,True,0.1,0.25,0.05,0.25,128,5,True,True,0.05,10,0.3,10,0.0,0.5,1.0,10,True,5,12,0.0,0.1,3,odvg_appended_phrase,4.0,0.25,20,0.5,0.5,1.0,2.0,True,False
epoch,1784775075.8629594,149,626.3721097130328,5.250031562108934e-05,5.250031562108934e-05,5.250031562108934e-05,5.250031562108934e-06,5.250031562108934e-05,1.3787171840667725,12286,0.8272719383239746,1.102891206741333,0.5514456033706665,0.006400271784514189,0.3195714056491852,0.02688181772828102,0.01862167753279209,0.07448671013116837,0.03160912171006203,0.03160912171006203,0.07448671013116837,0.01862167753279209,,,,,,,,,,,,,,,,,,,0.31661689281463623,0.15667785704135895,0.06389623179391489,0.6714096061544745,19724,288964,29377,308688,0.5,0.1863702896824046,0.47966095925383806,0.6209279368213229,0.5,0.22960138884161077,0.5199305579194609,0.6171835109098955,0.5,0.22956734860605235,0.5206794431017463,0.6236851959015557,0.22956734860605235,0.5206794431017463,0.6236851959015557,29377,17395,17395,1739500,100.0,100.0,0.6125801801681519,0.6829570531845093,0.459234356880188,0.8165403008460999,0.8671409487724304,0.7194063663482666,0.38033154606819153,0.047996760193792065,0.9332828253419199,17395,2683,17395,0,17.745789019833285,102.3653429299593,mean,geometric_mean,odvg_phrase_grounding,3.5,2.0,4.0,iou,0.25,0.25,2.0,True,False,False,True,True,0.1,0.25,0.05,0.25,128,5,True,True,0.05,10,0.3,10,0.0,0.5,1.0,10,True,5,12,0.0,0.1,3,odvg_appended_phrase,4.0,0.25,20,0.5,0.5,1.0,2.0,True,False
epoch,1784775733.9248035,150,650.987444542814,5.200290585827294e-05,5.200290585827294e-05,5.200290585827294e-05,5.200290585827295e-06,5.200290585827294e-05,1.376412034034729,12286,0.8275527954101562,1.0977197885513306,0.5488598942756653,0.006435512099415064,0.31985586881637573,0.026868999004364014,0.018414249643683434,0.07365699857473373,0.03143829479813576,0.03143829479813576,0.07365699857473373,0.018414249643683434,1.3383197784423828,0.01542420033365488,0.487311989068985,0.05790681391954422,0.042445603758096695,0.042445603758096695,,,0.10246574878692627,0.025616437196731567,0.0,0.0,0,0.45,True,True,1.0,2.0,1.0,2.0,0.31674835085868835,0.1573008894920349,0.06554522825971824,0.6740647445280321,19802,282310,29377,302112,0.5,0.18667665180243048,0.4807162065561494,0.6236851959015557,0.5,0.22929502672158492,0.5206794431017463,0.6182047179766484,0.5,0.2274568540014297,0.5237090240664466,0.6264764952173469,0.2274568540014297,0.5237090240664466,0.6264764952173469,29377,17395,17395,1739500,100.0,100.0,0.6163842678070068,0.6849151253700256,0.4714905917644501,0.8175150752067566,0.8697280287742615,0.7251250743865967,0.38499507308006287,0.05106032985856457,0.9295841067118553,17395,2683,17395,0,17.367749353262433,126.28532349388115,mean,geometric_mean,odvg_phrase_grounding,3.5,2.0,4.0,iou,0.25,0.25,2.0,True,False,False,True,True,0.1,0.25,0.05,0.25,128,5,True,True,0.05,10,0.3,10,0.0,0.5,1.0,10,True,5,12,0.0,0.1,3,odvg_appended_phrase,4.0,0.25,20,0.5,0.5,1.0,2.0,True,False
epoch,1784776369.1602616,151,625.1062946689781,5.1505550607430935e-05,5.1505550607430935e-05,5.1505550607430935e-05,5.150555060743094e-06,5.1505550607430935e-05,1.3702906370162964,12286,0.8221340775489807,1.0963118076324463,0.5481559038162231,0.006423352751880884,0.3200865089893341,0.025668703019618988,0.018408983945846558,0.07363593578338623,0.031083624809980392,0.031083624809980392,0.07363593578338623,0.018408983945846558,,,,,,,,,,,,,,,,,,,0.3164178431034088,0.15795479714870453,0.06554108570552188,0.6691629506076182,19658,280276,29377,299934,0.5,0.1867106920379889,0.4784014705381761,0.6238894373149062,0.5,0.23021411308166254,0.5220410525240835,0.6172515913810124,0.5,0.2290567450726759,0.5207475235728631,0.6256254893283861,0.2290567450726759,0.5207475235728631,0.6256254893283861,29377,17395,17395,1739500,100.0,100.0,0.6150946617126465,0.6839832067489624,0.4609965980052948,0.8168084025382996,0.8704428672790527,0.7165809869766235,0.3836674988269806,0.04741803636900532,0.9338273869516549,17395,2683,17395,0,17.24254096004599,99.90840000798926,mean,geometric_mean,odvg_phrase_grounding,3.5,2.0,4.0,iou,0.25,0.25,2.0,True,False,False,True,True,0.1,0.25,0.05,0.25,128,5,True,True,0.05,10,0.3,10,0.0,0.5,1.0,10,True,5,12,0.0,0.1,3,odvg_appended_phrase,4.0,0.25,20,0.5,0.5,1.0,2.0,True,False
epoch,1784776986.279567,152,609.9334917229135,5.100830440917124e-05,5.100830440917124e-05,5.100830440917124e-05,5.100830440917124e-06,5.100830440917124e-05,1.3702787160873413,12286,0.822622537612915,1.095315933227539,0.5476579666137695,0.006406640633940697,0.32046645879745483,0.02559967339038849,0.018515758216381073,0.07406303286552429,0.030991723760962486,0.030991723760962486,0.07406303286552429,0.018515758216381073,,,,,,,,,,,,,,,,,,,0.315929651260376,0.1568078100681305,0.06580787829538945,0.6726350546345781,19760,280508,29377,300268,0.5,0.18674473227354732,0.48221397692072027,0.6227320693059196,0.5,0.23297137216189537,0.5208496442795384,0.6197705688123362,0.5,0.22800149777036458,0.5240494264220309,0.6259999319195289,0.22800149777036458,0.5240494264220309,0.6259999319195289,29377,17395,17395,1739500,100.0,100.0,0.6132165193557739,0.6822738647460938,0.4607238173484802,0.8155673742294312,0.8672430515289307,0.7170916199684143,0.385165274143219,0.04445656533383624,0.9380043440811727,17395,2683,17395,0,17.261741879850533,99.55335786310025,mean,geometric_mean,odvg_phrase_grounding,3.5,2.0,4.0,iou,0.25,0.25,2.0,True,False,False,True,True,0.1,0.25,0.05,0.25,128,5,True,True,0.05,10,0.3,10,0.0,0.5,1.0,10,True,5,12,0.0,0.1,3,odvg_appended_phrase,4.0,0.25,20,0.5,0.5,1.0,2.0,True,False
epoch,1784777607.386249,153,613.1269059279002,5.0511221792142945e-05,5.0511221792142945e-05,5.0511221792142945e-05,5.051122179214295e-06,5.0511221792142945e-05,1.3591843843460083,12286,0.8124423623085022,1.0934853553771973,0.5467426776885986,0.006297858897596598,0.31563758850097656,0.02562459371984005,0.018137680366635323,0.07255072146654129,0.031124714761972427,0.031124714761972427,0.07255072146654129,0.018137680366635323,,,,,,,,,,,,,,,,,,,0.31691697239875793,0.15664520859718323,0.06534194403046863,0.6716138475678252,19730,282220,29377,301950,0.5,0.1874936174558328,0.4814310515028764,0.6229022704837117,0.5,0.23096299826394798,0.5213602478129149,0.6173196718521292,0.5,0.22960138884161077,0.5240834666575893,0.625455288150594,0.22960138884161077,0.5240834666575893,0.625455288150594,29377,17395,17395,1739500,100.0,100.0,0.6133647561073303,0.6830220222473145,0.459491491317749,0.8148128986358643,0.8673111796379089,0.7197467684745789,0.38400790095329285,0.048132920906753696,0.933125200396848,17395,2683,17395,0,17.35843633227939,99.50744829885662,mean,geometric_mean,odvg_phrase_grounding,3.5,2.0,4.0,iou,0.25,0.25,2.0,True,False,False,True,True,0.1,0.25,0.05,0.25,128,5,True,True,0.05,10,0.3,10,0.0,0.5,1.0,10,True,5,12,0.0,0.1,3,odvg_appended_phrase,4.0,0.25,20,0.5,0.5,1.0,2.0,True,False
epoch,1784778223.6367948,154,607.8607291609515,5.001435726705666e-05,5.001435726705666e-05,5.001435726705666e-05,5.001435726705667e-06,5.001435726705666e-05,1.365039348602295,12286,0.8176771998405457,1.0947259664535522,0.5473629832267761,0.006430717650800943,0.32025161385536194,0.024778196588158607,0.01794641837477684,0.07178567349910736,0.03066958487033844,0.03066958487033844,0.07178567349910736,0.01794641837477684,,,,,,,,,,,,,,,,,,,0.3193338215351105,0.15909141302108765,0.0653288881059143,0.6690267896653845,19654,281193,29377,300847,0.5,0.18609796779793716,0.48398406916975867,0.6249106443816591,0.5,0.23184804438846718,0.5264322429111209,0.6217449024747251,0.5,0.22997583143275352,0.5267726452667052,0.6263403342751132,0.22997583143275352,0.5267726452667052,0.6263403342751132,29377,17395,17395,1739500,100.0,100.0,0.6094462871551514,0.681489884853363,0.4498584270477295,0.8148677945137024,0.8628859519958496,0.7106239795684814,0.37781256437301636,0.04159718990309691,0.9414638527560576,17395,2683,17395,0,17.295027306697328,99.8304352548439,mean,geometric_mean,odvg_phrase_grounding,3.5,2.0,4.0,iou,0.25,0.25,2.0,True,False,False,True,True,0.1,0.25,0.05,0.25,128,5,True,True,0.05,10,0.3,10,0.0,0.5,1.0,10,True,5,12,0.0,0.1,3,odvg_appended_phrase,4.0,0.25,20,0.5,0.5,1.0,2.0,True,False
epoch,1784778860.5377455,155,622.9067888839636,4.951776532070668e-05,4.951776532070668e-05,4.951776532070668e-05,4.9517765320706686e-06,4.951776532070668e-05,1.364194393157959,12286,0.8153367042541504,1.0977118015289307,0.5488559007644653,0.00643082894384861,0.3205340504646301,0.024362588301301003,0.017992982640862465,0.07197193056344986,0.030157525092363358,0.030157525092363358,0.07197193056344986,0.017992982640862465,1.3357257843017578,0.015190941281616688,0.49100741744041443,0.05608326196670532,0.04130993038415909,0.04130993038415909,,,0.1023314893245697,0.025582872331142426,0.0,0.0,0,0.45,True,True,1.0,2.0,1.0,2.0,0.3200835883617401,0.1589609682559967,0.06627185086730487,0.6704224393232802,19695,277490,29377,297185,0.5,0.1860298873268203,0.48418831058310924,0.6251148857950097,0.5,0.23218844674405148,0.5272492085645233,0.6222555060081015,0.5,0.23024815331722095,0.5265003233822378,0.6278381046396841,0.23024815331722095,0.5265003233822378,0.6278381046396841,29377,17395,17395,1739500,100.0,100.0,0.6109960079193115,0.6819609999656677,0.4532925486564636,0.8154647946357727,0.8645198345184326,0.7134492993354797,0.37825509905815125,0.043026860012199575,0.9396917762029122,17395,2683,17395,0,17.08450704225352,115.95342964911833,mean,geometric_mean,odvg_phrase_grounding,3.5,2.0,4.0,iou,0.25,0.25,2.0,True,False,False,True,True,0.1,0.25,0.05,0.25,128,5,True,True,0.05,10,0.3,10,0.0,0.5,1.0,10,True,5,12,0.0,0.1,3,odvg_appended_phrase,4.0,0.25,20,0.5,0.5,1.0,2.0,True,False
epoch,1784779504.4104648,156,636.7507561170496,4.9021500409996023e-05,4.9021500409996023e-05,4.9021500409996023e-05,4.9021500409996025e-06,4.9021500409996023e-05,1.3514548540115356,12286,0.8079924583435059,1.0869240760803223,0.5434620380401611,0.006221013609319925,0.31355705857276917,0.025680746883153915,0.018097558990120888,0.07239023596048355,0.031003301963210106,0.031003301963210106,0.07239023596048355,0.018097558990120888,,,,,,,,,,,,,,,,,,,0.3198571801185608,0.15897530317306519,0.06615509863551955,0.6694012322565273,19665,277591,29377,297256,0.5,0.18677877250910577,0.4826564999829799,0.6244000408482827,0.5,0.23137148109064914,0.5246621506620825,0.6210300575279981,0.5,0.23065663614392212,0.5256152772577186,0.6272594206351908,0.23065663614392212,0.5256152772577186,0.6272594206351908,29377,17395,17395,1739500,100.0,100.0,0.6143697500228882,0.6848667860031128,0.4607546925544739,0.8177091479301453,0.8685025572776794,0.7184532284736633,0.38387173414230347,0.049051996217136073,0.931725553907878,17395,2683,17395,0,17.088588674906582,106.05757816811092,mean,geometric_mean,odvg_phrase_grounding,3.5,2.0,4.0,iou,0.25,0.25,2.0,True,False,False,True,True,0.1,0.25,0.05,0.25,128,5,True,True,0.05,10,0.3,10,0.0,0.5,1.0,10,True,5,12,0.0,0.1,3,odvg_appended_phrase,4.0,0.25,20,0.5,0.5,1.0,2.0,True,False
epoch,1784780142.8866074,157,630.4787175739184,4.8525616955964514e-05,4.8525616955964514e-05,4.8525616955964514e-05,4.852561695596452e-06,4.8525616955964514e-05,1.3450697660446167,12286,0.8053280711174011,1.0794837474822998,0.5397418737411499,0.006196375470608473,0.31093791127204895,0.026230385527014732,0.018074901774525642,0.07229960709810257,0.03118133544921875,0.03118133544921875,0.07229960709810257,0.018074901774525642,,,,,,,,,,,,,,,,,,,0.31949353218078613,0.15850627422332764,0.06700910021110314,0.6710011233277734,19712,274457,29377,294169,0.5,0.18667665180243048,0.4833713449297069,0.6253872076794772,0.5,0.23198420533070088,0.5260918405555366,0.6193961262211934,0.5,0.23113319944174013,0.5270449671511727,0.6280083058174762,0.23113319944174013,0.5270449671511727,0.6280083058174762,29377,17395,17395,1739500,100.0,100.0,0.6153358221054077,0.6846179366111755,0.46791836619377136,0.81458979845047,0.8703747987747192,0.7227082252502441,0.3802975118160248,0.051707101922470744,0.9284536966428372,17395,2683,17395,0,16.911123886174188,103.69118895404972,mean,geometric_mean,odvg_phrase_grounding,3.5,2.0,4.0,iou,0.25,0.25,2.0,True,False,False,True,True,0.1,0.25,0.05,0.25,128,5,True,True,0.05,10,0.3,10,0.0,0.5,1.0,10,True,5,12,0.0,0.1,3,odvg_appended_phrase,4.0,0.25,20,0.5,0.5,1.0,2.0,True,False
epoch,1784780769.7697268,158,619.2102146272082,4.8030169337821034e-05,4.8030169337821034e-05,4.8030169337821034e-05,4.8030169337821036e-06,4.8030169337821034e-05,1.34127676486969,12286,0.8020126223564148,1.0785268545150757,0.5392634272575378,0.006157978437840939,0.3104923367500305,0.02589937299489975,0.0176946260035038,0.0707785040140152,0.030904198065400124,0.030904198065400124,0.0707785040140152,0.0176946260035038,,,,,,,,,,,,,,,,,,,0.3236003816127777,0.16082361340522766,0.06626265473422122,0.6721925315723185,19747,278264,29377,298011,0.5,0.18718725533580693,0.4837798277564081,0.6268849780440481,0.5,0.2362051945399462,0.5257173979643939,0.6196684481056609,0.5,0.23382237805085612,0.5274194097423154,0.6295060761820471,0.23382237805085612,0.5274194097423154,0.6295060761820471,29377,17395,17395,1739500,100.0,100.0,0.6170217394828796,0.6857656836509705,0.46876782178878784,0.8159385323524475,0.8726895451545715,0.7240357995033264,0.38393980264663696,0.05184326793100791,0.928396816888652,17395,2683,17395,0,17.131991951710262,98.45881325681694,mean,geometric_mean,odvg_phrase_grounding,3.5,2.0,4.0,iou,0.25,0.25,2.0,True,False,False,True,True,0.1,0.25,0.05,0.25,128,5,True,True,0.05,10,0.3,10,0.0,0.5,1.0,10,True,5,12,0.0,0.1,3,odvg_appended_phrase,4.0,0.25,20,0.5,0.5,1.0,2.0,True,False
epoch,1784781390.3393981,159,605.9372825380415,4.753521188698007e-05,4.753521188698007e-05,4.753521188698007e-05,4.753521188698007e-06,4.753521188698007e-05,1.3419948816299438,12286,0.7994967103004456,1.0849970579147339,0.5424985289573669,0.006120874080806971,0.3095325529575348,0.025781502947211266,0.01772134006023407,0.07088536024093628,0.030872363597154617,0.030872363597154617,0.07088536024093628,0.01772134006023407,,,,,,,,,,,,,,,,,,,0.3214046061038971,0.15976791083812714,0.06663487618622457,0.6706947612077475,19703,275983,29377,295686,0.5,0.18766381863362494,0.4840181094053171,0.6241617591993737,0.5,0.2347074241753753,0.5250706334887837,0.6195663273989857,0.5,0.23266501004186949,0.5263982026755625,0.6267488171018143,0.23266501004186949,0.5263982026755625,0.6267488171018143,29377,17395,17395,1739500,100.0,100.0,0.6168020367622375,0.6866310834884644,0.4651375412940979,0.8167229294776917,0.8702726364135742,0.7204275727272034,0.3878544569015503,0.049732811519455855,0.9309676456008054,17395,2683,17395,0,16.99833285426847,99.99595101783052,mean,geometric_mean,odvg_phrase_grounding,3.5,2.0,4.0,iou,0.25,0.25,2.0,True,False,False,True,True,0.1,0.25,0.05,0.25,128,5,True,True,0.05,10,0.3,10,0.0,0.5,1.0,10,True,5,12,0.0,0.1,3,odvg_appended_phrase,4.0,0.25,20,0.5,0.5,1.0,2.0,True,False
epoch,1784782033.4946458,160,634.9052893829066,4.7040798881103756e-05,4.7040798881103756e-05,4.7040798881103756e-05,4.704079888110376e-06,4.7040798881103756e-05,1.3401645421981812,12286,0.793415904045105,1.0934975147247314,0.5467487573623657,0.006060836836695671,0.30641618371009827,0.025933977216482162,0.01794382743537426,0.07177530974149704,0.03077840991318226,0.03077840991318226,0.07177530974149704,0.01794382743537426,1.3420411348342896,0.015121128410100937,0.48816362023353577,0.05900341272354126,0.04156944528222084,0.04156944528222084,,,0.10029662400484085,0.025074156001210213,0.0,0.0,0,0.45,True,True,1.0,2.0,1.0,2.0,0.319945752620697,0.15931198000907898,0.06576301034957757,0.6711713245055656,19717,280102,29377,299819,0.5,0.18732341627804064,0.4834394254008238,0.6244340810838411,0.5,0.2325628893351942,0.5258195186710692,0.6192599652789598,0.5,0.23239268815740205,0.525649317493277,0.6270892194573986,0.23239268815740205,0.525649317493277,0.6270892194573986,29377,17395,17395,1739500,100.0,100.0,0.6167947053909302,0.686935544013977,0.4640582501888275,0.8178601264953613,0.8692173957824707,0.7215168476104736,0.3874119222164154,0.05034552310490803,0.9302226645550373,17395,2683,17395,0,17.235929864903706,122.59208215610124,mean,geometric_mean,odvg_phrase_grounding,3.5,2.0,4.0,iou,0.25,0.25,2.0,True,False,False,True,True,0.1,0.25,0.05,0.25,128,5,True,True,0.05,10,0.3,10,0.0,0.5,1.0,10,True,5,12,0.0,0.1,3,odvg_appended_phrase,4.0,0.25,20,0.5,0.5,1.0,2.0,True,False
epoch,1784782669.5504985,161,629.6096534419339,4.654698453814976e-05,4.654698453814976e-05,4.654698453814976e-05,4.654698453814976e-06,4.654698453814976e-05,1.3327587842941284,12286,0.7886960506439209,1.0881257057189941,0.5440628528594971,0.005972851067781448,0.30558711290359497,0.025339780375361443,0.017550028860569,0.070200115442276,0.03080032952129841,0.03080032952129841,0.070200115442276,0.017550028860569,,,,,,,,,,,,,,,,,,,0.32001152634620667,0.1593642234802246,0.06540176504055359,0.6730435374612792,19772,282544,29377,302316,0.5,0.1862341287401709,0.4843585117609014,0.6261701330973211,0.5,0.2303843142594547,0.5267386050311468,0.6212002587057902,0.5,0.23092895802838956,0.5273172890356401,0.6283487081730605,0.23092895802838956,0.5273172890356401,0.6283487081730605,29377,17395,17395,1739500,100.0,100.0,0.6167660355567932,0.6869358420372009,0.4627494513988495,0.817694902420044,0.8710556030273438,0.7205977439880371,0.38782039284706116,0.0475542065267579,0.9340072780916903,17395,2683,17395,0,17.379476861167003,104.51748388214037,mean,geometric_mean,odvg_phrase_grounding,3.5,2.0,4.0,iou,0.25,0.25,2.0,True,False,False,True,True,0.1,0.25,0.05,0.25,128,5,True,True,0.05,10,0.3,10,0.0,0.5,1.0,10,True,5,12,0.0,0.1,3,odvg_appended_phrase,4.0,0.25,20,0.5,0.5,1.0,2.0,True,False
epoch,1784783309.860719,162,633.1403965759091,4.6053823010425545e-05,4.6053823010425545e-05,4.6053823010425545e-05,4.605382301042554e-06,4.6053823010425545e-05,1.3333395719528198,12286,0.7910974621772766,1.0844852924346924,0.5422426462173462,0.006010548677295446,0.3037230670452118,0.026747405529022217,0.01780635491013527,0.07122541964054108,0.03083963878452778,0.03083963878452778,0.07122541964054108,0.01780635491013527,,,,,,,,,,,,,,,,,,,0.3186863958835602,0.1582271158695221,0.06564957460722122,0.6732137386390714,19777,281474,29377,301251,0.5,0.18677877250910577,0.4806481260850325,0.6246723627327501,0.5,0.23208632603737617,0.526193961262212,0.6228001497770365,0.5,0.2310991592061817,0.5240153861864724,0.6272594206351908,0.2310991592061817,0.5240153861864724,0.6272594206351908,29377,17395,17395,1739500,100.0,100.0,0.6173285841941833,0.6859085559844971,0.4687494933605194,0.8183912038803101,0.8716342449188232,0.7248187065124512,0.3861183822154999,0.05160496787337976,0.928802930429758,17395,2683,17395,0,17.318252371371084,104.74895028094761,mean,geometric_mean,odvg_phrase_grounding,3.5,2.0,4.0,iou,0.25,0.25,2.0,True,False,False,True,True,0.1,0.25,0.05,0.25,128,5,True,True,0.05,10,0.3,10,0.0,0.5,1.0,10,True,5,12,0.0,0.1,3,odvg_appended_phrase,4.0,0.25,20,0.5,0.5,1.0,2.0,True,False
epoch,1784783933.3274937,163,615.970258356072,4.556136837865002e-05,4.556136837865002e-05,4.556136837865002e-05,4.556136837865003e-06,4.556136837865002e-05,1.3299401998519897,12286,0.7897343635559082,1.0804108381271362,0.5402054190635681,0.0060200877487659454,0.3043006360530853,0.026145203039050102,0.017717765644192696,0.07087106257677078,0.030840452760457993,0.030840452760457993,0.07087106257677078,0.017717765644192696,,,,,,,,,,,,,,,,,,,0.3201295733451843,0.15745414793491364,0.06640969237082332,0.6720904108656431,19744,277562,29377,297306,0.5,0.18885522687817,0.4840861898764339,0.627191340164074,0.5,0.23252884909963578,0.5274194097423154,0.6237192361371141,0.5,0.23181400415290873,0.5275896109201076,0.6301528406576573,0.23181400415290873,0.5275896109201076,0.6301528406576573,29377,17395,17395,1739500,100.0,100.0,0.6148449182510376,0.6843202114105225,0.4635394513607025,0.8178403377532959,0.8684004545211792,0.7215508818626404,0.3850971758365631,0.04946047099699724,0.9314525527717213,17395,2683,17395,0,17.09146306409888,98.19830149505287,mean,geometric_mean,odvg_phrase_grounding,3.5,2.0,4.0,iou,0.25,0.25,2.0,True,False,False,True,True,0.1,0.25,0.05,0.25,128,5,True,True,0.05,10,0.3,10,0.0,0.5,1.0,10,True,5,12,0.0,0.1,3,odvg_appended_phrase,4.0,0.25,20,0.5,0.5,1.0,2.0,True,False
epoch,1784784545.6661155,164,605.8356233139057,4.5069674646023066e-05,4.5069674646023066e-05,4.5069674646023066e-05,4.506967464602307e-06,4.5069674646023066e-05,1.3179631233215332,12286,0.7823525071144104,1.071218729019165,0.5356093645095825,0.0059526050463318825,0.30300596356391907,0.025233352556824684,0.01742548868060112,0.06970195472240448,0.03054278902709484,0.03054278902709484,0.06970195472240448,0.01742548868060112,,,,,,,,,,,,,,,,,,,0.3225227892398834,0.16005489230155945,0.06639265038844984,0.6757667563059536,19852,279157,29377,299009,0.5,0.18790210028253396,0.48330326445859007,0.6290295128842291,0.5,0.23286925145522008,0.5277598120978997,0.6241617591993737,0.5,0.2322224869796099,0.5262280014977704,0.6311059672532934,0.2322224869796099,0.5262280014977704,0.6311059672532934,29377,17395,17395,1739500,100.0,100.0,0.6150799989700317,0.6823192238807678,0.4640054404735565,0.8173351287841797,0.8705790042877197,0.7226061224937439,0.3838376998901367,0.04683936618779028,0.9351799483428874,17395,2683,17395,0,17.189364759988504,99.7770744941663,mean,geometric_mean,odvg_phrase_grounding,3.5,2.0,4.0,iou,0.25,0.25,2.0,True,False,False,True,True,0.1,0.25,0.05,0.25,128,5,True,True,0.05,10,0.3,10,0.0,0.5,1.0,10,True,5,12,0.0,0.1,3,odvg_appended_phrase,4.0,0.25,20,0.5,0.5,1.0,2.0,True,False
epoch,1784785174.8389568,165,622.1961127889808,4.457879573230333e-05,4.457879573230333e-05,4.457879573230333e-05,4.457879573230333e-06,4.457879573230333e-05,1.3159741163253784,12286,0.7824797630310059,1.066988468170166,0.533494234085083,0.006041707005351782,0.30422142148017883,0.024778591468930244,0.017268478870391846,0.06907391548156738,0.030195245519280434,0.030195245519280434,0.06907391548156738,0.017268478870391846,1.3639209270477295,0.015720076858997345,0.49162980914115906,0.06230943650007248,0.041747890412807465,0.041747890412807465,,,0.10145420581102371,0.025363551452755928,0.0,0.0,0,0.45,True,True,1.0,2.0,1.0,2.0,0.3221835792064667,0.15877245366573334,0.06593113562881238,0.6733158593457467,19780,280230,29377,300010,0.5,0.1876978588691834,0.4833713449297069,0.6289273921775539,0.5,0.23280117098410322,0.5279980937468087,0.6248085236749839,0.5,0.23242672839296047,0.5270109269156142,0.6315825305511115,0.23242672839296047,0.5270109269156142,0.6315825305511115,29377,17395,17395,1739500,100.0,100.0,0.6149600148200989,0.6838364005088806,0.4628051221370697,0.8162803649902344,0.8693195581436157,0.7198148369789124,0.38101235032081604,0.04649897763316568,0.9354014737618864,17395,2683,17395,0,17.24691003161828,115.97486403188668,mean,geometric_mean,odvg_phrase_grounding,3.5,2.0,4.0,iou,0.25,0.25,2.0,True,False,False,True,True,0.1,0.25,0.05,0.25,128,5,True,True,0.05,10,0.3,10,0.0,0.5,1.0,10,True,5,12,0.0,0.1,3,odvg_appended_phrase,4.0,0.25,20,0.5,0.5,1.0,2.0,True,False
epoch,1784785790.0539281,166,606.9315047329292,4.40887854678954e-05,4.40887854678954e-05,4.40887854678954e-05,4.40887854678954e-06,4.40887854678954e-05,1.3091189861297607,12286,0.7795263528823853,1.0591868162155151,0.5295934081077576,0.0059716119430959225,0.30322131514549255,0.02455071546137333,0.01745133101940155,0.0698053240776062,0.030235251411795616,0.030235251411795616,0.0698053240776062,0.01745133101940155,,,,,,,,,,,,,,,,,,,0.32011324167251587,0.15835770964622498,0.06534153014514452,0.6715117268611499,19727,282179,29377,301906,0.5,0.18711917486469007,0.48224801715627874,0.6253191272083602,0.5,0.2307587568505974,0.5266024440889131,0.6224597474214522,0.5,0.2300779521394288,0.5267386050311468,0.6270892194573986,0.2300779521394288,0.5267386050311468,0.6270892194573986,29377,17395,17395,1739500,100.0,100.0,0.6143457889556885,0.6808743476867676,0.46492481231689453,0.8165315389633179,0.8690131902694702,0.7203594446182251,0.37982094287872314,0.04884771775707519,0.9321898003531232,17395,2683,17395,0,17.355906869790168,99.98725822102278,mean,geometric_mean,odvg_phrase_grounding,3.5,2.0,4.0,iou,0.25,0.25,2.0,True,False,False,True,True,0.1,0.25,0.05,0.25,128,5,True,True,0.05,10,0.3,10,0.0,0.5,1.0,10,True,5,12,0.0,0.1,3,odvg_appended_phrase,4.0,0.25,20,0.5,0.5,1.0,2.0,True,False
epoch,1784786400.5690098,167,603.9269547490403,4.3599697587946704e-05,4.3599697587946704e-05,4.3599697587946704e-05,4.359969758794671e-06,4.3599697587946704e-05,1.3042200803756714,12286,0.7771348357200623,1.0541707277297974,0.5270853638648987,0.005940923001617193,0.30296438932418823,0.02436981350183487,0.017262760549783707,0.06905104219913483,0.029798710718750954,0.029798710718750954,0.06905104219913483,0.017262760549783707,,,,,,,,,,,,,,,,,,,0.3209211230278015,0.15779033303260803,0.06687093223908583,0.6701160772032543,19686,274702,29377,294388,0.5,0.1876978588691834,0.48149913197399324,0.624978724852776,0.5,0.23123532014841544,0.5254791163154849,0.6228682302481533,0.5,0.23082683732171427,0.5262620417333288,0.627191340164074,0.23082683732171427,0.5262620417333288,0.627191340164074,29377,17395,17395,1739500,100.0,100.0,0.6151785254478455,0.68474280834198,0.4638310372829437,0.8175280690193176,0.868298351764679,0.7213125824928284,0.38019537925720215,0.05119650528957409,0.9290231356943186,17395,2683,17395,0,16.92371371083645,99.64274348900653,mean,geometric_mean,odvg_phrase_grounding,3.5,2.0,4.0,iou,0.25,0.25,2.0,True,False,False,True,True,0.1,0.25,0.05,0.25,128,5,True,True,0.05,10,0.3,10,0.0,0.5,1.0,10,True,5,12,0.0,0.1,3,odvg_appended_phrase,4.0,0.25,20,0.5,0.5,1.0,2.0,True,False
epoch,1784787015.7649162,168,608.2299390339758,4.311158572645476e-05,4.311158572645476e-05,4.311158572645476e-05,4.311158572645477e-06,4.311158572645476e-05,1.2978401184082031,12286,0.773317277431488,1.0490440130233765,0.5245220065116882,0.005938543938100338,0.30060285329818726,0.024541759863495827,0.017007099464535713,0.06802839785814285,0.029978949576616287,0.029978949576616287,0.06802839785814285,0.017007099464535713,,,,,,,,,,,,,,,,,,,0.31946998834609985,0.15826602280139923,0.0679466504246233,0.6683459849542159,19634,269328,29377,288962,0.5,0.18725533580692377,0.4831330632807979,0.6260680123906457,0.5,0.23150764203288288,0.5257173979643939,0.6197365285767777,0.5,0.23164380297511658,0.5267386050311468,0.6273275011063076,0.23164380297511658,0.5267386050311468,0.6273275011063076,29377,17395,17395,1739500,100.0,100.0,0.6130077838897705,0.6801856756210327,0.46157917380332947,0.8147807121276855,0.8681621551513672,0.7187936305999756,0.37893590331077576,0.05044764564575965,0.9298162316718762,17395,2683,17395,0,16.611784995688417,98.25686960993335,mean,geometric_mean,odvg_phrase_grounding,3.5,2.0,4.0,iou,0.25,0.25,2.0,True,False,False,True,True,0.1,0.25,0.05,0.25,128,5,True,True,0.05,10,0.3,10,0.0,0.5,1.0,10,True,5,12,0.0,0.1,3,odvg_appended_phrase,4.0,0.25,20,0.5,0.5,1.0,2.0,True,False
epoch,1784787629.1227124,169,605.4858486179728,4.262450341038574e-05,4.262450341038574e-05,4.262450341038574e-05,4.262450341038574e-06,4.262450341038574e-05,1.299967646598816,12286,0.7737144827842712,1.0525074005126953,0.5262537002563477,0.0059882160276174545,0.3031979501247406,0.023577891290187836,0.01687827706336975,0.067513108253479,0.029596861451864243,0.029596861451864243,0.067513108253479,0.01687827706336975,,,,,,,,,,,,,,,,,,,0.3225456178188324,0.15988516807556152,0.06828433874549944,0.6739966640569153,19800,270164,29377,289964,0.5,0.18786806004697554,0.4859584028321476,0.6294379957109303,0.5,0.23375429757973926,0.5309936344759506,0.6281104265241515,0.5,0.23351601593083024,0.5307893930626,0.6324335364400722,0.23351601593083024,0.5307893930626,0.6324335364400722,29377,17395,17395,1739500,100.0,100.0,0.6134936213493347,0.6829956769943237,0.4587087333202362,0.8182107210159302,0.8663240075111389,0.7186233997344971,0.3826122581958771,0.0446267356775818,0.9378996903050059,17395,2683,17395,0,16.66938775510204,99.55035922909155,mean,geometric_mean,odvg_phrase_grounding,3.5,2.0,4.0,iou,0.25,0.25,2.0,True,False,False,True,True,0.1,0.25,0.05,0.25,128,5,True,True,0.05,10,0.3,10,0.0,0.5,1.0,10,True,5,12,0.0,0.1,3,odvg_appended_phrase,4.0,0.25,20,0.5,0.5,1.0,2.0,True,False
epoch,1784788269.2249923,170,632.428150082007,4.213850405380449e-05,4.213850405380449e-05,4.213850405380449e-05,4.21385040538045e-06,4.213850405380449e-05,1.299185037612915,12286,0.7682549357414246,1.0618616342544556,0.5309308171272278,0.005837085656821728,0.30032601952552795,0.02350885607302189,0.016831183806061745,0.06732473522424698,0.030014462769031525,0.030014462769031525,0.06732473522424698,0.016831183806061745,1.3765997886657715,0.015869563445448875,0.49486589431762695,0.06362718343734741,0.041429825127124786,0.041429825127124786,,,0.10512000322341919,0.026280000805854797,0.0,0.0,0,0.45,True,True,1.0,2.0,1.0,2.0,0.32094964385032654,0.1596730500459671,0.06781476201298925,0.6703543588521632,19693,270701,29377,290394,0.5,0.18725533580692377,0.48126085032508426,0.6270211389862818,0.5,0.22949926813493549,0.5273172890356401,0.6238894373149062,0.5,0.23225652721516832,0.5270449671511727,0.629335875004255,0.23225652721516832,0.5270449671511727,0.629335875004255,29377,17395,17395,1739500,100.0,100.0,0.6140275597572327,0.6848413348197937,0.4626029431819916,0.8163706064224243,0.869285523891449,0.7183510661125183,0.3822377920150757,0.0479967072603551,0.933184887550738,17395,2683,17395,0,16.69410750215579,115.18375344690867,mean,geometric_mean,odvg_phrase_grounding,3.5,2.0,4.0,iou,0.25,0.25,2.0,True,False,False,True,True,0.1,0.25,0.05,0.25,128,5,True,True,0.05,10,0.3,10,0.0,0.5,1.0,10,True,5,12,0.0,0.1,3,odvg_appended_phrase,4.0,0.25,20,0.5,0.5,1.0,2.0,True,False
epoch,1784788895.4890516,171,618.1997197452001,4.1653640952017185e-05,4.1653640952017185e-05,4.1653640952017185e-05,4.165364095201719e-06,4.1653640952017185e-05,1.2965786457061768,12286,0.7683698534965515,1.0564179420471191,0.5282089710235596,0.005853091832250357,0.29971757531166077,0.02375568263232708,0.01687750592827797,0.06751002371311188,0.030048195272684097,0.030048195272684097,0.06751002371311188,0.01687750592827797,,,,,,,,,,,,,,,,,,,0.3244221806526184,0.1604989469051361,0.06777464149542221,0.6710351635633318,19713,271148,29377,290861,0.5,0.1870510943935732,0.48354154610749905,0.6260339721550873,0.5,0.23113319944174013,0.5271130476222895,0.6233107533104129,0.5,0.2333798549885965,0.5272832488000817,0.6280763862885931,0.2333798549885965,0.5272832488000817,0.6280763862885931,29377,17395,17395,1739500,100.0,100.0,0.6141448616981506,0.6828903555870056,0.4625190496444702,0.8148523569107056,0.8693535923957825,0.7201892733573914,0.38094428181648254,0.04915410979405954,0.9317483450358653,17395,2683,17395,0,16.720954297211843,99.3580311560072,mean,geometric_mean,odvg_phrase_grounding,3.5,2.0,4.0,iou,0.25,0.25,2.0,True,False,False,True,True,0.1,0.25,0.05,0.25,128,5,True,True,0.05,10,0.3,10,0.0,0.5,1.0,10,True,5,12,0.0,0.1,3,odvg_appended_phrase,4.0,0.25,20,0.5,0.5,1.0,2.0,True,False
epoch,1784789508.2542772,172,604.5674418529961,4.116996727572687e-05,4.116996727572687e-05,4.116996727572687e-05,4.116996727572688e-06,4.116996727572687e-05,1.3003545999526978,12286,0.7660346627235413,1.0686389207839966,0.5343194603919983,0.005837862845510244,0.29929593205451965,0.02351752296090126,0.016512976959347725,0.0660519078373909,0.030045446008443832,0.030045446008443832,0.0660519078373909,0.016512976959347725,,,,,,,,,,,,,,,,,,,0.3238753378391266,0.16061808168888092,0.06766776065270326,0.6744732273547333,19814,272999,29377,292813,0.5,0.18742553698471592,0.484801034823161,0.628621030057528,0.5,0.23232460768628518,0.5291554617557953,0.6239915580215815,0.5,0.23215440650849303,0.5298022262314055,0.6305613234843586,0.23215440650849303,0.5298022262314055,0.6305613234843586,29377,17395,17395,1739500,100.0,100.0,0.6150727272033691,0.6840124726295471,0.46206173300743103,0.8165315389633179,0.868808925151825,0.7197126746177673,0.38288456201553345,0.04523944726303408,0.937142350192651,17395,2683,17395,0,16.833170451279102,99.80784799298272,mean,geometric_mean,odvg_phrase_grounding,3.5,2.0,4.0,iou,0.25,0.25,2.0,True,False,False,True,True,0.1,0.25,0.05,0.25,128,5,True,True,0.05,10,0.3,10,0.0,0.5,1.0,10,True,5,12,0.0,0.1,3,odvg_appended_phrase,4.0,0.25,20,0.5,0.5,1.0,2.0,True,False
epoch,1784790142.1247168,173,627.2626428729855,4.068753606520261e-05,4.068753606520261e-05,4.068753606520261e-05,4.0687536065202616e-06,4.068753606520261e-05,1.2820852994918823,12286,0.7568116188049316,1.0505492687225342,0.5252746343612671,0.005709340795874596,0.29537466168403625,0.02345985732972622,0.01661955565214157,0.06647822260856628,0.029732679948210716,0.029732679948210716,0.06647822260856628,0.01661955565214157,,,,,,,,,,,,,,,,,,,0.3242209553718567,0.16031020879745483,0.06685466977456493,0.6746434285325255,19819,276630,29377,296449,0.5,0.18688089321578105,0.4864349661299656,0.6275317425196583,0.5,0.23116723967729857,0.5292575824624707,0.6245702420260748,0.5,0.23160976273955816,0.5304830309425741,0.6305613234843586,0.23160976273955816,0.5304830309425741,0.6305613234843586,29377,17395,17395,1739500,100.0,100.0,0.6153005957603455,0.6841400265693665,0.46453964710235596,0.8156288862228394,0.869047224521637,0.7211083769798279,0.384552538394928,0.04646494844730242,0.9355645421262354,17395,2683,17395,0,17.042196033342915,104.12799542793073,mean,geometric_mean,odvg_phrase_grounding,3.5,2.0,4.0,iou,0.25,0.25,2.0,True,False,False,True,True,0.1,0.25,0.05,0.25,128,5,True,True,0.05,10,0.3,10,0.0,0.5,1.0,10,True,5,12,0.0,0.1,3,odvg_appended_phrase,4.0,0.25,20,0.5,0.5,1.0,2.0,True,False
epoch,1784790781.9670222,174,630.8968430629466,4.020640022446318e-05,4.020640022446318e-05,4.020640022446318e-05,4.020640022446318e-06,4.020640022446318e-05,1.2779780626296997,12286,0.7537499070167542,1.0484559535980225,0.5242279767990112,0.005723434500396252,0.29488179087638855,0.02319049835205078,0.016343126073479652,0.06537250429391861,0.02938203699886799,0.02938203699886799,0.06537250429391861,0.016343126073479652,,,,,,,,,,,,,,,,,,,0.3255555033683777,0.15990182757377625,0.06833444280801719,0.6744051468836164,19812,270115,29377,289927,0.5,0.18718725533580693,0.4873200122544848,0.6322973754978385,0.5,0.23208632603737617,0.5305170711781325,0.6285189093508528,0.5,0.2310651189706233,0.5328318071961058,0.6347482724580454,0.2310651189706233,0.5328318071961058,0.6347482724580454,29377,17395,17395,1739500,100.0,100.0,0.6157310009002686,0.6838350892066956,0.46526405215263367,0.8161575794219971,0.8696259260177612,0.7215849161148071,0.3841440677642822,0.047179769231190716,0.9346164696939366,17395,2683,17395,0,16.667260707099743,105.49437481188215,mean,geometric_mean,odvg_phrase_grounding,3.5,2.0,4.0,iou,0.25,0.25,2.0,True,False,False,True,True,0.1,0.25,0.05,0.25,128,5,True,True,0.05,10,0.3,10,0.0,0.5,1.0,10,True,5,12,0.0,0.1,3,odvg_appended_phrase,4.0,0.25,20,0.5,0.5,1.0,2.0,True,False
epoch,1784791436.062415,175,646.7593250009231,3.972661251547543e-05,3.972661251547543e-05,3.972661251547543e-05,3.9726612515475435e-06,3.972661251547543e-05,1.2767306566238403,12286,0.7528294920921326,1.0478016138076782,0.5239008069038391,0.0057214051485061646,0.2936910390853882,0.023565132170915604,0.01648097299039364,0.06592389196157455,0.029393190518021584,0.029393190518021584,0.06592389196157455,0.01648097299039364,1.4113657474517822,0.016395047307014465,0.4994314908981323,0.06999004632234573,0.041704948991537094,0.041704948991537094,,,0.10007669031620026,0.025019172579050064,0.0,0.0,0,0.45,True,True,1.0,2.0,1.0,2.0,0.3241803050041199,0.16051647067070007,0.06846446369966487,0.6710692037988902,19714,268231,29377,287945,0.5,0.18674473227354732,0.4848350750587194,0.6288252714708786,0.5,0.23225652721516832,0.5298703067025223,0.6247064029683086,0.5,0.23069067637948054,0.5305851516492495,0.6313782891377608,0.23069067637948054,0.5305851516492495,0.6313782891377608,29377,17395,17395,1739500,100.0,100.0,0.617019534111023,0.6847547292709351,0.468459814786911,0.8181526064872742,0.8700003623962402,0.7232869267463684,0.38370153307914734,0.05221772294747817,0.9278049678260131,17395,2683,17395,0,16.553319919517104,115.49834037804976,mean,geometric_mean,odvg_phrase_grounding,3.5,2.0,4.0,iou,0.25,0.25,2.0,True,False,False,True,True,0.1,0.25,0.05,0.25,128,5,True,True,0.05,10,0.3,10,0.0,0.5,1.0,10,True,5,12,0.0,0.1,3,odvg_appended_phrase,4.0,0.25,20,0.5,0.5,1.0,2.0,True,False
epoch,1784792050.7253392,176,606.8183459050488,3.924822555236833e-05,3.924822555236833e-05,3.924822555236833e-05,3.924822555236833e-06,3.924822555236833e-05,1.264825463294983,12286,0.7448375821113586,1.0399779081344604,0.5199889540672302,0.005529870744794607,0.28896135091781616,0.023915842175483704,0.01631060615181923,0.06524242460727692,0.029791856184601784,0.029791856184601784,0.06524242460727692,0.01631060615181923,,,,,,,,,,,,,,,,,,,0.3249490559101105,0.15972289443016052,0.06760849011359432,0.6718180889811758,19736,272180,29377,291916,0.5,0.1862341287401709,0.4853797188276543,0.6281785069952684,0.5,0.23096299826394798,0.5279980937468087,0.6230724716615039,0.5,0.23045239473057152,0.5306191918848079,0.6313782891377608,0.23045239473057152,0.5306191918848079,0.6313782891377608,29377,17395,17395,1739500,100.0,100.0,0.617041826248169,0.682342529296875,0.4703029990196228,0.8161032199859619,0.8718725442886353,0.7254654765129089,0.3848589062690735,0.05364738753173315,0.9260510813145792,17395,2683,17395,0,16.781603909169302,99.51921230298467,mean,geometric_mean,odvg_phrase_grounding,3.5,2.0,4.0,iou,0.25,0.25,2.0,True,False,False,True,True,0.1,0.25,0.05,0.25,128,5,True,True,0.05,10,0.3,10,0.0,0.5,1.0,10,True,5,12,0.0,0.1,3,odvg_appended_phrase,4.0,0.25,20,0.5,0.5,1.0,2.0,True,False
epoch,1784792663.5423741,177,604.5702629559673,3.877129179566333e-05,3.877129179566333e-05,3.877129179566333e-05,3.877129179566334e-06,3.877129179566333e-05,1.268285870552063,12286,0.7465440630912781,1.0434825420379639,0.5217412710189819,0.005634543020278215,0.2913554608821869,0.023333698511123657,0.016103655099868774,0.0644146203994751,0.02933606691658497,0.02933606691658497,0.0644146203994751,0.016103655099868774,,,,,,,,,,,,,,,,,,,0.3246886134147644,0.15996341407299042,0.0673577077395233,0.6708990026210981,19709,272893,29377,292602,0.5,0.18711917486469007,0.48582224188991385,0.6259999319195289,0.5,0.23361813663750552,0.527385369506757,0.6221533853014263,0.5,0.2325628893351942,0.5318446403649113,0.6281785069952684,0.2325628893351942,0.5318446403649113,0.6281785069952684,29377,17395,17395,1739500,100.0,100.0,0.6180723309516907,0.6852627396583557,0.47112908959388733,0.8180578351020813,0.8727916479110718,0.725942075252533,0.38489294052124023,0.05504307263143482,0.9241770459271327,17395,2683,17395,0,16.82104052888761,98.4384810430929,mean,geometric_mean,odvg_phrase_grounding,3.5,2.0,4.0,iou,0.25,0.25,2.0,True,False,False,True,True,0.1,0.25,0.05,0.25,128,5,True,True,0.05,10,0.3,10,0.0,0.5,1.0,10,True,5,12,0.0,0.1,3,odvg_appended_phrase,4.0,0.25,20,0.5,0.5,1.0,2.0,True,False
epoch,1784793288.7961845,178,618.3045465769246,3.829586354652145e-05,3.829586354652145e-05,3.829586354652145e-05,3.829586354652145e-06,3.829586354652145e-05,1.2557799816131592,12286,0.7393506169319153,1.032857894897461,0.5164289474487305,0.005538946948945522,0.28843164443969727,0.023048950359225273,0.016067519783973694,0.06427007913589478,0.029318058863282204,0.029318058863282204,0.06427007913589478,0.016067519783973694,,,,,,,,,,,,,,,,,,,0.3256446421146393,0.16026832163333893,0.06892659316081008,0.6713755659189161,19723,266422,29377,286145,0.5,0.18722129557136535,0.4873200122544848,0.6291997140620214,0.5,0.23293733192633692,0.5301766688225482,0.6262382135684379,0.5,0.2344010620553494,0.5325935255471967,0.6325696973823058,0.2344010620553494,0.5325935255471967,0.6325696973823058,29377,17395,17395,1739500,100.0,100.0,0.6180940866470337,0.6861180663108826,0.47231271862983704,0.8177469968795776,0.8745617270469666,0.7262484431266785,0.38499507308006287,0.05487287720776235,0.9244433805991775,17395,2683,17395,0,16.449841908594422,106.2534193249885,mean,geometric_mean,odvg_phrase_grounding,3.5,2.0,4.0,iou,0.25,0.25,2.0,True,False,False,True,True,0.1,0.25,0.05,0.25,128,5,True,True,0.05,10,0.3,10,0.0,0.5,1.0,10,True,5,12,0.0,0.1,3,odvg_appended_phrase,4.0,0.25,20,0.5,0.5,1.0,2.0,True,False
epoch,1784793920.3088863,179,623.1554284628946,3.782199294100774e-05,3.782199294100774e-05,3.782199294100774e-05,3.7821992941007742e-06,3.782199294100774e-05,1.2532845735549927,12286,0.7377337217330933,1.0311031341552734,0.5155515670776367,0.0055201081559062,0.2894197404384613,0.022237012162804604,0.015969479456543922,0.06387791782617569,0.029274528846144676,0.029274528846144676,0.06387791782617569,0.015969479456543922,,,,,,,,,,,,,,,,,,,0.32579633593559265,0.15919920802116394,0.0691764887792467,0.6700820369676959,19685,264877,29377,284562,0.5,0.18861694522926098,0.484801034823161,0.6295060761820471,0.5,0.23164380297511658,0.5315723184804438,0.6248085236749839,0.5,0.23395853899308983,0.5299383871736393,0.6321612145556047,0.23395853899308983,0.5299383871736393,0.6321612145556047,29377,17395,17395,1739500,100.0,100.0,0.618405818939209,0.6848470568656921,0.4708690941333771,0.8169087171554565,0.8735405206680298,0.726554811000824,0.3846546709537506,0.056472774033128115,0.9222732088782988,17395,2683,17395,0,16.358838746766313,103.64824818796478,mean,geometric_mean,odvg_phrase_grounding,3.5,2.0,4.0,iou,0.25,0.25,2.0,True,False,False,True,True,0.1,0.25,0.05,0.25,128,5,True,True,0.05,10,0.3,10,0.0,0.5,1.0,10,True,5,12,0.0,0.1,3,odvg_appended_phrase,4.0,0.25,20,0.5,0.5,1.0,2.0,True,False
epoch,1784794564.775262,180,637.4101295580622,3.734973194437414e-05,3.734973194437414e-05,3.734973194437414e-05,3.734973194437415e-06,3.734973194437414e-05,1.2583445310592651,12286,0.7371839880943298,1.0423222780227661,0.5211611390113831,0.0055410293862223625,0.288229763507843,0.022754821926355362,0.01574055105447769,0.06296220421791077,0.02919064462184906,0.02919064462184906,0.06296220421791077,0.01574055105447769,1.4127134084701538,0.016440805047750473,0.5018585324287415,0.06910662353038788,0.0414857342839241,0.0414857342839241,,,0.10066700726747513,0.025166751816868782,0.0,0.0,0,0.45,True,True,1.0,2.0,1.0,2.0,0.326497882604599,0.16074174642562866,0.06967506974961132,0.6681757837764237,19629,262093,29377,281722,0.5,0.18756169792694966,0.48490315552983626,0.6278721448752426,0.5,0.23310753310412907,0.5298703067025223,0.6230724716615039,0.5,0.23351601593083024,0.5306532321203663,0.6306634441910338,0.23351601593083024,0.5306532321203663,0.6306634441910338,29377,17395,17395,1739500,100.0,100.0,0.6172839403152466,0.6842868328094482,0.46844613552093506,0.8185316920280457,0.872383177280426,0.7235932946205139,0.386288583278656,0.05541751084409019,0.9234134544141213,17395,2683,17395,0,16.195573440643862,115.25091491895728,mean,geometric_mean,odvg_phrase_grounding,3.5,2.0,4.0,iou,0.25,0.25,2.0,True,False,False,True,True,0.1,0.25,0.05,0.25,128,5,True,True,0.05,10,0.3,10,0.0,0.5,1.0,10,True,5,12,0.0,0.1,3,odvg_appended_phrase,4.0,0.25,20,0.5,0.5,1.0,2.0,True,False
epoch,1784795193.4325426,181,621.1761472919025,3.687913234536088e-05,3.687913234536088e-05,3.687913234536088e-05,3.6879132345360874e-06,3.687913234536088e-05,1.251083493232727,12286,0.7337827682495117,1.034602165222168,0.517301082611084,0.005446428433060646,0.286969929933548,0.022589873522520065,0.015953224152326584,0.06381289660930634,0.029144829139113426,0.029144829139113426,0.06381289660930634,0.015953224152326584,,,,,,,,,,,,,,,,,,,0.32689544558525085,0.16091075539588928,0.06889229721714288,0.6681757837764237,19629,265294,29377,284923,0.5,0.1885148245225857,0.48718385131225106,0.6291997140620214,0.5,0.2342649011131157,0.5293597031691459,0.6250127650883344,0.5,0.23395853899308983,0.532219082956054,0.6321271743200463,0.23395853899308983,0.532219082956054,0.6321271743200463,29377,17395,17395,1739500,100.0,100.0,0.6142317652702332,0.6811569333076477,0.4611310660839081,0.8174453973770142,0.869557797908783,0.7179766297340393,0.3806038796901703,0.04980084595761558,0.9306372326129009,17395,2683,17395,0,16.379591836734694,109.91005583596416,mean,geometric_mean,odvg_phrase_grounding,3.5,2.0,4.0,iou,0.25,0.25,2.0,True,False,False,True,True,0.1,0.25,0.05,0.25,128,5,True,True,0.05,10,0.3,10,0.0,0.5,1.0,10,True,5,12,0.0,0.1,3,odvg_appended_phrase,4.0,0.25,20,0.5,0.5,1.0,2.0,True,False
epoch,1784795816.4008863,182,608.051324096974,3.6410245750517116e-05,3.6410245750517116e-05,3.6410245750517116e-05,3.6410245750517116e-06,3.6410245750517116e-05,1.2468583583831787,12286,0.729624330997467,1.0344692468643188,0.5172346234321594,0.005387179087847471,0.2837986350059509,0.023037521168589592,0.0159708634018898,0.0638834536075592,0.0294484943151474,0.0294484943151474,0.0638834536075592,0.0159708634018898,,,,,,,,,,,,,,,,,,,0.326313316822052,0.15998335182666779,0.06959848254287312,0.6694693127276441,19667,262911,29377,282578,0.5,0.1880723014603261,0.48653708683664093,0.6294720359464887,0.5,0.23310753310412907,0.5282704156312762,0.6256595295639445,0.5,0.23351601593083024,0.532219082956054,0.6322292950267215,0.23351601593083024,0.532219082956054,0.6322292950267215,29377,17395,17395,1739500,100.0,100.0,0.6153508424758911,0.6814863681793213,0.4638412892818451,0.8164588212966919,0.8727916479110718,0.7205296754837036,0.3814548850059509,0.05106036275605952,0.9291349621071723,17395,2683,17395,0,16.24478298361598,97.0929063980002,mean,geometric_mean,odvg_phrase_grounding,3.5,2.0,4.0,iou,0.25,0.25,2.0,True,False,False,True,True,0.1,0.25,0.05,0.25,128,5,True,True,0.05,10,0.3,10,0.0,0.5,1.0,10,True,5,12,0.0,0.1,3,odvg_appended_phrase,4.0,0.25,20,0.5,0.5,1.0,2.0,True,False
epoch,1784796433.7811441,183,609.736300356919,3.594312357854184e-05,3.594312357854184e-05,3.594312357854184e-05,3.594312357854184e-06,3.594312357854184e-05,1.240080714225769,12286,0.726209282875061,1.0277425050735474,0.5138712525367737,0.0054489322938025,0.28453123569488525,0.022240860387682915,0.015593264251947403,0.06237305700778961,0.02876107394695282,0.02876107394695282,0.06237305700778961,0.015593264251947403,,,,,,,,,,,,,,,,,,,0.32530659437179565,0.15935513377189636,0.07056723522411741,0.6661333696429179,19569,257741,29377,277310,0.5,0.1873914967491575,0.4842563910542261,0.6277700241685672,0.5,0.23327773428192122,0.52905334104912,0.6239234775504646,0.5,0.2339244987575314,0.5307893930626,0.6312080879599686,0.2339244987575314,0.5307893930626,0.6312080879599686,29377,17395,17395,1739500,100.0,100.0,0.6143632531166077,0.6805712580680847,0.46460622549057007,0.814969003200531,0.8714981079101562,0.7185553312301636,0.3801613450050354,0.05242196158724566,0.9270453376255667,17395,2683,17395,0,15.941937338315608,99.08838327694684,mean,geometric_mean,odvg_phrase_grounding,3.5,2.0,4.0,iou,0.25,0.25,2.0,True,False,False,True,True,0.1,0.25,0.05,0.25,128,5,True,True,0.05,10,0.3,10,0.0,0.5,1.0,10,True,5,12,0.0,0.1,3,odvg_appended_phrase,4.0,0.25,20,0.5,0.5,1.0,2.0,True,False
epoch,1784797044.6988854,184,604.3089683509897,3.547781705464523e-05,3.547781705464523e-05,3.547781705464523e-05,3.5477817054645224e-06,3.547781705464523e-05,1.2340744733810425,12286,0.722441554069519,1.0232659578323364,0.5116329789161682,0.005331612192094326,0.2820577621459961,0.022449810057878494,0.015488103032112122,0.061952412128448486,0.029091887176036835,0.029091887176036835,0.061952412128448486,0.015488103032112122,,,,,,,,,,,,,,,,,,,0.32714319229125977,0.16052015125751495,0.07073135565728292,0.6679715423630731,19623,257807,29377,277430,0.5,0.1884127038159104,0.4837798277564081,0.6300847601865405,0.5,0.2333458147530381,0.5287129386935358,0.6240936787282568,0.5,0.23399257922864827,0.5311297954181843,0.6324675766756306,0.23399257922864827,0.5311297954181843,0.6324675766756306,29377,17395,17395,1739500,100.0,100.0,0.6141519546508789,0.6820290684700012,0.460631400346756,0.8151435852050781,0.8705109357833862,0.7185893654823303,0.38050174713134766,0.05061782311925722,0.929559459754485,17395,2683,17395,0,15.94883587237712,98.84149300702848,mean,geometric_mean,odvg_phrase_grounding,3.5,2.0,4.0,iou,0.25,0.25,2.0,True,False,False,True,True,0.1,0.25,0.05,0.25,128,5,True,True,0.05,10,0.3,10,0.0,0.5,1.0,10,True,5,12,0.0,0.1,3,odvg_appended_phrase,4.0,0.25,20,0.5,0.5,1.0,2.0,True,False
epoch,1784797676.3025699,185,624.6595471370965,3.501437720493115e-05,3.501437720493115e-05,3.501437720493115e-05,3.501437720493115e-06,3.501437720493115e-05,1.2307510375976562,12286,0.7209331393241882,1.0196348428726196,0.5098174214363098,0.00536932609975338,0.2830081284046173,0.021737730130553246,0.015457875095307827,0.06183150038123131,0.02876405604183674,0.02876405604183674,0.06183150038123131,0.015457875095307827,1.4489352703094482,0.016752231866121292,0.5031754374504089,0.07724566757678986,0.041860178112983704,0.041860178112983704,,,0.10023962706327438,0.025059906765818596,0.0,0.0,0,0.45,True,True,1.0,2.0,1.0,2.0,0.3276233375072479,0.15987829864025116,0.0710277619011672,0.6726010143990196,19759,258428,29377,278187,0.5,0.18868502570037785,0.48657112707219935,0.6335568642135003,0.5,0.23348197569527182,0.5312659563604181,0.6277019436974504,0.5,0.23423086087755726,0.5328998876672226,0.635667358818123,0.23423086087755726,0.5328998876672226,0.635667358818123,29377,17395,17395,1739500,100.0,100.0,0.6133930683135986,0.6833735108375549,0.46011030673980713,0.8155354857444763,0.8671749830245972,0.7177383899688721,0.3797188401222229,0.04513737556985242,0.9371116604591682,17395,2683,17395,0,15.992354124748491,114.95932482695207,mean,geometric_mean,odvg_phrase_grounding,3.5,2.0,4.0,iou,0.25,0.25,2.0,True,False,False,True,True,0.1,0.25,0.05,0.25,128,5,True,True,0.05,10,0.3,10,0.0,0.5,1.0,10,True,5,12,0.0,0.1,3,odvg_appended_phrase,4.0,0.25,20,0.5,0.5,1.0,2.0,True,False
epoch,1784798288.7089639,186,605.2355438489467,3.4552854850801587e-05,3.4552854850801587e-05,3.4552854850801587e-05,3.4552854850801593e-06,3.4552854850801587e-05,1.2310028076171875,12286,0.7202364206314087,1.021532654762268,0.510766327381134,0.005366864614188671,0.28283020853996277,0.021701887249946594,0.015552854165434837,0.06221141666173935,0.028649576008319855,0.028649576008319855,0.06221141666173935,0.015552854165434837,,,,,,,,,,,,,,,,,,,0.32665276527404785,0.15957345068454742,0.07018861178153213,0.6682098240119821,19630,260045,29377,279675,0.5,0.18694897368689792,0.4864009258944072,0.6305613234843586,0.5,0.23191612485958402,0.531504238009327,0.6284167886441774,0.5,0.23331177451747967,0.5337508935561834,0.6336249446846172,0.23331177451747967,0.5337508935561834,0.6336249446846172,29377,17395,17395,1739500,100.0,100.0,0.6109603047370911,0.6799162030220032,0.45530763268470764,0.8156336545944214,0.8651325702667236,0.7108622193336487,0.37856146693229675,0.042652395321666536,0.9399990685091575,17395,2683,17395,0,16.077895947111237,98.38898365711793,mean,geometric_mean,odvg_phrase_grounding,3.5,2.0,4.0,iou,0.25,0.25,2.0,True,False,False,True,True,0.1,0.25,0.05,0.25,128,5,True,True,0.05,10,0.3,10,0.0,0.5,1.0,10,True,5,12,0.0,0.1,3,odvg_appended_phrase,4.0,0.25,20,0.5,0.5,1.0,2.0,True,False
epoch,1784798898.480462,187,602.9490936130751,3.409330060338359e-05,3.409330060338359e-05,3.409330060338359e-05,3.40933006033836e-06,3.409330060338359e-05,1.2214250564575195,12286,0.7151997089385986,1.012448787689209,0.5062243938446045,0.005275381729006767,0.2801160514354706,0.021906288340687752,0.0152936652302742,0.0611746609210968,0.028734855353832245,0.028734855353832245,0.0611746609210968,0.0152936652302742,,,,,,,,,,,,,,,,,,,0.3284580409526825,0.16066478192806244,0.07078996721593106,0.6732818191101883,19779,259625,29377,279404,0.5,0.18888926711372842,0.48793273649453656,0.6344419103380196,0.5,0.2335840964019471,0.5335466521428328,0.6312080879599686,0.5,0.23463934370425843,0.5357592674541308,0.636450284235967,0.23463934370425843,0.5357592674541308,0.636450284235967,29377,17395,17395,1739500,100.0,100.0,0.6140425205230713,0.6835720539093018,0.46120473742485046,0.8175079226493835,0.8669707775115967,0.7203594446182251,0.38111448287963867,0.04707762550803685,0.9346470350881747,17395,2683,17395,0,16.06231675768899,97.34038485703059,mean,geometric_mean,odvg_phrase_grounding,3.5,2.0,4.0,iou,0.25,0.25,2.0,True,False,False,True,True,0.1,0.25,0.05,0.25,128,5,True,True,0.05,10,0.3,10,0.0,0.5,1.0,10,True,5,12,0.0,0.1,3,odvg_appended_phrase,4.0,0.25,20,0.5,0.5,1.0,2.0,True,False
epoch,1784799512.0487053,188,606.5154195160139,3.363576485797909e-05,3.363576485797909e-05,3.363576485797909e-05,3.363576485797909e-06,3.363576485797909e-05,1.2188994884490967,12286,0.7113218903541565,1.0151536464691162,0.5075768232345581,0.0052743167616426945,0.277858704328537,0.022096071392297745,0.01527273841202259,0.06109095364809036,0.02871239371597767,0.02871239371597767,0.06109095364809036,0.01527273841202259,,,,,,,,,,,,,,,,,,,0.3290058970451355,0.1609080284833908,0.06991871072082169,0.6710692037988902,19714,262242,29377,281956,0.5,0.1882084624025598,0.4870136501344589,0.6317186914933451,0.5,0.2349457058242843,0.5317084794226776,0.6278381046396841,0.5,0.23613711406882937,0.5352827041563127,0.6342376689246689,0.23613711406882937,0.5352827041563127,0.6342376689246689,29377,17395,17395,1739500,100.0,100.0,0.6157993078231812,0.6852967143058777,0.4659792482852936,0.8165528178215027,0.869932234287262,0.7220614552497864,0.38700345158576965,0.05099225145089614,0.929379624019321,17395,2683,17395,0,16.209025582063813,98.88173662498593,mean,geometric_mean,odvg_phrase_grounding,3.5,2.0,4.0,iou,0.25,0.25,2.0,True,False,False,True,True,0.1,0.25,0.05,0.25,128,5,True,True,0.05,10,0.3,10,0.0,0.5,1.0,10,True,5,12,0.0,0.1,3,odvg_appended_phrase,4.0,0.25,20,0.5,0.5,1.0,2.0,True,False
epoch,1784800126.074363,189,606.445730953943,3.31802977885385e-05,3.31802977885385e-05,3.31802977885385e-05,3.3180297788538504e-06,3.31802977885385e-05,1.2146713733673096,12286,0.708284854888916,1.012772560119629,0.5063862800598145,0.005234071984887123,0.2776712477207184,0.021515168249607086,0.015024404041469097,0.06009761616587639,0.028746163472533226,0.028746163472533226,0.06009761616587639,0.015024404041469097,,,,,,,,,,,,,,,,,,,0.3277493119239807,0.16039764881134033,0.06898968694525064,0.6667460938829697,19587,264325,29377,283912,0.5,0.18786806004697554,0.4856520407121217,0.6288252714708786,0.5,0.23532014841542703,0.5304149504714573,0.6246723627327501,0.5,0.2353882288865439,0.531742519658236,0.6316846512577867,0.2353882288865439,0.531742519658236,0.6316846512577867,29377,17395,17395,1739500,100.0,100.0,0.6162099838256836,0.6862087845802307,0.46326932311058044,0.8166900277137756,0.8711917400360107,0.7207338809967041,0.3875480890274048,0.05398778711373442,0.9250933131670255,17395,2683,17395,0,16.321471687266456,98.88676963583566,mean,geometric_mean,odvg_phrase_grounding,3.5,2.0,4.0,iou,0.25,0.25,2.0,True,False,False,True,True,0.1,0.25,0.05,0.25,128,5,True,True,0.05,10,0.3,10,0.0,0.5,1.0,10,True,5,12,0.0,0.1,3,odvg_appended_phrase,4.0,0.25,20,0.5,0.5,1.0,2.0,True,False
epoch,1784800760.3686013,190,627.6748770929407,3.272694934215866e-05,3.272694934215866e-05,3.272694934215866e-05,3.272694934215867e-06,3.272694934215866e-05,1.2115503549575806,12286,0.7070359587669373,1.009029507637024,0.504514753818512,0.005245402920991182,0.2776820957660675,0.021321335807442665,0.014981041662395,0.05992416664958,0.02848746068775654,0.02848746068775654,0.05992416664958,0.014981041662395,1.4518600702285767,0.016583574935793877,0.5089573264122009,0.07529821246862411,0.041109196841716766,0.041109196841716766,,,0.10346002876758575,0.02586500719189644,0.0,0.0,0,0.45,True,True,1.0,2.0,1.0,2.0,0.328393816947937,0.160195454955101,0.06912767292493602,0.6675290193008135,19610,264068,29377,283678,0.5,0.1885148245225857,0.48463083364536885,0.6285869898219696,0.5,0.2358647921843619,0.5340572556762093,0.6260339721550873,0.5,0.2365115566599721,0.5315382782448854,0.6322633352622801,0.2365115566599721,0.5315382782448854,0.6322633352622801,29377,17395,17395,1739500,100.0,100.0,0.6144764423370361,0.6814894080162048,0.462664395570755,0.8154520988464355,0.8700684309005737,0.7196786403656006,0.3822718560695648,0.052149621064787044,0.9275376284082925,17395,2683,17395,0,16.30801954584651,119.95715944911353,mean,geometric_mean,odvg_phrase_grounding,3.5,2.0,4.0,iou,0.25,0.25,2.0,True,False,False,True,True,0.1,0.25,0.05,0.25,128,5,True,True,0.05,10,0.3,10,0.0,0.5,1.0,10,True,5,12,0.0,0.1,3,odvg_appended_phrase,4.0,0.25,20,0.5,0.5,1.0,2.0,True,False
epoch,1784801381.830221,191,613.2162160510197,3.2275769233605495e-05,3.2275769233605495e-05,3.2275769233605495e-05,3.2275769233605494e-06,3.2275769233605495e-05,1.2058931589126587,12286,0.7014975547790527,1.0087898969650269,0.5043949484825134,0.005143462680280209,0.2740788757801056,0.021783296018838882,0.014903663657605648,0.05961465463042259,0.028610926121473312,0.028610926121473312,0.05961465463042259,0.014903663657605648,,,,,,,,,,,,,,,,,,,0.330247700214386,0.1606309413909912,0.06966538866176647,0.6717159682745004,19733,263521,29377,283254,0.5,0.18902542805596215,0.4876263743745107,0.6317527317289036,0.5,0.23746468325560813,0.5338189740273003,0.6272594206351908,0.5,0.237532763726725,0.53490826156517,0.6345440310446948,0.237532763726725,0.53490826156517,0.6345440310446948,29377,17395,17395,1739500,100.0,100.0,0.6153934001922607,0.6809495687484741,0.46513575315475464,0.81577467918396,0.8703747987747192,0.7210402488708496,0.3812165856361389,0.04932428059634919,0.9315928886444396,17395,2683,17395,0,16.283644725495833,98.8529535389971,mean,geometric_mean,odvg_phrase_grounding,3.5,2.0,4.0,iou,0.25,0.25,2.0,True,False,False,True,True,0.1,0.25,0.05,0.25,128,5,True,True,0.05,10,0.3,10,0.0,0.5,1.0,10,True,5,12,0.0,0.1,3,odvg_appended_phrase,4.0,0.25,20,0.5,0.5,1.0,2.0,True,False
epoch,1784801991.3103669,192,603.189749912126,3.182680693986224e-05,3.182680693986224e-05,3.182680693986224e-05,3.1826806939862235e-06,3.182680693986224e-05,1.200874924659729,12286,0.6986163854598999,1.0045188665390015,0.5022594332695007,0.005079096183180809,0.27237164974212646,0.02184435911476612,0.01514554861932993,0.06058219447731972,0.028660768643021584,0.028660768643021584,0.06058219447731972,0.01514554861932993,,,,,,,,,,,,,,,,,,,0.3303616940975189,0.1619446724653244,0.06919671049861768,0.6713755659189161,19723,265305,29377,285028,0.5,0.1881744221670014,0.48646900636552404,0.6315825305511115,0.5,0.23593287265547877,0.5327977669605474,0.6268849780440481,0.5,0.23549034959321918,0.5334104912005991,0.6335909044490587,0.23549034959321918,0.5334104912005991,0.6335909044490587,29377,17395,17395,1739500,100.0,100.0,0.6152581572532654,0.6830320954322815,0.4624174237251282,0.8154062032699585,0.872519314289093,0.7221636176109314,0.38281649351119995,0.05078805169201528,0.9296723755483103,17395,2683,17395,0,16.385628054038516,97.94757503806613,mean,geometric_mean,odvg_phrase_grounding,3.5,2.0,4.0,iou,0.25,0.25,2.0,True,False,False,True,True,0.1,0.25,0.05,0.25,128,5,True,True,0.05,10,0.3,10,0.0,0.5,1.0,10,True,5,12,0.0,0.1,3,odvg_appended_phrase,4.0,0.25,20,0.5,0.5,1.0,2.0,True,False
epoch,1784802616.1714633,193,611.4030945741106,3.13801116947037e-05,3.13801116947037e-05,3.13801116947037e-05,3.1380111694703697e-06,3.13801116947037e-05,1.2000067234039307,12286,0.6957813501358032,1.0084497928619385,0.5042248964309692,0.005048996303230524,0.27119773626327515,0.021819375455379486,0.014886085875332355,0.05954434350132942,0.028690705075860023,0.028690705075860023,0.05954434350132942,0.014886085875332355,,,,,,,,,,,,,,,,,,,0.3283511996269226,0.16032731533050537,0.06935475328802189,0.6686523470742417,19643,263582,29377,283225,0.5,0.18698301392245634,0.48582224188991385,0.6312761684310856,0.5,0.2340606596997651,0.5320829220138203,0.6256254893283861,0.5,0.2362051945399462,0.5338530142628587,0.6334207032712666,0.2362051945399462,0.5338530142628587,0.6334207032712666,29377,17395,17395,1739500,100.0,100.0,0.6154356002807617,0.6839832067489624,0.4620017409324646,0.8149833083152771,0.8720427751541138,0.7207338809967041,0.38251012563705444,0.0520815339224624,0.9277381911747526,17395,2683,17395,0,16.281977579764302,100.4692235160619,mean,geometric_mean,odvg_phrase_grounding,3.5,2.0,4.0,iou,0.25,0.25,2.0,True,False,False,True,True,0.1,0.25,0.05,0.25,128,5,True,True,0.05,10,0.3,10,0.0,0.5,1.0,10,True,5,12,0.0,0.1,3,odvg_appended_phrase,4.0,0.25,20,0.5,0.5,1.0,2.0,True,False
epoch,1784803228.3255684,194,605.4819742899854,3.093573248329735e-05,3.093573248329735e-05,3.093573248329735e-05,3.0935732483297354e-06,3.093573248329735e-05,1.1936366558074951,12286,0.6946704387664795,0.9979317784309387,0.49896588921546936,0.005032313987612724,0.2704017758369446,0.021976226940751076,0.014957097359001637,0.059828389436006546,0.028594041243195534,0.028594041243195534,0.059828389436006546,0.014957097359001637,,,,,,,,,,,,,,,,,,,0.32908353209495544,0.1609945446252823,0.06840552892809193,0.6694693127276441,19667,267839,29377,287506,0.5,0.18752765769139124,0.48680940872110834,0.6298464785376314,0.5,0.23457126323314156,0.5310617149470674,0.6255574088572693,0.5,0.23593287265547877,0.533716853320625,0.632025053613371,0.23593287265547877,0.533716853320625,0.632025053613371,29377,17395,17395,1739500,100.0,100.0,0.6161519885063171,0.6840524077415466,0.46540072560310364,0.8154062032699585,0.872893750667572,0.7211764454841614,0.3827824592590332,0.05170713275651728,0.9283016894405034,17395,2683,17395,0,16.528082782408738,98.45795755716972,mean,geometric_mean,odvg_phrase_grounding,3.5,2.0,4.0,iou,0.25,0.25,2.0,True,False,False,True,True,0.1,0.25,0.05,0.25,128,5,True,True,0.05,10,0.3,10,0.0,0.5,1.0,10,True,5,12,0.0,0.1,3,odvg_appended_phrase,4.0,0.25,20,0.5,0.5,1.0,2.0,True,False
epoch,1784803866.8194015,195,631.5619103300851,3.0493718036831444e-05,3.0493718036831444e-05,3.0493718036831444e-05,3.0493718036831442e-06,3.0493718036831444e-05,1.1918421983718872,12286,0.6926851272583008,0.9983149170875549,0.49915745854377747,0.005005433689802885,0.26915568113327026,0.022156378254294395,0.014925162307918072,0.05970064923167229,0.02862606942653656,0.02862606942653656,0.05970064923167229,0.014925162307918072,1.4630727767944336,0.0167417973279953,0.5063201785087585,0.0791231170296669,0.04178749397397041,0.04178749397397041,,,0.1022418662905693,0.025560466572642326,0.0,0.0,0,0.45,True,True,1.0,2.0,1.0,2.0,0.32937321066856384,0.16177231073379517,0.06761718924760046,0.6688225482520339,19648,270929,29377,290577,0.5,0.18797018075365082,0.4863328454232903,0.6280763862885931,0.5,0.2360690335977125,0.5303809102358988,0.6241957994349321,0.5,0.23501378629540118,0.5317765598937945,0.6306294039554754,0.23501378629540118,0.5317765598937945,0.6306294039554754,29377,17395,17395,1739500,100.0,100.0,0.6166656017303467,0.6835948824882507,0.4662434160709381,0.8160050511360168,0.8721108436584473,0.7230145931243896,0.3850971758365631,0.05419204487235574,0.9250470939484449,17395,2683,17395,0,16.704627766599597,121.32399557088502,mean,geometric_mean,odvg_phrase_grounding,3.5,2.0,4.0,iou,0.25,0.25,2.0,True,False,False,True,True,0.1,0.25,0.05,0.25,128,5,True,True,0.05,10,0.3,10,0.0,0.5,1.0,10,True,5,12,0.0,0.1,3,odvg_appended_phrase,4.0,0.25,20,0.5,0.5,1.0,2.0,True,False
epoch,1784804506.5550818,196,632.4332870631479,3.0054116827171032e-05,3.0054116827171032e-05,3.0054116827171032e-05,3.005411682717104e-06,3.0054116827171032e-05,1.1859878301620483,12286,0.6903285980224609,0.9913187623023987,0.49565938115119934,0.004919066559523344,0.268082857131958,0.02208980917930603,0.014836509712040424,0.0593460388481617,0.028814828023314476,0.028814828023314476,0.0593460388481617,0.014836509712040424,,,,,,,,,,,,,,,,,,,0.33018583059310913,0.16133949160575867,0.06791217217403919,0.6692991115498519,19662,269859,29377,289521,0.5,0.18752765769139124,0.4876944548456275,0.629335875004255,0.5,0.23579671171324507,0.5324573646049631,0.6251148857950097,0.5,0.23382237805085612,0.5344997787384689,0.6313442489022024,0.23382237805085612,0.5344997787384689,0.6313442489022024,29377,17395,17395,1739500,100.0,100.0,0.6178942322731018,0.6848413348197937,0.46899813413619995,0.8175890445709229,0.8737788200378418,0.7245804667472839,0.3812846839427948,0.05528135519743205,0.9237057059437501,17395,2683,17395,0,16.643920666858293,106.17112818988971,mean,geometric_mean,odvg_phrase_grounding,3.5,2.0,4.0,iou,0.25,0.25,2.0,True,False,False,True,True,0.1,0.25,0.05,0.25,128,5,True,True,0.05,10,0.3,10,0.0,0.5,1.0,10,True,5,12,0.0,0.1,3,odvg_appended_phrase,4.0,0.25,20,0.5,0.5,1.0,2.0,True,False
epoch,1784805132.6056852,197,618.2692939909175,2.9616977061542644e-05,2.9616977061542644e-05,2.9616977061542644e-05,2.961697706154265e-06,2.9616977061542644e-05,1.1793080568313599,12286,0.6851248741149902,0.9883646368980408,0.4941823184490204,0.0049649677239358425,0.2672097980976105,0.021392853930592537,0.014702613465487957,0.05881045386195183,0.028489476069808006,0.028489476069808006,0.05881045386195183,0.014702613465487957,,,,,,,,,,,,,,,,,,,0.3285900354385376,0.1614741086959839,0.06819517726154992,0.6674268985941383,19607,267906,29377,287513,0.5,0.18905946829152057,0.48395002893420025,0.6276679034618919,0.5,0.23589883241992035,0.5310617149470674,0.6236511556659972,0.5,0.23637539571773836,0.531027674711509,0.6301188004220989,0.23637539571773836,0.531027674711509,0.6301188004220989,29377,17395,17395,1739500,100.0,100.0,0.6157516241073608,0.6837682127952576,0.4631173610687256,0.8162066340446472,0.8721789121627808,0.7183170318603516,0.3829185962677002,0.05089013326621328,0.9291536591657668,17395,2683,17395,0,16.52848519689566,97.95115261292085,mean,geometric_mean,odvg_phrase_grounding,3.5,2.0,4.0,iou,0.25,0.25,2.0,True,False,False,True,True,0.1,0.25,0.05,0.25,128,5,True,True,0.05,10,0.3,10,0.0,0.5,1.0,10,True,5,12,0.0,0.1,3,odvg_appended_phrase,4.0,0.25,20,0.5,0.5,1.0,2.0,True,False
epoch,1784805750.9794497,198,612.037230034126,2.9182346677247693e-05,2.9182346677247693e-05,2.9182346677247693e-05,2.9182346677247705e-06,2.9182346677247693e-05,1.178594946861267,12286,0.6829213500022888,0.9913469552993774,0.4956734776496887,0.004933028481900692,0.26655441522598267,0.021284421905875206,0.014617917127907276,0.058471668511629105,0.02833131141960621,0.02833131141960621,0.058471668511629105,0.014617917127907276,,,,,,,,,,,,,,,,,,,0.3290877938270569,0.16029848158359528,0.06873220495687164,0.6680736630697485,19626,265917,29377,285543,0.5,0.18776593934030023,0.48558396024100486,0.6280423460530347,0.5,0.23532014841542703,0.5317765598937945,0.6245362017905164,0.5,0.23549034959321918,0.5332402900228069,0.6308676856043843,0.23549034959321918,0.5332402900228069,0.6308676856043843,29377,17395,17395,1739500,100.0,100.0,0.6152186393737793,0.6838297843933105,0.4598410129547119,0.8161613345146179,0.872893750667572,0.7186914682388306,0.3850971758365631,0.0506178051690821,0.9295694920476485,17395,2683,17395,0,16.41523426271917,98.80073757795617,mean,geometric_mean,odvg_phrase_grounding,3.5,2.0,4.0,iou,0.25,0.25,2.0,True,False,False,True,True,0.1,0.25,0.05,0.25,128,5,True,True,0.05,10,0.3,10,0.0,0.5,1.0,10,True,5,12,0.0,0.1,3,odvg_appended_phrase,4.0,0.25,20,0.5,0.5,1.0,2.0,True,False
epoch,1784806366.6323757,199,607.8427322159987,2.875027333640564e-05,2.875027333640564e-05,2.875027333640564e-05,2.875027333640565e-06,2.875027333640564e-05,1.1784642934799194,12286,0.6805370450019836,0.9958546161651611,0.49792730808258057,0.00490659661591053,0.26461246609687805,0.021610202267766,0.014690233394503593,0.058760933578014374,0.02844362147152424,0.02844362147152424,0.058760933578014374,0.014690233394503593,,,,,,,,,,,,,,,,,,,0.3287767171859741,0.1606607586145401,0.06921193114748322,0.6686183068386833,19642,264153,29377,283795,0.5,0.1885488647581441,0.4848350750587194,0.6288252714708786,0.5,0.23559247029989447,0.5305511114136909,0.6237192361371141,0.5,0.23521802770875175,0.5328658474316642,0.6307996051332675,0.23521802770875175,0.5328658474316642,0.6307996051332675,29377,17395,17395,1739500,100.0,100.0,0.6161353588104248,0.6844750642776489,0.46503156423568726,0.8168322443962097,0.8726214170455933,0.7194404006004333,0.38543757796287537,0.050822093761750065,0.9293588548553365,17395,2683,17395,0,16.314745616556483,100.95534684602171,mean,geometric_mean,odvg_phrase_grounding,3.5,2.0,4.0,iou,0.25,0.25,2.0,True,False,False,True,True,0.1,0.25,0.05,0.25,128,5,True,True,0.05,10,0.3,10,0.0,0.5,1.0,10,True,5,12,0.0,0.1,3,odvg_appended_phrase,4.0,0.25,20,0.5,0.5,1.0,2.0,True,False
epoch,1784807009.5276484,200,635.7691072050948,2.8320804420727363e-05,2.8320804420727363e-05,2.8320804420727363e-05,2.8320804420727368e-06,2.8320804420727363e-05,1.1744800806045532,12286,0.6787483096122742,0.9914624094963074,0.4957312047481537,0.00490425294265151,0.26460587978363037,0.021285464987158775,0.014558514580130577,0.05823405832052231,0.028237666934728622,0.028237666934728622,0.05823405832052231,0.014558514580130577,1.4947360754013062,0.016816196963191032,0.511069655418396,0.08459838479757309,0.042063239961862564,0.042063239961862564,,,0.10186641663312912,0.02546660415828228,0.0,0.0,0,0.45,True,True,1.0,2.0,1.0,2.0,0.3298508822917938,0.16109690070152283,0.0707856164949639,0.6705586002655138,19699,258592,29377,278291,0.5,0.1882084624025598,0.48490315552983626,0.6302549613643327,0.5,0.23613711406882937,0.5322871634271709,0.6265105354529054,0.5,0.2367498383088811,0.5342274568540014,0.6323994962045137,0.2367498383088811,0.5342274568540014,0.6323994962045137,29377,17395,17395,1739500,100.0,100.0,0.6166788935661316,0.6849029064178467,0.46714547276496887,0.8157402276992798,0.8745276927947998,0.7225720882415771,0.3846206068992615,0.05201348797606331,0.9280161954461301,17395,2683,17395,0,15.998332854268467,115.7568810780067,mean,geometric_mean,odvg_phrase_grounding,3.5,2.0,4.0,iou,0.25,0.25,2.0,True,False,False,True,True,0.1,0.25,0.05,0.25,128,5,True,True,0.05,10,0.3,10,0.0,0.5,1.0,10,True,5,12,0.0,0.1,3,odvg_appended_phrase,4.0,0.25,20,0.5,0.5,1.0,2.0,True,False
epoch,1784807628.9697475,201,611.1518786621746,2.78939870263191e-05,2.78939870263191e-05,2.78939870263191e-05,2.78939870263191e-06,2.78939870263191e-05,1.1655569076538086,12286,0.6757239699363708,0.9796649217605591,0.48983246088027954,0.004811764694750309,0.2624666094779968,0.021531693637371063,0.014558118768036366,0.05823247507214546,0.028504811227321625,0.028504811227321625,0.05823247507214546,0.014558118768036366,,,,,,,,,,,,,,,,,,,0.33188146352767944,0.1612083464860916,0.0712084641489574,0.6678353814208394,19619,255896,29377,275515,0.5,0.18878714640705313,0.4863668856588488,0.6305272832488,0.5,0.23579671171324507,0.5325254450760799,0.624978724852776,0.5,0.23736256254893284,0.5336487728495081,0.6325696973823058,0.23736256254893284,0.5336487728495081,0.6325696973823058,29377,17395,17395,1739500,100.0,100.0,0.6186902523040771,0.6862126588821411,0.4694599509239197,0.8162629008293152,0.8773189783096313,0.725942075252533,0.3879225254058838,0.058106693831693534,0.9199568453013555,17395,2683,17395,0,15.838746766312159,99.02568255388178,mean,geometric_mean,odvg_phrase_grounding,3.5,2.0,4.0,iou,0.25,0.25,2.0,True,False,False,True,True,0.1,0.25,0.05,0.25,128,5,True,True,0.05,10,0.3,10,0.0,0.5,1.0,10,True,5,12,0.0,0.1,3,odvg_appended_phrase,4.0,0.25,20,0.5,0.5,1.0,2.0,True,False
epoch,1784808241.5558493,202,605.7749968350399,2.7469867958517956e-05,2.7469867958517956e-05,2.7469867958517956e-05,2.7469867958517964e-06,2.7469867958517956e-05,1.1569459438323975,12286,0.671734094619751,0.9704254269599915,0.4852127134799957,0.0048160310834646225,0.2625363767147064,0.02067551203072071,0.014143949374556541,0.056575797498226166,0.02834087610244751,0.02834087610244751,0.056575797498226166,0.014143949374556541,,,,,,,,,,,,,,,,,,,0.3311052620410919,0.16062501072883606,0.07140416187997149,0.6685842666031249,19641,255427,29377,275068,0.5,0.1882084624025598,0.488681621676822,0.6318548524355788,0.5,0.23508186676651802,0.5333764509650407,0.6239234775504646,0.5,0.23749872349116655,0.5372910780542601,0.6341015079824353,0.23749872349116655,0.5372910780542601,0.6341015079824353,29377,17395,17395,1739500,100.0,100.0,0.6176817417144775,0.6835848689079285,0.4687577784061432,0.8165315389633179,0.8745276927947998,0.7258399724960327,0.38526737689971924,0.05725570589290785,0.9211180038817429,17395,2683,17395,0,15.813049726933027,96.9496990761254,mean,geometric_mean,odvg_phrase_grounding,3.5,2.0,4.0,iou,0.25,0.25,2.0,True,False,False,True,True,0.1,0.25,0.05,0.25,128,5,True,True,0.05,10,0.3,10,0.0,0.5,1.0,10,True,5,12,0.0,0.1,3,odvg_appended_phrase,4.0,0.25,20,0.5,0.5,1.0,2.0,True,False
epoch,1784808856.0894656,203,607.0065368500073,2.7048493726759132e-05,2.7048493726759132e-05,2.7048493726759132e-05,2.7048493726759135e-06,2.7048493726759132e-05,1.1538519859313965,12286,0.6686715483665466,0.9703609347343445,0.48518046736717224,0.004803625866770744,0.2614046633243561,0.02062983624637127,0.014301897957921028,0.05720759183168411,0.02803666889667511,0.02803666889667511,0.05720759183168411,0.014301897957921028,,,,,,,,,,,,,,,,,,,0.3288155794143677,0.15975525975227356,0.07166071324003045,0.6665078122340606,19580,253652,29377,273232,0.5,0.18871906593593626,0.48619668448105663,0.6278381046396841,0.5,0.23365217687306397,0.530074548115873,0.6234809544882051,0.5,0.23661367736664737,0.5340572556762093,0.6312080879599686,0.23661367736664737,0.5340572556762093,0.6312080879599686,29377,17395,17395,1739500,100.0,100.0,0.6163832545280457,0.682526171207428,0.46421095728874207,0.8174623847007751,0.872144877910614,0.7214146852493286,0.386152446269989,0.054906873015267976,0.9238899981689567,17395,2683,17395,0,15.707502155791895,100.12365413410589,mean,geometric_mean,odvg_phrase_grounding,3.5,2.0,4.0,iou,0.25,0.25,2.0,True,False,False,True,True,0.1,0.25,0.05,0.25,128,5,True,True,0.05,10,0.3,10,0.0,0.5,1.0,10,True,5,12,0.0,0.1,3,odvg_appended_phrase,4.0,0.25,20,0.5,0.5,1.0,2.0,True,False
epoch,1784809464.214283,204,601.4832816780545,2.6629910539475584e-05,2.6629910539475584e-05,2.6629910539475584e-05,2.662991053947558e-06,2.6629910539475584e-05,1.150689959526062,12286,0.6648451089859009,0.9716899394989014,0.4858449697494507,0.004755984526127577,0.2594234049320221,0.020685873925685883,0.014125283807516098,0.05650113523006439,0.02814464271068573,0.02814464271068573,0.05650113523006439,0.014125283807516098,,,,,,,,,,,,,,,,,,,0.3299160301685333,0.16017858684062958,0.07251462857907612,0.6639888348027368,19506,249488,29377,268994,0.5,0.18810634169588453,0.485515879769888,0.6289954726486707,0.5,0.23395853899308983,0.5303809102358988,0.6228682302481533,0.5,0.23555843006433605,0.5343976580317936,0.6313442489022024,0.23555843006433605,0.5343976580317936,0.6313442489022024,29377,17395,17395,1739500,100.0,100.0,0.615664005279541,0.6831910610198975,0.46003878116607666,0.816939115524292,0.8741532564163208,0.7196105718612671,0.38349729776382446,0.05562173705853024,0.9227057811078775,17395,2683,17395,0,15.46386892785283,96.98397950502113,mean,geometric_mean,odvg_phrase_grounding,3.5,2.0,4.0,iou,0.25,0.25,2.0,True,False,False,True,True,0.1,0.25,0.05,0.25,128,5,True,True,0.05,10,0.3,10,0.0,0.5,1.0,10,True,5,12,0.0,0.1,3,odvg_appended_phrase,4.0,0.25,20,0.5,0.5,1.0,2.0,True,False
epoch,1784810099.0187905,205,627.7175482418388,2.6214164299030778e-05,2.6214164299030778e-05,2.6214164299030778e-05,2.6214164299030788e-06,2.6214164299030778e-05,1.1500999927520752,12286,0.6628826856613159,0.9744330048561096,0.4872165024280548,0.0047503565438091755,0.25889578461647034,0.020565327256917953,0.013916920870542526,0.055667683482170105,0.0280779916793108,0.0280779916793108,0.055667683482170105,0.013916920870542526,1.492880940437317,0.017116151750087738,0.5107476115226746,0.08422397077083588,0.04212140291929245,0.04212140291929245,,,0.09978745877742767,0.02494686469435692,0.0,0.0,0,0.45,True,True,1.0,2.0,1.0,2.0,0.32927626371383667,0.16019369661808014,0.07323584551931009,0.664873880927256,19532,247168,29377,266700,0.5,0.1881744221670014,0.48578820165435543,0.6288252714708786,0.5,0.2344010620553494,0.5320829220138203,0.624740443203867,0.5,0.23559247029989447,0.5342614970895598,0.6315144500799945,0.23559247029989447,0.5342614970895598,0.6315144500799945,29377,17395,17395,1739500,100.0,100.0,0.6161921620368958,0.6838186383247375,0.46235665678977966,0.8171520829200745,0.8738128542900085,0.7192701697349548,0.38594818115234375,0.05439628880769887,0.9243729392701724,17395,2683,17395,0,15.331991951710261,115.90197101095691,mean,geometric_mean,odvg_phrase_grounding,3.5,2.0,4.0,iou,0.25,0.25,2.0,True,False,False,True,True,0.1,0.25,0.05,0.25,128,5,True,True,0.05,10,0.3,10,0.0,0.5,1.0,10,True,5,12,0.0,0.1,3,odvg_appended_phrase,4.0,0.25,20,0.5,0.5,1.0,2.0,True,False
epoch,1784810713.6666808,206,607.6175977550447,2.5801300596685028e-05,2.5801300596685028e-05,2.5801300596685028e-05,2.580130059668503e-06,2.5801300596685028e-05,1.1503101587295532,12286,0.6626710891723633,0.9752761721611023,0.48763808608055115,0.004698446486145258,0.2573849558830261,0.021174168214201927,0.014158051460981369,0.056632205843925476,0.028168460354208946,0.028168460354208946,0.056632205843925476,0.014158051460981369,,,,,,,,,,,,,,,,,,,0.3284280598163605,0.16057062149047852,0.07327215425242194,0.6639888348027368,19506,246707,29377,266213,0.5,0.18844674405146883,0.48520951764986214,0.6266807366306975,0.5,0.2336862171086224,0.5301085883514314,0.6229363107192701,0.5,0.2362051945399462,0.531742519658236,0.6291316335909044,0.2362051945399462,0.531742519658236,0.6291316335909044,29377,17395,17395,1739500,100.0,100.0,0.6174299716949463,0.6861820220947266,0.46618902683258057,0.8179209232330322,0.8745957612991333,0.7207338809967041,0.38768425583839417,0.05674504619396725,0.9212676860487058,17395,2683,17395,0,15.303995400977293,98.10154013894498,mean,geometric_mean,odvg_phrase_grounding,3.5,2.0,4.0,iou,0.25,0.25,2.0,True,False,False,True,True,0.1,0.25,0.05,0.25,128,5,True,True,0.05,10,0.3,10,0.0,0.5,1.0,10,True,5,12,0.0,0.1,3,odvg_appended_phrase,4.0,0.25,20,0.5,0.5,1.0,2.0,True,False
epoch,1784811337.0429032,207,616.390920529142,2.5391364707595844e-05,2.5391364707595844e-05,2.5391364707595844e-05,2.5391364707595848e-06,2.5391364707595844e-05,1.145099401473999,12286,0.6580609679222107,0.9740749597549438,0.4870374798774719,0.004643298219889402,0.255319207906723,0.021046169102191925,0.01398093905299902,0.05592375621199608,0.028339559212327003,0.028339559212327003,0.05592375621199608,0.01398093905299902,,,,,,,,,,,,,,,,,,,0.3300388753414154,0.16152437031269073,0.07288845845827203,0.6660993294073595,19568,248897,29377,268465,0.5,0.18905946829152057,0.485515879769888,0.6285529495864112,0.5,0.2352861081798686,0.5318446403649113,0.6238213568437894,0.5,0.23790720631786771,0.5333764509650407,0.6306634441910338,0.23790720631786771,0.5333764509650407,0.6306634441910338,29377,17395,17395,1739500,100.0,100.0,0.6174591779708862,0.6863410472869873,0.4652136564254761,0.8170700669288635,0.8748340606689453,0.7218232154846191,0.3869693875312805,0.05572388607725964,0.9228011999588464,17395,2683,17395,0,15.433457890198333,100.48590215505101,mean,geometric_mean,odvg_phrase_grounding,3.5,2.0,4.0,iou,0.25,0.25,2.0,True,False,False,True,True,0.1,0.25,0.05,0.25,128,5,True,True,0.05,10,0.3,10,0.0,0.5,1.0,10,True,5,12,0.0,0.1,3,odvg_appended_phrase,4.0,0.25,20,0.5,0.5,1.0,2.0,True,False
epoch,1784811976.2250247,208,630.7264832120854,2.4984401585853035e-05,2.4984401585853035e-05,2.4984401585853035e-05,2.498440158585304e-06,2.4984401585853035e-05,1.1419925689697266,12286,0.6549376249313354,0.9741138815879822,0.4870569407939911,0.00469423271715641,0.25506532192230225,0.0205170176923275,0.014092295430600643,0.05636918172240257,0.028021177276968956,0.028021177276968956,0.05636918172240257,0.014092295430600643,,,,,,,,,,,,,,,,,,,0.3307153582572937,0.1616281270980835,0.072178758579969,0.6657929672873336,19559,251421,29377,270980,0.5,0.18797018075365082,0.48463083364536885,0.6278040644041257,0.5,0.2347074241753753,0.5297341457602887,0.6212683391769072,0.5,0.2368519590155564,0.5322531231916124,0.6298464785376314,0.2368519590155564,0.5322531231916124,0.6298464785376314,29377,17395,17395,1739500,100.0,100.0,0.6174430847167969,0.6858985424041748,0.46693888306617737,0.817894697189331,0.8734384179115295,0.7203254103660583,0.3874119222164154,0.054532443078724735,0.9242947113985439,17395,2683,17395,0,15.578039666570854,100.96264853607863,mean,geometric_mean,odvg_phrase_grounding,3.5,2.0,4.0,iou,0.25,0.25,2.0,True,False,False,True,True,0.1,0.25,0.05,0.25,128,5,True,True,0.05,10,0.3,10,0.0,0.5,1.0,10,True,5,12,0.0,0.1,3,odvg_appended_phrase,4.0,0.25,20,0.5,0.5,1.0,2.0,True,False
epoch,1784812607.9945936,209,623.6958717859816,2.4580455859548933e-05,2.4580455859548933e-05,2.4580455859548933e-05,2.458045585954894e-06,2.4580455859548933e-05,1.141864538192749,12286,0.6532750725746155,0.9771764874458313,0.48858824372291565,0.004588168114423752,0.25235792994499207,0.021341532468795776,0.01390678621828556,0.05562714487314224,0.02845647931098938,0.02845647931098938,0.05562714487314224,0.01390678621828556,,,,,,,,,,,,,,,,,,,0.3300260901451111,0.1598440259695053,0.07104371110198773,0.6656227661095415,19554,255685,29377,275239,0.5,0.18718725533580693,0.48497123600095315,0.6258637709772952,0.5,0.23395853899308983,0.529529904346938,0.6196003676345441,0.5,0.23671579807332266,0.5318786806004697,0.6287571909997617,0.23671579807332266,0.5318786806004697,0.6287571909997617,29377,17395,17395,1739500,100.0,100.0,0.6172780394554138,0.685724675655365,0.46711060404777527,0.8164170980453491,0.8747659921646118,0.7229805588722229,0.3899649381637573,0.05735779276268138,0.9206648200165247,17395,2683,17395,0,15.822880137970682,98.04518604185432,mean,geometric_mean,odvg_phrase_grounding,3.5,2.0,4.0,iou,0.25,0.25,2.0,True,False,False,True,True,0.1,0.25,0.05,0.25,128,5,True,True,0.05,10,0.3,10,0.0,0.5,1.0,10,True,5,12,0.0,0.1,3,odvg_appended_phrase,4.0,0.25,20,0.5,0.5,1.0,2.0,True,False
epoch,1784813261.1103294,210,646.311170879053,2.4179571825884522e-05,2.4179571825884522e-05,2.4179571825884522e-05,2.4179571825884527e-06,2.4179571825884522e-05,1.1385877132415771,12286,0.6523013710975647,0.9725722074508667,0.48628610372543335,0.004598220810294151,0.2527860701084137,0.02104981429874897,0.013865998014807701,0.055463992059230804,0.02818751335144043,0.02818751335144043,0.055463992059230804,0.013865998014807701,1.5137165784835815,0.01728484034538269,0.5126761794090271,0.08822453022003174,0.04251183941960335,0.04251183941960335,,,0.09922957420349121,0.024807393550872803,0.0,0.0,0,0.45,True,True,1.0,2.0,1.0,2.0,0.3306649625301361,0.15931567549705505,0.07196230002284401,0.6648398406916975,19531,251875,29377,271406,0.5,0.18786806004697554,0.48582224188991385,0.6289273921775539,0.5,0.23423086087755726,0.5313680770670933,0.6231065118970623,0.5,0.23549034959321918,0.5342614970895598,0.631786771964462,0.23549034959321918,0.5342614970895598,0.631786771964462,29377,17395,17395,1739500,100.0,100.0,0.6179565191268921,0.6859269738197327,0.4691551625728607,0.8175033926963806,0.8770807385444641,0.7237634658813477,0.3847227394580841,0.05892362518965011,0.9185871794207005,17395,2683,17395,0,15.60252946248922,124.957219527103,mean,geometric_mean,odvg_phrase_grounding,3.5,2.0,4.0,iou,0.25,0.25,2.0,True,False,False,True,True,0.1,0.25,0.05,0.25,128,5,True,True,0.05,10,0.3,10,0.0,0.5,1.0,10,True,5,12,0.0,0.1,3,odvg_appended_phrase,4.0,0.25,20,0.5,0.5,1.0,2.0,True,False
epoch,1784813900.0936387,211,630.4097219440155,2.3781793446311605e-05,2.3781793446311605e-05,2.3781793446311605e-05,2.3781793446311615e-06,2.3781793446311605e-05,1.1374948024749756,12286,0.6506137847900391,0.9737610816955566,0.4868805408477783,0.004643403925001621,0.2529289126396179,0.020633310079574585,0.013648047111928463,0.05459218844771385,0.028053708374500275,0.028053708374500275,0.05459218844771385,0.013648047111928463,,,,,,,,,,,,,,,,,,,0.33186864852905273,0.16045643389225006,0.07339418602036916,0.6667460938829697,19587,247287,29377,266874,0.5,0.1882084624025598,0.4887156619123804,0.6307996051332675,0.5,0.2325628893351942,0.5325254450760799,0.6255233686217109,0.5,0.23583075194880349,0.5368485549920006,0.633761105626851,0.23583075194880349,0.5368485549920006,0.633761105626851,29377,17395,17395,1739500,100.0,100.0,0.6184132099151611,0.6864908337593079,0.46964165568351746,0.8177861571311951,0.8761616349220276,0.7263505458831787,0.3891820013523102,0.05960445200020903,0.9179398262477586,17395,2683,17395,0,15.341994826099453,103.02313217218034,mean,geometric_mean,odvg_phrase_grounding,3.5,2.0,4.0,iou,0.25,0.25,2.0,True,False,False,True,True,0.1,0.25,0.05,0.25,128,5,True,True,0.05,10,0.3,10,0.0,0.5,1.0,10,True,5,12,0.0,0.1,3,odvg_appended_phrase,4.0,0.25,20,0.5,0.5,1.0,2.0,True,False
epoch,1784814531.8835943,212,624.5386934280396,2.338716434171207e-05,2.338716434171207e-05,2.338716434171207e-05,2.338716434171207e-06,2.338716434171207e-05,1.1335889101028442,12286,0.6481284499168396,0.970920979976654,0.485460489988327,0.004619157873094082,0.25339165329933167,0.019921137019991875,0.013456330634653568,0.05382532253861427,0.027914753183722496,0.027914753183722496,0.05382532253861427,0.013456330634653568,,,,,,,,,,,,,,,,,,,0.3320298194885254,0.16081447899341583,0.07425130628000273,0.6665758927051775,19582,244144,29377,263726,0.5,0.18814038193144297,0.488919903325731,0.6304592027776832,0.5,0.23283521121966164,0.5346359396807026,0.6261360928617626,0.5,0.23841780985124417,0.5370527964053511,0.6329781802090071,0.23841780985124417,0.5370527964053511,0.6329781802090071,29377,17395,17395,1739500,100.0,100.0,0.617684006690979,0.6846852898597717,0.4664386808872223,0.8172956705093384,0.8745617270469666,0.7226401567459106,0.38588011264801025,0.05606426404073317,0.9224174528396073,17395,2683,17395,0,15.161023282552458,102.65184466191567,mean,geometric_mean,odvg_phrase_grounding,3.5,2.0,4.0,iou,0.25,0.25,2.0,True,False,False,True,True,0.1,0.25,0.05,0.25,128,5,True,True,0.05,10,0.3,10,0.0,0.5,1.0,10,True,5,12,0.0,0.1,3,odvg_appended_phrase,4.0,0.25,20,0.5,0.5,1.0,2.0,True,False
epoch,1784815170.0899532,213,628.4847750121262,2.2995727787614306e-05,2.2995727787614306e-05,2.2995727787614306e-05,2.2995727787614302e-06,2.2995727787614306e-05,1.1324642896652222,12286,0.645269513130188,0.974389374256134,0.487194687128067,0.0045557585544884205,0.25048792362213135,0.02054416388273239,0.013614917173981667,0.054459668695926666,0.02820827253162861,0.02820827253162861,0.054459668695926666,0.013614917173981667,,,,,,,,,,,,,,,,,,,0.33307328820228577,0.16136740148067474,0.07401825778668605,0.6687544677809171,19646,245775,29377,265421,0.5,0.18776593934030023,0.4883752595567961,0.631310208666644,0.5,0.23307349286857065,0.5348061408584948,0.6268509378084897,0.5,0.2372264016066991,0.5368485549920006,0.633931306804643,0.2372264016066991,0.5368485549920006,0.633931306804643,29377,17395,17395,1739500,100.0,100.0,0.62007737159729,0.6872686743736267,0.4739881455898285,0.8170316815376282,0.8770126104354858,0.728290855884552,0.3908499777317047,0.05953638810363493,0.9182519077061259,17395,2683,17395,0,15.258465076171314,105.34429233311675,mean,geometric_mean,odvg_phrase_grounding,3.5,2.0,4.0,iou,0.25,0.25,2.0,True,False,False,True,True,0.1,0.25,0.05,0.25,128,5,True,True,0.05,10,0.3,10,0.0,0.5,1.0,10,True,5,12,0.0,0.1,3,odvg_appended_phrase,4.0,0.25,20,0.5,0.5,1.0,2.0,True,False
epoch,1784815803.774608,214,626.6642596779857,2.2607526709447564e-05,2.2607526709447564e-05,2.2607526709447564e-05,2.260752670944756e-06,2.2607526709447564e-05,1.1315571069717407,12286,0.6460556983947754,0.971003532409668,0.485501766204834,0.0046226694248616695,0.25255411863327026,0.019936516880989075,0.013641131110489368,0.054564524441957474,0.027622822672128677,0.027622822672128677,0.054564524441957474,0.013641131110489368,,,,,,,,,,,,,,,,,,,0.332983136177063,0.16129343211650848,0.07557968774153656,0.6657248868162168,19557,239203,29377,258760,0.5,0.18827654287367668,0.4870817306055758,0.6303570820710079,0.5,0.23181400415290873,0.5339891752050924,0.6270551792218402,0.5,0.23736256254893284,0.5359635088674813,0.6328079790312149,0.23736256254893284,0.5359635088674813,0.6328079790312149,29377,17395,17395,1739500,100.0,100.0,0.6181027293205261,0.6870627403259277,0.47030970454216003,0.8178722858428955,0.87364262342453,0.7247846722602844,0.38649284839630127,0.05905978544406765,0.9185140253312943,17395,2683,17395,0,14.875538947973556,100.13778523611836,mean,geometric_mean,odvg_phrase_grounding,3.5,2.0,4.0,iou,0.25,0.25,2.0,True,False,False,True,True,0.1,0.25,0.05,0.25,128,5,True,True,0.05,10,0.3,10,0.0,0.5,1.0,10,True,5,12,0.0,0.1,3,odvg_appended_phrase,4.0,0.25,20,0.5,0.5,1.0,2.0,True,False
epoch,1784816457.3174465,215,646.2861006180756,2.2222603677834668e-05,2.2222603677834668e-05,2.2222603677834668e-05,2.222260367783467e-06,2.2222603677834668e-05,1.125043272972107,12286,0.6418951749801636,0.9662953019142151,0.48314765095710754,0.004576337989419699,0.25162044167518616,0.019525453448295593,0.013368340209126472,0.05347336083650589,0.027487585321068764,0.027487585321068764,0.05347336083650589,0.013368340209126472,1.527337908744812,0.017559949308633804,0.5179437398910522,0.08917582035064697,0.041950177401304245,0.041950177401304245,,,0.09829635918140411,0.02457408979535103,0.0,0.0,0,0.45,True,True,1.0,2.0,1.0,2.0,0.3324374854564667,0.16254177689552307,0.07592988456605387,0.6650100418694898,19536,237754,29377,257290,0.5,0.18827654287367668,0.4906219151036525,0.6312080879599686,0.5,0.2332436940463628,0.5370868366409095,0.6279742655819178,0.5,0.23790720631786771,0.5391973312455323,0.6340334275113184,0.23790720631786771,0.5391973312455323,0.6340334275113184,29377,17395,17395,1739500,100.0,100.0,0.6187154650688171,0.688811719417572,0.4669480621814728,0.8178040981292725,0.8739149570465088,0.7228784561157227,0.3901691734790802,0.0578684142462329,0.9199472418127108,17395,2683,17395,0,14.791031905720034,125.57798811397515,mean,geometric_mean,odvg_phrase_grounding,3.5,2.0,4.0,iou,0.25,0.25,2.0,True,False,False,True,True,0.1,0.25,0.05,0.25,128,5,True,True,0.05,10,0.3,10,0.0,0.5,1.0,10,True,5,12,0.0,0.1,3,odvg_appended_phrase,4.0,0.25,20,0.5,0.5,1.0,2.0,True,False
epoch,1784817095.9107053,216,624.4507522969507,2.184100090392377e-05,2.184100090392377e-05,2.184100090392377e-05,2.184100090392378e-06,2.184100090392377e-05,1.125113844871521,12286,0.6418355703353882,0.9665564298629761,0.48327821493148804,0.004540458787232637,0.25114595890045166,0.01972607523202896,0.013322952203452587,0.05329180881381035,0.0276335496455431,0.0276335496455431,0.05329180881381035,0.013322952203452587,,,,,,,,,,,,,,,,,,,0.33364051580429077,0.1633475422859192,0.075108251696711,0.6660312489362427,19566,240938,29377,260504,0.5,0.18793614051809238,0.4901453518058345,0.6322633352622801,0.5,0.23419682064199884,0.5355209858052218,0.6290295128842291,0.5,0.23729448207781598,0.5373251182898185,0.6348844334002791,0.23729448207781598,0.5373251182898185,0.6348844334002791,29377,17395,17395,1739500,100.0,100.0,0.6194503903388977,0.6888706684112549,0.46552035212516785,0.8196412324905396,0.874119222164154,0.7243762016296387,0.3933689594268799,0.05834495269339601,0.9194549012486376,17395,2683,17395,0,14.975797643000861,103.70811903406866,mean,geometric_mean,odvg_phrase_grounding,3.5,2.0,4.0,iou,0.25,0.25,2.0,True,False,False,True,True,0.1,0.25,0.05,0.25,128,5,True,True,0.05,10,0.3,10,0.0,0.5,1.0,10,True,5,12,0.0,0.1,3,odvg_appended_phrase,4.0,0.25,20,0.5,0.5,1.0,2.0,True,False
epoch,1784817737.0206335,217,626.2608691689093,2.1462760234759265e-05,2.1462760234759265e-05,2.1462760234759265e-05,2.1462760234759275e-06,2.1462760234759265e-05,1.1178438663482666,12286,0.6370999813079834,0.9614891409873962,0.4807445704936981,0.004471295513212681,0.24790963530540466,0.020106133073568344,0.013425284996628761,0.053701139986515045,0.027800971642136574,0.027800971642136574,0.053701139986515045,0.013425284996628761,,,,,,,,,,,,,,,,,,,0.3332878351211548,0.1628054529428482,0.07460640788897561,0.6670184157674371,19595,243050,29377,262645,0.5,0.18800422098920924,0.4876944548456275,0.6327739387956565,0.5,0.23491166558872587,0.5349423018007284,0.627191340164074,0.5,0.23695407972223168,0.5365762331075331,0.6347823126936039,0.23695407972223168,0.5365762331075331,0.6347823126936039,29377,17395,17395,1739500,100.0,100.0,0.617918848991394,0.6869409680366516,0.46568071842193604,0.8189804553985596,0.872893750667572,0.7247166037559509,0.38863736391067505,0.05769818798851378,0.9203851716802341,17395,2683,17395,0,15.098878988215004,102.0474509820342,mean,geometric_mean,odvg_phrase_grounding,3.5,2.0,4.0,iou,0.25,0.25,2.0,True,False,False,True,True,0.1,0.25,0.05,0.25,128,5,True,True,0.05,10,0.3,10,0.0,0.5,1.0,10,True,5,12,0.0,0.1,3,odvg_appended_phrase,4.0,0.25,20,0.5,0.5,1.0,2.0,True,False
epoch,1784818380.4856994,218,636.5445153408218,2.108792314869293e-05,2.108792314869293e-05,2.108792314869293e-05,2.108792314869293e-06,2.108792314869293e-05,1.11057448387146,12286,0.6338123679161072,0.9535250663757324,0.4767625331878662,0.004435569513589144,0.2463395744562149,0.020099634304642677,0.013370893895626068,0.05348357558250427,0.027780909091234207,0.027780909091234207,0.05348357558250427,0.013370893895626068,,,,,,,,,,,,,,,,,,,0.33284297585487366,0.16243858635425568,0.07415459669110963,0.6664397317629438,19578,244438,29377,264016,0.5,0.18814038193144297,0.48793273649453656,0.630595363719917,0.5,0.23433298158423257,0.5318446403649113,0.6268168975729312,0.5,0.23770296490451714,0.5357592674541308,0.6335568642135003,0.23770296490451714,0.5357592674541308,0.6335568642135003,29377,17395,17395,1739500,100.0,100.0,0.6191494464874268,0.6877742409706116,0.46748971939086914,0.8196290731430054,0.8768424391746521,0.7252272367477417,0.3879905939102173,0.0587875049847979,0.918939193116314,17395,2683,17395,0,15.177694739867778,105.32642451301217,mean,geometric_mean,odvg_phrase_grounding,3.5,2.0,4.0,iou,0.25,0.25,2.0,True,False,False,True,True,0.1,0.25,0.05,0.25,128,5,True,True,0.05,10,0.3,10,0.0,0.5,1.0,10,True,5,12,0.0,0.1,3,odvg_appended_phrase,4.0,0.25,20,0.5,0.5,1.0,2.0,True,False
epoch,1784819007.6104064,219,619.352576764999,2.071653075083526e-05,2.071653075083526e-05,2.071653075083526e-05,2.0716530750835252e-06,2.071653075083526e-05,1.1127055883407593,12286,0.6321722269058228,0.9610687494277954,0.4805343747138977,0.0044100601226091385,0.2444116771221161,0.02064630575478077,0.013444849289953709,0.053779397159814835,0.027845431119203568,0.027845431119203568,0.053779397159814835,0.013444849289953709,,,,,,,,,,,,,,,,,,,0.33289963006973267,0.1629331409931183,0.07403348323948453,0.6668482145896449,19590,245020,29377,264610,0.5,0.18701705415801478,0.4880008169656534,0.6305613234843586,0.5,0.23593287265547877,0.5340232154406509,0.6282465874663853,0.5,0.2385539707934779,0.5370187561697927,0.6327058583245396,0.2385539707934779,0.5370187561697927,0.6327058583245396,29377,17395,17395,1739500,100.0,100.0,0.619407057762146,0.6868395805358887,0.46883609890937805,0.8200890421867371,0.8749361634254456,0.7237634658813477,0.3892160654067993,0.05691525129170272,0.9213620830910616,17395,2683,17395,0,15.211842483472262,96.71789217810147,mean,geometric_mean,odvg_phrase_grounding,3.5,2.0,4.0,iou,0.25,0.25,2.0,True,False,False,True,True,0.1,0.25,0.05,0.25,128,5,True,True,0.05,10,0.3,10,0.0,0.5,1.0,10,True,5,12,0.0,0.1,3,odvg_appended_phrase,4.0,0.25,20,0.5,0.5,1.0,2.0,True,False
epoch,1784819638.1996567,220,623.8740135559347,2.0348623768547884e-05,2.0348623768547884e-05,2.0348623768547884e-05,2.0348623768547897e-06,2.0348623768547884e-05,1.106698989868164,12286,0.63080233335495,0.9517926573753357,0.47589632868766785,0.004441661294549704,0.24620670080184937,0.019642222672700882,0.01317843422293663,0.05271373689174652,0.02748773992061615,0.02748773992061615,0.05271373689174652,0.01317843422293663,1.5377591848373413,0.017450060695409775,0.5182026624679565,0.09157160669565201,0.04234737157821655,0.04234737157821655,,,0.09847152978181839,0.024617882445454597,0.0,0.0,0,0.45,True,True,1.0,2.0,1.0,2.0,0.3315703272819519,0.1614733636379242,0.07554547041368476,0.6629676277359839,19476,238329,29377,257805,0.5,0.18810634169588453,0.4886475814412636,0.6305613234843586,0.5,0.23450318276202473,0.5318446403649113,0.6269190182796065,0.5,0.23773700514007556,0.5370868366409095,0.6326718180889812,0.23773700514007556,0.5370868366409095,0.6326718180889812,29377,17395,17395,1739500,100.0,100.0,0.6178314685821533,0.6869863867759705,0.4671848714351654,0.8174346089363098,0.8739149570465088,0.7222657203674316,0.38543757796287537,0.059298092631447696,0.9178998934058763,17395,2683,17395,0,14.82063811440069,115.24699624581262,mean,geometric_mean,odvg_phrase_grounding,3.5,2.0,4.0,iou,0.25,0.25,2.0,True,False,False,True,True,0.1,0.25,0.05,0.25,128,5,True,True,0.05,10,0.3,10,0.0,0.5,1.0,10,True,5,12,0.0,0.1,3,odvg_appended_phrase,4.0,0.25,20,0.5,0.5,1.0,2.0,True,False
epoch,1784820249.094701,221,604.1055186581798,1.9984242546977393e-05,1.9984242546977393e-05,1.9984242546977393e-05,1.9984242546977403e-06,1.9984242546977393e-05,1.1023346185684204,12286,0.6266264915466309,0.951415479183197,0.4757077395915985,0.004396275617182255,0.24384081363677979,0.019714144989848137,0.013302973471581936,0.053211893886327744,0.027648653835058212,0.027648653835058212,0.053211893886327744,0.013302973471581936,,,,,,,,,,,,,,,,,,,0.3329436182975769,0.16238626837730408,0.0756854712239548,0.6653504442250741,19546,238707,29377,258253,0.5,0.18762977839806652,0.48997515062804237,0.6303911223065664,0.5,0.23375429757973926,0.5340572556762093,0.6253872076794772,0.5,0.23838376961568575,0.5379718827654287,0.6320931340844879,0.23838376961568575,0.5379718827654287,0.6320931340844879,29377,17395,17395,1739500,100.0,100.0,0.618198573589325,0.6876962184906006,0.46730315685272217,0.8188990950584412,0.8753446340560913,0.7230486273765564,0.38782039284706116,0.05769818315148234,0.9202015176201507,17395,2683,17395,0,14.846392641563668,96.79344606911764,mean,geometric_mean,odvg_phrase_grounding,3.5,2.0,4.0,iou,0.25,0.25,2.0,True,False,False,True,True,0.1,0.25,0.05,0.25,128,5,True,True,0.05,10,0.3,10,0.0,0.5,1.0,10,True,5,12,0.0,0.1,3,odvg_appended_phrase,4.0,0.25,20,0.5,0.5,1.0,2.0,True,False
epoch,1784820868.6360507,222,612.8436546700541,1.9623427044630884e-05,1.9623427044630884e-05,1.9623427044630884e-05,1.9623427044630887e-06,1.9623427044630884e-05,1.0984408855438232,12286,0.6239904761314392,0.9488985538482666,0.4744492769241333,0.00434299698099494,0.24206764996051788,0.01992500014603138,0.013202331960201263,0.052809327840805054,0.027729788795113564,0.027729788795113564,0.052809327840805054,0.013202331960201263,,,,,,,,,,,,,,,,,,,0.33166059851646423,0.1611584722995758,0.0756287492661838,0.6621847023181401,19453,237764,29377,257217,0.5,0.18698301392245634,0.48786465602341966,0.6275998229907751,0.5,0.23351601593083024,0.5328658474316642,0.6239234775504646,0.5,0.23797528678898458,0.5358613881608061,0.6293699152398134,0.23797528678898458,0.5358613881608061,0.6293699152398134,29377,17395,17395,1739500,100.0,100.0,0.6169895529747009,0.6859116554260254,0.4643763303756714,0.8178660869598389,0.8744936585426331,0.7230826616287231,0.3877863585948944,0.06089795931058306,0.9157800863688086,17395,2683,17395,0,14.786835297499282,98.07773437397555,mean,geometric_mean,odvg_phrase_grounding,3.5,2.0,4.0,iou,0.25,0.25,2.0,True,False,False,True,True,0.1,0.25,0.05,0.25,128,5,True,True,0.05,10,0.3,10,0.0,0.5,1.0,10,True,5,12,0.0,0.1,3,odvg_appended_phrase,4.0,0.25,20,0.5,0.5,1.0,2.0,True,False
epoch,1784821484.9514594,223,609.5138921679463,1.9266216828994255e-05,1.9266216828994255e-05,1.9266216828994255e-05,1.926621682899426e-06,1.9266216828994255e-05,1.0927351713180542,12286,0.6198136806488037,0.9458404183387756,0.4729202091693878,0.004325311165302992,0.2408711016178131,0.01961957849562168,0.012917102314531803,0.05166840925812721,0.02766592614352703,0.02766592614352703,0.05166840925812721,0.012917102314531803,,,,,,,,,,,,,,,,,,,0.3318689167499542,0.16170530021190643,0.07646758148861715,0.6620145011403479,19448,234882,29377,254330,0.5,0.18790210028253396,0.48786465602341966,0.6294039554753719,0.5,0.23327773428192122,0.5340572556762093,0.624978724852776,0.5,0.23664771760220582,0.5363039112230656,0.6310038465466181,0.23664771760220582,0.5363039112230656,0.6310038465466181,29377,17395,17395,1739500,100.0,100.0,0.617656946182251,0.6857897639274597,0.4646765887737274,0.8193201422691345,0.8746978640556335,0.7239336967468262,0.38662898540496826,0.061919195606478294,0.9144684162586609,17395,2683,17395,0,14.620868065536074,97.19987226906233,mean,geometric_mean,odvg_phrase_grounding,3.5,2.0,4.0,iou,0.25,0.25,2.0,True,False,False,True,True,0.1,0.25,0.05,0.25,128,5,True,True,0.05,10,0.3,10,0.0,0.5,1.0,10,True,5,12,0.0,0.1,3,odvg_appended_phrase,4.0,0.25,20,0.5,0.5,1.0,2.0,True,False
epoch,1784822094.5410898,224,602.6440759480465,1.8912651072193037e-05,1.8912651072193037e-05,1.8912651072193037e-05,1.891265107219305e-06,1.8912651072193037e-05,1.0923601388931274,12286,0.6206566691398621,0.9434103965759277,0.47170519828796387,0.004298101644963026,0.24102428555488586,0.01981659233570099,0.013130951672792435,0.05252380669116974,0.027524996548891068,0.027524996548891068,0.05252380669116974,0.013130951672792435,,,,,,,,,,,,,,,,,,,0.3329140245914459,0.16133902966976166,0.0757737542856921,0.6642951969227627,19515,238028,29377,257543,0.5,0.1882084624025598,0.487966776730095,0.6311740477244102,0.5,0.23480954488205058,0.5341593763828846,0.6257276100350614,0.5,0.23760084419784186,0.5367804745208837,0.6337270653912925,0.23760084419784186,0.5367804745208837,0.6337270653912925,29377,17395,17395,1739500,100.0,100.0,0.6170744895935059,0.6862410306930542,0.4662306308746338,0.8186631202697754,0.873132050037384,0.7224018573760986,0.3876161575317383,0.0581066604533359,0.9195646303230859,17395,2683,17395,0,14.805576315033056,95.99039298691787,mean,geometric_mean,odvg_phrase_grounding,3.5,2.0,4.0,iou,0.25,0.25,2.0,True,False,False,True,True,0.1,0.25,0.05,0.25,128,5,True,True,0.05,10,0.3,10,0.0,0.5,1.0,10,True,5,12,0.0,0.1,3,odvg_appended_phrase,4.0,0.25,20,0.5,0.5,1.0,2.0,True,False
epoch,1784822727.8580616,225,626.5985722530168,1.8562768546696745e-05,1.8562768546696745e-05,1.8562768546696745e-05,1.8562768546696749e-06,1.8562768546696745e-05,1.0879067182540894,12286,0.619878351688385,0.9363570213317871,0.46802863478660583,0.004347846377640963,0.24178633093833923,0.019388291984796524,0.0127484779804945,0.050993911921978,0.02730722911655903,0.02730722911655903,0.050993911921978,0.0127484779804945,1.560131311416626,0.017964687198400497,0.523526132106781,0.09423065930604935,0.042599279433488846,0.042599279433488846,,,0.09604687243700027,0.02401171810925007,0.0,0.0,0,0.45,True,True,1.0,2.0,1.0,2.0,0.33115142583847046,0.16064316034317017,0.07649565754626769,0.661708139020322,19439,234680,29377,254119,0.5,0.18756169792694966,0.48660516730775777,0.6291316335909044,0.5,0.23535418865098545,0.5336828130850666,0.623787316608231,0.5,0.23715832113558225,0.53664431357865,0.6315825305511115,0.23715832113558225,0.53664431357865,0.6315825305511115,29377,17395,17395,1739500,100.0,100.0,0.6156865358352661,0.6852477192878723,0.46221256256103516,0.8179540038108826,0.8725873827934265,0.7192021012306213,0.3854716420173645,0.05749396221029934,0.9200586843226377,17395,2683,17395,0,14.608738143144581,114.86157765891403,mean,geometric_mean,odvg_phrase_grounding,3.5,2.0,4.0,iou,0.25,0.25,2.0,True,False,False,True,True,0.1,0.25,0.05,0.25,128,5,True,True,0.05,10,0.3,10,0.0,0.5,1.0,10,True,5,12,0.0,0.1,3,odvg_appended_phrase,4.0,0.25,20,0.5,0.5,1.0,2.0,True,False
epoch,1784823337.7317235,226,602.7522444969509,1.8216607621067153e-05,1.8216607621067153e-05,1.8216607621067153e-05,1.8216607621067156e-06,1.8216607621067153e-05,1.0799342393875122,12286,0.6156625747680664,0.9297332763671875,0.4642709791660309,0.004321188200265169,0.23999492824077606,0.019210532307624817,0.012920512817800045,0.05168205127120018,0.02730308473110199,0.02730308473110199,0.05168205127120018,0.012920512817800045,,,,,,,,,,,,,,,,,,,0.3318083584308624,0.1615103781223297,0.07647806063656994,0.661946420669231,19446,234823,29377,254269,0.5,0.18722129557136535,0.4862988051877319,0.6290295128842291,0.5,0.23487762535316745,0.5309255540048338,0.6245362017905164,0.5,0.23692003948667326,0.5347040201518195,0.6307996051332675,0.23692003948667326,0.5347040201518195,0.6307996051332675,29377,17395,17395,1739500,100.0,100.0,0.6166518330574036,0.6856454610824585,0.4672226309776306,0.8167645931243896,0.8738468885421753,0.7200190424919128,0.3842121362686157,0.0580726218226818,0.9193457139387614,17395,2683,17395,0,14.617361310721472,96.1097255249042,mean,geometric_mean,odvg_phrase_grounding,3.5,2.0,4.0,iou,0.25,0.25,2.0,True,False,False,True,True,0.1,0.25,0.05,0.25,128,5,True,True,0.05,10,0.3,10,0.0,0.5,1.0,10,True,5,12,0.0,0.1,3,odvg_appended_phrase,4.0,0.25,20,0.5,0.5,1.0,2.0,True,False
epoch,1784823948.0757577,227,603.5361667568795,1.7874206255750623e-05,1.7874206255750623e-05,1.7874206255750623e-05,1.787420625575064e-06,1.7874206255750623e-05,1.0765589475631714,12286,0.6143068075180054,0.927174985408783,0.46225225925445557,0.004248658195137978,0.2382475584745407,0.019718416035175323,0.012949774041771889,0.051799096167087555,0.02747759222984314,0.02747759222984314,0.051799096167087555,0.012949774041771889,,,,,,,,,,,,,,,,,,,0.33214956521987915,0.16064128279685974,0.07450842347323353,0.6628655070293087,19473,241880,29377,261353,0.5,0.18752765769139124,0.487728495081186,0.6288933519419955,0.5,0.23480954488205058,0.5329679681383395,0.6252850869728018,0.5,0.2391326547979712,0.5357252272185723,0.6312421281955272,0.2391326547979712,0.5357252272185723,0.6312421281955272,29377,17395,17395,1739500,100.0,100.0,0.617175817489624,0.6854355931282043,0.46281152963638306,0.81655353307724,0.8758212327957153,0.7195425033569336,0.38645878434181213,0.05667699632762491,0.9212318993482587,17395,2683,17395,0,15.024604771486059,97.58840692299418,mean,geometric_mean,odvg_phrase_grounding,3.5,2.0,4.0,iou,0.25,0.25,2.0,True,False,False,True,True,0.1,0.25,0.05,0.25,128,5,True,True,0.05,10,0.3,10,0.0,0.5,1.0,10,True,5,12,0.0,0.1,3,odvg_appended_phrase,4.0,0.25,20,0.5,0.5,1.0,2.0,True,False
epoch,1784824558.6189082,228,603.7967818139587,1.7535601998915385e-05,1.7535601998915385e-05,1.7535601998915385e-05,1.7535601998915392e-06,1.7535601998915385e-05,1.0741103887557983,12286,0.6117653250694275,0.9294452667236328,0.4623457193374634,0.0041983905248343945,0.23662932217121124,0.019857831299304962,0.012985597364604473,0.05194238945841789,0.027578091248869896,0.027578091248869896,0.05194238945841789,0.012985597364604473,,,,,,,,,,,,,,,,,,,0.3339497447013855,0.161171093583107,0.0733904405898503,0.6669843755318787,19594,247389,29377,266983,0.5,0.18800422098920924,0.4887837423834973,0.6316506110222283,0.5,0.23695407972223168,0.5354188650985465,0.6275998229907751,0.5,0.2395751778602308,0.5372229975831433,0.6341015079824353,0.2395751778602308,0.5372229975831433,0.6341015079824353,29377,17395,17395,1739500,100.0,100.0,0.6188174486160278,0.6861820220947266,0.4672226309776306,0.8167986273765564,0.8771828413009644,0.7235932946205139,0.38768425583839417,0.05660891908863519,0.9217669379892146,17395,2683,17395,0,15.348260994538661,97.99105903599411,mean,geometric_mean,odvg_phrase_grounding,3.5,2.0,4.0,iou,0.25,0.25,2.0,True,False,False,True,True,0.1,0.25,0.05,0.25,128,5,True,True,0.05,10,0.3,10,0.0,0.5,1.0,10,True,5,12,0.0,0.1,3,odvg_appended_phrase,4.0,0.25,20,0.5,0.5,1.0,2.0,True,False
epoch,1784825170.1720867,229,604.8089006850496,1.7200831982333936e-05,1.7200831982333936e-05,1.7200831982333936e-05,1.7200831982333932e-06,1.7200831982333936e-05,1.0699282884597778,12286,0.61103355884552,0.9251704216003418,0.4588935077190399,0.004211815539747477,0.23685793578624725,0.019632259383797646,0.012913396582007408,0.05165358632802963,0.02749641425907612,0.02749641425907612,0.05165358632802963,0.012913396582007408,,,,,,,,,,,,,,,,,,,0.3320719599723816,0.15970878303050995,0.0739500128832775,0.6643292371583212,19516,244392,29377,263908,0.5,0.18742553698471592,0.4886475814412636,0.6294379957109303,0.5,0.23535418865098545,0.5342274568540014,0.6250808455594513,0.5,0.2372264016066991,0.5375633999387276,0.6317186914933451,0.2372264016066991,0.5375633999387276,0.6317186914933451,29377,17395,17395,1739500,100.0,100.0,0.6187404990196228,0.6862369775772095,0.46879300475120544,0.8179828524589539,0.8759233355522156,0.7235592603683472,0.3877863585948944,0.05923002321002602,0.918140743330583,17395,2683,17395,0,15.171486059212418,96.56734711397439,mean,geometric_mean,odvg_phrase_grounding,3.5,2.0,4.0,iou,0.25,0.25,2.0,True,False,False,True,True,0.1,0.25,0.05,0.25,128,5,True,True,0.05,10,0.3,10,0.0,0.5,1.0,10,True,5,12,0.0,0.1,3,odvg_appended_phrase,4.0,0.25,20,0.5,0.5,1.0,2.0,True,False
epoch,1784825800.482622,230,623.4561415209901,1.6869932917311074e-05,1.6869932917311074e-05,1.6869932917311074e-05,1.6869932917311068e-06,1.6869932917311074e-05,1.0672495365142822,12286,0.6095110774040222,0.9261052012443542,0.45773884654045105,0.004250731319189072,0.23657256364822388,0.019489198923110962,0.012795545160770416,0.051182180643081665,0.02729274518787861,0.02729274518787861,0.051182180643081665,0.012795545160770416,1.5680828094482422,0.01783277839422226,0.5236550569534302,0.09572213143110275,0.04319782555103302,0.04319782555103302,,,0.10159006714820862,0.025397516787052155,0.0,0.0,0,0.45,True,True,1.0,2.0,1.0,2.0,0.33181238174438477,0.15937533974647522,0.07463544340656393,0.6631037886782176,19480,241522,29377,261002,0.5,0.1882084624025598,0.4880688974367703,0.6273615413418661,0.5,0.23613711406882937,0.533002008373898,0.6236511556659972,0.5,0.23790720631786771,0.5369506756986758,0.6299826394798652,0.23790720631786771,0.5369506756986758,0.6299826394798652,29377,17395,17395,1739500,100.0,100.0,0.6193617582321167,0.6868062615394592,0.4697713851928711,0.8170287609100342,0.8765360713005066,0.7256697416305542,0.3888075649738312,0.06256595295233658,0.9137817806599554,17395,2683,17395,0,15.004426559356137,115.20168463001028,mean,geometric_mean,odvg_phrase_grounding,3.5,2.0,4.0,iou,0.25,0.25,2.0,True,False,False,True,True,0.1,0.25,0.05,0.25,128,5,True,True,0.05,10,0.3,10,0.0,0.5,1.0,10,True,5,12,0.0,0.1,3,odvg_appended_phrase,4.0,0.25,20,0.5,0.5,1.0,2.0,True,False
epoch,1784826411.634128,231,603.2485869789962,1.6542941090658193e-05,1.6542941090658193e-05,1.6542941090658193e-05,1.6542941090658196e-06,1.6542941090658193e-05,1.0635507106781006,12286,0.6062297224998474,0.9291272163391113,0.45732155442237854,0.004181197378784418,0.23526886105537415,0.01935030333697796,0.012755184434354305,0.05102073773741722,0.02740141563117504,0.02740141563117504,0.05102073773741722,0.012755184434354305,,,,,,,,,,,,,,,,,,,0.3338328003883362,0.16099640727043152,0.07440210550406225,0.6639888348027368,19506,242664,29377,262170,0.5,0.1885148245225857,0.4892603056813153,0.6287231507642033,0.5,0.23634135548217994,0.5346018994451441,0.6259658916839704,0.5,0.23899649385573749,0.537359158525377,0.6311059672532934,0.23899649385573749,0.537359158525377,0.6311059672532934,29377,17395,17395,1739500,100.0,100.0,0.6190889477729797,0.6884183883666992,0.4657769799232483,0.8180024027824402,0.8770126104354858,0.7241379022598267,0.38833099603652954,0.06014906745708981,0.9169369987824393,17395,2683,17395,0,15.071572290888186,96.38015819620341,mean,geometric_mean,odvg_phrase_grounding,3.5,2.0,4.0,iou,0.25,0.25,2.0,True,False,False,True,True,0.1,0.25,0.05,0.25,128,5,True,True,0.05,10,0.3,10,0.0,0.5,1.0,10,True,5,12,0.0,0.1,3,odvg_appended_phrase,4.0,0.25,20,0.5,0.5,1.0,2.0,True,False
epoch,1784827024.4589257,232,605.9001554341521,1.621989236071393e-05,1.621989236071393e-05,1.621989236071393e-05,1.6219892360713932e-06,1.621989236071393e-05,1.0572028160095215,12286,0.6050383448600769,0.9230831265449524,0.4521642327308655,0.004173959139734507,0.23448732495307922,0.019450809806585312,0.012817185372114182,0.051268741488456726,0.027371246367692947,0.027371246367692947,0.051268741488456726,0.012817185372114182,,,,,,,,,,,,,,,,,,,0.33350539207458496,0.16065457463264465,0.07424580707596412,0.6633420703271267,19487,242979,29377,262466,0.5,0.1878340198114171,0.4859584028321476,0.6277019436974504,0.5,0.23457126323314156,0.5322871634271709,0.6251829662661266,0.5,0.23749872349116655,0.5353848248629881,0.6303230418354495,0.23749872349116655,0.5353848248629881,0.6303230418354495,29377,17395,17395,1739500,100.0,100.0,0.6174420714378357,0.6875860095024109,0.4624539911746979,0.8180024027824402,0.8763318061828613,0.7215508818626404,0.38676515221595764,0.058208811535513716,0.919328195698062,17395,2683,17395,0,15.088588674906582,98.15525851515122,mean,geometric_mean,odvg_phrase_grounding,3.5,2.0,4.0,iou,0.25,0.25,2.0,True,False,False,True,True,0.1,0.25,0.05,0.25,128,5,True,True,0.05,10,0.3,10,0.0,0.5,1.0,10,True,5,12,0.0,0.1,3,odvg_appended_phrase,4.0,0.25,20,0.5,0.5,1.0,2.0,True,False
epoch,1784827635.7414093,233,604.3343415360432,1.5900822153411994e-05,1.5900822153411994e-05,1.5900822153411994e-05,1.590082215341199e-06,1.5900822153411994e-05,1.0533013343811035,12286,0.6023635864257812,0.9256222248077393,0.450938880443573,0.004166750703006983,0.234846293926239,0.0187371838837862,0.0126646738499403,0.0506586953997612,0.02716873772442341,0.02716873772442341,0.0506586953997612,0.0126646738499403,,,,,,,,,,,,,,,,,,,0.3334132432937622,0.16064831614494324,0.07435299149542311,0.6627633863226333,19470,242389,29377,261859,0.5,0.18766381863362494,0.48660516730775777,0.628382748408619,0.5,0.2322224869796099,0.5341593763828846,0.6245362017905164,0.5,0.2370902406644654,0.5355209858052218,0.6305613234843586,0.2370902406644654,0.5355209858052218,0.6305613234843586,29377,17395,17395,1739500,100.0,100.0,0.6180555820465088,0.6876989603042603,0.46466967463493347,0.8160397410392761,0.8760594725608826,0.7225040197372437,0.3854716420173645,0.059740633414610333,0.9173144622277167,17395,2683,17395,0,15.0536935901121,96.58392667002045,mean,geometric_mean,odvg_phrase_grounding,3.5,2.0,4.0,iou,0.25,0.25,2.0,True,False,False,True,True,0.1,0.25,0.05,0.25,128,5,True,True,0.05,10,0.3,10,0.0,0.5,1.0,10,True,5,12,0.0,0.1,3,odvg_appended_phrase,4.0,0.25,20,0.5,0.5,1.0,2.0,True,False
epoch,1784828247.971077,234,604.902174154995,1.5585765458396166e-05,1.5585765458396166e-05,1.5585765458396166e-05,1.5585765458396169e-06,1.5585765458396166e-05,1.0510048866271973,12286,0.6027593612670898,0.9257305264472961,0.4482460618019104,0.004183941520750523,0.2351795732975006,0.01873593218624592,0.012469788081943989,0.049879152327775955,0.02707497775554657,0.02707497775554657,0.049879152327775955,0.012469788081943989,,,,,,,,,,,,,,,,,,,0.3331192135810852,0.160167396068573,0.07530828859216165,0.6627293460870749,19469,239055,29377,258524,0.5,0.18844674405146883,0.4873540524900432,0.6293018347686966,0.5,0.23229056745072676,0.5345678592095857,0.6266126561595806,0.5,0.2378731660823093,0.5366783538142084,0.6323314157333969,0.2378731660823093,0.5366783538142084,0.6323314157333969,29377,17395,17395,1739500,100.0,100.0,0.6172139644622803,0.6865036487579346,0.4619963765144348,0.8173750042915344,0.8757531642913818,0.7208700776100159,0.3882969617843628,0.05814073152294097,0.9193464490637457,17395,2683,17395,0,14.861971830985915,97.2023237249814,mean,geometric_mean,odvg_phrase_grounding,3.5,2.0,4.0,iou,0.25,0.25,2.0,True,False,False,True,True,0.1,0.25,0.05,0.25,128,5,True,True,0.05,10,0.3,10,0.0,0.5,1.0,10,True,5,12,0.0,0.1,3,odvg_appended_phrase,4.0,0.25,20,0.5,0.5,1.0,2.0,True,False
epoch,1784828874.1391728,235,619.2304404070601,1.5274756825183446e-05,1.5274756825183446e-05,1.5274756825183446e-05,1.5274756825183442e-06,1.5274756825183446e-05,1.043605923652649,12286,0.5985402464866638,0.9253934621810913,0.44506657123565674,0.004137698095291853,0.2328605055809021,0.018885601311922073,0.012463437393307686,0.04985374957323074,0.02706386335194111,0.02706386335194111,0.04985374957323074,0.012463437393307686,1.59645414352417,0.018244894221425056,0.525234580039978,0.10223083198070526,0.04302334040403366,0.04302334040403366,,,0.09420991688966751,0.023552479222416878,0.0,0.0,0,0.45,True,True,1.0,2.0,1.0,2.0,0.3327074348926544,0.16034916043281555,0.07547484042882815,0.6633420703271267,19487,238705,29377,258192,0.5,0.18725533580692377,0.48660516730775777,0.6310378867821765,0.5,0.23212036627293461,0.5340912959117677,0.626646696395139,0.5,0.23739660278449126,0.5352146236851959,0.6333526228001498,0.23739660278449126,0.5352146236851959,0.6333526228001498,29377,17395,17395,1739500,100.0,100.0,0.6172630786895752,0.6863762140274048,0.46415117383003235,0.8162456154823303,0.874255359172821,0.7198829054832458,0.38332709670066833,0.056540835156119185,0.9214582889446941,17395,2683,17395,0,14.842885886749066,115.05588325299323,mean,geometric_mean,odvg_phrase_grounding,3.5,2.0,4.0,iou,0.25,0.25,2.0,True,False,False,True,True,0.1,0.25,0.05,0.25,128,5,True,True,0.05,10,0.3,10,0.0,0.5,1.0,10,True,5,12,0.0,0.1,3,odvg_appended_phrase,4.0,0.25,20,0.5,0.5,1.0,2.0,True,False
epoch,1784829484.8525116,236,602.5846873139963,1.4967830359375207e-05,1.4967830359375207e-05,1.4967830359375207e-05,1.4967830359375217e-06,1.4967830359375207e-05,1.0366196632385254,12286,0.5970501899719238,0.9207573533058167,0.4395708441734314,0.004126424435526133,0.23216314613819122,0.01883581653237343,0.012611879967153072,0.05044751986861229,0.02709438093006611,0.02709438093006611,0.05044751986861229,0.012611879967153072,,,,,,,,,,,,,,,,,,,0.33299094438552856,0.16161075234413147,0.0758821854880536,0.6623889437314906,19459,236978,29377,256437,0.5,0.1880723014603261,0.48949858733022433,0.6294039554753719,0.5,0.23344793545971337,0.5346018994451441,0.6263743745106716,0.5,0.2375668039622834,0.5383463253565715,0.632501616911189,0.2375668039622834,0.5383463253565715,0.632501616911189,29377,17395,17395,1739500,100.0,100.0,0.617759644985199,0.6866956353187561,0.46477749943733215,0.8171366453170776,0.8745957612991333,0.7224018573760986,0.384178102016449,0.060012913644608035,0.9169258591574136,17395,2683,17395,0,14.741994826099454,95.99160859105177,mean,geometric_mean,odvg_phrase_grounding,3.5,2.0,4.0,iou,0.25,0.25,2.0,True,False,False,True,True,0.1,0.25,0.05,0.25,128,5,True,True,0.05,10,0.3,10,0.0,0.5,1.0,10,True,5,12,0.0,0.1,3,odvg_appended_phrase,4.0,0.25,20,0.5,0.5,1.0,2.0,True,False
epoch,1784830096.535152,237,603.4962074661162,1.4665019718917182e-05,1.4665019718917182e-05,1.4665019718917182e-05,1.4665019718917172e-06,1.4665019718917182e-05,1.0266629457473755,12286,0.593092679977417,0.9155334234237671,0.4335717558860779,0.004124337341636419,0.23156951367855072,0.0182940810918808,0.01230755914002657,0.04923023656010628,0.026958445087075233,0.026958445087075233,0.04923023656010628,0.01230755914002657,,,,,,,,,,,,,,,,,,,0.33282995223999023,0.16065211594104767,0.07610439807132957,0.6635463117404773,19493,236642,29377,256135,0.5,0.18759573816250807,0.48793273649453656,0.6294720359464887,0.5,0.23201824556625933,0.5342955373251183,0.6280083058174762,0.5,0.2373285223133744,0.5368485549920006,0.632025053613371,0.2373285223133744,0.5368485549920006,0.632025053613371,29377,17395,17395,1739500,100.0,100.0,0.6180551052093506,0.686592161655426,0.4684623181819916,0.8162630796432495,0.8735405206680298,0.7231166958808899,0.385165274143219,0.0595703841404126,0.9176199574982226,17395,2683,17395,0,14.724633515377983,97.01987293898128,mean,geometric_mean,odvg_phrase_grounding,3.5,2.0,4.0,iou,0.25,0.25,2.0,True,False,False,True,True,0.1,0.25,0.05,0.25,128,5,True,True,0.05,10,0.3,10,0.0,0.5,1.0,10,True,5,12,0.0,0.1,3,odvg_appended_phrase,4.0,0.25,20,0.5,0.5,1.0,2.0,True,False
epoch,1784830710.1637597,238,606.456540188985,1.4366358110408424e-05,1.4366358110408424e-05,1.4366358110408424e-05,1.4366358110408434e-06,1.4366358110408424e-05,1.0223028659820557,12286,0.5912746787071228,0.9181203842163086,0.4310283660888672,0.004048903938382864,0.22971417009830475,0.018757957965135574,0.012275367975234985,0.04910147190093994,0.027100306004285812,0.027100306004285812,0.04910147190093994,0.012275367975234985,,,,,,,,,,,,,,,,,,,0.33357468247413635,0.16116036474704742,0.07640107731577939,0.6653164039895156,19545,236276,29377,255821,0.5,0.18718725533580693,0.4880008169656534,0.6321271743200463,0.5,0.23317561357524594,0.5338870544984171,0.6273615413418661,0.5,0.2390305340912959,0.5371549171120265,0.634475950573578,0.2390305340912959,0.5371549171120265,0.634475950573578,29377,17395,17395,1739500,100.0,100.0,0.6187602877616882,0.687620222568512,0.47002580761909485,0.8183441758155823,0.8749701976776123,0.7258740067481995,0.3847227394580841,0.060557602758683826,0.9165728457064163,17395,2683,17395,0,14.70658235125036,99.86536315479316,mean,geometric_mean,odvg_phrase_grounding,3.5,2.0,4.0,iou,0.25,0.25,2.0,True,False,False,True,True,0.1,0.25,0.05,0.25,128,5,True,True,0.05,10,0.3,10,0.0,0.5,1.0,10,True,5,12,0.0,0.1,3,odvg_appended_phrase,4.0,0.25,20,0.5,0.5,1.0,2.0,True,False
epoch,1784831343.8635683,239,625.8569760869723,1.4071878285459966e-05,1.4071878285459966e-05,1.4071878285459966e-05,1.407187828545996e-06,1.4071878285459966e-05,1.017272710800171,12286,0.5912119150161743,0.9160687923431396,0.4260607659816742,0.0040580229833722115,0.22990231215953827,0.018628418445587158,0.012318260967731476,0.0492730438709259,0.027114054188132286,0.027114054188132286,0.0492730438709259,0.012318260967731476,,,,,,,,,,,,,,,,,,,0.3325510323047638,0.16041651368141174,0.07603734318322915,0.6628995472648671,19474,236637,29377,256111,0.5,0.18756169792694966,0.485992443067706,0.6290635531197876,0.5,0.23198420533070088,0.5324914048405215,0.6258978112128536,0.5,0.23770296490451714,0.5358273479252477,0.6317527317289036,0.23770296490451714,0.5358273479252477,0.6317527317289036,29377,17395,17395,1739500,100.0,100.0,0.6170651912689209,0.6834554672241211,0.4660683274269104,0.8163315057754517,0.8741532564163208,0.7232528924942017,0.3827824592590332,0.060353345229334554,0.9165529155076024,17395,2683,17395,0,14.72325380856568,100.57887358614244,mean,geometric_mean,odvg_phrase_grounding,3.5,2.0,4.0,iou,0.25,0.25,2.0,True,False,False,True,True,0.1,0.25,0.05,0.25,128,5,True,True,0.05,10,0.3,10,0.0,0.5,1.0,10,True,5,12,0.0,0.1,3,odvg_appended_phrase,4.0,0.25,20,0.5,0.5,1.0,2.0,True,False
epoch,1784831997.0464623,240,646.0377755570225,1.3781612537103067e-05,1.3781612537103067e-05,1.3781612537103067e-05,1.3781612537103063e-06,1.3781612537103067e-05,1.0104650259017944,12286,0.5906248092651367,0.9117763638496399,0.41984033584594727,0.004039986524730921,0.22980713844299316,0.018534328788518906,0.01237171608954668,0.04948686435818672,0.027117617428302765,0.027117617428302765,0.04948686435818672,0.01237171608954668,1.5976027250289917,0.017855200916528702,0.5229437351226807,0.10379309207201004,0.0430033840239048,0.0430033840239048,,,0.09697086364030838,0.024242715910077095,0.0,0.0,0,0.45,True,True,1.0,2.0,1.0,2.0,0.3337605595588684,0.16106435656547546,0.07556690658617754,0.6647377199850223,19528,238892,29377,258420,0.5,0.18797018075365082,0.48929434591687376,0.6318888926711372,0.5,0.23423086087755726,0.5357592674541308,0.6276338632263335,0.5,0.23804336726010145,0.5389930898321816,0.6349184736358375,0.23804336726010145,0.5389930898321816,0.6349184736358375,29377,17395,17395,1739500,100.0,100.0,0.6170938611030579,0.6858887672424316,0.4658823311328888,0.817338764667511,0.8751744627952576,0.7229465246200562,0.38332709670066833,0.05820880463503386,0.9194839415465405,17395,2683,17395,0,14.855993101465938,119.74771214998327,mean,geometric_mean,odvg_phrase_grounding,3.5,2.0,4.0,iou,0.25,0.25,2.0,True,False,False,True,True,0.1,0.25,0.05,0.25,128,5,True,True,0.05,10,0.3,10,0.0,0.5,1.0,10,True,5,12,0.0,0.1,3,odvg_appended_phrase,4.0,0.25,20,0.5,0.5,1.0,2.0,True,False
epoch,1784832631.3673215,241,627.0484728668816,1.3495592696248057e-05,1.3495592696248057e-05,1.3495592696248057e-05,1.3495592696248047e-06,1.3495592696248057e-05,1.0029445886611938,12286,0.5873892903327942,0.9121502637863159,0.4155559837818146,0.00404413603246212,0.22915592789649963,0.018180571496486664,0.012200450524687767,0.04880180209875107,0.02692095749080181,0.02692095749080181,0.04880180209875107,0.012200450524687767,,,,,,,,,,,,,,,,,,,0.3323211073875427,0.16044892370700836,0.0766864416768161,0.6644313578649964,19519,235011,29377,254530,0.5,0.18827654287367668,0.4877625353167444,0.6302549613643327,0.5,0.23307349286857065,0.5346018994451441,0.6277700241685672,0.5,0.23760084419784186,0.5367123940497668,0.6334887837423835,0.23760084419784186,0.5367123940497668,0.6334887837423835,29377,17395,17395,1739500,100.0,100.0,0.617275059223175,0.6852315664291382,0.46576401591300964,0.8168417811393738,0.8743574619293213,0.7222316861152649,0.3835994005203247,0.057800328250268485,0.9199698249724205,17395,2683,17395,0,14.63236562230526,100.19804565701634,mean,geometric_mean,odvg_phrase_grounding,3.5,2.0,4.0,iou,0.25,0.25,2.0,True,False,False,True,True,0.1,0.25,0.05,0.25,128,5,True,True,0.05,10,0.3,10,0.0,0.5,1.0,10,True,5,12,0.0,0.1,3,odvg_appended_phrase,4.0,0.25,20,0.5,0.5,1.0,2.0,True,False
epoch,1784833270.5849304,242,631.934138901066,1.3213850128193614e-05,1.3213850128193614e-05,1.3213850128193614e-05,1.321385012819362e-06,1.3213850128193614e-05,0.9943665266036987,12286,0.5850731134414673,0.9086363911628723,0.4092932641506195,0.004034674260765314,0.22786273062229156,0.018239662051200867,0.012227830477058887,0.04891132190823555,0.0269317626953125,0.0269317626953125,0.04891132190823555,0.012227830477058887,,,,,,,,,,,,,,,,,,,0.3317916989326477,0.15973952412605286,0.07708007212633998,0.6620825816114647,19450,232885,29377,252335,0.5,0.1878340198114171,0.48881778261905573,0.6325356571467474,0.5,0.23198420533070088,0.5350784627429622,0.6273275011063076,0.5,0.2362051945399462,0.5385165265343637,0.6348163529291623,0.2362051945399462,0.5385165265343637,0.6348163529291623,29377,17395,17395,1739500,100.0,100.0,0.618162989616394,0.6868174076080322,0.4677395522594452,0.8174757361412048,0.8749021291732788,0.7236273288726807,0.3856758773326874,0.06154474726121595,0.9149496642738814,17395,2683,17395,0,14.506179936763438,102.65077358600684,mean,geometric_mean,odvg_phrase_grounding,3.5,2.0,4.0,iou,0.25,0.25,2.0,True,False,False,True,True,0.1,0.25,0.05,0.25,128,5,True,True,0.05,10,0.3,10,0.0,0.5,1.0,10,True,5,12,0.0,0.1,3,odvg_appended_phrase,4.0,0.25,20,0.5,0.5,1.0,2.0,True,False
epoch,1784833903.8231447,243,625.8076826070901,1.2936415729187294e-05,1.2936415729187294e-05,1.2936415729187294e-05,1.2936415729187294e-06,1.2936415729187294e-05,0.9859822392463684,12286,0.5827630162239075,0.9059419631958008,0.40321892499923706,0.003992961719632149,0.2266431450843811,0.01825755648314953,0.012068717740476131,0.048274870961904526,0.027073854580521584,0.027073854580521584,0.048274870961904526,0.012068717740476131,,,,,,,,,,,,,,,,,,,0.3322874903678894,0.1596910059452057,0.07676086870836782,0.6629335875004255,19475,234235,29377,253710,0.5,0.1874936174558328,0.49011131157027604,0.6310038465466181,0.5,0.23286925145522008,0.5342955373251183,0.6269530585151649,0.5,0.2375668039622834,0.5388228886543895,0.6334887837423835,0.2375668039622834,0.5388228886543895,0.6334887837423835,29377,17395,17395,1739500,100.0,100.0,0.6178853511810303,0.6861196160316467,0.46759992837905884,0.8169316649436951,0.8743234276771545,0.7227762937545776,0.38281649351119995,0.05984270625415211,0.9172043870679688,17395,2683,17395,0,14.585225639551595,102.1214329409413,mean,geometric_mean,odvg_phrase_grounding,3.5,2.0,4.0,iou,0.25,0.25,2.0,True,False,False,True,True,0.1,0.25,0.05,0.25,128,5,True,True,0.05,10,0.3,10,0.0,0.5,1.0,10,True,5,12,0.0,0.1,3,odvg_appended_phrase,4.0,0.25,20,0.5,0.5,1.0,2.0,True,False
epoch,1784834535.296147,244,624.3091090179514,1.2663319923037318e-05,1.2663319923037318e-05,1.2663319923037318e-05,1.2663319923037325e-06,1.2663319923037318e-05,0.9819427728652954,12286,0.5821047425270081,0.9097782373428345,0.3998394012451172,0.004017372615635395,0.2273925542831421,0.017849043011665344,0.012125319801270962,0.04850127920508385,0.026810504496097565,0.026810504496097565,0.04850127920508385,0.012125319801270962,,,,,,,,,,,,,,,,,,,0.33250635862350464,0.15991608798503876,0.07740107613923146,0.6639888348027368,19506,232506,29377,252012,0.5,0.18752765769139124,0.4891241447390816,0.6318208122000204,0.5,0.23327773428192122,0.5363039112230656,0.6278040644041257,0.5,0.23729448207781598,0.5389250093610648,0.6341695884535521,0.23729448207781598,0.5389250093610648,0.6341695884535521,29377,17395,17395,1739500,100.0,100.0,0.6172358989715576,0.6861196160316467,0.4659354090690613,0.816741406917572,0.8747659921646118,0.7237634658813477,0.38506314158439636,0.05977463107861081,0.917411372780717,17395,2683,17395,0,14.487611382581202,97.09976805699989,mean,geometric_mean,odvg_phrase_grounding,3.5,2.0,4.0,iou,0.25,0.25,2.0,True,False,False,True,True,0.1,0.25,0.05,0.25,128,5,True,True,0.05,10,0.3,10,0.0,0.5,1.0,10,True,5,12,0.0,0.1,3,odvg_appended_phrase,4.0,0.25,20,0.5,0.5,1.0,2.0,True,False
epoch,1784835187.8268936,245,645.1332692950964,1.2394592657776374e-05,1.2394592657776374e-05,1.2394592657776374e-05,1.2394592657776378e-06,1.2394592657776374e-05,0.9755546450614929,12286,0.5823980569839478,0.906558096408844,0.39315682649612427,0.004043537192046642,0.22773952782154083,0.01779719442129135,0.012008062563836575,0.0480322502553463,0.026709269732236862,0.026709269732236862,0.0480322502553463,0.012008062563836575,1.6340348720550537,0.018475743010640144,0.5284410715103149,0.10973788797855377,0.04291858524084091,0.04291858524084091,,,0.09732941538095474,0.024332353845238686,0.0,0.0,0,0.45,True,True,1.0,2.0,1.0,2.0,0.3329170346260071,0.1600913554430008,0.07748310554744409,0.6611634952513872,19423,231251,29377,250674,0.5,0.18766381863362494,0.48895394356128946,0.6304592027776832,0.5,0.23487762535316745,0.5356911869830139,0.6273615413418661,0.5,0.23647751642441367,0.5385505667699221,0.633216461857916,0.23647751642441367,0.5385505667699221,0.633216461857916,29377,17395,17395,1739500,100.0,100.0,0.6159064173698425,0.6846179366111755,0.46466967463493347,0.8155921697616577,0.8744596242904663,0.7212445139884949,0.3834632635116577,0.060081018737107694,0.9166981272344679,17395,2683,17395,0,14.410692727795343,120.48768195696175,mean,geometric_mean,odvg_phrase_grounding,3.5,2.0,4.0,iou,0.25,0.25,2.0,True,False,False,True,True,0.1,0.25,0.05,0.25,128,5,True,True,0.05,10,0.3,10,0.0,0.5,1.0,10,True,5,12,0.0,0.1,3,odvg_appended_phrase,4.0,0.25,20,0.5,0.5,1.0,2.0,True,False
epoch,1784835818.0814192,246,623.2119874327909,1.2130263402377377e-05,1.2130263402377377e-05,1.2130263402377377e-05,1.2130263402377388e-06,1.2130263402377377e-05,0.9629620313644409,12286,0.5771258473396301,0.9021903872489929,0.3858349323272705,0.0039657484740018845,0.22501403093338013,0.01787767931818962,0.01186516135931015,0.0474606454372406,0.026844508945941925,0.026844508945941925,0.0474606454372406,0.01186516135931015,,,,,,,,,,,,,,,,,,,0.3326491415500641,0.15976308286190033,0.07748323219418717,0.6606528917180107,19408,231072,29377,250480,0.5,0.1863702896824046,0.48963474827245806,0.629335875004255,0.5,0.2333458147530381,0.5344657385029105,0.6259999319195289,0.5,0.2357286312421282,0.5382101644143378,0.6320931340844879,0.2357286312421282,0.5382101644143378,0.6320931340844879,29377,17395,17395,1739500,100.0,100.0,0.6147769689559937,0.6830148696899414,0.46117904782295227,0.8150661587715149,0.8748000264167786,0.7175341248512268,0.379650741815567,0.056881233133216136,0.9207267903181471,17395,2683,17395,0,14.399540097729233,96.0636353478767,mean,geometric_mean,odvg_phrase_grounding,3.5,2.0,4.0,iou,0.25,0.25,2.0,True,False,False,True,True,0.1,0.25,0.05,0.25,128,5,True,True,0.05,10,0.3,10,0.0,0.5,1.0,10,True,5,12,0.0,0.1,3,odvg_appended_phrase,4.0,0.25,20,0.5,0.5,1.0,2.0,True,False
epoch,1784836450.7454727,247,625.4171061948873,1.1870361143521887e-05,1.1870361143521887e-05,1.1870361143521887e-05,1.187036114352188e-06,1.1870361143521887e-05,0.9583763480186462,12286,0.5771723985671997,0.9045023322105408,0.3812042772769928,0.003990412689745426,0.2255212962627411,0.017672834917902946,0.01198087353259325,0.047923494130373,0.026664385572075844,0.026664385572075844,0.047923494130373,0.01198087353259325,,,,,,,,,,,,,,,,,,,0.33272403478622437,0.15954943001270294,0.0771780472392126,0.6610273343091534,19419,232194,29377,251613,0.5,0.18630220921128773,0.48983898968580863,0.6304932430132416,0.5,0.23375429757973926,0.5354188650985465,0.6277019436974504,0.5,0.2365455968955305,0.5382442046498962,0.6332845423290329,0.2365455968955305,0.5382442046498962,0.6332845423290329,29377,17395,17395,1739500,100.0,100.0,0.6154618263244629,0.683276891708374,0.4624905288219452,0.8157033324241638,0.8749021291732788,0.7185893654823303,0.38199952244758606,0.05756203117317693,0.919895793149485,17395,2683,17395,0,14.464673756826674,101.24711630609818,mean,geometric_mean,odvg_phrase_grounding,3.5,2.0,4.0,iou,0.25,0.25,2.0,True,False,False,True,True,0.1,0.25,0.05,0.25,128,5,True,True,0.05,10,0.3,10,0.0,0.5,1.0,10,True,5,12,0.0,0.1,3,odvg_appended_phrase,4.0,0.25,20,0.5,0.5,1.0,2.0,True,False
epoch,1784837075.1473138,248,618.0085426638834,1.1614914382421411e-05,1.1614914382421411e-05,1.1614914382421411e-05,1.1614914382421425e-06,1.1614914382421411e-05,0.9513702392578125,12286,0.5759067535400391,0.904618501663208,0.3754645586013794,0.003963767550885677,0.22492988407611847,0.01768183708190918,0.011848988011479378,0.04739595204591751,0.02668444626033306,0.02668444626033306,0.04739595204591751,0.011848988011479378,,,,,,,,,,,,,,,,,,,0.3324343264102936,0.15985247492790222,0.07717310438937447,0.6603124893624264,19398,231959,29377,251357,0.5,0.18657453109575517,0.48752425366783536,0.6288252714708786,0.5,0.23320965381080436,0.5362358307519488,0.6262382135684379,0.5,0.2357286312421282,0.5370527964053511,0.6315825305511115,0.2357286312421282,0.5370527964053511,0.6315825305511115,29377,17395,17395,1739500,100.0,100.0,0.6160960793495178,0.6849029064178467,0.4634856581687927,0.8170983791351318,0.873880922794342,0.7192361354827881,0.3829185962677002,0.05892364612036172,0.9180746861657484,17395,2683,17395,0,14.449956884162116,95.49985612905584,mean,geometric_mean,odvg_phrase_grounding,3.5,2.0,4.0,iou,0.25,0.25,2.0,True,False,False,True,True,0.1,0.25,0.05,0.25,128,5,True,True,0.05,10,0.3,10,0.0,0.5,1.0,10,True,5,12,0.0,0.1,3,odvg_appended_phrase,4.0,0.25,20,0.5,0.5,1.0,2.0,True,False
epoch,1784837712.878601,249,630.7767581630033,1.1363951131691954e-05,1.1363951131691954e-05,1.1363951131691954e-05,1.136395113169195e-06,1.1363951131691954e-05,0.9433144330978394,12286,0.5743510723114014,0.9032611846923828,0.36896243691444397,0.003952026832848787,0.22444333136081696,0.017574409022927284,0.011821809224784374,0.0472872368991375,0.02666221559047699,0.02666221559047699,0.0472872368991375,0.011821809224784374,,,,,,,,,,,,,,,,,,,0.33223655819892883,0.15957531332969666,0.07690628089133791,0.6594274432379073,19372,232519,29377,251891,0.5,0.18694897368689792,0.4876944548456275,0.6296081968887225,0.5,0.23283521121966164,0.5362017905163904,0.6265786159240222,0.5,0.23664771760220582,0.5376314804098444,0.6316165707866699,0.23664771760220582,0.5376314804098444,0.6316165707866699,29377,17395,17395,1739500,100.0,100.0,0.6152886748313904,0.683824896812439,0.46171846985816956,0.8162129521369934,0.8734043836593628,0.7183851599693298,0.3814889192581177,0.05895771673142258,0.9179302134610636,17395,2683,17395,0,14.480655360735843,105.28774447203614,mean,geometric_mean,odvg_phrase_grounding,3.5,2.0,4.0,iou,0.25,0.25,2.0,True,False,False,True,True,0.1,0.25,0.05,0.25,128,5,True,True,0.05,10,0.3,10,0.0,0.5,1.0,10,True,5,12,0.0,0.1,3,odvg_appended_phrase,4.0,0.25,20,0.5,0.5,1.0,2.0,True,False
epoch,1784838364.743803,250,644.6308154088911,1.1117498912282034e-05,1.1117498912282034e-05,1.1117498912282034e-05,1.111749891228203e-06,1.1117498912282034e-05,0.9335772395133972,12286,0.5726820230484009,0.8983292579650879,0.36089518666267395,0.003923481795936823,0.22327017784118652,0.01774781383574009,0.011746280826628208,0.04698512330651283,0.02672421932220459,0.02672421932220459,0.04698512330651283,0.011746280826628208,1.6519584655761719,0.01872609741985798,0.5316234827041626,0.1122242659330368,0.04349888488650322,0.04349888488650322,,,0.09803535044193268,0.02450883761048317,0.0,0.0,0,0.45,True,True,1.0,2.0,1.0,2.0,0.3319014608860016,0.1596882939338684,0.07684884395129583,0.6587125982911802,19351,232455,29377,251806,0.5,0.18630220921128773,0.4881369779078871,0.6299485992443068,0.5,0.23412874017088198,0.5330700888450148,0.6244681213193995,0.5,0.23838376961568575,0.5364741124008578,0.6320590938489294,0.23838376961568575,0.5364741124008578,0.6320590938489294,29377,17395,17395,1739500,100.0,100.0,0.6160775423049927,0.6834225654602051,0.4622229039669037,0.8155420422554016,0.8747659921646118,0.7196786403656006,0.379276305437088,0.06096604207442036,0.9152871314293151,17395,2683,17395,0,14.475768899108939,121.7090048538521,mean,geometric_mean,odvg_phrase_grounding,3.5,2.0,4.0,iou,0.25,0.25,2.0,True,False,False,True,True,0.1,0.25,0.05,0.25,128,5,True,True,0.05,10,0.3,10,0.0,0.5,1.0,10,True,5,12,0.0,0.1,3,odvg_appended_phrase,4.0,0.25,20,0.5,0.5,1.0,2.0,True,False
epoch,1784839008.66527,251,635.001105325995,1.0875584750454783e-05,1.0875584750454783e-05,1.0875584750454783e-05,1.0875584750454787e-06,1.0875584750454783e-05,0.9245156049728394,12286,0.5706758499145508,0.8961378335952759,0.3538394570350647,0.0038966580759733915,0.22246797382831573,0.01767752133309841,0.011752914637327194,0.04701165854930878,0.026731809601187706,0.026731809601187706,0.04701165854930878,0.011752914637327194,,,,,,,,,,,,,,,,,,,0.3302377462387085,0.1587485373020172,0.07697457292799847,0.6575552302821935,19317,231636,29377,250953,0.5,0.18650645062463833,0.4849371957653947,0.6282465874663853,0.5,0.2330054123974538,0.5314361575382102,0.6238213568437894,0.5,0.23705620042890696,0.5333424107294823,0.6308676856043843,0.23705620042890696,0.5333424107294823,0.6308676856043843,29377,17395,17395,1739500,100.0,100.0,0.6160258650779724,0.6835463643074036,0.46414920687675476,0.8151450157165527,0.8746297955513,0.7190659642219543,0.38101235032081604,0.06151073393976081,0.9144574531401763,17395,2683,17395,0,14.426731819488358,104.47244203207083,mean,geometric_mean,odvg_phrase_grounding,3.5,2.0,4.0,iou,0.25,0.25,2.0,True,False,False,True,True,0.1,0.25,0.05,0.25,128,5,True,True,0.05,10,0.3,10,0.0,0.5,1.0,10,True,5,12,0.0,0.1,3,odvg_appended_phrase,4.0,0.25,20,0.5,0.5,1.0,2.0,True,False
epoch,1784839653.9403033,252,635.8898899930064,1.0638235174824183e-05,1.0638235174824183e-05,1.0638235174824183e-05,1.0638235174824187e-06,1.0638235174824183e-05,0.9178124070167542,12286,0.5700501203536987,0.896714448928833,0.34776192903518677,0.0039071436040103436,0.222473606467247,0.017500998452305794,0.011785336770117283,0.04714134708046913,0.026713762432336807,0.026713762432336807,0.04714134708046913,0.011785336770117283,,,,,,,,,,,,,,,,,,,0.3315214216709137,0.15956732630729675,0.07720669007473806,0.6579296728733363,19328,231013,29377,250341,0.5,0.18701705415801478,0.4881029376723287,0.6272934608707492,0.5,0.2333798549885965,0.533955134969534,0.624502161554958,0.5,0.2382135684378936,0.5372229975831433,0.6304932430132416,0.2382135684378936,0.5372229975831433,0.6304932430132416,29377,17395,17395,1739500,100.0,100.0,0.6167224645614624,0.6844724416732788,0.46326151490211487,0.8159781098365784,0.8748680949211121,0.7188957333564758,0.3827143609523773,0.06096606048313957,0.9151948500257566,17395,2683,17395,0,14.391549295774649,100.88427225314081,mean,geometric_mean,odvg_phrase_grounding,3.5,2.0,4.0,iou,0.25,0.25,2.0,True,False,False,True,True,0.1,0.25,0.05,0.25,128,5,True,True,0.05,10,0.3,10,0.0,0.5,1.0,10,True,5,12,0.0,0.1,3,odvg_appended_phrase,4.0,0.25,20,0.5,0.5,1.0,2.0,True,False
epoch,1784840287.9456043,253,626.8446895219386,1.0405476213445867e-05,1.0405476213445867e-05,1.0405476213445867e-05,1.0405476213445877e-06,1.0405476213445867e-05,0.9098837971687317,12286,0.5692545771598816,0.8948441743850708,0.34062913060188293,0.0038886426482349634,0.22156217694282532,0.017812179401516914,0.011712164618074894,0.046848658472299576,0.02666647545993328,0.02666647545993328,0.046848658472299576,0.011712164618074894,,,,,,,,,,,,,,,,,,,0.33028316497802734,0.15789589285850525,0.07730575269701553,0.6559212989753889,19269,229988,29377,249257,0.5,0.18732341627804064,0.4845967934098104,0.6262041733328795,0.5,0.23229056745072676,0.533478571671716,0.6230043911903871,0.5,0.23637539571773836,0.5333083704939238,0.6288933519419955,0.23637539571773836,0.5333083704939238,0.6288933519419955,29377,17395,17395,1739500,100.0,100.0,0.6156578063964844,0.6828643083572388,0.4632592797279358,0.8158442378044128,0.8743234276771545,0.7176702618598938,0.3797869086265564,0.06174896288450493,0.9139591450752355,17395,2683,17395,0,14.329232538085657,101.96382170007564,mean,geometric_mean,odvg_phrase_grounding,3.5,2.0,4.0,iou,0.25,0.25,2.0,True,False,False,True,True,0.1,0.25,0.05,0.25,128,5,True,True,0.05,10,0.3,10,0.0,0.5,1.0,10,True,5,12,0.0,0.1,3,odvg_appended_phrase,4.0,0.25,20,0.5,0.5,1.0,2.0,True,False
epoch,1784840915.9684474,254,621.0844678110443,1.0177333390962916e-05,1.0177333390962916e-05,1.0177333390962916e-05,1.017733339096292e-06,1.0177333390962916e-05,0.8993616700172424,12286,0.5658510327339172,0.8932175636291504,0.3335105776786804,0.0038639046251773834,0.21990527212619781,0.017754651606082916,0.011837136000394821,0.047348544001579285,0.02670411951839924,0.02670411951839924,0.047348544001579285,0.011837136000394821,,,,,,,,,,,,,,,,,,,0.3317343592643738,0.15909132361412048,0.07633135159066473,0.6573169486332845,19310,233666,29377,252976,0.5,0.18762977839806652,0.48687748919222523,0.6270211389862818,0.5,0.2330054123974538,0.5318446403649113,0.6234809544882051,0.5,0.2365455968955305,0.5357592674541308,0.6301528406576573,0.2365455968955305,0.5357592674541308,0.6301528406576573,29377,17395,17395,1739500,100.0,100.0,0.6164461374282837,0.683326244354248,0.4628008306026459,0.8165315389633179,0.8744936585426331,0.7181128263473511,0.38193145394325256,0.06079587771406658,0.9153393791567516,17395,2683,17395,0,14.54302960620868,97.02266952209175,mean,geometric_mean,odvg_phrase_grounding,3.5,2.0,4.0,iou,0.25,0.25,2.0,True,False,False,True,True,0.1,0.25,0.05,0.25,128,5,True,True,0.05,10,0.3,10,0.0,0.5,1.0,10,True,5,12,0.0,0.1,3,odvg_appended_phrase,4.0,0.25,20,0.5,0.5,1.0,2.0,True,False
epoch,1784841569.6437132,255,647.3589017889462,9.953831725806748e-06,9.953831725806748e-06,9.953831725806748e-06,9.953831725806752e-07,9.953831725806748e-06,0.8903790712356567,12286,0.5647374391555786,0.8897340893745422,0.3256431519985199,0.0038387461099773645,0.21896027028560638,0.01800839975476265,0.011705626733601093,0.04682250693440437,0.0267439316958189,0.0267439316958189,0.04682250693440437,0.011705626733601093,1.656596302986145,0.018641389906406403,0.5314842462539673,0.11357617378234863,0.04368315637111664,0.04368315637111664,,,0.09627014398574829,0.024067535996437073,0.0,0.0,0,0.45,True,True,1.0,2.0,1.0,2.0,0.3321255147457123,0.15811039507389069,0.07703300902851866,0.6587125982911802,19351,231853,29377,251204,0.5,0.18810634169588453,0.48847738026347143,0.6291316335909044,0.5,0.23419682064199884,0.5349423018007284,0.6251489260305682,0.5,0.23838376961568575,0.5369166354631174,0.6316506110222283,0.23838376961568575,0.5369166354631174,0.6316506110222283,29377,17395,17395,1739500,100.0,100.0,0.6159597039222717,0.6839855313301086,0.4629835784435272,0.8164805173873901,0.8739489912986755,0.7205637097358704,0.3815229535102844,0.06185111144469013,0.9141628830192374,17395,2683,17395,0,14.441161253233687,122.69582084612921,mean,geometric_mean,odvg_phrase_grounding,3.5,2.0,4.0,iou,0.25,0.25,2.0,True,False,False,True,True,0.1,0.25,0.05,0.25,128,5,True,True,0.05,10,0.3,10,0.0,0.5,1.0,10,True,5,12,0.0,0.1,3,odvg_appended_phrase,4.0,0.25,20,0.5,0.5,1.0,2.0,True,False
epoch,1784842205.0433896,256,629.4354288699105,9.734995727453586e-06,9.734995727453586e-06,9.734995727453586e-06,9.734995727453583e-07,9.734995727453586e-06,0.8822084665298462,12286,0.5635598301887512,0.8887683153152466,0.3186483383178711,0.003850244916975498,0.21905329823493958,0.017668474465608597,0.011704151518642902,0.04681660607457161,0.026715273037552834,0.026715273037552834,0.04681660607457161,0.011704151518642902,,,,,,,,,,,,,,,,,,,0.33153629302978516,0.15898431837558746,0.07692675711557552,0.6568063450999081,19295,231528,29377,250823,0.5,0.18786806004697554,0.4867413282499915,0.6267147768662559,0.5,0.2335840964019471,0.5336147326139496,0.6228682302481533,0.5,0.23817952820233515,0.5348061408584948,0.6297103175953978,0.23817952820233515,0.5348061408584948,0.6297103175953978,29377,17395,17395,1739500,100.0,100.0,0.6168322563171387,0.6844724416732788,0.4640582501888275,0.8168165683746338,0.8740851879119873,0.7197808027267456,0.386526882648468,0.06297445762683751,0.9125088396519171,17395,2683,17395,0,14.419258407588387,99.36510023009032,mean,geometric_mean,odvg_phrase_grounding,3.5,2.0,4.0,iou,0.25,0.25,2.0,True,False,False,True,True,0.1,0.25,0.05,0.25,128,5,True,True,0.05,10,0.3,10,0.0,0.5,1.0,10,True,5,12,0.0,0.1,3,odvg_appended_phrase,4.0,0.25,20,0.5,0.5,1.0,2.0,True,False
epoch,1784842833.3348863,257,621.5986425960436,9.520849393736692e-06,9.520849393736692e-06,9.520849393736692e-06,9.520849393736689e-07,9.520849393736692e-06,0.8739213943481445,12286,0.5620772838592529,0.8885048627853394,0.3118450343608856,0.003847881220281124,0.21889714896678925,0.017451729625463486,0.011592450551688671,0.046369802206754684,0.026603465899825096,0.026603465899825096,0.046369802206754684,0.011592450551688671,,,,,,,,,,,,,,,,,,,0.33036884665489197,0.15737389028072357,0.07778696625587446,0.656397862273207,19283,228612,29377,247895,0.5,0.1871532151002485,0.48657112707219935,0.6277019436974504,0.5,0.23409469993532356,0.534431698267352,0.6227320693059196,0.5,0.2372264016066991,0.5347721006229363,0.6303570820710079,0.2372264016066991,0.5347721006229363,0.6303570820710079,29377,17395,17395,1739500,100.0,100.0,0.6158885359764099,0.6825693845748901,0.4638518989086151,0.8157103657722473,0.8728256821632385,0.7195425033569336,0.3822718560695648,0.06314464108372664,0.9122433479757854,17395,2683,17395,0,14.250934176487496,100.81724239792675,mean,geometric_mean,odvg_phrase_grounding,3.5,2.0,4.0,iou,0.25,0.25,2.0,True,False,False,True,True,0.1,0.25,0.05,0.25,128,5,True,True,0.05,10,0.3,10,0.0,0.5,1.0,10,True,5,12,0.0,0.1,3,odvg_appended_phrase,4.0,0.25,20,0.5,0.5,1.0,2.0,True,False
epoch,1784843467.9630418,258,627.817209500121,9.311416208214804e-06,9.311416208214804e-06,9.311416208214804e-06,9.311416208214814e-07,9.311416208214804e-06,0.8656935691833496,12286,0.5606662034988403,0.8883558511734009,0.3050267994403839,0.0038221944123506546,0.2192496508359909,0.01704108528792858,0.011316195130348206,0.04526478052139282,0.026542700827121735,0.026542700827121735,0.04526478052139282,0.011316195130348206,,,,,,,,,,,,,,,,,,,0.3307064175605774,0.1580662876367569,0.07835626898893565,0.6566701841576744,19291,226905,29377,246196,0.5,0.18698301392245634,0.4859584028321476,0.6282125472308269,0.5,0.23355005616638866,0.5333424107294823,0.6251829662661266,0.5,0.23763488443340028,0.5346359396807026,0.6306294039554754,0.23763488443340028,0.5346359396807026,0.6306294039554754,29377,17395,17395,1739500,100.0,100.0,0.6154866218566895,0.6822474598884583,0.46207988262176514,0.8151401281356812,0.8733362555503845,0.7177383899688721,0.3808421492576599,0.06106820581119765,0.9149157873332564,17395,2683,17395,0,14.153262431733257,99.55179662187584,mean,geometric_mean,odvg_phrase_grounding,3.5,2.0,4.0,iou,0.25,0.25,2.0,True,False,False,True,True,0.1,0.25,0.05,0.25,128,5,True,True,0.05,10,0.3,10,0.0,0.5,1.0,10,True,5,12,0.0,0.1,3,odvg_appended_phrase,4.0,0.25,20,0.5,0.5,1.0,2.0,True,False
epoch,1784844080.3086941,259,604.1343890619464,9.10671913759678e-06,9.10671913759678e-06,9.10671913759678e-06,9.106719137596773e-07,9.10671913759678e-06,0.8572859168052673,12286,0.5592821836471558,0.8877273797988892,0.2980033755302429,0.0038274319376796484,0.21819056570529938,0.01724552921950817,0.011273167096078396,0.04509266838431358,0.02652527391910553,0.02652527391910553,0.04509266838431358,0.011273167096078396,,,,,,,,,,,,,,,,,,,0.3304891586303711,0.15816405415534973,0.07865686122638664,0.6568063450999081,19295,226011,29377,245306,0.5,0.18742553698471592,0.48691152942778365,0.6267488171018143,0.5,0.23215440650849303,0.5333764509650407,0.6236511556659972,0.5,0.23726044184225756,0.5358273479252477,0.6293018347686966,0.23726044184225756,0.5358273479252477,0.6293018347686966,29377,17395,17395,1739500,100.0,100.0,0.6157931685447693,0.6844092011451721,0.4628008306026459,0.8169069886207581,0.8729618191719055,0.7194404006004333,0.3812165856361389,0.06263405550052525,0.9129405918151776,17395,2683,17395,0,14.102098304110376,97.20255798194557,mean,geometric_mean,odvg_phrase_grounding,3.5,2.0,4.0,iou,0.25,0.25,2.0,True,False,False,True,True,0.1,0.25,0.05,0.25,128,5,True,True,0.05,10,0.3,10,0.0,0.5,1.0,10,True,5,12,0.0,0.1,3,odvg_appended_phrase,4.0,0.25,20,0.5,0.5,1.0,2.0,True,False
epoch,1784844723.1079373,260,636.0744189419784,8.90678062922314e-06,8.90678062922314e-06,8.90678062922314e-06,8.906780629223147e-07,8.90678062922314e-06,0.8493789434432983,12286,0.5579371452331543,0.8885853886604309,0.2914417088031769,0.0038073258474469185,0.2178589403629303,0.017108343541622162,0.011385579593479633,0.04554231837391853,0.026443248614668846,0.026443248614668846,0.04554231837391853,0.011385579593479633,1.6859997510910034,0.01922113075852394,0.5371448397636414,0.11766225844621658,0.044262759387493134,0.044262759387493134,,,0.09467242658138275,0.023668106645345688,0.0,0.0,0,0.45,True,True,1.0,2.0,1.0,2.0,0.32970696687698364,0.15717405080795288,0.07858513355521246,0.6566701841576744,19291,226188,29377,245479,0.5,0.18684685298022263,0.48752425366783536,0.6287231507642033,0.5,0.23212036627293461,0.5309255540048338,0.6232086326037376,0.5,0.23644347618885522,0.5343976580317936,0.6307996051332675,0.23644347618885522,0.5343976580317936,0.6307996051332675,29377,17395,17395,1739500,100.0,100.0,0.6151940226554871,0.6832557320594788,0.4612840414047241,0.8160802125930786,0.8739489912986755,0.7175341248512268,0.3808421492576599,0.06086394069355239,0.9151762423756893,17395,2683,17395,0,14.112043690715723,117.66038722614758,mean,geometric_mean,odvg_phrase_grounding,3.5,2.0,4.0,iou,0.25,0.25,2.0,True,False,False,True,True,0.1,0.25,0.05,0.25,128,5,True,True,0.05,10,0.3,10,0.0,0.5,1.0,10,True,5,12,0.0,0.1,3,odvg_appended_phrase,4.0,0.25,20,0.5,0.5,1.0,2.0,True,False
epoch,1784845348.6256144,261,618.8938799588941,8.711622608604435e-06,8.711622608604435e-06,8.711622608604435e-06,8.711622608604441e-07,8.711622608604435e-06,0.8405581712722778,12286,0.5576691627502441,0.8833445310592651,0.2828894555568695,0.003831668058410287,0.21758529543876648,0.017165623605251312,0.011367879807949066,0.045471519231796265,0.02643209509551525,0.02643209509551525,0.045471519231796265,0.011367879807949066,,,,,,,,,,,,,,,,,,,0.330915242433548,0.15773482620716095,0.0794183952291264,0.6559553392109473,19270,223369,29377,242639,0.5,0.18735745651359909,0.4874221329611601,0.6272253803996324,0.5,0.23160976273955816,0.5336147326139496,0.6240936787282568,0.5,0.23736256254893284,0.5358954283963645,0.6304932430132416,0.23736256254893284,0.5358954283963645,0.6304932430132416,29377,17395,17395,1739500,100.0,100.0,0.6155360341072083,0.6821551322937012,0.4604628384113312,0.8158560991287231,0.8735745549201965,0.7189297676086426,0.38074004650115967,0.06297442839769529,0.9124053124032331,17395,2683,17395,0,13.948778384593274,102.48476272379048,mean,geometric_mean,odvg_phrase_grounding,3.5,2.0,4.0,iou,0.25,0.25,2.0,True,False,False,True,True,0.1,0.25,0.05,0.25,128,5,True,True,0.05,10,0.3,10,0.0,0.5,1.0,10,True,5,12,0.0,0.1,3,odvg_appended_phrase,4.0,0.25,20,0.5,0.5,1.0,2.0,True,False
epoch,1784845976.360706,262,621.1624291168991,8.521266477016853e-06,8.521266477016853e-06,8.521266477016853e-06,8.52126647701686e-07,8.521266477016853e-06,0.8310707211494446,12286,0.5549371242523193,0.8836272954940796,0.2761331796646118,0.0037689150776714087,0.21612685918807983,0.01720656454563141,0.011346184648573399,0.045384738594293594,0.026538286358118057,0.026538286358118057,0.045384738594293594,0.011346184648573399,,,,,,,,,,,,,,,,,,,0.33142030239105225,0.15762953460216522,0.07841849414760127,0.6584062361711543,19342,227309,29377,246651,0.5,0.18725533580692377,0.4887497021479389,0.6280423460530347,0.5,0.23069067637948054,0.5343295775606767,0.625455288150594,0.5,0.23736256254893284,0.5372570378187017,0.6311400074888518,0.23736256254893284,0.5372570378187017,0.6311400074888518,29377,17395,17395,1739500,100.0,100.0,0.616729199886322,0.6850000619888306,0.46214789152145386,0.8160595893859863,0.8740851879119873,0.7204275727272034,0.38387173414230347,0.06202133655604902,0.9139103791915333,17395,2683,17395,0,14.179419373383157,97.88909745891578,mean,geometric_mean,odvg_phrase_grounding,3.5,2.0,4.0,iou,0.25,0.25,2.0,True,False,False,True,True,0.1,0.25,0.05,0.25,128,5,True,True,0.05,10,0.3,10,0.0,0.5,1.0,10,True,5,12,0.0,0.1,3,odvg_appended_phrase,4.0,0.25,20,0.5,0.5,1.0,2.0,True,False
epoch,1784846604.27638,263,620.7848289350513,8.335733109155353e-06,8.335733109155353e-06,8.335733109155353e-06,8.335733109155366e-07,8.335733109155353e-06,0.8224771618843079,12286,0.5543999671936035,0.8796576261520386,0.26807698607444763,0.003793421434238553,0.21605366468429565,0.01713222824037075,0.011214915663003922,0.044859662652015686,0.026518497616052628,0.026518497616052628,0.044859662652015686,0.011214915663003922,,,,,,,,,,,,,,,,,,,0.33118921518325806,0.1579817533493042,0.07864186591007016,0.6585764373489464,19347,226667,29377,246014,0.5,0.18650645062463833,0.4880688974367703,0.6300166797154236,0.5,0.23167784321067503,0.5350103822718453,0.6269190182796065,0.5,0.23647751642441367,0.5372910780542601,0.6326037376178644,0.23647751642441367,0.5372910780542601,0.6326037376178644,29377,17395,17395,1739500,100.0,100.0,0.6171600222587585,0.6846574544906616,0.465594083070755,0.8166900277137756,0.8744936585426331,0.7224018573760986,0.38257819414138794,0.06382542002715219,0.9116483168260693,17395,2683,17395,0,14.142799655073297,99.6651427121833,mean,geometric_mean,odvg_phrase_grounding,3.5,2.0,4.0,iou,0.25,0.25,2.0,True,False,False,True,True,0.1,0.25,0.05,0.25,128,5,True,True,0.05,10,0.3,10,0.0,0.5,1.0,10,True,5,12,0.0,0.1,3,odvg_appended_phrase,4.0,0.25,20,0.5,0.5,1.0,2.0,True,False
epoch,1784847247.3050678,264,636.1198423327878,8.155042850844488e-06,8.155042850844488e-06,8.155042850844488e-06,8.155042850844494e-07,8.155042850844488e-06,0.8148809671401978,12286,0.5534429550170898,0.8802120685577393,0.2614370286464691,0.003782811341807246,0.21555563807487488,0.017198409885168076,0.01115022785961628,0.04460091143846512,0.026445765048265457,0.026445765048265457,0.04460091143846512,0.01115022785961628,,,,,,,,,,,,,,,,,,,0.3306207060813904,0.15761379897594452,0.07919308074106836,0.6582700752289206,19338,224850,29377,244188,0.5,0.18694897368689792,0.48721789154780953,0.6281785069952684,0.5,0.23266501004186949,0.5340912959117677,0.6260339721550873,0.5,0.23824760867345202,0.5363719916941825,0.6309698063110597,0.23824760867345202,0.5363719916941825,0.6309698063110597,29377,17395,17395,1739500,100.0,100.0,0.6165067553520203,0.6855357885360718,0.4618834853172302,0.8156704306602478,0.8736085891723633,0.7212445139884949,0.3821016550064087,0.06297443875957431,0.9126864225124922,17395,2683,17395,0,14.037826961770623,105.45750683709048,mean,geometric_mean,odvg_phrase_grounding,3.5,2.0,4.0,iou,0.25,0.25,2.0,True,False,False,True,True,0.1,0.25,0.05,0.25,128,5,True,True,0.05,10,0.3,10,0.0,0.5,1.0,10,True,5,12,0.0,0.1,3,odvg_appended_phrase,4.0,0.25,20,0.5,0.5,1.0,2.0,True,False
epoch,1784847905.7240906,265,651.5588153779972,7.97921551680728e-06,7.97921551680728e-06,7.97921551680728e-06,7.979215516807294e-07,7.97921551680728e-06,0.8083757758140564,12286,0.5540809631347656,0.8789794445037842,0.2542954385280609,0.0038173359353095293,0.21603842079639435,0.01709146611392498,0.011350051499903202,0.04540020599961281,0.026388486847281456,0.026388486847281456,0.04540020599961281,0.011350051499903202,1.6907919645309448,0.019253714010119438,0.5369502305984497,0.119244784116745,0.0435488186776638,0.0435488186776638,,,0.09311685711145401,0.023279214277863503,0.0,0.0,0,0.45,True,True,1.0,2.0,1.0,2.0,0.3310699164867401,0.15767334401607513,0.07971843197159548,0.6572829083977261,19309,222906,29377,242215,0.5,0.18742553698471592,0.48909010450352314,0.6284167886441774,0.5,0.23181400415290873,0.5343976580317936,0.6270211389862818,0.5,0.23681791877999797,0.5379378425298703,0.6316506110222283,0.23681791877999797,0.5379378425298703,0.6316506110222283,29377,17395,17395,1739500,100.0,100.0,0.6165659427642822,0.6856087446212769,0.46460288763046265,0.8162308931350708,0.8734384179115295,0.7232528924942017,0.3818633556365967,0.06596998409647559,0.9087871133581337,17395,2683,17395,0,13.9244035642426,116.18831669795327,mean,geometric_mean,odvg_phrase_grounding,3.5,2.0,4.0,iou,0.25,0.25,2.0,True,False,False,True,True,0.1,0.25,0.05,0.25,128,5,True,True,0.05,10,0.3,10,0.0,0.5,1.0,10,True,5,12,0.0,0.1,3,odvg_appended_phrase,4.0,0.25,20,0.5,0.5,1.0,2.0,True,False
epoch,1784848544.9258893,266,631.985363119049,7.808270388492294e-06,7.808270388492294e-06,7.808270388492294e-06,7.808270388492304e-07,7.808270388492294e-06,0.7975980043411255,12286,0.5500540137290955,0.8789414167404175,0.24754342436790466,0.003746933303773403,0.21409101784229279,0.017060868442058563,0.01129438541829586,0.04517754167318344,0.02649088390171528,0.02649088390171528,0.04517754167318344,0.01129438541829586,,,,,,,,,,,,,,,,,,,0.33015960454940796,0.15797290205955505,0.07913875637339153,0.6567382646287913,19293,224494,29377,243787,0.5,0.18698301392245634,0.4880348572012118,0.6271232596929571,0.5,0.23195016509514246,0.5343295775606767,0.6250127650883344,0.5,0.23671579807332266,0.5366102733430915,0.6308676856043843,0.23671579807332266,0.5366102733430915,0.6308676856043843,29377,17395,17395,1739500,100.0,100.0,0.6170862317085266,0.6852888464927673,0.4648396372795105,0.8170320391654968,0.874017059803009,0.7212104797363281,0.3821697235107422,0.06447221510753687,0.9106055487004187,17395,2683,17395,0,14.014774360448405,105.0794765111059,mean,geometric_mean,odvg_phrase_grounding,3.5,2.0,4.0,iou,0.25,0.25,2.0,True,False,False,True,True,0.1,0.25,0.05,0.25,128,5,True,True,0.05,10,0.3,10,0.0,0.5,1.0,10,True,5,12,0.0,0.1,3,odvg_appended_phrase,4.0,0.25,20,0.5,0.5,1.0,2.0,True,False
epoch,1784849185.5275164,267,633.5276392069645,7.642226211959232e-06,7.642226211959232e-06,7.642226211959232e-06,7.642226211959221e-07,7.642226211959232e-06,0.7923175096511841,12286,0.5511094331741333,0.8802496790885925,0.24120783805847168,0.003757792292162776,0.2153286337852478,0.016771553084254265,0.011143172159790993,0.04457268863916397,0.02642407827079296,0.02642407827079296,0.04457268863916397,0.011143172159790993,,,,,,,,,,,,,,,,,,,0.33072429895401,0.15812060236930847,0.07798235550744075,0.6571467474554924,19305,228251,29377,247556,0.5,0.18708513462913162,0.48793273649453656,0.6274296218129829,0.5,0.23195016509514246,0.5346359396807026,0.6250127650883344,0.5,0.23824760867345202,0.5360996698097151,0.6305613234843586,0.23824760867345202,0.5360996698097151,0.6305613234843586,29377,17395,17395,1739500,100.0,100.0,0.6167246103286743,0.6861196160316467,0.46214476227760315,0.8174436092376709,0.8752084970474243,0.7202913761138916,0.38376960158348083,0.0631446286583992,0.9123346040888669,17395,2683,17395,0,14.231445817763726,100.72623865911737,mean,geometric_mean,odvg_phrase_grounding,3.5,2.0,4.0,iou,0.25,0.25,2.0,True,False,False,True,True,0.1,0.25,0.05,0.25,128,5,True,True,0.05,10,0.3,10,0.0,0.5,1.0,10,True,5,12,0.0,0.1,3,odvg_appended_phrase,4.0,0.25,20,0.5,0.5,1.0,2.0,True,False
epoch,1784849813.4397237,268,619.8056246000342,7.481101195823156e-06,7.481101195823156e-06,7.481101195823156e-06,7.48110119582317e-07,7.481101195823156e-06,0.782816469669342,12286,0.5486470460891724,0.8787806034088135,0.2341701239347458,0.003732990939170122,0.21400056779384613,0.016821473836898804,0.011329038068652153,0.04531615227460861,0.026393406093120575,0.026393406093120575,0.04531615227460861,0.011329038068652153,,,,,,,,,,,,,,,,,,,0.330464243888855,0.1576828956604004,0.07835726780846995,0.6556489770909215,19261,226549,29377,245810,0.5,0.18756169792694966,0.4860264833032645,0.6273955815774245,0.5,0.23249480886407733,0.5336147326139496,0.6246383224971916,0.5,0.23657963713108895,0.5351805834496375,0.6302549613643327,0.23657963713108895,0.5351805834496375,0.6302549613643327,29377,17395,17395,1739500,100.0,100.0,0.6161730289459229,0.6869337558746338,0.46112918853759766,0.8174136281013489,0.8743574619293213,0.7179085612297058,0.38400790095329285,0.062259584138784296,0.9132764428492957,17395,2683,17395,0,14.131072147168727,98.70007807901129,mean,geometric_mean,odvg_phrase_grounding,3.5,2.0,4.0,iou,0.25,0.25,2.0,True,False,False,True,True,0.1,0.25,0.05,0.25,128,5,True,True,0.05,10,0.3,10,0.0,0.5,1.0,10,True,5,12,0.0,0.1,3,odvg_appended_phrase,4.0,0.25,20,0.5,0.5,1.0,2.0,True,False
epoch,1784850438.7453206,269,618.1193453888409,7.3249130092578775e-06,7.3249130092578775e-06,7.3249130092578775e-06,7.324913009257888e-07,7.3249130092578775e-06,0.7769356966018677,12286,0.5494508743286133,0.8783267736434937,0.22748617827892303,0.003742575878277421,0.21441255509853363,0.01686350256204605,0.011181699112057686,0.04472679644823074,0.026341432705521584,0.026341432705521584,0.04472679644823074,0.011181699112057686,,,,,,,,,,,,,,,,,,,0.33125540614128113,0.15818575024604797,0.07909384529625865,0.6568744255710249,19297,224679,29377,243976,0.5,0.18677877250910577,0.48793273649453656,0.6280763862885931,0.5,0.23208632603737617,0.5340232154406509,0.625217006501685,0.5,0.23712428090002383,0.5376655206454029,0.6314463696088777,0.23712428090002383,0.5376655206454029,0.6314463696088777,29377,17395,17395,1739500,100.0,100.0,0.6161766052246094,0.6853654384613037,0.4587666690349579,0.8163909912109375,0.8744255900382996,0.7189297676086426,0.3830547630786896,0.062055342037617645,0.9136837215072751,17395,2683,17395,0,14.025639551595287,96.76688472018577,mean,geometric_mean,odvg_phrase_grounding,3.5,2.0,4.0,iou,0.25,0.25,2.0,True,False,False,True,True,0.1,0.25,0.05,0.25,128,5,True,True,0.05,10,0.3,10,0.0,0.5,1.0,10,True,5,12,0.0,0.1,3,odvg_appended_phrase,4.0,0.25,20,0.5,0.5,1.0,2.0,True,False
epoch,1784851067.2715702,270,621.5696893879212,7.173678780058074e-06,7.173678780058074e-06,7.173678780058074e-06,7.173678780058071e-07,7.173678780058074e-06,0.7681282162666321,12286,0.547339916229248,0.8774725794792175,0.22078856825828552,0.0037346072494983673,0.21420198678970337,0.016532989218831062,0.011051190085709095,0.04420476034283638,0.02620820887386799,0.02620820887386799,0.04420476034283638,0.011051190085709095,1.684780240058899,0.019061021506786346,0.5377348065376282,0.11751915514469147,0.04334404692053795,0.04334404692053795,,,0.09372811019420624,0.02343202754855156,0.0,0.0,0,0.45,True,True,1.0,2.0,1.0,2.0,0.33101141452789307,0.15753695368766785,0.0794291557740044,0.6557170575620384,19263,223255,29377,242518,0.5,0.1860298873268203,0.4881029376723287,0.6270892194573986,0.5,0.23252884909963578,0.5351125029785206,0.62640841474623,0.5,0.2364094359532968,0.5367464342853252,0.6305613234843586,0.2364094359532968,0.5367464342853252,0.6305613234843586,29377,17395,17395,1739500,100.0,100.0,0.6161162257194519,0.6832624077796936,0.45959630608558655,0.8173750042915344,0.8744596242904663,0.7182489633560181,0.3833611309528351,0.06253190579397971,0.9129383974300507,17395,2683,17395,0,13.941822362747915,112.76449047401547,mean,geometric_mean,odvg_phrase_grounding,3.5,2.0,4.0,iou,0.25,0.25,2.0,True,False,False,True,True,0.1,0.25,0.05,0.25,128,5,True,True,0.05,10,0.3,10,0.0,0.5,1.0,10,True,5,12,0.0,0.1,3,odvg_appended_phrase,4.0,0.25,20,0.5,0.5,1.0,2.0,True,False
epoch,1784851679.9565303,271,605.9921643009875,7.0274150927612556e-06,7.0274150927612556e-06,7.0274150927612556e-06,7.027415092761249e-07,7.0274150927612556e-06,0.7616575360298157,12286,0.5471622943878174,0.8778500556945801,0.21449589729309082,0.0037375735118985176,0.21336933970451355,0.01681019924581051,0.01132000982761383,0.04528003931045532,0.026252320036292076,0.026252320036292076,0.04528003931045532,0.01132000982761383,,,,,,,,,,,,,,,,,,,0.3311397135257721,0.15823844075202942,0.07977382768455263,0.6550702930864282,19244,221988,29377,241232,0.5,0.18613200803349558,0.48851142049902985,0.6277700241685672,0.5,0.23273309051298635,0.5344997787384689,0.6260680123906457,0.5,0.2382135684378936,0.5370527964053511,0.6315484903155529,0.2382135684378936,0.5370527964053511,0.6315484903155529,29377,17395,17395,1739500,100.0,100.0,0.6159378886222839,0.6830958724021912,0.4614867568016052,0.8170701861381531,0.874017059803009,0.7179425954818726,0.384178102016449,0.06287230239544439,0.9124271177234645,17395,2683,17395,0,13.867893072722046,98.81711894995533,mean,geometric_mean,odvg_phrase_grounding,3.5,2.0,4.0,iou,0.25,0.25,2.0,True,False,False,True,True,0.1,0.25,0.05,0.25,128,5,True,True,0.05,10,0.3,10,0.0,0.5,1.0,10,True,5,12,0.0,0.1,3,odvg_appended_phrase,4.0,0.25,20,0.5,0.5,1.0,2.0,True,False
epoch,1784852290.857605,272,603.981679006014,6.886137986828969e-06,6.886137986828969e-06,6.886137986828969e-06,6.886137986828982e-07,6.886137986828969e-06,0.7526365518569946,12286,0.5452258586883545,0.8744798898696899,0.20741094648838043,0.003727975068613887,0.21299614012241364,0.01658037304878235,0.011066969484090805,0.04426787793636322,0.026270639151334763,0.026270639151334763,0.04426787793636322,0.011066969484090805,,,,,,,,,,,,,,,,,,,0.3310040235519409,0.1575978696346283,0.07994428276496779,0.6564319025087654,19284,221934,29377,241218,0.5,0.1860298873268203,0.487728495081186,0.6287231507642033,0.5,0.2317799639173503,0.5350103822718453,0.6263403342751132,0.5,0.23736256254893284,0.5355209858052218,0.6317186914933451,0.23736256254893284,0.5355209858052218,0.6317186914933451,29377,17395,17395,1739500,100.0,100.0,0.6150605082511902,0.6847721934318542,0.45731306076049805,0.816787838935852,0.8732001185417175,0.7160704135894775,0.38162508606910706,0.059638511080712164,0.9167141806882376,17395,2683,17395,0,13.867088243748203,97.03372464608401,mean,geometric_mean,odvg_phrase_grounding,3.5,2.0,4.0,iou,0.25,0.25,2.0,True,False,False,True,True,0.1,0.25,0.05,0.25,128,5,True,True,0.05,10,0.3,10,0.0,0.5,1.0,10,True,5,12,0.0,0.1,3,odvg_appended_phrase,4.0,0.25,20,0.5,0.5,1.0,2.0,True,False