type,time,epoch,epoch_time,lr,train_loss,train_loss_main,train_loss_aux,train_loss_aux_contrib,train_loss_bbox,train_loss_giou,train_loss_score,train_loss_rank_raw,train_loss_rank,train_loss_text_negative,train_loss_text_negative_contrib,train_text_negative_queries,score_negative_iou_ignore_thr,duplicate_suppression_enabled,duplicate_loss_weight,duplicate_margin,duplicate_background_weight,duplicate_classification_weight,duplicate_max_pairs,duplicate_start_epoch,hard_negative_mining_enabled,hard_negative_loss_weight,hard_negative_topk,hard_negative_max_iou,hard_negative_start_epoch,matcher_score_alpha,matcher_cost_score_effective,train_negative_text_regression_matches,val_loss,val_loss_bbox,val_loss_giou,val_loss_score,val_loss_rank_raw,val_loss_rank,val_loss_text_negative,val_loss_text_negative_contrib,val_text_negative_queries,val_score_negative_iou_ignore_thr,val_duplicate_suppression_enabled,val_hard_negative_mining_enabled,val_matcher_score_alpha,val_matcher_cost_score_effective,map50,map50_95,precision,recall,tp,fp,num_gt,num_pred,raw_oracle_num_gt,raw_oracle_num_samples,raw_oracle_positive_samples,raw_oracle_num_pred,raw_oracle_avg_pred_per_sample,raw_oracle_avg_pred_per_positive_sample,raw_best_iou_mean,raw_best_iou_median,raw_best_iou_p25,raw_best_iou_p75,raw_oracle_recall25,raw_oracle_recall50,raw_oracle_recall75,raw_oracle_gap50,raw_oracle_retention50,valid_samples,skipped_empty_gt,avg_selected_per_sample,eval_loop_time,eval_metric_time,raw_oracle_metric_time,lambda_bbox,lambda_giou,lambda_score,classification_type,ia_bce_alpha,classification_focal_alpha,classification_focal_gamma,normalize_classification_by_num_gt,dense_score_assignment_enabled,pairwise_ranking_enabled,duplicate_suppression_active,hard_negative_mining_active,lambda_rank_max,lambda_aux,pos_weight,quality_warmup_epoch,aux_score_enabled,matcher_score_start_epoch,matcher_score_warmup_epoch,matcher_score_alpha_min,negative_sample_ratio,max_query_loss_weight,lambda_text_negative,text_negative_topk,text_negative_hard_mix,negative_text_as_empty_target,use_negative_queries_in_val
epoch,1783299690.7202084,16,1102.6897693050005,9.938533836754775e-05,2.287848949432373,1.4265435934066772,1.7226133346557617,0.8613066673278809,0.061802104115486145,0.5213983058929443,0.03626579791307449,0.0,0.0,0.00021064911561552435,5.266227890388109e-05,22856,0.5,True,0.1,0.25,0.05,0.25,128,5,True,0.05,10,0.3,10,0.9803240740740741,1.9606481481481481,0,,,,,,,,,,,,,,,0.07686169445514679,0.04557967931032181,0.010293779538288566,0.5642944696805826,39131,3762291,69345,3801422,69345,43709,38008,4370900,100.0,100.0,0.5179606676101685,0.5517957210540771,0.3174172639846802,0.7253188490867615,0.8017016649246216,0.5643521547317505,0.2173047810792923,5.7685051167877255e-05,0.9998977853620576,43709,5701,86.97115010638541,356.7542902660002,2.7796272819996375,0.1479861100006019,4.17160365254926,2.0,2.6567926949014797,iou,0.25,0.25,2.0,True,False,False,True,True,0.0,0.5,1.0,10,True,5,12,0.0,0.15,4.0,0.25,20,0.5,True,True
epoch,1783300719.2455444,17,1013.2533885440007,9.930282087282583e-05,2.260038137435913,1.4136996269226074,1.692671537399292,0.846335768699646,0.06062620133161545,0.518160343170166,0.035648658871650696,0.0,0.0,0.00018865449237637222,4.7163623094093055e-05,22856,0.5,True,0.1,0.25,0.05,0.25,128,5,True,0.05,10,0.3,10,1.0,2.0,0,,,,,,,,,,,,,,,0.08233197033405304,0.0491366870701313,0.010299143163062094,0.5645540413872666,39149,3762041,69345,3801190,69345,43709,38008,4370900,100.0,100.0,0.5186131596565247,0.5497940182685852,0.3150250315666199,0.7300824522972107,0.8028120398521423,0.5647703409194946,0.22105415165424347,0.0002162995322280148,0.9996170132945086,43709,5701,86.96584227504633,355.0651820910007,2.0573966779993498,0.08592149900050572,4.09406623188668,2.0,2.8118675362266385,iou,0.25,0.25,2.0,True,False,False,True,True,0.0,0.5,1.0,10,True,5,12,0.0,0.15,4.0,0.25,20,0.5,True,True
epoch,1783301715.1328723,18,982.1738958290007,9.921514845025677e-05,2.231438398361206,1.3960989713668823,1.6706739664077759,0.8353369832038879,0.059258922934532166,0.5114246606826782,0.035777028650045395,0.0,0.0,0.00017953118367586285,4.488279591896571e-05,22856,0.5,True,0.1,0.25,0.05,0.25,128,5,True,0.05,10,0.3,10,1.0,2.0,0,,,,,,,,,,,,,,,0.08503430336713791,0.05111118406057358,0.010503365512226831,0.5757733073761626,39927,3761426,69345,3801353,69345,43709,38008,4370900,100.0,100.0,0.5252260565757751,0.559714138507843,0.32936611771583557,0.7351324558258057,0.8096474409103394,0.5760761499404907,0.22853846848011017,0.00030284256432810963,0.9994743011590406,43709,5701,86.96957148413371,327.84991482999976,2.1813229370000045,0.08274623900069855,4.018237254218789,2.0,2.963525491562421,iou,0.25,0.25,2.0,True,False,False,True,True,0.0,0.5,1.0,10,True,5,12,0.0,0.15,4.0,0.25,20,0.5,True,True
epoch,1783302706.5753033,19,978.4606246879994,9.912233075620325e-05,2.204714298248291,1.3792994022369385,1.6508318185806274,0.8254159092903137,0.05784580856561661,0.5064083337783813,0.03524567931890488,0.0,0.0,0.00019129840075038373,4.7824600187595934e-05,22856,0.5,True,0.1,0.25,0.05,0.25,128,5,True,0.05,10,0.3,10,1.0,2.0,0,,,,,,,,,,,,,,,0.09588076174259186,0.056196074932813644,0.010620148818880031,0.5821616554906627,40370,3760895,69345,3801265,69345,43709,38008,4370900,100.0,100.0,0.5276151299476624,0.5632659792900085,0.3321094512939453,0.738097071647644,0.8097627758979797,0.5822337865829468,0.23303771018981934,7.213109228410008e-05,0.9998761131800553,43709,5701,86.96755816879819,329.2945055319997,2.1119720389997383,0.08480772199982312,3.9449475176931497,2.0,3.1101049646137002,iou,0.25,0.25,2.0,True,False,False,True,True,0.0,0.5,1.0,10,True,5,12,0.0,0.15,4.0,0.25,20,0.5,True,True
epoch,1783303715.3297758,20,994.691020579,9.902437801373527e-05,2.178966760635376,1.365069031715393,1.6277917623519897,0.8138958811759949,0.0568624846637249,0.5010406970977783,0.03502482548356056,0.0,0.0,8.481220720568672e-05,2.120305180142168e-05,22856,0.5,True,0.1,0.25,0.05,0.25,128,5,True,0.05,10,0.3,10,1.0,2.0,0,1.330583930015564,0.05535723268985748,0.48346835374832153,0.03630482032895088,0.0,0.0,1.9070243162389033e-09,4.767560790597258e-10,5701,0.5,True,True,1.0,2.0,0.09628301113843918,0.05690758302807808,0.010778868125456103,0.5908573076645757,40973,3760261,69345,3801234,69345,43709,38008,4370900,100.0,100.0,0.5328494310379028,0.5708238482475281,0.33894941210746765,0.7414402365684509,0.8166558742523193,0.5910015106201172,0.23672939836978912,0.00014420295554151696,0.9997560023909411,43709,5701,86.96684893271409,345.7980723950004,2.3637792779991287,0.08921940899926994,3.875,2.0,3.2499999999999996,iou,0.25,0.25,2.0,True,False,False,True,True,0.0,0.5,1.0,10,True,5,12,0.0,0.15,4.0,0.25,20,0.5,True,True
epoch,1783304704.7373333,21,975.7774932320008,9.892130101150432e-05,2.15214467048645,1.3482640981674194,1.6077632904052734,0.8038816452026367,0.055497489869594574,0.49452027678489685,0.03518057242035866,0.0,0.0,0.00011267301306361333,2.816825326590333e-05,22856,0.5,True,0.1,0.25,0.05,0.25,128,5,True,0.05,10,0.3,10,1.0,2.0,0,,,,,,,,,,,,,,,0.10272444784641266,0.06094033271074295,0.010891945920353517,0.5971447112264763,41409,3760391,69345,3801800,69345,43709,38008,4370900,100.0,100.0,0.5375322103500366,0.5767902731895447,0.3441782593727112,0.746192455291748,0.8201889395713806,0.5972456336021423,0.2441416084766388,0.00010092237566605711,0.9998310203206386,43709,5701,86.97979821089478,327.9339656400007,2.13173941399873,0.09068709500024852,3.8091610607806454,2.0,3.381677878438709,iou,0.25,0.25,2.0,True,False,False,True,True,0.0,0.5,1.0,10,True,5,12,0.0,0.15,4.0,0.25,20,0.5,True,True
epoch,1783305710.2291617,22,993.353099218999,9.881311110255485e-05,2.1364388465881348,1.3404566049575806,1.5919644832611084,0.7959822416305542,0.05456768721342087,0.4920009970664978,0.03513728082180023,0.0,0.0,0.00017533308709971607,4.383327177492902e-05,22856,0.5,True,0.1,0.25,0.05,0.25,128,5,True,0.05,10,0.3,10,1.0,2.0,0,,,,,,,,,,,,,,,0.0991586297750473,0.0601687915623188,0.010824898740164025,0.5934386040810441,41152,3760454,69345,3801606,69345,43709,38008,4370900,100.0,100.0,0.5378663539886475,0.5798484683036804,0.33526846766471863,0.7509028911590576,0.8153147101402283,0.593712568283081,0.2515970766544342,0.00027396420203695815,0.9995385575164272,43709,5701,86.97535976572331,336.79684531400017,2.5157341270005418,0.08576122999875224,3.7481520452308565,2.0,3.503695909538287,iou,0.25,0.25,2.0,True,False,False,True,True,0.0,0.5,1.0,10,True,5,12,0.0,0.15,4.0,0.25,20,0.5,True,True
epoch,1783306713.354863,23,995.9280030350001,9.869982020307412e-05,2.108957529067993,1.3235162496566772,1.570878028869629,0.7854390144348145,0.05356926843523979,0.4851703941822052,0.03494567796587944,0.0,0.0,0.00011216971324756742,2.8042428311891854e-05,22856,0.5,True,0.1,0.25,0.05,0.25,128,5,True,0.05,10,0.3,10,1.0,2.0,0,,,,,,,,,,,,,,,0.10537015646696091,0.06279811263084412,0.010957043308125348,0.6006777705674526,41654,3759919,69345,3801573,69345,43709,38008,4370900,100.0,100.0,0.5394307971000671,0.5775302648544312,0.3495982885360718,0.7488687634468079,0.8207368850708008,0.6007786989212036,0.24841012060642242,0.00010092835375097309,0.9998320041074489,43709,5701,86.97460477247249,341.78960433999964,2.5670255909990374,0.08923458600111189,3.692641380891954,2.0,3.614717238216092,iou,0.25,0.25,2.0,True,False,False,True,True,0.0,0.5,1.0,10,True,5,12,0.0,0.15,4.0,0.25,20,0.5,True,True
epoch,1783307702.108704,24,975.1201591379995,9.858144079107946e-05,2.094482421875,1.3155759572982788,1.5578097105026245,0.7789048552513123,0.05288423225283623,0.4831649661064148,0.03444337844848633,0.0,0.0,0.0001239352859556675,3.0983821488916874e-05,22856,0.5,True,0.1,0.25,0.05,0.25,128,5,True,0.05,10,0.3,10,1.0,2.0,0,,,,,,,,,,,,,,,0.10975557565689087,0.06532897055149078,0.010908553414722286,0.5981108948013555,41476,3760678,69345,3802154,69345,43709,38008,4370900,100.0,100.0,0.5386435389518738,0.5763322710990906,0.3471689522266388,0.7491725087165833,0.8208234310150146,0.5981109142303467,0.2490302175283432,1.9428991193670697e-08,0.9999999675160731,43709,5701,86.98789722940356,326.2689212240002,2.1484173140015628,0.08315233800021815,3.643237254218789,2.0,3.713525491562421,iou,0.25,0.25,2.0,True,False,False,True,True,0.0,0.5,1.0,10,True,5,12,0.0,0.15,4.0,0.25,20,0.5,True,True
epoch,1783308727.064068,25,1009.4708218319993,9.845798590504411e-05,2.071871042251587,1.3023879528045654,1.538974404335022,0.769487202167511,0.05176542326807976,0.47863873839378357,0.03430243209004402,0.0,0.0,0.00013341936573851854,3.3354841434629634e-05,22856,0.5,True,0.1,0.25,0.05,0.25,128,5,True,0.05,10,0.3,10,1.0,2.0,0,1.30095374584198,0.053079504519701004,0.4729246497154236,0.0349559411406517,0.0,0.0,1.6917510448077877e-10,4.229377612019469e-11,5701,0.5,True,True,1.0,2.0,0.11316139996051788,0.06737402826547623,0.01106981853420588,0.6068642295767539,42083,3759515,69345,3801598,69345,43709,38008,4370900,100.0,100.0,0.5450643301010132,0.5879952311515808,0.3534909784793854,0.7558493614196777,0.8245872259140015,0.6068642139434814,0.2586055099964142,-1.5633272454351754e-08,1.000000025760742,43709,5701,86.97517673705644,346.59975471800135,2.154801349999616,0.08793224600049143,3.600480947161671,2.0,3.799038105676658,iou,0.25,0.25,2.0,True,False,False,True,True,0.0,0.5,1.0,10,True,5,12,0.0,0.15,4.0,0.25,20,0.5,True,True
epoch,1783309715.7346258,26,976.0932336630012,9.832946914246111e-05,2.0494606494903564,1.2880473136901855,1.522823691368103,0.7614118456840515,0.05079643428325653,0.4727638065814972,0.03434191271662712,0.0,0.0,0.000191629005712457,4.790725142811425e-05,22856,0.5,True,0.1,0.25,0.05,0.25,128,5,True,0.05,10,0.3,10,1.0,2.0,0,,,,,,,,,,,,,,,0.12309553474187851,0.07276924699544907,0.011163316382624563,0.6118970365563486,42432,3758589,69345,3801021,69345,43709,38008,4370900,100.0,100.0,0.5466026067733765,0.5898537039756775,0.35981011390686035,0.7532303333282471,0.8276732563972473,0.6120556592941284,0.2544523775577545,0.00015862273777977887,0.9997408360900335,43709,5701,86.96197579445881,326.31301163699936,2.1721648839993577,0.08456812599979457,3.5648409067680493,2.0,3.8703181864639014,iou,0.25,0.25,2.0,True,False,False,True,True,0.0,0.5,1.0,10,True,5,12,0.0,0.15,4.0,0.25,20,0.5,True,True
epoch,1783310707.581682,27,976.434836679,9.819590465834562e-05,2.0323314666748047,1.2778888940811157,1.5088858604431152,0.7544429302215576,0.04993699491024017,0.4691392481327057,0.034349583089351654,0.0,0.0,0.00010943746019620448,2.735936504905112e-05,22856,0.5,True,0.1,0.25,0.05,0.25,128,5,True,0.05,10,0.3,10,1.0,2.0,0,,,,,,,,,,,,,,,0.12039335072040558,0.07163021713495255,0.011268478592284642,0.617694138005624,42834,3758389,69345,3801223,69345,43709,38008,4370900,100.0,100.0,0.549515426158905,0.5954763293266296,0.359147310256958,0.7583077549934387,0.8246448636054993,0.6177085638046265,0.2617203891277313,1.4425799002459883e-05,0.9999766462700248,43709,5701,86.96659726829715,328.469735734001,2.179927218998273,0.08537668000099075,3.5367076127786348,2.0,3.9265847744427305,iou,0.25,0.25,2.0,True,False,False,True,True,0.0,0.5,1.0,10,True,5,12,0.0,0.15,4.0,0.25,20,0.5,True,True
epoch,1783311689.4469347,28,975.8264206620006,9.80573071636758e-05,2.0246334075927734,1.273734211921692,1.5018061399459839,0.7509030699729919,0.04985397309064865,0.46820375323295593,0.033972129225730896,0.0,0.0,0.00011206119233975187,2.8015298084937967e-05,22856,0.5,True,0.1,0.25,0.05,0.25,128,5,True,0.05,10,0.3,10,1.0,2.0,0,,,,,,,,,,,,,,,0.13175350427627563,0.0780775174498558,0.01132682423866213,0.620996466940659,43063,3758797,69345,3801860,69345,43709,38008,4370900,100.0,100.0,0.5518187880516052,0.5988980531692505,0.35669806599617004,0.7623189091682434,0.8270819783210754,0.6211118102073669,0.269565224647522,0.0001153432667079235,0.9998142954862356,43709,5701,86.98117092589627,328.4164194690002,2.1896619819999614,0.08446253299916862,3.5163892994496457,2.0,3.9672214011007085,iou,0.25,0.25,2.0,True,False,False,True,True,0.0,0.5,1.0,10,True,5,12,0.0,0.15,4.0,0.25,20,0.5,True,True
epoch,1783312678.036407,29,974.7143824490013,9.791369192377272e-05,2.0006473064422607,1.258845329284668,1.4835985898971558,0.7417992949485779,0.04881436750292778,0.46198347210884094,0.0341336615383625,0.0,0.0,0.00011293373972875997,2.8233434932189994e-05,22856,0.5,True,0.1,0.25,0.05,0.25,128,5,True,0.05,10,0.3,10,1.0,2.0,0,,,,,,,,,,,,,,,0.1332937479019165,0.07937591522932053,0.01126553440456272,0.6175355108515395,42823,3758417,69345,3801240,69345,43709,38008,4370900,100.0,100.0,0.5516325831413269,0.5949128270149231,0.36224737763404846,0.7607621550559998,0.8320282697677612,0.6176220178604126,0.2668397128582001,8.650700887313789e-05,0.9998599353546805,43709,5701,86.96698620421424,326.37807275100204,2.1600579540026956,0.08509092500025872,3.504108578473795,2.0,3.99178284305241,iou,0.25,0.25,2.0,True,False,False,True,True,0.0,0.5,1.0,10,True,5,12,0.0,0.15,4.0,0.25,20,0.5,True,True
epoch,1783313684.151068,30,993.8759036629999,9.77650747566188e-05,1.9854636192321777,1.2492167949676514,1.4724981784820557,0.7362490892410278,0.047983311116695404,0.4588669240474701,0.03404512256383896,0.0,0.0,0.0001913188025355339,4.7829700633883476e-05,22856,0.5,True,0.1,0.25,0.05,0.25,128,5,True,0.05,10,0.3,10,1.0,2.0,0,1.2822903394699097,0.05217587947845459,0.46698564291000366,0.034237105399370193,0.0,0.0,1.4861473829341776e-08,3.715368457335444e-09,5701,0.5,True,True,1.0,2.0,0.13501431047916412,0.0804864913225174,0.011231122533532905,0.6156896676040089,42695,3758795,69345,3801490,69345,43709,38008,4370900,100.0,100.0,0.5510649085044861,0.5969538688659668,0.3592035174369812,0.7624486684799194,0.8272261619567871,0.6157761812210083,0.2683250308036804,8.65136169994063e-05,0.9998595047687167,43709,5701,86.97270585005377,346.53351893500076,2.1907964749989333,0.08767083299972,3.5,2.0,4.0,iou,0.25,0.25,2.0,True,False,False,True,True,0.0,0.5,1.0,10,True,5,12,0.0,0.15,4.0,0.25,20,0.5,True,True
epoch,1783314672.983217,31,974.4470095910001,9.761147203111576e-05,1.9728643894195557,1.2424628734588623,1.4608010053634644,0.7304005026817322,0.04719582945108414,0.456622451543808,0.03414325788617134,0.0,0.0,0.000642684637568891,0.00016067115939222276,22856,0.5,True,0.1,0.25,0.05,0.25,128,5,True,0.05,10,0.3,10,1.0,2.0,0,,,,,,,,,,,,,,,0.13687680661678314,0.08157183229923248,0.011300119686056088,0.6199004975124378,42987,3761132,69345,3804119,69345,43709,38008,4370900,100.0,100.0,0.5535510182380676,0.596471905708313,0.3673294186592102,0.7607671022415161,0.8350421786308289,0.6199581623077393,0.26670992374420166,5.7664795301448635e-05,0.9999069859890435,43709,5701,87.03285364570226,327.1781385849972,2.142279243998928,0.084828227001708,3.5,2.0,4.0,iou,0.25,0.25,2.0,True,False,False,True,True,0.0,0.5,1.0,10,True,5,12,0.0,0.15,4.0,0.25,20,0.5,True,True
epoch,1783315660.077701,32,974.0493423560001,9.74529006652816e-05,1.954283595085144,1.2298492193222046,1.4488686323165894,0.7244343161582947,0.04625093564391136,0.4523686170578003,0.03400466591119766,0.0,0.0,8.997988334158435e-05,2.249497083539609e-05,22856,0.5,True,0.1,0.25,0.05,0.25,128,5,True,0.05,10,0.3,10,1.0,2.0,0,,,,,,,,,,,,,,,0.13845323026180267,0.08250080049037933,0.011382338322195837,0.6241401687216094,43281,3759189,69345,3802470,69345,43709,38008,4370900,100.0,100.0,0.5575759410858154,0.602684736251831,0.3640449643135071,0.770051896572113,0.8333261013031006,0.6242843866348267,0.28214001655578613,0.0001442179132172816,0.9997689868330767,43709,5701,86.99512686174472,326.0970210029991,2.1455699969992565,0.08215236599789932,3.5,2.0,4.0,iou,0.25,0.25,2.0,True,False,False,True,True,0.0,0.5,1.0,10,True,5,12,0.0,0.15,4.0,0.25,20,0.5,True,True
epoch,1783316651.6178088,33,977.2996936849995,9.728937812438731e-05,1.940845012664795,1.2216300964355469,1.438429832458496,0.719214916229248,0.0457894466817379,0.44872891902923584,0.034098148345947266,0.0,0.0,5.1739330956479535e-05,1.2934832739119884e-05,22856,0.5,True,0.1,0.25,0.05,0.25,128,5,True,0.05,10,0.3,10,1.0,2.0,0,,,,,,,,,,,,,,,0.1395176649093628,0.0839146077632904,0.011418007972486321,0.6260725358713678,43415,3758912,69345,3802327,69345,43709,38008,4370900,100.0,100.0,0.5600046515464783,0.6052032113075256,0.36939486861228943,0.7713591456413269,0.8352729082107544,0.6260725259780884,0.2861633896827698,-9.89327941791629e-09,1.00000001580213,43709,5701,86.99185522432451,328.66539632700005,2.1598666190002405,0.08492905299863196,3.5,2.0,4.0,iou,0.25,0.25,2.0,True,False,False,True,True,0.0,0.5,1.0,10,True,5,12,0.0,0.15,4.0,0.25,20,0.5,True,True
epoch,1783317639.5855236,34,976.0117693920001,9.712092241903318e-05,1.9211490154266357,1.2095494270324707,1.4232032299041748,0.7116016149520874,0.04489454627037048,0.4443937838077545,0.03411025553941727,0.0,0.0,5.334151501301676e-05,1.333537875325419e-05,22856,0.5,True,0.1,0.25,0.05,0.25,128,5,True,0.05,10,0.3,10,1.0,2.0,0,,,,,,,,,,,,,,,0.14303059875965118,0.08567972481250763,0.011485134556117238,0.6296776984642007,43665,3758206,69345,3801871,69345,43709,38008,4370900,100.0,100.0,0.5610514283180237,0.6070638298988342,0.3750840425491333,0.769672691822052,0.8397000432014465,0.6297065615653992,0.28314948081970215,2.886310119842861e-05,0.9999541642044721,43709,5701,86.9814225903132,328.95616812799926,2.173345489001804,0.08518210699912743,3.5,2.0,4.0,iou,0.25,0.25,2.0,True,False,False,True,True,0.0,0.5,1.0,10,True,5,12,0.0,0.15,4.0,0.25,20,0.5,True,True
epoch,1783318646.493477,35,993.9591457289971,9.694755210316511e-05,1.9048393964767456,1.1996859312057495,1.410311222076416,0.705155611038208,0.044189225882291794,0.4405957758426666,0.03404352813959122,0.0,0.0,7.328105857595801e-05,1.8320264643989503e-05,22856,0.5,True,0.1,0.25,0.05,0.25,128,5,True,0.05,10,0.3,10,1.0,2.0,0,1.2550500631332397,0.05044269189238548,0.4546464681625366,0.03483203426003456,0.0,0.0,2.6586357559921225e-09,6.646589389980306e-10,5701,0.5,True,True,1.0,2.0,0.1453903317451477,0.08683296293020248,0.011536188257377181,0.6324464633354965,43857,3757832,69345,3801689,69345,43709,38008,4370900,100.0,100.0,0.5622377395629883,0.6087351441383362,0.3765318691730499,0.7724868059158325,0.8405508399009705,0.6325473785400391,0.28725937008857727,0.00010091520454258429,0.9998404622199597,43709,5701,86.97725868814203,346.5786217220011,2.178122015000554,0.0890793680009665,3.5,2.0,4.0,iou,0.25,0.25,2.0,True,False,False,True,True,0.0,0.5,1.0,10,True,5,12,0.0,0.15,4.0,0.25,20,0.5,True,True
epoch,1783319636.8225365,36,975.8198218119978,9.676928627203107e-05,1.894520878791809,1.1941770315170288,1.400681495666504,0.700340747833252,0.043924614787101746,0.4383898675441742,0.033989571034908295,0.0,0.0,4.2233936255797744e-05,1.0558484063949436e-05,22856,0.5,True,0.1,0.25,0.05,0.25,128,5,True,0.05,10,0.3,10,1.0,2.0,0,,,,,,,,,,,,,,,0.14668795466423035,0.08816491812467575,0.01156512580727298,0.6340327348763429,43967,3757721,69345,3801688,69345,43709,38008,4370900,100.0,100.0,0.5640586018562317,0.609947144985199,0.3788527846336365,0.7730624079704285,0.8407527804374695,0.6340615749359131,0.28734588623046875,2.8840059570156562e-05,0.9999545153645795,43709,5701,86.97723580955868,327.99757814999975,2.1692986599991855,0.08355016100176726,3.5,2.0,4.0,iou,0.25,0.25,2.0,True,False,False,True,True,0.0,0.5,1.0,10,True,5,12,0.0,0.15,4.0,0.25,20,0.5,True,True
epoch,1783320627.7695255,37,976.7247272019995,9.658614456007788e-05,1.8786481618881226,1.1822060346603394,1.3928924798965454,0.6964462399482727,0.043088726699352264,0.4337739050388336,0.03402021527290344,0.0,0.0,7.686486060265452e-05,1.921621515066363e-05,22856,0.5,True,0.1,0.25,0.05,0.25,128,5,True,0.05,10,0.3,10,1.0,2.0,0,,,,,,,,,,,,,,,0.15078942477703094,0.08963026106357574,0.011629607534611583,0.6375802148676906,44213,3757549,69345,3801762,69345,43709,38008,4370900,100.0,100.0,0.5639427304267883,0.6102181077003479,0.3824928104877472,0.7744333744049072,0.8386329412460327,0.6377099752426147,0.2894224524497986,0.00012976037492418158,0.9997965213342087,43709,5701,86.97892882472718,328.64134267699774,2.1693775140010985,0.08542347100228653,3.5,2.0,4.0,iou,0.25,0.25,2.0,True,False,False,True,True,0.0,0.5,1.0,10,True,5,12,0.0,0.15,4.0,0.25,20,0.5,True,True
epoch,1783321621.0684307,38,978.9601313270032,9.639814713878863e-05,1.8664265871047974,1.1760451793670654,1.380752682685852,0.690376341342926,0.04267611727118492,0.43218323588371277,0.03374127298593521,0.0,0.0,0.00024913385277614,6.2283463194035e-05,22856,0.5,True,0.1,0.25,0.05,0.25,128,5,True,0.05,10,0.3,10,1.0,2.0,0,,,,,,,,,,,,,,,0.15313461422920227,0.09112587571144104,0.011587878226972862,0.6355613238157041,44073,3759298,69345,3803371,69345,43709,38008,4370900,100.0,100.0,0.5651868581771851,0.6100874543190002,0.38203880190849304,0.7765830159187317,0.8413584232330322,0.6356334090232849,0.2933448553085327,7.208520758084092e-05,0.9998865931108127,43709,5701,87.01574046535039,331.44237783899734,2.1746191550009826,0.08431481800289475,3.5,2.0,4.0,iou,0.25,0.25,2.0,True,False,False,True,True,0.0,0.5,1.0,10,True,5,12,0.0,0.15,4.0,0.25,20,0.5,True,True
epoch,1783322610.1319714,39,975.9143111950034,9.620531471446101e-05,1.860021710395813,1.1721566915512085,1.375731348991394,0.687865674495697,0.042308956384658813,0.43146803975105286,0.03352580592036247,0.0,0.0,0.00016326877812389284,4.081719453097321e-05,22856,0.5,True,0.1,0.25,0.05,0.25,128,5,True,0.05,10,0.3,10,1.0,2.0,0,,,,,,,,,,,,,,,0.1535617709159851,0.0913706123828888,0.01155299728104439,0.633513591462975,43931,3758632,69345,3802563,69345,43709,38008,4370900,100.0,100.0,0.5637823939323425,0.6050153970718384,0.3858284056186676,0.7732278108596802,0.8428581953048706,0.633600115776062,0.2841012477874756,8.65243130869775e-05,0.999863440187379,43709,5701,86.99725456999703,328.6057438610005,2.149544824998884,0.08656476699979976,3.5,2.0,4.0,iou,0.25,0.25,2.0,True,False,False,True,True,0.0,0.5,1.0,10,True,5,12,0.0,0.15,4.0,0.25,20,0.5,True,True
epoch,1783323618.119855,40,993.3586486880013,9.600766852592672e-05,1.8470003604888916,1.163838505744934,1.3663227558135986,0.6831613779067993,0.04157332330942154,0.42778533697128296,0.03387926146388054,0.0,0.0,6.482884055003524e-05,1.620721013750881e-05,22856,0.5,True,0.1,0.25,0.05,0.25,128,5,True,0.05,10,0.3,10,1.0,2.0,0,1.2507447004318237,0.05011448636651039,0.45213782787323,0.03525606170296669,0.0,0.0,5.041654649318161e-09,1.2604136623295403e-09,5701,0.5,True,True,1.0,2.0,0.15319642424583435,0.09193870425224304,0.011694052833539734,0.6410988535582954,44457,3757219,69345,3801676,69345,43709,38008,4370900,100.0,100.0,0.5672414898872375,0.6204313039779663,0.378426730632782,0.7797210812568665,0.8375225067138672,0.6411709785461426,0.29733937978744507,7.212498784714416e-05,0.9998875105233074,43709,5701,86.97696126655838,344.88122661599846,2.154233266999654,0.08856289599862066,3.5,2.0,4.0,iou,0.25,0.25,2.0,True,False,False,True,True,0.0,0.5,1.0,10,True,5,12,0.0,0.15,4.0,0.25,20,0.5,True,True
epoch,1783324634.0845182,41,1001.456082566001,9.58052303422121e-05,1.8397070169448853,1.1593257188796997,1.3607581853866577,0.6803790926933289,0.0412716269493103,0.4251387417316437,0.034229177981615067,0.0,0.0,2.8022592232446186e-05,7.0056480581115466e-06,22856,0.5,True,0.1,0.25,0.05,0.25,128,5,True,0.05,10,0.3,10,1.0,2.0,0,,,,,,,,,,,,,,,0.15246084332466125,0.09064119309186935,0.011740224677487745,0.6436368880236498,44633,3757083,69345,3801716,69345,43709,38008,4370900,100.0,100.0,0.5684924721717834,0.618258535861969,0.38425782322883606,0.7800595164299011,0.841156542301178,0.6436657309532166,0.2996610999107361,2.884292956673029e-05,0.999955189583382,43709,5701,86.9778764098927,352.6948558469994,2.164716113002214,0.08739627500108327,3.5,2.0,4.0,iou,0.25,0.25,2.0,True,False,False,True,True,0.0,0.5,1.0,10,True,5,12,0.0,0.15,4.0,0.25,20,0.5,True,True
epoch,1783325615.2735202,42,974.8293952679996,9.55980224601405e-05,1.8227134943008423,1.148945689201355,1.34752357006073,0.673761785030365,0.040743764489889145,0.4205547571182251,0.034444525837898254,0.0,0.0,4.784523116541095e-05,1.1961307791352738e-05,22856,0.5,True,0.1,0.25,0.05,0.25,128,5,True,0.05,10,0.3,10,1.0,2.0,0,,,,,,,,,,,,,,,0.15739865601062775,0.0939205139875412,0.011818183731209643,0.647905400533564,44929,3756755,69345,3801684,69345,43709,38008,4370900,100.0,100.0,0.5713053345680237,0.6214423775672913,0.38861900568008423,0.7816803455352783,0.843478262424469,0.648078441619873,0.3017376959323883,0.0001730410863090004,0.9997329936081866,43709,5701,86.97714429522524,327.9416786520014,2.137873931998911,0.08222340000065742,3.5,2.0,4.0,iou,0.25,0.25,2.0,True,False,False,True,True,0.0,0.5,1.0,10,True,5,12,0.0,0.15,4.0,0.25,20,0.5,True,True
epoch,1783326603.244296,43,973.8176000899985,9.538606770187656e-05,1.8078744411468506,1.1387041807174683,1.3383369445800781,0.6691684722900391,0.040273308753967285,0.4177287817001343,0.03374691680073738,0.0,0.0,4.262403308530338e-05,1.0656008271325845e-05,22856,0.5,True,0.1,0.25,0.05,0.25,128,5,True,0.05,10,0.3,10,1.0,2.0,0,,,,,,,,,,,,,,,0.15660390257835388,0.09258668124675751,0.011758798648787625,0.6446895955007571,44706,3757213,69345,3801919,69345,43709,38008,4370900,100.0,100.0,0.5676654577255249,0.6184935569763184,0.3818826675415039,0.7751938700675964,0.8422813415527344,0.6448770761489868,0.294556200504303,0.00018748064822970978,0.9997092769224342,43709,5701,86.9825207623144,326.21328185299717,2.167866572002822,0.08329284399951575,3.5,2.0,4.0,iou,0.25,0.25,2.0,True,False,False,True,True,0.0,0.5,1.0,10,True,5,12,0.0,0.15,4.0,0.25,20,0.5,True,True
epoch,1783327586.0991485,44,976.7779058769993,9.51693894124124e-05,1.7930567264556885,1.1293522119522095,1.327411413192749,0.6637057065963745,0.039471883326768875,0.41330793499946594,0.03424687311053276,0.0,0.0,0.00023726149811409414,5.9315374528523535e-05,22856,0.5,True,0.1,0.25,0.05,0.25,128,5,True,0.05,10,0.3,10,1.0,2.0,0,,,,,,,,,,,,,,,0.15876741707324982,0.0945134162902832,0.01180110518161383,0.6470690028120268,44871,3757400,69345,3802271,69345,43709,38008,4370900,100.0,100.0,0.5723440051078796,0.6235554218292236,0.3910406827926636,0.7795534133911133,0.8466796278953552,0.6472564935684204,0.30587640404701233,0.00018749075639357127,0.9997103300495914,43709,5701,86.99057402365645,327.76182626800073,2.16181954700005,0.08441585099717486,3.5,2.0,4.0,iou,0.25,0.25,2.0,True,False,False,True,True,0.0,0.5,1.0,10,True,5,12,0.0,0.15,4.0,0.25,20,0.5,True,True
epoch,1783328623.5378294,45,1023.6551518679989,9.494801145699648e-05,1.790258526802063,1.127198338508606,1.3261183500289917,0.6630591750144958,0.03927348554134369,0.412931352853775,0.03410256281495094,0.0,0.0,7.273074152180925e-05,1.8182685380452313e-05,22856,0.5,True,0.1,0.25,0.05,0.25,128,5,True,0.05,10,0.3,10,1.0,2.0,0,1.2456305027008057,0.04999486356973648,0.4503234326839447,0.03520933911204338,0.0,0.0,1.5497302330302887e-09,3.8743255825757217e-10,5701,0.5,True,True,1.0,2.0,0.16443760693073273,0.09753294289112091,0.01175128069282891,0.6441992933881318,44672,3756786,69345,3801458,69345,43709,38008,4370900,100.0,100.0,0.5699631571769714,0.6188603639602661,0.3845096230506897,0.781044602394104,0.8426562547683716,0.6442281603813171,0.30143484473228455,2.886699318538355e-05,0.9999551913515108,43709,5701,86.9719737353863,367.0168073030036,2.4430156180023914,0.08900247600104194,3.5,2.0,4.0,iou,0.25,0.25,2.0,True,False,False,True,True,0.0,0.5,1.0,10,True,5,12,0.0,0.15,4.0,0.25,20,0.5,True,True
epoch,1783329625.4109704,46,987.9731776000044,9.4721958218505e-05,1.7803070545196533,1.12161123752594,1.3173900842666626,0.6586950421333313,0.039084549993276596,0.41099870204925537,0.03392866626381874,0.0,0.0,3.5344084608368576e-05,8.836021152092144e-06,22856,0.5,True,0.1,0.25,0.05,0.25,128,5,True,0.05,10,0.3,10,1.0,2.0,0,,,,,,,,,,,,,,,0.164231538772583,0.09754899144172668,0.011834607486877473,0.648770639555844,44989,3756489,69345,3801478,69345,43709,38008,4370900,100.0,100.0,0.5732071399688721,0.6231510639190674,0.39175620675086975,0.7817881107330322,0.8455548286437988,0.6489148736000061,0.3049246668815613,0.00014423404416208374,0.9997777304080551,43709,5701,86.97243130705347,334.6183960480048,2.727038236000226,0.08957045400165953,3.5,2.0,4.0,iou,0.25,0.25,2.0,True,False,False,True,True,0.0,0.5,1.0,10,True,5,12,0.0,0.15,4.0,0.25,20,0.5,True,True
epoch,1783330614.318656,47,975.8698779629995,9.449125459475632e-05,1.7716795206069946,1.1173152923583984,1.3087286949157715,0.6543643474578857,0.03898795321583748,0.4095330238342285,0.033681951463222504,0.0,0.0,0.0001446969690732658,3.617424226831645e-05,22856,0.5,True,0.1,0.25,0.05,0.25,128,5,True,0.05,10,0.3,10,1.0,2.0,0,,,,,,,,,,,,,,,0.17389287054538727,0.10332999378442764,0.011838431691670885,0.6495060927247819,45040,3759518,69345,3804558,69345,43709,38008,4370900,100.0,100.0,0.572452962398529,0.621978223323822,0.3934345245361328,0.780116856098175,0.8469536304473877,0.6497079730033875,0.30266061425209045,0.00020188027860557067,0.9996892753560152,43709,5701,87.04289734379647,327.0994133830027,2.268496242002584,0.08533890300168423,3.5,2.0,4.0,iou,0.25,0.25,2.0,True,False,False,True,True,0.0,0.5,1.0,10,True,5,12,0.0,0.15,4.0,0.25,20,0.5,True,True
epoch,1783331605.5168092,48,976.3581295480035,9.425592599576876e-05,1.7631419897079468,1.1110514402389526,1.3041836023330688,0.6520918011665344,0.03877253830432892,0.4081810712814331,0.03315039351582527,0.0,0.0,3.13452874252107e-05,7.836321856302675e-06,22856,0.5,True,0.1,0.25,0.05,0.25,128,5,True,0.05,10,0.3,10,1.0,2.0,0,,,,,,,,,,,,,,,0.17390082776546478,0.1027403324842453,0.011873896146984454,0.6513086740211984,45165,3758557,69345,3803722,69345,43709,38008,4370900,100.0,100.0,0.5751485824584961,0.6285455226898193,0.39258554577827454,0.7819485664367676,0.847991943359375,0.6514240503311157,0.30760690569877625,0.0001153763099173144,0.9998228860143271,43709,5701,87.02377084810908,327.8189743309995,2.1690388320057536,0.08443068300402956,3.5,2.0,4.0,iou,0.25,0.25,2.0,True,False,False,True,True,0.0,0.5,1.0,10,True,5,12,0.0,0.15,4.0,0.25,20,0.5,True,True
epoch,1783332589.6031916,49,977.2510745050022,9.401599834096185e-05,1.7545603513717651,1.106060266494751,1.296996831893921,0.6484984159469604,0.038346514105796814,0.406048446893692,0.03335467353463173,0.0,0.0,4.595633799908683e-05,1.1489084499771707e-05,22856,0.5,True,0.1,0.25,0.05,0.25,128,5,True,0.05,10,0.3,10,1.0,2.0,0,,,,,,,,,,,,,,,0.17619729042053223,0.1047247052192688,0.011823681872388508,0.648251496142476,44953,3756993,69345,3801946,69345,43709,38008,4370900,100.0,100.0,0.5734472870826721,0.6216837763786316,0.3907797038555145,0.7829408049583435,0.8504722714424133,0.6482803225517273,0.3046073913574219,2.8826409251281326e-05,0.9999555340363597,43709,5701,86.98313848406507,328.86516693999874,2.1857844760015723,0.08387360500637442,3.5,2.0,4.0,iou,0.25,0.25,2.0,True,False,False,True,True,0.0,0.5,1.0,10,True,5,12,0.0,0.15,4.0,0.25,20,0.5,True,True
epoch,1783333598.2868123,50,994.9769979449993,9.377149805630142e-05,1.742190957069397,1.0980725288391113,1.2882394790649414,0.6441197395324707,0.03806848078966141,0.40355223417282104,0.03293190896511078,0.0,0.0,9.440343274036422e-05,2.3600858185091056e-05,22856,0.5,True,0.1,0.25,0.05,0.25,128,5,True,0.05,10,0.3,10,1.0,2.0,0,1.2351840734481812,0.05001328885555267,0.44492921233177185,0.03554664924740791,0.0,0.0,9.053827021432426e-09,2.2634567553581064e-09,5701,0.5,True,True,1.0,2.0,0.18192937970161438,0.10592039674520493,0.012000534291973735,0.658158482947581,45640,3757524,69345,3803164,69345,43709,38008,4370900,100.0,100.0,0.5763401985168457,0.6289621591567993,0.3984461724758148,0.7819318175315857,0.8480640053749084,0.6581873297691345,0.3068425953388214,2.884682155357421e-05,0.9999561723232143,43709,5701,87.01100459859525,347.0761033449962,2.1371733599953586,0.08837368800595868,3.5,2.0,4.0,iou,0.25,0.25,2.0,True,False,False,True,True,0.0,0.5,1.0,10,True,5,12,0.0,0.15,4.0,0.25,20,0.5,True,True
epoch,1783334591.895596,51,977.6975529530027,9.352245207138928e-05,1.737446665763855,1.0956140756607056,1.2836650609970093,0.6418325304985046,0.037756431847810745,0.4036984443664551,0.03259216248989105,0.0,0.0,2.5786006517591886e-05,6.4465016293979716e-06,22856,0.5,True,0.1,0.25,0.05,0.25,128,5,True,0.05,10,0.3,10,1.0,2.0,0,,,,,,,,,,,,,,,0.18362200260162354,0.10758533328771591,0.011884422434210059,0.6519143413367943,45207,3758680,69345,3803887,69345,43709,38008,4370900,100.0,100.0,0.5740456581115723,0.6269301772117615,0.3947887122631073,0.7786879539489746,0.849938690662384,0.6521595120429993,0.3022712469100952,0.00024517070620500014,0.9996240632825596,43709,5701,87.02754581436318,329.85469980500056,2.14594568299799,0.08329149099881761,3.5,2.0,4.0,iou,0.25,0.25,2.0,True,False,False,True,True,0.0,0.5,1.0,10,True,5,12,0.0,0.15,4.0,0.25,20,0.5,True,True
epoch,1783335583.0467556,52,977.5981289470001,9.326888781649688e-05,1.7221708297729492,1.0843042135238647,1.2757303714752197,0.6378651857376099,0.03687583655118942,0.3988233804702759,0.032889869064092636,0.0,0.0,2.4034246962401085e-05,6.008561740600271e-06,22856,0.5,True,0.1,0.25,0.05,0.25,128,5,True,0.05,10,0.3,10,1.0,2.0,0,,,,,,,,,,,,,,,0.17906953394412994,0.10564976930618286,0.011897991523745896,0.6525632706035042,45252,3758079,69345,3803331,69345,43709,38008,4370900,100.0,100.0,0.5763872861862183,0.6277639269828796,0.39869147539138794,0.7822216749191284,0.8499098420143127,0.6527795791625977,0.3073761761188507,0.00021630855909349211,0.9996686346111332,43709,5701,87.01482532201607,329.55677541699697,2.161290209995059,0.08437221499480074,3.5,2.0,4.0,iou,0.25,0.25,2.0,True,False,False,True,True,0.0,0.5,1.0,10,True,5,12,0.0,0.15,4.0,0.25,20,0.5,True,True
epoch,1783336567.4040089,53,977.810327565996,9.301083321954426e-05,1.7130693197250366,1.0785837173461914,1.2689735889434814,0.6344867944717407,0.03642326593399048,0.39600133895874023,0.03322713077068329,0.0,0.0,0.00015289559087250382,3.8223897718125954e-05,22856,0.5,True,0.1,0.25,0.05,0.25,128,5,True,0.05,10,0.3,10,1.0,2.0,0,,,,,,,,,,,,,,,0.18207678198814392,0.10643459856510162,0.011895228153837131,0.6522315956449636,45229,3757052,69345,3802281,69345,43709,38008,4370900,100.0,100.0,0.5734461545944214,0.6225072741508484,0.3972971439361572,0.7824724316596985,0.8468382954597473,0.6524046659469604,0.3054005205631256,0.00017307030199686935,0.9997347193988172,43709,5701,86.99080280949003,330.297741139002,2.1786876199985272,0.084198849996028,3.5,2.0,4.0,iou,0.25,0.25,2.0,True,False,False,True,True,0.0,0.5,1.0,10,True,5,12,0.0,0.15,4.0,0.25,20,0.5,True,True
epoch,1783337551.329575,54,977.3229468509962,9.274831670302397e-05,1.7069706916809082,1.0756832361221313,1.2625720500946045,0.6312860250473022,0.036462415009737015,0.3955293893814087,0.032793570309877396,0.0,0.0,2.9306402211659588e-05,7.326600552914897e-06,22856,0.5,True,0.1,0.25,0.05,0.25,128,5,True,0.05,10,0.3,10,1.0,2.0,0,,,,,,,,,,,,,,,0.1859942078590393,0.10834554582834244,0.011933698983791905,0.6543225899488067,45374,3756800,69345,3802174,69345,43709,38008,4370900,100.0,100.0,0.5766726732254028,0.6294096112251282,0.3974930942058563,0.7819531559944153,0.8525055646896362,0.6545100808143616,0.3064388334751129,0.0001874908655549179,0.9997135401408613,43709,5701,86.98835480107071,329.441948984997,2.1228384689966333,0.08447655299823964,3.5,2.0,4.0,iou,0.25,0.25,2.0,True,False,False,True,True,0.0,0.5,1.0,10,True,5,12,0.0,0.15,4.0,0.25,20,0.5,True,True
epoch,1783338561.9581943,55,995.4855076979948,9.24813671808706e-05,1.700040578842163,1.0712337493896484,1.25760817527771,0.628804087638855,0.036232080310583115,0.39322230219841003,0.03297905623912811,0.0,0.0,2.7638438041321933e-05,6.909609510330483e-06,22856,0.5,True,0.1,0.25,0.05,0.25,128,5,True,0.05,10,0.3,10,1.0,2.0,0,1.2382811307907104,0.050412844866514206,0.4464305639266968,0.03529302775859833,0.0,0.0,6.141680497506741e-09,1.5354201243766852e-09,5701,0.5,True,True,1.0,2.0,0.18568696081638336,0.10855814069509506,0.011917015599548303,0.6534717715768981,45315,3757231,69345,3802546,69345,43709,38008,4370900,100.0,100.0,0.5757008194923401,0.6281002163887024,0.3955366611480713,0.7815213799476624,0.8510491251945496,0.6536448001861572,0.30691468715667725,0.00017302860925916264,0.9997352864901398,43709,5701,86.99686563407994,347.64089588299976,2.1327159950014902,0.08835201299370965,3.5,2.0,4.0,iou,0.25,0.25,2.0,True,False,False,True,True,0.0,0.5,1.0,10,True,5,12,0.0,0.15,4.0,0.25,20,0.5,True,True
epoch,1783339551.3516645,56,976.387643487993,9.221001405527619e-05,1.6986721754074097,1.069488286972046,1.258373737335205,0.6291868686676025,0.036053549498319626,0.39143142104148865,0.033389318734407425,0.0,0.0,2.5647432266850956e-05,6.411858066712739e-06,22856,0.5,True,0.1,0.25,0.05,0.25,128,5,True,0.05,10,0.3,10,1.0,2.0,0,,,,,,,,,,,,,,,0.1839098334312439,0.10764850676059723,0.011920208506407546,0.6540630182421228,45356,3759611,69345,3804967,69345,43709,38008,4370900,100.0,100.0,0.5747759938240051,0.6269227862358093,0.39816489815711975,0.7786879539489746,0.8517701625823975,0.6542360782623291,0.3013916015625,0.00017306002020633926,0.9997354777182788,43709,5701,87.05225468438994,328.91716112199356,2.156536274997052,0.08459917399886763,3.5,2.0,4.0,iou,0.25,0.25,2.0,True,False,False,True,True,0.0,0.5,1.0,10,True,5,12,0.0,0.15,4.0,0.25,20,0.5,True,True
epoch,1783340533.9703295,57,976.1953384980006,9.193428721345169e-05,1.6884145736694336,1.0634360313415527,1.2499576807022095,0.6249788403511047,0.03558969870209694,0.389499694108963,0.033265676349401474,0.0,0.0,0.00034098810283467174,8.524702570866793e-05,22856,0.5,True,0.1,0.25,0.05,0.25,128,5,True,0.05,10,0.3,10,1.0,2.0,0,,,,,,,,,,,,,,,0.17943494021892548,0.10533007234334946,0.012046250236387935,0.660465787006994,45800,3756213,69345,3802013,69345,43709,38008,4370900,100.0,100.0,0.5794000625610352,0.6315050721168518,0.4033409357070923,0.7863614559173584,0.8522892594337463,0.660610020160675,0.31383660435676575,0.0001442331536810615,0.999781666718216,43709,5701,86.98467134915006,328.75269688600383,2.159150448998844,0.08355355599633185,3.5,2.0,4.0,iou,0.25,0.25,2.0,True,False,False,True,True,0.0,0.5,1.0,10,True,5,12,0.0,0.15,4.0,0.25,20,0.5,True,True
epoch,1783341517.9999206,58,976.6508283069998,9.165421702433535e-05,1.6735966205596924,1.0537610054016113,1.2396665811538696,0.6198332905769348,0.035143252462148666,0.3856527805328369,0.03314637765288353,0.0,0.0,0.00011200577864656225,2.8001444661640562e-05,22856,0.5,True,0.1,0.25,0.05,0.25,128,5,True,0.05,10,0.3,10,1.0,2.0,0,,,,,,,,,,,,,,,0.1830986887216568,0.10765717923641205,0.011940798680159678,0.6546254236066047,45395,3756277,69345,3801672,69345,43709,38008,4370900,100.0,100.0,0.5780499577522278,0.6289352774620056,0.39743223786354065,0.7841506004333496,0.8540774583816528,0.6547696590423584,0.3128848373889923,0.00014423543575370346,0.9997797157614715,43709,5701,86.97686975222494,329.9472687250018,2.1103153680014657,0.08500228200136917,3.5,2.0,4.0,iou,0.25,0.25,2.0,True,False,False,True,True,0.0,0.5,1.0,10,True,5,12,0.0,0.15,4.0,0.25,20,0.5,True,True
epoch,1783342500.9259174,59,976.4709385800015,9.13698343352477e-05,1.6700363159179688,1.0503860712051392,1.2392945289611816,0.6196472644805908,0.03501420095562935,0.3852368891239166,0.03277069702744484,0.0,0.0,2.331207178940531e-05,5.828017947351327e-06,22856,0.5,True,0.1,0.25,0.05,0.25,128,5,True,0.05,10,0.3,10,1.0,2.0,0,,,,,,,,,,,,,,,0.18719622492790222,0.10953887552022934,0.011897860673381827,0.6523181195471915,45235,3756709,69345,3801944,69345,43709,38008,4370900,100.0,100.0,0.5775127410888672,0.6292237043380737,0.3985340893268585,0.7859373092651367,0.8524623513221741,0.6527940034866333,0.31546613574028015,0.0004758839394417569,0.9992710044257453,43709,5701,86.98309272689835,329.1573727290015,2.1395078109999304,0.08319756099808728,3.5,2.0,4.0,iou,0.25,0.25,2.0,True,False,False,True,True,0.0,0.5,1.0,10,True,5,12,0.0,0.15,4.0,0.25,20,0.5,True,True
epoch,1783343510.498538,60,996.337028132999,9.108117046849401e-05,1.6578140258789062,1.0429255962371826,1.229772925376892,0.614886462688446,0.03456752374768257,0.3830314576625824,0.032507386058568954,0.0,0.0,4.2235562432324514e-05,1.0558890608081128e-05,22856,0.5,True,0.1,0.25,0.05,0.25,128,5,True,0.05,10,0.3,10,1.0,2.0,0,1.2375679016113281,0.05066801607608795,0.44437116384506226,0.03623565658926964,0.0,0.0,4.347853188590989e-10,1.0869632971477472e-10,5701,0.5,True,True,1.0,2.0,0.1934007853269577,0.11234873533248901,0.012057754743316636,0.6609993510707333,45837,3755617,69345,3801454,69345,43709,38008,4370900,100.0,100.0,0.5796456933021545,0.6328505277633667,0.3986737132072449,0.7869923114776611,0.8548417091369629,0.6611579656600952,0.3148604929447174,0.0001586145893619495,0.9997600957749884,43709,5701,86.97188222105287,347.62315957500687,2.143215827003587,0.08756316699873423,3.5,2.0,4.0,iou,0.25,0.25,2.0,True,False,False,True,True,0.0,0.5,1.0,10,True,5,12,0.0,0.15,4.0,0.25,20,0.5,True,True
epoch,1783344497.1212952,61,974.3613015500014,9.07882572179144e-05,1.6541322469711304,1.0409258604049683,1.2264106273651123,0.6132053136825562,0.03442685306072235,0.38141047954559326,0.03289217874407768,0.0,0.0,0.00015707500278949738,3.9268750697374344e-05,22856,0.5,True,0.1,0.25,0.05,0.25,128,5,True,0.05,10,0.3,10,1.0,2.0,0,,,,,,,,,,,,,,,0.19551745057106018,0.11340667307376862,0.012139719613877272,0.6655706972384454,46154,3755746,69345,3801900,69345,43709,38008,4370900,100.0,100.0,0.5818198919296265,0.6368773579597473,0.4046972393989563,0.7885943055152893,0.8548994064331055,0.665772557258606,0.31586992740631104,0.00020186002016053806,0.9996968033332708,43709,5701,86.98208606923059,327.4250741709984,2.1441214890000992,0.08489339199877577,3.5,2.0,4.0,iou,0.25,0.25,2.0,True,False,False,True,True,0.0,0.5,1.0,10,True,5,12,0.0,0.15,4.0,0.25,20,0.5,True,True
epoch,1783345497.8844182,62,987.8197508830053,9.049112684538211e-05,1.6436291933059692,1.0343862771987915,1.2184807062149048,0.6092403531074524,0.03394921496510506,0.3787810504436493,0.03300267085433006,0.0,0.0,0.00022778785205446184,5.694696301361546e-05,22856,0.5,True,0.1,0.25,0.05,0.25,128,5,True,0.05,10,0.3,10,1.0,2.0,0,,,,,,,,,,,,,,,0.19449277222156525,0.11349934339523315,0.01205437264627767,0.66085514456702,45827,3755864,69345,3801691,69345,43709,38008,4370900,100.0,100.0,0.5811244249343872,0.633234441280365,0.40117907524108887,0.7875967025756836,0.8562837839126587,0.6611435413360596,0.3166198134422302,0.00028839676903957834,0.9995637909908992,43709,5701,86.97730444530875,339.43603936999716,2.200847803003853,0.08882534500298789,3.5,2.0,4.0,iou,0.25,0.25,2.0,True,False,False,True,True,0.0,0.5,1.0,10,True,5,12,0.0,0.15,4.0,0.25,20,0.5,True,True
epoch,1783346489.5836315,63,977.1203770020002,9.018981207724998e-05,1.6356948614120483,1.029919981956482,1.2115492820739746,0.6057746410369873,0.033601269125938416,0.376029908657074,0.033435188233852386,0.0,0.0,4.8478555982001126e-05,1.2119638995500281e-05,22856,0.5,True,0.1,0.25,0.05,0.25,128,5,True,0.05,10,0.3,10,1.0,2.0,0,,,,,,,,,,,,,,,0.19608038663864136,0.11376091092824936,0.012100459803794953,0.6634075996827457,46004,3755835,69345,3801839,69345,43709,38008,4370900,100.0,100.0,0.5824167728424072,0.639065682888031,0.40017810463905334,0.7905792593955994,0.8513087034225464,0.663609504699707,0.32348403334617615,0.00020190501696137897,0.9996957472496528,43709,5701,86.98069047564574,329.3077673459993,2.153346153005259,0.08413225000549573,3.5,2.0,4.0,iou,0.25,0.25,2.0,True,False,False,True,True,0.0,0.5,1.0,10,True,5,12,0.0,0.15,4.0,0.25,20,0.5,True,True
epoch,1783347479.9911048,64,976.8773134579969,8.988434610074608e-05,1.6255977153778076,1.023194432258606,1.2048009634017944,0.6024004817008972,0.03340890631079674,0.3735213875770569,0.03323215991258621,0.0,0.0,5.8804467698791996e-05,1.4701116924697999e-05,22856,0.5,True,0.1,0.25,0.05,0.25,128,5,True,0.05,10,0.3,10,1.0,2.0,0,,,,,,,,,,,,,,,0.19850876927375793,0.11520273983478546,0.012120596834978774,0.6645612517124523,46084,3756039,69345,3802123,69345,43709,38008,4370900,100.0,100.0,0.5816673636436462,0.6329295039176941,0.4097364544868469,0.7883970141410828,0.8538899421691895,0.6646477580070496,0.3145143985748291,8.650629459727721e-05,0.9998698464057764,43709,5701,86.98718799331945,329.3115449140023,2.1346431280035176,0.08295920900127385,3.5,2.0,4.0,iou,0.25,0.25,2.0,True,False,False,True,True,0.0,0.5,1.0,10,True,5,12,0.0,0.15,4.0,0.25,20,0.5,True,True
epoch,1783348487.3487666,65,995.0477464590003,8.95747625603183e-05,1.6139644384384155,1.0161173343658447,1.1956970691680908,0.5978485345840454,0.03285538777709007,0.37085506319999695,0.033207833766937256,0.0,0.0,9.884207429422531e-06,2.471051857355633e-06,22856,0.5,True,0.1,0.25,0.05,0.25,128,5,True,0.05,10,0.3,10,1.0,2.0,0,1.2307651042938232,0.04981276020407677,0.4399773180484772,0.037318505346775055,0.0,0.0,5.361349586507913e-09,1.3403373966269783e-09,5701,0.5,True,True,1.0,2.0,0.19781962037086487,0.11423306167125702,0.012214257647193114,0.6696950032446464,46440,3755674,69345,3802114,69345,43709,38008,4370900,100.0,100.0,0.5842524170875549,0.6352852582931519,0.4148035943508148,0.7876960635185242,0.8583603501319885,0.6698824763298035,0.319734662771225,0.00018747308515709715,0.999720140335385,43709,5701,86.98698208606923,347.32777332599653,2.154281823000929,0.0883315989995026,3.5,2.0,4.0,iou,0.25,0.25,2.0,True,False,False,True,True,0.0,0.5,1.0,10,True,5,12,0.0,0.15,4.0,0.25,20,0.5,True,True
epoch,1783349472.4014797,66,977.6580267089957,8.926109555392875e-05,1.6073733568191528,1.0110772848129272,1.1925863027572632,0.5962931513786316,0.0326552651822567,0.3692448139190674,0.03296749293804169,0.0,0.0,2.9753724447800778e-05,7.4384311119501945e-06,22856,0.5,True,0.1,0.25,0.05,0.25,128,5,True,0.05,10,0.3,10,1.0,2.0,0,,,,,,,,,,,,,,,0.20179647207260132,0.11658443510532379,0.012108122379790537,0.6639700050472276,46043,3756611,69345,3802654,69345,43709,38008,4370900,100.0,100.0,0.5828796625137329,0.6345025300979614,0.4086517095565796,0.7896526455879211,0.8581584692001343,0.6643881797790527,0.3200230598449707,0.0004181747318251494,0.9993705867374639,43709,5701,86.99933652108261,329.5213632399973,2.1297956249982235,0.08553159199800575,3.5,2.0,4.0,iou,0.25,0.25,2.0,True,False,False,True,True,0.0,0.5,1.0,10,True,5,12,0.0,0.15,4.0,0.25,20,0.5,True,True
epoch,1783350462.1661708,67,976.1958901459948,8.894337962929819e-05,1.6047165393829346,1.0096460580825806,1.1901415586471558,0.5950707793235779,0.032541051506996155,0.36942005157470703,0.032676227390766144,0.0,0.0,0.00011339820775901899,2.8349551939754747e-05,22856,0.5,True,0.1,0.25,0.05,0.25,128,5,True,0.05,10,0.3,10,1.0,2.0,0,,,,,,,,,,,,,,,0.20411650836467743,0.11826092004776001,0.012009318073300248,0.6583026894512942,45650,3755565,69345,3801215,69345,43709,38008,4370900,100.0,100.0,0.5796288251876831,0.6345257759094238,0.39981013536453247,0.7858210206031799,0.8532554507255554,0.6585046052932739,0.31364914774894714,0.00020191584197970514,0.9996933721642086,43709,5701,86.96641423963028,330.1461491930022,2.1555426019986044,0.08396236100088572,3.5,2.0,4.0,iou,0.25,0.25,2.0,True,False,False,True,True,0.0,0.5,1.0,10,True,5,12,0.0,0.15,4.0,0.25,20,0.5,True,True
epoch,1783351452.4918387,68,975.9862908560026,8.862164978010088e-05,1.607975959777832,1.013201355934143,1.189548373222351,0.5947741866111755,0.03289838880300522,0.372357577085495,0.031988684087991714,0.0,0.0,0.00023123464779928327,5.7808661949820817e-05,22856,0.5,True,0.1,0.25,0.05,0.25,128,5,True,0.05,10,0.3,10,1.0,2.0,0,,,,,,,,,,,,,,,0.19907772541046143,0.11426527798175812,0.012066615714058027,0.6616194390367005,45880,3756346,69345,3802226,69345,43709,38008,4370900,100.0,100.0,0.5811909437179565,0.6313683986663818,0.4077247083187103,0.7846906781196594,0.8609416484832764,0.6618790030479431,0.3095969557762146,0.00025956401124260786,0.9996078376711645,43709,5701,86.98954448740534,328.83032449299935,2.1298135649994947,0.08325329999934183,3.5,2.0,4.0,iou,0.25,0.25,2.0,True,False,False,True,True,0.0,0.5,1.0,10,True,5,12,0.0,0.15,4.0,0.25,20,0.5,True,True
epoch,1783352435.0153658,69,975.6916822300045,8.829594144211031e-05,1.593536376953125,1.0056097507476807,1.175851821899414,0.587925910949707,0.032393358647823334,0.3674997389316559,0.03275318071246147,0.0,0.0,2.6359468392911367e-05,6.589867098227842e-06,22856,0.5,True,0.1,0.25,0.05,0.25,128,5,True,0.05,10,0.3,10,1.0,2.0,0,,,,,,,,,,,,,,,0.20533284544944763,0.11800573021173477,0.01217106283920638,0.6674165404859759,46282,3756344,69345,3802626,69345,43709,38008,4370900,100.0,100.0,0.5829605460166931,0.6349342465400696,0.41101211309432983,0.7866173982620239,0.8581440448760986,0.6677770614624023,0.3166053891181946,0.0003605209764264705,0.9994601177590063,43709,5701,86.99869592074859,329.07256194199726,2.1504140609977185,0.08338949299650267,3.5,2.0,4.0,iou,0.25,0.25,2.0,True,False,False,True,True,0.0,0.5,1.0,10,True,5,12,0.0,0.15,4.0,0.25,20,0.5,True,True
epoch,1783353436.6447392,70,994.3285849730019,8.796629048929624e-05,1.5883920192718506,1.0001466274261475,1.176490306854248,0.588245153427124,0.032111331820487976,0.3655795454978943,0.03262459859251976,0.0,0.0,3.919820665032603e-05,9.799551662581507e-06,22856,0.5,True,0.1,0.25,0.05,0.25,128,5,True,0.05,10,0.3,10,1.0,2.0,0,1.230663776397705,0.05059770867228508,0.43946272134780884,0.03697241470217705,0.0,0.0,1.0480980527916017e-08,2.6202451319790043e-09,5701,0.5,True,True,1.0,2.0,0.20672941207885742,0.11936993896961212,0.012188745661717596,0.6683106208089985,46344,3755852,69345,3802196,69345,43709,38008,4370900,100.0,100.0,0.5848788619041443,0.6385934352874756,0.41175729036331177,0.7896519899368286,0.8600908517837524,0.6683250665664673,0.3234696090221405,1.444575746878396e-05,0.9999783851329369,43709,5701,86.9888581299046,348.10162844300066,2.145594761997927,0.08786753899767064,3.5,2.0,4.0,iou,0.25,0.25,2.0,True,False,False,True,True,0.0,0.5,1.0,10,True,5,12,0.0,0.15,4.0,0.25,20,0.5,True,True
epoch,1783354426.8820832,71,977.2907897429977,8.763273322987354e-05,1.578656554222107,0.9942446947097778,1.168821096420288,0.584410548210144,0.03158815950155258,0.36253997683525085,0.033019762486219406,0.0,0.0,0.0002765212266240269,6.913030665600672e-05,22856,0.5,True,0.1,0.25,0.05,0.25,128,5,True,0.05,10,0.3,10,1.0,2.0,0,,,,,,,,,,,,,,,0.20509202778339386,0.11697347462177277,0.012210568635509475,0.6692335424327637,46408,3754234,69345,3800642,69345,43709,38008,4370900,100.0,100.0,0.5839197635650635,0.6370289921760559,0.41042453050613403,0.788245677947998,0.8542504906654358,0.6694498658180237,0.3204845190048218,0.00021632338526000883,0.9996768639500798,43709,5701,86.95330481136608,330.97944638600165,2.139135981000436,0.08423561200470431,3.5,2.0,4.0,iou,0.25,0.25,2.0,True,False,False,True,True,0.0,0.5,1.0,10,True,5,12,0.0,0.15,4.0,0.25,20,0.5,True,True
epoch,1783355410.1029644,72,976.4743015850036,8.72953064023031e-05,1.5709238052368164,0.9894825220108032,1.1628762483596802,0.5814381241798401,0.03152107819914818,0.3631126880645752,0.03195330128073692,0.0,0.0,0.00012103939661756158,3.0259849154390395e-05,22856,0.5,True,0.1,0.25,0.05,0.25,128,5,True,0.05,10,0.3,10,1.0,2.0,0,,,,,,,,,,,,,,,0.2074393630027771,0.11905829608440399,0.012130935832709761,0.6651092364265628,46122,3755893,69345,3802015,69345,43709,38008,4370900,100.0,100.0,0.583410382270813,0.6372456550598145,0.41176745295524597,0.7850830554962158,0.8599322438240051,0.6653687953948975,0.31424039602279663,0.00025955896833462777,0.999609902102216,43709,5701,86.98471710631678,329.1958476630025,2.137450843001716,0.08273970600566827,3.5,2.0,4.0,iou,0.25,0.25,2.0,True,False,False,True,True,0.0,0.5,1.0,10,True,5,12,0.0,0.15,4.0,0.25,20,0.5,True,True
epoch,1783356393.7883658,73,975.6359623609969,8.695404717124549e-05,1.5639885663986206,0.985172688961029,1.1576350927352905,0.5788175463676453,0.031213346868753433,0.3612021803855896,0.031995538622140884,0.0,0.0,1.6458541722386144e-05,4.114635430596536e-06,22856,0.5,True,0.1,0.25,0.05,0.25,128,5,True,0.05,10,0.3,10,1.0,2.0,0,,,,,,,,,,,,,,,0.20887699723243713,0.11955112218856812,0.01222249924520005,0.6701853053572716,46474,3755858,69345,3802332,69345,43709,38008,4370900,100.0,100.0,0.585604190826416,0.6361614465713501,0.4161904752254486,0.7893509864807129,0.861965537071228,0.6704160571098328,0.32070085406303406,0.00023075175256115354,0.9996558081356882,43709,5701,86.9919696172413,327.19777858099405,2.123465943004703,0.08625468100217404,3.5,2.0,4.0,iou,0.25,0.25,2.0,True,False,False,True,True,0.0,0.5,1.0,10,True,5,12,0.0,0.15,4.0,0.25,20,0.5,True,True
epoch,1783357382.3627458,74,974.9064663649988,8.660899312346749e-05,1.5519392490386963,0.9772446751594543,1.149385929107666,0.574692964553833,0.030762527137994766,0.3580907881259918,0.03185981512069702,0.0,0.0,4.399365570861846e-05,1.0998413927154616e-05,22856,0.5,True,0.1,0.25,0.05,0.25,128,5,True,0.05,10,0.3,10,1.0,2.0,0,,,,,,,,,,,,,,,0.21144910156726837,0.12107864767313004,0.012194342483715143,0.6685557718653111,46361,3755484,69345,3801845,69345,43709,38008,4370900,100.0,100.0,0.5860098004341125,0.6381824612617493,0.4134073257446289,0.7901817560195923,0.8635373711585999,0.6686711311340332,0.3236570656299591,0.00011535926872208169,0.9998274798127946,43709,5701,86.9808277471459,328.42450386400014,2.139978108003561,0.08438694199867314,3.5,2.0,4.0,iou,0.25,0.25,2.0,True,False,False,True,True,0.0,0.5,1.0,10,True,5,12,0.0,0.15,4.0,0.25,20,0.5,True,True
epoch,1783358388.4093683,75,992.9921371259989,8.626018226370228e-05,1.5499296188354492,0.9764512777328491,1.1469534635543823,0.5734767317771912,0.03073471412062645,0.35835206508636475,0.0317009836435318,0.0,0.0,2.7964904802502133e-05,6.991226200625533e-06,22856,0.5,True,0.1,0.25,0.05,0.25,128,5,True,0.05,10,0.3,10,1.0,2.0,0,1.234107255935669,0.050183601677417755,0.44194164872169495,0.037260621786117554,0.0,0.0,1.1295302471125979e-09,2.8238256177814947e-10,5701,0.5,True,True,1.0,2.0,0.21140964329242706,0.12053166329860687,0.012160409547335495,0.66659456341481,46225,3755045,69345,3801270,69345,43709,38008,4370900,100.0,100.0,0.5848261713981628,0.6405806541442871,0.40691351890563965,0.7894898056983948,0.8568606376647949,0.6669262647628784,0.3219698667526245,0.0003317013480683695,0.9995026416478194,43709,5701,86.96767256171498,346.31629557900305,2.362604783003917,0.09126658300374402,3.5,2.0,4.0,iou,0.25,0.25,2.0,True,False,False,True,True,0.0,0.5,1.0,10,True,5,12,0.0,0.15,4.0,0.25,20,0.5,True,True
epoch,1783359433.9579327,76,1038.9054024600046,8.590765301046355e-05,1.553088903427124,0.9791069626808167,1.14795982837677,0.573979914188385,0.030725523829460144,0.3585360646247864,0.03225627541542053,0.0,0.0,0.0001191902338177897,2.9797558454447426e-05,22856,0.5,True,0.1,0.25,0.05,0.25,128,5,True,0.05,10,0.3,10,1.0,2.0,0,,,,,,,,,,,,,,,0.2088712900876999,0.11949428170919418,0.012241570211635619,0.6712235921840075,46546,3755744,69345,3802290,69345,43709,38008,4370900,100.0,100.0,0.5859182476997375,0.6413770914077759,0.41058993339538574,0.7925743460655212,0.8606820702552795,0.6714398860931396,0.3216814398765564,0.00021629390913213697,0.9996778655638249,43709,5701,86.99100871674025,391.60954085499543,2.4967487399990205,0.0832223809993593,3.5,2.0,4.0,iou,0.25,0.25,2.0,True,False,False,True,True,0.0,0.5,1.0,10,True,5,12,0.0,0.15,4.0,0.25,20,0.5,True,True
epoch,1783360428.0583947,77,986.6604035700002,8.555144419181404e-05,1.542051911354065,0.9716493487358093,1.1408036947250366,0.5704018473625183,0.030462782829999924,0.3556862771511078,0.03203849494457245,0.0,0.0,5.097267057863064e-05,1.274316764465766e-05,22856,0.5,True,0.1,0.25,0.05,0.25,128,5,True,0.05,10,0.3,10,1.0,2.0,0,,,,,,,,,,,,,,,0.21171310544013977,0.1205543503165245,0.012113449925058698,0.6640853702501983,46051,3755591,69345,3801642,69345,43709,38008,4370900,100.0,100.0,0.5847039222717285,0.6384514570236206,0.4102913439273834,0.788233757019043,0.8623548746109009,0.6643881797790527,0.3197779357433319,0.0003028095288544197,0.9995442280009329,43709,5701,86.9761833947242,327.5590062909978,2.6966942319995724,0.11327508199610747,3.5,2.0,4.0,iou,0.25,0.25,2.0,True,False,False,True,True,0.0,0.5,1.0,10,True,5,12,0.0,0.15,4.0,0.25,20,0.5,True,True
epoch,1783361441.4592195,78,1006.8943014889956,8.51915950410889e-05,1.532578945159912,0.9641957879066467,1.136770486831665,0.5683852434158325,0.030041789636015892,0.3523397445678711,0.03212834894657135,0.0,0.0,2.0803903680643998e-05,5.2009759201609995e-06,22856,0.5,True,0.1,0.25,0.05,0.25,128,5,True,0.05,10,0.3,10,1.0,2.0,0,,,,,,,,,,,,,,,0.21144717931747437,0.12072441726922989,0.012243052406419363,0.6712091715336361,46545,3755203,69345,3801748,69345,43709,38008,4370900,100.0,100.0,0.5863714814186096,0.6407528519630432,0.41505712270736694,0.7906249761581421,0.8622828125953674,0.6716129779815674,0.32088831067085266,0.0004038064479312542,0.999398751273174,43709,5701,86.97860852456016,354.35876164000365,2.596253666008124,0.1114031570032239,3.5,2.0,4.0,iou,0.25,0.25,2.0,True,False,False,True,True,0.0,0.5,1.0,10,True,5,12,0.0,0.15,4.0,0.25,20,0.5,True,True
epoch,1783362430.385272,79,981.4040827029967,8.482814519257457e-05,1.5300685167312622,0.964189350605011,1.131754994392395,0.5658774971961975,0.029952779412269592,0.35137251019477844,0.03255206346511841,0.0,0.0,5.203444743528962e-05,1.3008611858822405e-05,22856,0.5,True,0.1,0.25,0.05,0.25,128,5,True,0.05,10,0.3,10,1.0,2.0,0,,,,,,,,,,,,,,,0.21428929269313812,0.12329733371734619,0.012210475035064441,0.6693921695868483,46419,3755153,69345,3801572,69345,43709,38008,4370900,100.0,100.0,0.5853843092918396,0.6389592289924622,0.4138233959674835,0.7897416949272156,0.8599610924720764,0.6695652008056641,0.3244069516658783,0.00017303121881573347,0.999741576744718,43709,5701,86.97458189388912,329.3322122289974,2.626777334007784,0.08800366599461995,3.5,2.0,4.0,iou,0.25,0.25,2.0,True,False,False,True,True,0.0,0.5,1.0,10,True,5,12,0.0,0.15,4.0,0.25,20,0.5,True,True
epoch,1783363441.524281,80,998.3098585630069,8.446113467714333e-05,1.5263527631759644,0.9613543152809143,1.129997730255127,0.5649988651275635,0.02993042580783367,0.35199588537216187,0.03175179287791252,0.0,0.0,5.294757556839613e-06,1.3236893892099033e-06,22856,0.5,True,0.1,0.25,0.05,0.25,128,5,True,0.05,10,0.3,10,1.0,2.0,0,1.2471224069595337,0.05091542750597,0.4442131817340851,0.038648173213005066,0.0,0.0,5.216738152569178e-09,1.3041845381422945e-09,5701,0.5,True,True,1.0,2.0,0.21423225104808807,0.12295541912317276,0.012069110196097722,0.6616338596870719,45881,3755642,69345,3801523,69345,43709,38008,4370900,100.0,100.0,0.583503246307373,0.6368780136108398,0.4071805477142334,0.7907030582427979,0.857322096824646,0.6617636680603027,0.32188335061073303,0.00012980837323084415,0.9998038448172725,43709,5701,86.97346084330458,345.1859984779876,2.642852456003311,0.09517249799682759,3.5,2.0,4.0,iou,0.25,0.25,2.0,True,False,False,True,True,0.0,0.5,1.0,10,True,5,12,0.0,0.15,4.0,0.25,20,0.5,True,True
epoch,1783364423.9224453,81,975.0402245010046,8.40906039178443e-05,1.5234953165054321,0.9588407874107361,1.1293110847473145,0.5646555423736572,0.02979864366352558,0.3497435748577118,0.032222915440797806,0.0,0.0,1.1964557415922172e-05,2.991139353980543e-06,22856,0.5,True,0.1,0.25,0.05,0.25,128,5,True,0.05,10,0.3,10,1.0,2.0,0,,,,,,,,,,,,,,,0.21711012721061707,0.12395188957452774,0.01221958273274209,0.6700555195039296,46465,3756038,69345,3802503,69345,43709,38008,4370900,100.0,100.0,0.5862364768981934,0.6412104964256287,0.4127826392650604,0.7933881282806396,0.8592832684516907,0.6703006625175476,0.32896387577056885,0.00024514301361799884,0.999634279022346,43709,5701,86.99588185499555,326.8979792579921,2.221216983991326,0.08257138900808059,3.5,2.0,4.0,iou,0.25,0.25,2.0,True,False,False,True,True,0.0,0.5,1.0,10,True,5,12,0.0,0.15,4.0,0.25,20,0.5,True,True
epoch,1783365414.0505667,82,976.4255424970033,8.371659372545112e-05,1.5111620426177979,0.9517520070075989,1.1188199520111084,0.5594099760055542,0.029423989355564117,0.3474857807159424,0.031983938068151474,0.0,0.0,1.2555184184748214e-05,3.1387960461870534e-06,22856,0.5,True,0.1,0.25,0.05,0.25,128,5,True,0.05,10,0.3,10,1.0,2.0,0,,,,,,,,,,,,,,,0.21478746831417084,0.12323050200939178,0.012281739575987626,0.6733434277885932,46693,3755130,69345,3801823,69345,43709,38008,4370900,100.0,100.0,0.5889703631401062,0.6431048512458801,0.41418904066085815,0.7953774333000183,0.8629028797149658,0.6735164523124695,0.33037710189819336,0.0001730245238762418,0.9997431027508205,43709,5701,86.98032441831202,329.076073602002,2.102393740991829,0.08350085400161333,3.5,2.0,4.0,iou,0.25,0.25,2.0,True,False,False,True,True,0.0,0.5,1.0,10,True,5,12,0.0,0.15,4.0,0.25,20,0.5,True,True
epoch,1783366396.088663,83,974.5055318140076,8.333914529396707e-05,1.5014393329620361,0.9447468519210815,1.1133792400360107,0.5566896200180054,0.02898670919239521,0.34413912892341614,0.03222282975912094,0.0,0.0,3.0494018574245274e-05,7.6235046435613185e-06,22856,0.5,True,0.1,0.25,0.05,0.25,128,5,True,0.05,10,0.3,10,1.0,2.0,0,,,,,,,,,,,,,,,0.22201283276081085,0.12701433897018433,0.012363768419141302,0.6775254163962795,46983,3753072,69345,3800055,69345,43709,38008,4370900,100.0,100.0,0.5913863778114319,0.6463003754615784,0.4209528863430023,0.7953774333000183,0.8644026517868042,0.6778138279914856,0.3343427777290344,0.00028841159520609505,0.9995744973275911,43709,5701,86.93987508293486,327.7501193210046,2.1410724489978747,0.0842513169918675,3.5,2.0,4.0,iou,0.25,0.25,2.0,True,False,False,True,True,0.0,0.5,1.0,10,True,5,12,0.0,0.15,4.0,0.25,20,0.5,True,True
epoch,1783367383.9811175,84,975.3678509310121,8.295830019608785e-05,1.4948006868362427,0.9412074685096741,1.1071912050247192,0.5535956025123596,0.028786852955818176,0.34200507402420044,0.03246534243226051,0.0,0.0,4.209739199723117e-05,1.0524347999307793e-05,22856,0.5,True,0.1,0.25,0.05,0.25,128,5,True,0.05,10,0.3,10,1.0,2.0,0,,,,,,,,,,,,,,,0.22499188780784607,0.12771528959274292,0.012316326025843025,0.6750018025812964,46808,3753676,69345,3800484,69345,43709,38008,4370900,100.0,100.0,0.5889030694961548,0.645176112651825,0.41666287183761597,0.7937697172164917,0.8603504300117493,0.6752325296401978,0.3314874768257141,0.0002307270589013699,0.999658299846685,43709,5701,86.9496899951955,326.74233469201135,2.179792962007923,0.083039770994219,3.5,2.0,4.0,iou,0.25,0.25,2.0,True,False,False,True,True,0.0,0.5,1.0,10,True,5,12,0.0,0.15,4.0,0.25,20,0.5,True,True
epoch,1783368393.3197463,85,994.6776653559937,8.257410037862273e-05,1.4922257661819458,0.9393491744995117,1.105749487876892,0.552874743938446,0.028530260547995567,0.33964312076568604,0.033194173127412796,0.0,0.0,0.00010978295176755637,2.7445737941889092e-05,22856,0.5,True,0.1,0.25,0.05,0.25,128,5,True,0.05,10,0.3,10,1.0,2.0,0,1.2528884410858154,0.05092881992459297,0.4401809573173523,0.04201356694102287,0.0,0.0,9.711430548620115e-10,2.4278576371550287e-10,5701,0.5,True,True,1.0,2.0,0.22091545164585114,0.12696659564971924,0.012299863636124318,0.6737760472997332,46723,3751937,69345,3798660,69345,43709,38008,4370900,100.0,100.0,0.5890768766403198,0.6457340121269226,0.417158842086792,0.7935929894447327,0.8589372038841248,0.6739058494567871,0.33046361804008484,0.0001298021570539376,0.9998073882914674,43709,5701,86.90795945915029,347.2482179810031,2.166277471013018,0.08680148299026769,3.5,2.0,4.0,iou,0.25,0.25,2.0,True,False,False,True,True,0.0,0.5,1.0,10,True,5,12,0.0,0.15,4.0,0.25,20,0.5,True,True
epoch,1783369376.5424674,86,976.1828372729942,8.218658815787447e-05,1.4849722385406494,0.9340957999229431,1.1017560958862305,0.5508780479431152,0.0281955786049366,0.3390933871269226,0.03264732286334038,0.0,0.0,6.109320383984596e-05,1.527330095996149e-05,22856,0.5,True,0.1,0.25,0.05,0.25,128,5,True,0.05,10,0.3,10,1.0,2.0,0,,,,,,,,,,,,,,,0.21997785568237305,0.1273556500673294,0.012365954573432198,0.6776552022496215,46992,3753119,69345,3800111,69345,43709,38008,4370900,100.0,100.0,0.5910993218421936,0.6462516188621521,0.42009103298187256,0.7973178029060364,0.8631768822669983,0.6778138279914856,0.33820751309394836,0.0001586257418640935,0.9997659744677471,43709,5701,86.94115628360292,328.9090955809952,2.1150274130050093,0.08355052598926704,3.5,2.0,4.0,iou,0.25,0.25,2.0,True,False,False,True,True,0.0,0.5,1.0,10,True,5,12,0.0,0.15,4.0,0.25,20,0.5,True,True
epoch,1783370358.4494178,87,974.9387916859996,8.179580621497852e-05,1.4772056341171265,0.929825484752655,1.0947556495666504,0.5473778247833252,0.02821906842291355,0.3388407230377197,0.03181523457169533,0.0,0.0,0.00020216949633322656,5.054237408330664e-05,22856,0.5,True,0.1,0.25,0.05,0.25,128,5,True,0.05,10,0.3,10,1.0,2.0,0,,,,,,,,,,,,,,,0.22628460824489594,0.12878206372261047,0.012295754226040196,0.6734443723411926,46700,3751359,69345,3798059,69345,43709,38008,4370900,100.0,100.0,0.5874377489089966,0.6419806480407715,0.41714057326316833,0.7918464541435242,0.8608118891716003,0.673617422580719,0.3286610543727875,0.00017305023952640664,0.9997431030823647,43709,5701,86.89420943055207,327.5791936010064,2.1457020529924193,0.08436122300918214,3.5,2.0,4.0,iou,0.25,0.25,2.0,True,False,False,True,True,0.0,0.5,1.0,10,True,5,12,0.0,0.15,4.0,0.25,20,0.5,True,True
epoch,1783371347.2518415,88,974.6294127650035,8.14017975912021e-05,1.4826310873031616,0.9333928227424622,1.098482608795166,0.549241304397583,0.028397399932146072,0.3401694595813751,0.03186247870326042,0.0,0.0,0.00010415178985567763,2.603794746391941e-05,22856,0.5,True,0.1,0.25,0.05,0.25,128,5,True,0.05,10,0.3,10,1.0,2.0,0,,,,,,,,,,,,,,,0.22279563546180725,0.12682023644447327,0.012240490472119673,0.6708630759247242,46521,3754062,69345,3800583,69345,43709,38008,4370900,100.0,100.0,0.586127758026123,0.6398841738700867,0.4149124026298523,0.7892902493476868,0.863652765750885,0.6711082458496094,0.3228062689304352,0.0002451699248852135,0.9996346790157901,43709,5701,86.95195497494795,327.77067207399523,2.1366549139929703,0.08391421400301624,3.5,2.0,4.0,iou,0.25,0.25,2.0,True,False,False,True,True,0.0,0.5,1.0,10,True,5,12,0.0,0.15,4.0,0.25,20,0.5,True,True
epoch,1783372338.0160558,89,984.4495672960038,8.100460568320357e-05,1.4747698307037354,0.9291290044784546,1.0912855863571167,0.5456427931785583,0.02822047658264637,0.33931058645248413,0.03147516027092934,0.0,0.0,7.792619726387784e-05,1.948154931596946e-05,22856,0.5,True,0.1,0.25,0.05,0.25,128,5,True,0.05,10,0.3,10,1.0,2.0,0,,,,,,,,,,,,,,,0.22450768947601318,0.1281040757894516,0.012197555697142346,0.6680943110534285,46329,3751891,69345,3798220,69345,43709,38008,4370900,100.0,100.0,0.5852458477020264,0.641557514667511,0.4115123450756073,0.792084276676178,0.8575672507286072,0.668296217918396,0.3297570049762726,0.00020190686496746046,0.9996978781870166,43709,5701,86.89789288247272,336.4494835200021,2.5893696259881835,0.08443202800117433,3.5,2.0,4.0,iou,0.25,0.25,2.0,True,False,False,True,True,0.0,0.5,1.0,10,True,5,12,0.0,0.15,4.0,0.25,20,0.5,True,True
epoch,1783373366.0424962,90,1019.9147635349946,8.060427423825262e-05,1.461434006690979,0.918982744216919,1.084899663925171,0.5424498319625854,0.027517661452293396,0.3336350917816162,0.03217297047376633,0.0,0.0,0.0001512647868366912,3.78161967091728e-05,22856,0.5,True,0.1,0.25,0.05,0.25,128,5,True,0.05,10,0.3,10,1.0,2.0,0,1.2459197044372559,0.05106275528669357,0.4385893940925598,0.04106708616018295,0.0,0.0,7.871086182831277e-08,1.9677715457078193e-08,5701,0.5,True,True,1.0,2.0,0.22521916031837463,0.12822356820106506,0.012345175528031205,0.6766169154228856,46920,3753755,69345,3800675,69345,43709,38008,4370900,100.0,100.0,0.5888271927833557,0.6419458389282227,0.4189418852329254,0.7924564480781555,0.8640565276145935,0.6768909096717834,0.32677194476127625,0.0002739942488978464,0.9995952165334431,43709,5701,86.9540598046169,356.60537667899916,2.6622135549987433,0.09685370000079274,3.5,2.0,4.0,iou,0.25,0.25,2.0,True,False,False,True,True,0.0,0.5,1.0,10,True,5,12,0.0,0.15,4.0,0.25,20,0.5,True,True
epoch,1783374383.4437408,91,1009.7970065839909,8.020084734941191e-05,1.454491138458252,0.9138618111610413,1.0812588930130005,0.5406294465065002,0.027329545468091965,0.3330211639404297,0.03153643757104874,0.0,0.0,1.4697284314024728e-05,3.674321078506182e-06,22856,0.5,True,0.1,0.25,0.05,0.25,128,5,True,0.05,10,0.3,10,1.0,2.0,0,,,,,,,,,,,,,,,0.225738525390625,0.12947766482830048,0.01233315575919262,0.675722835099863,46858,3752494,69345,3799352,69345,43709,38008,4370900,100.0,100.0,0.590033233165741,0.6453510522842407,0.4206276834011078,0.7936603426933289,0.8641719222068787,0.6759535670280457,0.3317614793777466,0.0002307319281826814,0.9996586571335112,43709,5701,86.9237914388341,358.208382893994,2.5786382319929544,0.1101529239967931,3.5,2.0,4.0,iou,0.25,0.25,2.0,True,False,False,True,True,0.0,0.5,1.0,10,True,5,12,0.0,0.15,4.0,0.25,20,0.5,True,True
epoch,1783375388.6459296,92,990.1504433149967,7.979436945068058e-05,1.4534263610839844,0.9139782190322876,1.0789004564285278,0.5394502282142639,0.027481310069561005,0.3333977460861206,0.03125747665762901,0.0,0.0,0.00010259152622893453,2.564788155723363e-05,22856,0.5,True,0.1,0.25,0.05,0.25,128,5,True,0.05,10,0.3,10,1.0,2.0,0,,,,,,,,,,,,,,,0.23008546233177185,0.13133588433265686,0.012253106639191885,0.6713389573869781,46554,3752809,69345,3799363,69345,43709,38008,4370900,100.0,100.0,0.5889208912849426,0.6460593342781067,0.41479507088661194,0.7933997511863708,0.8649938702583313,0.6715985536575317,0.3291369378566742,0.0002595962705536081,0.9996134651137352,43709,5701,86.92404310325105,334.11722465501225,2.2638696619978873,0.0826365710090613,3.5,2.0,4.0,iou,0.25,0.25,2.0,True,False,False,True,True,0.0,0.5,1.0,10,True,5,12,0.0,0.15,4.0,0.25,20,0.5,True,True
epoch,1783376380.1156986,93,976.2451988999965,7.93848853121003e-05,1.4410825967788696,0.9047211408615112,1.072723388671875,0.5363616943359375,0.026908552274107933,0.329022616147995,0.031533222645521164,0.0,0.0,0.0005527918692678213,0.00013819796731695533,22856,0.5,True,0.1,0.25,0.05,0.25,128,5,True,0.05,10,0.3,10,1.0,2.0,0,,,,,,,,,,,,,,,0.23171348869800568,0.13197192549705505,0.012409710816587566,0.6796885139519793,47133,3750941,69345,3798074,69345,43709,38008,4370900,100.0,100.0,0.5934056043624878,0.647944450378418,0.42476046085357666,0.796996533870697,0.867834746837616,0.6798471212387085,0.3391881287097931,0.00015860728672922875,0.9997667015395457,43709,5701,86.89455260930244,328.17308431600395,2.1683001670025988,0.08317774400347844,3.5,2.0,4.0,iou,0.25,0.25,2.0,True,False,False,True,True,0.0,0.5,1.0,10,True,5,12,0.0,0.15,4.0,0.25,20,0.5,True,True
epoch,1783377366.5817168,94,974.120748344998,7.897244003482416e-05,1.4396758079528809,0.9063752889633179,1.0666013956069946,0.5333006978034973,0.026923462748527527,0.3296050429344177,0.03171722963452339,0.0,0.0,5.430617238744162e-05,1.3576543096860405e-05,22856,0.5,True,0.1,0.25,0.05,0.25,128,5,True,0.05,10,0.3,10,1.0,2.0,0,,,,,,,,,,,,,,,0.22450125217437744,0.12810435891151428,0.012265705509823178,0.6716273703944048,46574,3750517,69345,3797091,69345,43709,38008,4370900,100.0,100.0,0.5891640782356262,0.6472650766372681,0.4141087234020233,0.7952617406845093,0.8622683882713318,0.6718724966049194,0.3345879316329956,0.00024512621051464567,0.9996351596296124,43709,5701,86.8720629618614,326.4669015260006,2.154606481999508,0.08364869598881342,3.5,2.0,4.0,iou,0.25,0.25,2.0,True,False,False,True,True,0.0,0.5,1.0,10,True,5,12,0.0,0.15,4.0,0.25,20,0.5,True,True
epoch,1783378369.7571185,95,995.5711762599967,7.855707904614916e-05,1.43893563747406,0.9054217338562012,1.0670244693756104,0.5335122346878052,0.02683589607477188,0.32837268710136414,0.03203832358121872,0.0,0.0,7.455125887645409e-05,1.863781471911352e-05,22856,0.5,True,0.1,0.25,0.05,0.25,128,5,True,0.05,10,0.3,10,1.0,2.0,0,1.2659447193145752,0.05190331116318703,0.442052960395813,0.04355735704302788,0.0,0.0,5.853935558519652e-09,1.463483889629913e-09,5701,0.5,True,True,1.0,2.0,0.22073543071746826,0.12630970776081085,0.012300514665775397,0.6734876342923066,46703,3750130,69345,3796833,69345,43709,38008,4370900,100.0,100.0,0.5891748070716858,0.6447725892066956,0.4158360958099365,0.7957499027252197,0.8628596067428589,0.6738770008087158,0.3347032964229584,0.0003893665164091953,0.9994221994281717,43709,5701,86.866160287355,346.6893872130022,2.182361529004993,0.08658913799445145,3.5,2.0,4.0,iou,0.25,0.25,2.0,True,False,False,True,True,0.0,0.5,1.0,10,True,5,12,0.0,0.15,4.0,0.25,20,0.5,True,True
epoch,1783379352.4635959,96,975.7297136039997,7.813884809451283e-05,1.4344422817230225,0.9033323526382446,1.0622200965881348,0.5311100482940674,0.026789488270878792,0.32765066623687744,0.03197476267814636,0.0,0.0,0.00012143436470068991,3.0358591175172478e-05,22856,0.5,True,0.1,0.25,0.05,0.25,128,5,True,0.05,10,0.3,10,1.0,2.0,0,,,,,,,,,,,,,,,0.2284088432788849,0.12985362112522125,0.012253168211946351,0.6707044487706395,46510,3749243,69345,3795753,69345,43709,38008,4370900,100.0,100.0,0.589322566986084,0.644292414188385,0.416988343000412,0.7957015633583069,0.864460289478302,0.6710216999053955,0.333217978477478,0.00031725113475600253,0.9995272118102876,43709,5701,86.84145141732824,328.90692077801214,2.2030888500012225,0.08438147598644719,3.5,2.0,4.0,iou,0.25,0.25,2.0,True,False,False,True,True,0.0,0.5,1.0,10,True,5,12,0.0,0.15,4.0,0.25,20,0.5,True,True
epoch,1783380335.7880905,97,975.1554173689947,7.771779324445444e-05,1.4306600093841553,0.9021034240722656,1.0571109056472778,0.5285554528236389,0.026892710477113724,0.3297344148159027,0.03091089054942131,0.0,0.0,2.8560050850501284e-05,7.140012712625321e-06,22856,0.5,True,0.1,0.25,0.05,0.25,128,5,True,0.05,10,0.3,10,1.0,2.0,0,,,,,,,,,,,,,,,0.22915533185005188,0.12946805357933044,0.012265821560791739,0.6713245367366069,46553,3748790,69345,3795343,69345,43709,38008,4370900,100.0,100.0,0.590888261795044,0.6471938490867615,0.41977807879447937,0.7950339317321777,0.8663926720619202,0.671800434589386,0.33265554904937744,0.000475897852779128,0.9992916082987204,43709,5701,86.83207119815141,327.6766607949976,2.3335727709927596,0.08196850300009828,3.5,2.0,4.0,iou,0.25,0.25,2.0,True,False,False,True,True,0.0,0.5,1.0,10,True,5,12,0.0,0.15,4.0,0.25,20,0.5,True,True
epoch,1783381320.4031818,98,976.8666428899887,7.729396087154136e-05,1.4202630519866943,0.8934400677680969,1.0536510944366455,0.5268255472183228,0.026406284421682358,0.3253377377986908,0.031165849417448044,0.0,0.0,9.628372208680958e-05,2.4070930521702394e-05,22856,0.5,True,0.1,0.25,0.05,0.25,128,5,True,0.05,10,0.3,10,1.0,2.0,0,,,,,,,,,,,,,,,0.23266607522964478,0.1323390007019043,0.012343600521566522,0.6756074698968924,46850,3748639,69345,3795489,69345,43709,38008,4370900,100.0,100.0,0.590094268321991,0.6457672715187073,0.41923442482948303,0.7966232895851135,0.8623404502868652,0.67593914270401,0.3355252742767334,0.00033167280711765557,0.9995093155786321,43709,5701,86.83541147132169,329.34689096699003,2.1427628910023486,0.08446317599737085,3.5,2.0,4.0,iou,0.25,0.25,2.0,True,False,False,True,True,0.0,0.5,1.0,10,True,5,12,0.0,0.15,4.0,0.25,20,0.5,True,True
epoch,1783382311.0136244,99,975.7773833579995,7.686739765726113e-05,1.4105207920074463,0.8869823217391968,1.0470843315124512,0.5235421657562256,0.02596701681613922,0.3216210603713989,0.03159681707620621,0.0,0.0,2.5019900931511074e-05,6.2549752328777686e-06,22856,0.5,True,0.1,0.25,0.05,0.25,128,5,True,0.05,10,0.3,10,1.0,2.0,0,,,,,,,,,,,,,,,0.23187805712223053,0.13149820268154144,0.012318560266292553,0.6741365635590165,46748,3748176,69345,3794924,69345,43709,38008,4370900,100.0,100.0,0.5905618667602539,0.6479769945144653,0.41869357228279114,0.7953971028327942,0.8639123439788818,0.6744970679283142,0.3349916934967041,0.00036050436929768725,0.9994655212210114,43709,5701,86.82248507172436,327.5473554999917,2.1495004939934006,0.08594954600266647,3.5,2.0,4.0,iou,0.25,0.25,2.0,True,False,False,True,True,0.0,0.5,1.0,10,True,5,12,0.0,0.15,4.0,0.25,20,0.5,True,True
epoch,1783383311.7474368,100,994.3411235700041,7.643815058388004e-05,1.4050120115280151,0.8839752078056335,1.0420795679092407,0.5210397839546204,0.02587871067225933,0.32099276781082153,0.03131501376628876,0.0,0.0,6.769220817659516e-06,1.692305204414879e-06,22856,0.5,True,0.1,0.25,0.05,0.25,128,5,True,0.05,10,0.3,10,1.0,2.0,0,1.2608604431152344,0.051265228539705276,0.44082361459732056,0.04374660551548004,0.0,0.0,1.416559786138194e-10,3.541399465345485e-11,5701,0.5,True,True,1.0,2.0,0.2344128042459488,0.1321702003479004,0.012366120644770984,0.6767899632273415,46932,3748276,69345,3795208,69345,43709,38008,4370900,100.0,100.0,0.5910900235176086,0.6475233435630798,0.4200306534767151,0.7960716485977173,0.8642151355743408,0.6769630312919617,0.3330449163913727,0.00017306806462014102,0.9997443463577474,43709,5701,86.82898258939807,346.3716801289993,2.576504462995217,0.08607240600395016,3.5,2.0,4.0,iou,0.25,0.25,2.0,True,False,False,True,True,0.0,0.5,1.0,10,True,5,12,0.0,0.15,4.0,0.25,20,0.5,True,True
epoch,1783384308.8137374,101,986.6758928719937,7.600626692926834e-05,1.3965092897415161,0.8778542876243591,1.0373024940490723,0.5186512470245361,0.02566012553870678,0.3190159797668457,0.03104522079229355,0.0,0.0,8.986196007754188e-06,2.246549001938547e-06,22856,0.5,True,0.1,0.25,0.05,0.25,128,5,True,0.05,10,0.3,10,1.0,2.0,0,,,,,,,,,,,,,,,0.23078586161136627,0.129404217004776,0.012322963748907826,0.6746268656716418,46782,3749545,69345,3796327,69345,43709,38008,4370900,100.0,100.0,0.5897881388664246,0.646491527557373,0.4202665388584137,0.7947579622268677,0.8611147403717041,0.6748864650726318,0.3307376205921173,0.0002595994009900737,0.9996153435956637,43709,5701,86.8545837241758,338.3199318889965,2.260765924002044,0.08605070800695103,3.5,2.0,4.0,iou,0.25,0.25,2.0,True,False,False,True,True,0.0,0.5,1.0,10,True,5,12,0.0,0.15,4.0,0.25,20,0.5,True,True
epoch,1783385326.5219657,102,1010.9675016969995,7.557179426169294e-05,1.4019757509231567,0.8825398087501526,1.0388695001602173,0.5194347500801086,0.02588539570569992,0.32265082001686096,0.030321694910526276,0.0,0.0,3.55057418346405e-05,8.876435458660126e-06,22856,0.5,True,0.1,0.25,0.05,0.25,128,5,True,0.05,10,0.3,10,1.0,2.0,0,,,,,,,,,,,,,,,0.2368338704109192,0.1331099569797516,0.012234041009341366,0.6686278751171678,46366,3743551,69345,3789917,69345,43709,38008,4370900,100.0,100.0,0.5854272842407227,0.6396608352661133,0.4098026156425476,0.7903926968574524,0.8602206110954285,0.6689884066581726,0.32470977306365967,0.0003605315410047938,0.9994610795382751,43709,5701,86.70793200485026,348.0195457039954,2.5814881889964454,0.0819044530071551,3.5,2.0,4.0,iou,0.25,0.25,2.0,True,False,False,True,True,0.0,0.5,1.0,10,True,5,12,0.0,0.15,4.0,0.25,20,0.5,True,True
epoch,1783386325.3375628,103,983.6633317999949,7.513478043457832e-05,1.3890173435211182,0.8721470832824707,1.0337424278259277,0.5168712139129639,0.025293171405792236,0.31749194860458374,0.030652780085802078,0.0,0.0,0.00010786136408569291,2.6965341021423228e-05,22856,0.5,True,0.1,0.25,0.05,0.25,128,5,True,0.05,10,0.3,10,1.0,2.0,0,,,,,,,,,,,,,,,0.23570212721824646,0.13329686224460602,0.012473629853181463,0.6822121277669623,47308,3745333,69345,3792641,69345,43709,38008,4370900,100.0,100.0,0.5929475426673889,0.6507079601287842,0.42797601222991943,0.7954890727996826,0.863652765750885,0.6826591491699219,0.3369096517562866,0.000447021402959602,0.999345176280867,43709,5701,86.77025326591777,331.44173458499426,2.2690983270003926,0.08620947400049772,3.5,2.0,4.0,iou,0.25,0.25,2.0,True,False,False,True,True,0.0,0.5,1.0,10,True,5,12,0.0,0.15,4.0,0.25,20,0.5,True,True
epoch,1783387318.2613811,104,978.0961057780078,7.469527358123582e-05,1.3796837329864502,0.8661606311798096,1.0270520448684692,0.5135260224342346,0.024980753660202026,0.31401968002319336,0.031143339350819588,0.0,0.0,4.219358379486948e-05,1.054839594871737e-05,22856,0.5,True,0.1,0.25,0.05,0.25,128,5,True,0.05,10,0.3,10,1.0,2.0,0,,,,,,,,,,,,,,,0.24044360220432281,0.13629737496376038,0.012446784978223597,0.6807844833802005,47209,3745658,69345,3792867,69345,43709,38008,4370900,100.0,100.0,0.5936837792396545,0.651922345161438,0.42729485034942627,0.797680139541626,0.864835262298584,0.6810584664344788,0.3388131856918335,0.00027398305427828173,0.9995977099356643,43709,5701,86.7754238257567,327.66578026500065,2.1336311449995264,0.082298568013357,3.5,2.0,4.0,iou,0.25,0.25,2.0,True,False,False,True,True,0.0,0.5,1.0,10,True,5,12,0.0,0.15,4.0,0.25,20,0.5,True,True
epoch,1783388326.3998108,105,994.9214872969897,7.425332210956207e-05,1.3772459030151367,0.8656213879585266,1.0232542753219604,0.5116271376609802,0.02506958693265915,0.314565509557724,0.0306845735758543,0.0,0.0,7.382770945696393e-06,1.8456927364240983e-06,22856,0.5,True,0.1,0.25,0.05,0.25,128,5,True,0.05,10,0.3,10,1.0,2.0,0,1.2618420124053955,0.051501303911209106,0.4397401809692383,0.044313374906778336,0.0,0.0,5.873409397727514e-11,1.4683523494318784e-11,5701,0.5,True,True,1.0,2.0,0.2384267896413803,0.1348811686038971,0.012442620968018799,0.6794433628956666,47116,3739546,69345,3786662,69345,43709,38008,4370900,100.0,100.0,0.5931423306465149,0.649982750415802,0.4225409924983978,0.7968201041221619,0.866782009601593,0.6797173619270325,0.33714038133621216,0.0002739990313658236,0.9995968926987696,43709,5701,86.63346221601958,346.06626283300284,2.11639865100733,0.08747185600805096,3.5,2.0,4.0,iou,0.25,0.25,2.0,True,False,False,True,True,0.0,0.5,1.0,10,True,5,12,0.0,0.15,4.0,0.25,20,0.5,True,True
epoch,1783389321.2496247,106,986.9259162539965,7.380897469670746e-05,1.3704941272735596,0.861264705657959,1.0184605121612549,0.5092302560806274,0.02479107491672039,0.31299057602882385,0.030659984797239304,0.0,0.0,0.0003602475335355848,9.00618833838962e-05,22856,0.5,True,0.1,0.25,0.05,0.25,128,5,True,0.05,10,0.3,10,1.0,2.0,0,,,,,,,,,,,,,,,0.24155499041080475,0.13660408556461334,0.012475405839992681,0.6804672290720312,47187,3735215,69345,3782402,69345,43709,38008,4370900,100.0,100.0,0.593316376209259,0.6491862535476685,0.4261336326599121,0.7970232367515564,0.8657581806182861,0.6809431314468384,0.3354387581348419,0.0004759023748072133,0.9993011128935304,43709,5701,86.535999450914,338.5147353790089,2.1606478869944112,0.08302429900504649,3.5,2.0,4.0,iou,0.25,0.25,2.0,True,False,False,True,True,0.0,0.5,1.0,10,True,5,12,0.0,0.15,4.0,0.25,20,0.5,True,True
epoch,1783390308.371273,107,974.2302948680008,7.33622802837146e-05,1.359696865081787,0.8540176153182983,1.0113550424575806,0.5056775212287903,0.024419033899903297,0.3097415566444397,0.030773747712373734,0.0,0.0,0.00011151823855470866,2.7879559638677165e-05,22856,0.5,True,0.1,0.25,0.05,0.25,128,5,True,0.05,10,0.3,10,1.0,2.0,0,,,,,,,,,,,,,,,0.23991195857524872,0.13461998105049133,0.01252266704416462,0.6837551373566948,47415,3738919,69345,3786334,69345,43709,38008,4370900,100.0,100.0,0.5941751003265381,0.6513404250144958,0.429001122713089,0.7954882979393005,0.8651957511901855,0.6839714646339417,0.3369096517562866,0.00021632727724685274,0.9996837188560744,43709,5701,86.62595804067813,327.2961384090013,2.1520044849894475,0.0832316119922325,3.5,2.0,4.0,iou,0.25,0.25,2.0,True,False,False,True,True,0.0,0.5,1.0,10,True,5,12,0.0,0.15,4.0,0.25,20,0.5,True,True
epoch,1783391290.9416919,108,974.2183263010083,7.291328807012804e-05,1.356539249420166,0.8519023656845093,1.0092705488204956,0.5046352744102478,0.024194583296775818,0.3078731596469879,0.031174685806035995,0.0,0.0,3.5537697840481997e-05,8.884424460120499e-06,22856,0.5,True,0.1,0.25,0.05,0.25,128,5,True,0.05,10,0.3,10,1.0,2.0,0,,,,,,,,,,,,,,,0.23517784476280212,0.1329582780599594,0.01239134860682488,0.6767034393251136,46926,3740071,69345,3786997,69345,43709,38008,4370900,100.0,100.0,0.5924348831176758,0.6477447152137756,0.42420923709869385,0.7952404618263245,0.8668252825737,0.6769197583198547,0.3371259570121765,0.00021631899474117144,0.9996804362820224,43709,5701,86.64112654144455,327.1027431560069,2.107060674999957,0.08177828699990641,3.5,2.0,4.0,iou,0.25,0.25,2.0,True,False,False,True,True,0.0,0.5,1.0,10,True,5,12,0.0,0.15,4.0,0.25,20,0.5,True,True
epoch,1783392270.0839515,109,972.6742120980052,7.246204750857522e-05,1.353271484375,0.8496504426002502,1.0072455406188965,0.5036227703094482,0.02416568621993065,0.3068678081035614,0.031153883785009384,0.0,0.0,9.385850717080757e-05,2.3464626792701893e-05,22856,0.5,True,0.1,0.25,0.05,0.25,128,5,True,0.05,10,0.3,10,1.0,2.0,0,,,,,,,,,,,,,,,0.23468486964702606,0.13200855255126953,0.012394320972723675,0.6768764871295695,46938,3740119,69345,3787057,69345,43709,38008,4370900,100.0,100.0,0.5914428234100342,0.6464059352874756,0.4211999773979187,0.796353280544281,0.8638113737106323,0.6770206689834595,0.3343283534049988,0.00014418185388997973,0.999787034782695,43709,5701,86.64249925644604,326.247915896005,2.097748142987257,0.08271456300280988,3.5,2.0,4.0,iou,0.25,0.25,2.0,True,False,False,True,True,0.0,0.5,1.0,10,True,5,12,0.0,0.15,4.0,0.25,20,0.5,True,True
epoch,1783393270.6402645,110,992.852229999,7.200860829931978e-05,1.3473050594329834,0.8463500738143921,1.0019084215164185,0.5009542107582092,0.02402506023645401,0.3064804673194885,0.030756525695323944,0.0,0.0,3.943519914173521e-06,9.858799785433803e-07,22856,0.5,True,0.1,0.25,0.05,0.25,128,5,True,0.05,10,0.3,10,1.0,2.0,0,1.2715696096420288,0.05199724808335304,0.44126951694488525,0.04558585584163666,0.0,0.0,2.6036139910701195e-09,6.509034977675299e-10,5701,0.5,True,True,1.0,2.0,0.24252554774284363,0.13618943095207214,0.012452510938677313,0.6792270531400966,47101,3735349,69345,3782450,69345,43709,38008,4370900,100.0,100.0,0.5923518538475037,0.6480763554573059,0.4232695996761322,0.7948173880577087,0.8677193522453308,0.6795010566711426,0.3350926637649536,0.0002740035310460076,0.9995967577557741,43709,5701,86.53709762291518,344.8913307220064,2.1274931250081863,0.0856497019995004,3.5,2.0,4.0,iou,0.25,0.25,2.0,True,False,False,True,True,0.0,0.5,1.0,10,True,5,12,0.0,0.15,4.0,0.25,20,0.5,True,True
epoch,1783394251.2316744,111,974.0300552330009,7.155302038478748e-05,1.3438271284103394,0.8446637392044067,0.9983294606208801,0.49916473031044006,0.02403820864856243,0.3060566484928131,0.030632689595222473,0.0,0.0,9.92532841337379e-06,2.4813321033434477e-06,22856,0.5,True,0.1,0.25,0.05,0.25,128,5,True,0.05,10,0.3,10,1.0,2.0,0,,,,,,,,,,,,,,,0.24012716114521027,0.13470709323883057,0.012450640951327417,0.6799048237075492,47148,3739645,69345,3786793,69345,43709,38008,4370900,100.0,100.0,0.5915087461471558,0.6466344594955444,0.42511701583862305,0.795842170715332,0.8657149076461792,0.6801788210868835,0.3331747055053711,0.000273997379334312,0.9995971686109008,43709,5701,86.63645931043949,327.30710328300484,2.135431881004479,0.08278056999552064,3.5,2.0,4.0,iou,0.25,0.25,2.0,True,False,False,True,True,0.0,0.5,1.0,10,True,5,12,0.0,0.15,4.0,0.25,20,0.5,True,True
epoch,1783395235.4496608,112,976.5791887550004,7.109533394406548e-05,1.3352633714675903,0.8385927677154541,0.9933432936668396,0.4966716468334198,0.023687804117798805,0.30313658714294434,0.030788477510213852,0.0,0.0,0.000511735794134438,0.0001279339485336095,22856,0.5,True,0.1,0.25,0.05,0.25,128,5,True,0.05,10,0.3,10,1.0,2.0,0,,,,,,,,,,,,,,,0.24425174295902252,0.13610802590847015,0.012460127565396072,0.6807556420794578,47207,3741438,69345,3788645,69345,43709,38008,4370900,100.0,100.0,0.5922829508781433,0.6506512761116028,0.423353910446167,0.7948173880577087,0.8650227189064026,0.6810728907585144,0.3326699733734131,0.00031724867905658094,0.9995341927664992,43709,5701,86.67883044681874,328.547843998007,2.2015679879987147,0.08240533800562844,3.5,2.0,4.0,iou,0.25,0.25,2.0,True,False,False,True,True,0.0,0.5,1.0,10,True,5,12,0.0,0.15,4.0,0.25,20,0.5,True,True
epoch,1783396216.6347165,113,974.8133017350046,7.063559938737554e-05,1.329386591911316,0.8348725438117981,0.9890269637107849,0.49451348185539246,0.023619063198566437,0.30294302105903625,0.030190082266926765,0.0,0.0,0.00010832083353307098,2.7080208383267745e-05,22856,0.5,True,0.1,0.25,0.05,0.25,128,5,True,0.05,10,0.3,10,1.0,2.0,0,,,,,,,,,,,,,,,0.24838420748710632,0.1392015963792801,0.012525682816065453,0.6835244069507534,47399,3736746,69345,3784145,69345,43709,38008,4370900,100.0,100.0,0.5942534804344177,0.6536518335342407,0.42645886540412903,0.7962177991867065,0.8672723174095154,0.6836397647857666,0.3355541229248047,0.00011535783501315233,0.9998312593255173,43709,5701,86.5758768217072,327.22274869598914,2.229668561994913,0.08291317500697915,3.5,2.0,4.0,iou,0.25,0.25,2.0,True,False,False,True,True,0.0,0.5,1.0,10,True,5,12,0.0,0.15,4.0,0.25,20,0.5,True,True
epoch,1783397205.6983182,114,976.3960101609991,7.017386735052171e-05,1.324020504951477,0.8314149379730225,0.9852142333984375,0.49260711669921875,0.023476243019104004,0.3012978136539459,0.03022255375981331,0.0,0.0,4.050475126859965e-06,1.0126187817149912e-06,22856,0.5,True,0.1,0.25,0.05,0.25,128,5,True,0.05,10,0.3,10,1.0,2.0,0,,,,,,,,,,,,,,,0.2461133897304535,0.1373656988143921,0.012493827147431922,0.6811594202898551,47235,3733432,69345,3780667,69345,43709,38008,4370900,100.0,100.0,0.5937039852142334,0.6532650589942932,0.42440763115882874,0.7975183725357056,0.8663205504417419,0.6814190149307251,0.3376162648200989,0.00025959464086999784,0.9996190381612753,43709,5701,86.49630510878767,327.37192365199735,2.2124497210024856,0.08160637000401039,3.5,2.0,4.0,iou,0.25,0.25,2.0,True,False,False,True,True,0.0,0.5,1.0,10,True,5,12,0.0,0.15,4.0,0.25,20,0.5,True,True
epoch,1783398206.728973,115,993.749113429003,6.971018868931334e-05,1.3222012519836426,0.83091801404953,0.9825621843338013,0.49128109216690063,0.023451222106814384,0.30195367336273193,0.02990633435547352,0.0,0.0,4.106835604034131e-06,1.0267089010085328e-06,22856,0.5,True,0.1,0.25,0.05,0.25,128,5,True,0.05,10,0.3,10,1.0,2.0,0,1.2833118438720703,0.05258212983608246,0.4426904618740082,0.04756614938378334,0.0,0.0,5.719134055226505e-10,1.4297835138066262e-10,5701,0.5,True,True,1.0,2.0,0.24407365918159485,0.13626298308372498,0.012553265945636308,0.6838705025596654,47423,3730319,69345,3777742,69345,43709,38008,4370900,100.0,100.0,0.5947850346565247,0.6538918018341064,0.4280218183994293,0.7972151637077332,0.8670127391815186,0.6841156482696533,0.3383373022079468,0.00024514570998790397,0.9996416604259705,43709,5701,86.42938525246517,346.61359729699325,2.2102530940028373,0.086201701007667,3.5,2.0,4.0,iou,0.25,0.25,2.0,True,False,False,True,True,0.0,0.5,1.0,10,True,5,12,0.0,0.15,4.0,0.25,20,0.5,True,True
epoch,1783399187.9179366,116,974.3808585850056,6.924461447396371e-05,1.3190855979919434,0.829724133014679,0.9787216782569885,0.48936083912849426,0.023364633321762085,0.3016220033168793,0.029880119487643242,0.0,0.0,0.0002342478110222146,5.856195275555365e-05,22856,0.5,True,0.1,0.25,0.05,0.25,128,5,True,0.05,10,0.3,10,1.0,2.0,0,,,,,,,,,,,,,,,0.24132204055786133,0.13522036373615265,0.0124384270998562,0.6778138294037062,47003,3731851,69345,3778854,69345,43709,38008,4370900,100.0,100.0,0.592170000076294,0.6497445106506348,0.42080309987068176,0.797124445438385,0.8651524782180786,0.6781166791915894,0.33688080310821533,0.00030284978788319705,0.9995533957544825,43709,5701,86.4548262371594,326.3609872399975,2.282015336008044,0.09063103499647696,3.5,2.0,4.0,iou,0.25,0.25,2.0,True,False,False,True,True,0.0,0.5,1.0,10,True,5,12,0.0,0.15,4.0,0.25,20,0.5,True,True
epoch,1783400169.9719255,117,974.7984404019953,6.877719598346502e-05,1.3103492259979248,0.8232402205467224,0.9742197394371033,0.48710986971855164,0.0229774359613657,0.29827138781547546,0.030133694410324097,0.0,0.0,0.00023310258984565735,5.827564746141434e-05,22856,0.5,True,0.1,0.25,0.05,0.25,128,5,True,0.05,10,0.3,10,1.0,2.0,0,,,,,,,,,,,,,,,0.2428930401802063,0.13601866364479065,0.012543130954780515,0.6811161583387411,47232,3718335,69345,3765567,69345,43709,38008,4370900,100.0,100.0,0.5939956903457642,0.6522300243377686,0.42445194721221924,0.7977453470230103,0.8649073243141174,0.6813901662826538,0.3384959399700165,0.0002740079439127463,0.9995978692422176,43709,5701,86.15083850008007,325.8319820129982,2.2070434630004456,0.08341867799754255,3.5,2.0,4.0,iou,0.25,0.25,2.0,True,False,False,True,True,0.0,0.5,1.0,10,True,5,12,0.0,0.15,4.0,0.25,20,0.5,True,True
epoch,1783401148.8586514,118,971.922177942004,6.83079846999405e-05,1.3008794784545898,0.816876232624054,0.9680123329162598,0.4840061664581299,0.022691287100315094,0.29546919465065,0.030155066400766373,0.0,0.0,8.590472862124443e-05,2.1476182155311108e-05,22856,0.5,True,0.1,0.25,0.05,0.25,128,5,True,0.05,10,0.3,10,1.0,2.0,0,,,,,,,,,,,,,,,0.2447291761636734,0.1379120647907257,0.012547472720631513,0.6806402768764871,47199,3714435,69345,3761634,69345,43709,38008,4370900,100.0,100.0,0.5942468643188477,0.6508583426475525,0.42134249210357666,0.8009330034255981,0.8670992851257324,0.6808421611785889,0.34158194065093994,0.00020188430210177355,0.9997034785540421,43709,5701,86.0608570317326,325.5136495859915,2.219430122000631,0.08237163600279018,3.5,2.0,4.0,iou,0.25,0.25,2.0,True,False,False,True,True,0.0,0.5,1.0,10,True,5,12,0.0,0.15,4.0,0.25,20,0.5,True,True
epoch,1783402128.417581,119,973.1359291039989,6.783703230297419e-05,1.2990034818649292,0.8155046105384827,0.9669963121414185,0.48349815607070923,0.02272195927798748,0.29603683948516846,0.029608527198433876,0.0,0.0,4.000454646302387e-05,1.0001136615755968e-05,22856,0.5,True,0.1,0.25,0.05,0.25,128,5,True,0.05,10,0.3,10,1.0,2.0,0,,,,,,,,,,,,,,,0.24158649146556854,0.13599833846092224,0.01239666023165511,0.6738625712019612,46729,3722754,69345,3769483,69345,43709,38008,4370900,100.0,100.0,0.5902687311172485,0.6476112008094788,0.41687625646591187,0.7968114614486694,0.8638402223587036,0.6740356087684631,0.33324679732322693,0.00017303756650188795,0.999743281268451,43709,5701,86.24043103251047,326.20504316699225,2.19965580200369,0.08472713900846429,3.5,2.0,4.0,iou,0.25,0.25,2.0,True,False,False,True,True,0.0,0.5,1.0,10,True,5,12,0.0,0.15,4.0,0.25,20,0.5,True,True
epoch,1783403127.7637122,120,992.277579622998,6.736439066391868e-05,1.290096640586853,0.8100596070289612,0.9600753784179688,0.4800376892089844,0.022418642416596413,0.2931877374649048,0.02987714111804962,0.0,0.0,8.508470273227431e-06,2.1271175683068577e-06,22856,0.5,True,0.1,0.25,0.05,0.25,128,5,True,0.05,10,0.3,10,1.0,2.0,0,1.3069405555725098,0.05316804721951485,0.4450691044330597,0.05181799456477165,0.0,0.0,9.041814519328284e-10,2.260453629832071e-10,5701,0.5,True,True,1.0,2.0,0.24517281353473663,0.13689836859703064,0.012489426691417907,0.6794433628956666,47116,3725355,69345,3772471,69345,43709,38008,4370900,100.0,100.0,0.5942369103431702,0.6513826847076416,0.42220622301101685,0.7990192174911499,0.8667675852775574,0.6795299053192139,0.3389717936515808,8.654242354722008e-05,0.9998726436866578,43709,5701,86.30879223958452,344.1671315260028,2.2371538740117103,0.08708372600085568,3.5,2.0,4.0,iou,0.25,0.25,2.0,True,False,False,True,True,0.0,0.5,1.0,10,True,5,12,0.0,0.15,4.0,0.25,20,0.5,True,True
epoch,1783404117.012775,121,982.1784185529978,6.68901118401821e-05,1.2908076047897339,0.8102504014968872,0.9611119031906128,0.4805559515953064,0.022410236299037933,0.29317694902420044,0.029909057542681694,0.0,0.0,2.6287652872269973e-06,6.571913218067493e-07,22856,0.5,True,0.1,0.25,0.05,0.25,128,5,True,0.05,10,0.3,10,1.0,2.0,0,,,,,,,,,,,,,,,0.2491408735513687,0.13975892961025238,0.012412680840811261,0.6745836037205278,46779,3721867,69345,3768646,69345,43709,38008,4370900,100.0,100.0,0.5920106172561646,0.6488270163536072,0.42014095187187195,0.7966353297233582,0.8666955232620239,0.6746845245361328,0.3361453711986542,0.00010092081560497679,0.9998504177701802,43709,5701,86.22128165823972,333.29449518099136,2.4611022869939916,0.11159021699859295,3.5,2.0,4.0,iou,0.25,0.25,2.0,True,False,False,True,True,0.0,0.5,1.0,10,True,5,12,0.0,0.15,4.0,0.25,20,0.5,True,True
epoch,1783405116.6293764,122,984.540121285012,6.641424806949434e-05,1.2869141101837158,0.8085868954658508,0.9566541910171509,0.47832709550857544,0.02244759164750576,0.2927033305168152,0.029707694426178932,0.0,0.0,1.7069549357984215e-05,4.267387339496054e-06,22856,0.5,True,0.1,0.25,0.05,0.25,128,5,True,0.05,10,0.3,10,1.0,2.0,0,,,,,,,,,,,,,,,0.24851274490356445,0.13900558650493622,0.012436402049141296,0.6760400894080323,46880,3722699,69345,3769579,69345,43709,38008,4370900,100.0,100.0,0.5924358367919922,0.6509296298027039,0.4194781482219696,0.7972532510757446,0.8662629127502441,0.6762131452560425,0.33826521039009094,0.00017305584801019513,0.9997440809170537,43709,5701,86.24262737651284,327.15959841800213,2.207100289990194,0.08561590300814714,3.5,2.0,4.0,iou,0.25,0.25,2.0,True,False,False,True,True,0.0,0.5,1.0,10,True,5,12,0.0,0.15,4.0,0.25,20,0.5,True,True
epoch,1783406095.9092073,123,972.5520074920059,6.593685176415361e-05,1.2862483263015747,0.8091299533843994,0.9542364478111267,0.47711822390556335,0.022386282682418823,0.2922433018684387,0.030069902539253235,0.0,0.0,4.404144419822842e-05,1.1010361049557105e-05,22856,0.5,True,0.1,0.25,0.05,0.25,128,5,True,0.05,10,0.3,10,1.0,2.0,0,,,,,,,,,,,,,,,0.24787424504756927,0.13941843807697296,0.01235578042439362,0.6711514889321508,46541,3720198,69345,3766739,69345,43709,38008,4370900,100.0,100.0,0.5910690426826477,0.6492227911949158,0.41558924317359924,0.7990999817848206,0.8640565276145935,0.671252429485321,0.33964958786964417,0.00010094055317022566,0.9998496235563011,43709,5701,86.17765219977579,325.238561502003,2.1973407749901526,0.08506886199756991,3.5,2.0,4.0,iou,0.25,0.25,2.0,True,False,False,True,True,0.0,0.5,1.0,10,True,5,12,0.0,0.15,4.0,0.25,20,0.5,True,True
epoch,1783407077.6799703,124,975.2948859089956,6.545797550525354e-05,1.2774897813796997,0.8020285964012146,0.9509263038635254,0.4754631519317627,0.021978508681058884,0.2889877259731293,0.030223503708839417,0.0,0.0,3.531567199388519e-05,8.828917998471297e-06,22856,0.5,True,0.1,0.25,0.05,0.25,128,5,True,0.05,10,0.3,10,1.0,2.0,0,,,,,,,,,,,,,,,0.24691054224967957,0.13872556388378143,0.012467933226753913,0.6770351142836541,46949,3718631,69345,3765580,69345,43709,38008,4370900,100.0,100.0,0.5930793881416321,0.6517456769943237,0.4201987087726593,0.7965603470802307,0.8677482008934021,0.6771937608718872,0.3378469944000244,0.00015864658823305788,0.9997657294006537,43709,5701,86.15113592166374,326.73177203000523,2.2029259870032547,0.08278619700286072,3.5,2.0,4.0,iou,0.25,0.25,2.0,True,False,False,True,True,0.0,0.5,1.0,10,True,5,12,0.0,0.15,4.0,0.25,20,0.5,True,True
epoch,1783408075.3597283,125,990.5854460879928,6.497767203689198e-05,1.2706328630447388,0.7976763248443604,0.9459103941917419,0.47295519709587097,0.02186027355492115,0.2888556122779846,0.0293824914842844,0.0,0.0,0.00023322092602029443,5.830523150507361e-05,22856,0.5,True,0.1,0.25,0.05,0.25,128,5,True,0.05,10,0.3,10,1.0,2.0,0,1.3057752847671509,0.052968353033065796,0.44461748003959656,0.05176689848303795,0.0,0.0,1.6822215842537958e-09,4.2055539606344894e-10,5701,0.5,True,True,1.0,2.0,0.2489417940378189,0.1399446278810501,0.012534588714538263,0.6801499747638619,47165,3715623,69345,3762788,69345,43709,38008,4370900,100.0,100.0,0.5943402051925659,0.6542571783065796,0.4241940975189209,0.7973998188972473,0.8684980869293213,0.6803374290466309,0.3414665758609772,0.00018745428276900622,0.9997244686610413,43709,5701,86.08725891692787,342.96845780999865,2.1873645760060754,0.08642043999861926,3.5,2.0,4.0,iou,0.25,0.25,2.0,True,False,False,True,True,0.0,0.5,1.0,10,True,5,12,0.0,0.15,4.0,0.25,20,0.5,True,True
epoch,1783409067.697689,126,979.2155559179955,6.449599426036155e-05,1.2676740884780884,0.7957125902175903,0.9439225792884827,0.47196128964424133,0.021757788956165314,0.28799501061439514,0.029458798468112946,0.0,0.0,3.22738014801871e-05,8.068450370046776e-06,22856,0.5,True,0.1,0.25,0.05,0.25,128,5,True,0.05,10,0.3,10,1.0,2.0,0,,,,,,,,,,,,,,,0.24876709282398224,0.13963957130908966,0.012532941389372604,0.6801211334631192,47163,3715960,69345,3763123,69345,43709,38008,4370900,100.0,100.0,0.5942003726959229,0.6520131230354309,0.42445188760757446,0.7987461090087891,0.8670415878295898,0.6804239749908447,0.337717205286026,0.0003028415277255281,0.9995549223148265,43709,5701,86.09492324235283,331.84005511501164,2.2024994919920573,0.09146241699636448,3.5,2.0,4.0,iou,0.25,0.25,2.0,True,False,False,True,True,0.0,0.5,1.0,10,True,5,12,0.0,0.15,4.0,0.25,20,0.5,True,True
epoch,1783410048.6616938,127,973.1337260339933,6.401299522832318e-05,1.2550922632217407,0.7876343131065369,0.9349150061607361,0.46745750308036804,0.021382665261626244,0.28436192870140076,0.029515398666262627,0.0,0.0,3.660036963992752e-05,9.15009240998188e-06,22856,0.5,True,0.1,0.25,0.05,0.25,128,5,True,0.05,10,0.3,10,1.0,2.0,0,,,,,,,,,,,,,,,0.2527132034301758,0.14094607532024384,0.012518663723825993,0.6801067128127478,47162,3720173,69345,3767335,69345,43709,38008,4370900,100.0,100.0,0.5942558646202087,0.6529524326324463,0.42084383964538574,0.8000600934028625,0.8659167885780334,0.680496096611023,0.3450140655040741,0.0003893837982751336,0.9994277942221648,43709,5701,86.19128783545723,325.52692608999496,2.2233749039878603,0.08364774900837801,3.5,2.0,4.0,iou,0.25,0.25,2.0,True,False,False,True,True,0.0,0.5,1.0,10,True,5,12,0.0,0.15,4.0,0.25,20,0.5,True,True
epoch,1783411036.9965837,128,973.5777221679891,6.352872813896261e-05,1.255805492401123,0.7882259488105774,0.9351622462272644,0.4675811231136322,0.021501848474144936,0.2852930426597595,0.029182972386479378,0.0,0.0,7.437419844791293e-05,1.8593549611978233e-05,22856,0.5,True,0.1,0.25,0.05,0.25,128,5,True,0.05,10,0.3,10,1.0,2.0,0,,,,,,,,,,,,,,,0.2495722472667694,0.13925571739673615,0.01247580513545137,0.6768476458288268,46936,3715226,69345,3762162,69345,43709,38008,4370900,100.0,100.0,0.5922889709472656,0.6497258543968201,0.42244693636894226,0.7969481945037842,0.8661330938339233,0.677121639251709,0.33620303869247437,0.0002739934228821461,0.9995953556835299,43709,5701,86.07293692374569,324.7857453309989,2.1991229160048533,0.08426023299398366,3.5,2.0,4.0,iou,0.25,0.25,2.0,True,False,False,True,True,0.0,0.5,1.0,10,True,5,12,0.0,0.15,4.0,0.25,20,0.5,True,True
epoch,1783412026.4388776,129,982.9948558369942,6.304324633013126e-05,1.2516955137252808,0.7855714559555054,0.9322501420974731,0.4661250710487366,0.02140084095299244,0.28592774271965027,0.02851482480764389,0.0,0.0,1.6597499779891223e-05,4.149374944972806e-06,22856,0.5,True,0.1,0.25,0.05,0.25,128,5,True,0.05,10,0.3,10,1.0,2.0,0,,,,,,,,,,,,,,,0.2550347149372101,0.141300231218338,0.01243184557466323,0.6745403417694138,46776,3715819,69345,3762595,69345,43709,38008,4370900,100.0,100.0,0.5904645323753357,0.6471979022026062,0.416700541973114,0.7964395880699158,0.8666955232620239,0.6747854948043823,0.3359578847885132,0.00024515303496852603,0.9996366948654704,43709,5701,86.08284335033974,326.537359673006,2.179463164997287,0.09248319099424407,3.5,2.0,4.0,iou,0.25,0.25,2.0,True,False,False,True,True,0.0,0.5,1.0,10,True,5,12,0.0,0.15,4.0,0.25,20,0.5,True,True
epoch,1783413034.4913712,130,992.8015410710068,6.255660327347141e-05,1.2487365007400513,0.7837779521942139,0.9299184679985046,0.4649592339992523,0.02136194333434105,0.28400981426239014,0.028887754306197166,0.0,0.0,3.5856967315339716e-06,8.964241828834929e-07,22856,0.5,True,0.1,0.25,0.05,0.25,128,5,True,0.05,10,0.3,10,1.0,2.0,0,1.3241426944732666,0.05374623090028763,0.44973844289779663,0.05331318452954292,0.0,0.0,2.0485044771589855e-08,5.121261192897464e-09,5701,0.5,True,True,1.0,2.0,0.25392603874206543,0.1419561803340912,0.012472060521700383,0.6748720167279544,46799,3705508,69345,3752307,69345,43709,38008,4370900,100.0,100.0,0.5917884111404419,0.6492317318916321,0.4181174337863922,0.7957072854042053,0.8659312129020691,0.6751315593719482,0.3390294909477234,0.00025954264399385973,0.9996155673062666,43709,5701,85.84746848475143,343.91578129200207,2.209145091008395,0.09869954599707853,3.5,2.0,4.0,iou,0.25,0.25,2.0,True,False,False,True,True,0.0,0.5,1.0,10,True,5,12,0.0,0.15,4.0,0.25,20,0.5,True,True
epoch,1783414019.4120336,131,972.4089094640076,6.206885256852678e-05,1.2476541996002197,0.78342205286026,0.9284619688987732,0.4642309844493866,0.021430660039186478,0.28501132130622864,0.02839847095310688,0.0,0.0,2.225921207354986e-06,5.564803018387465e-07,22856,0.5,True,0.1,0.25,0.05,0.25,128,5,True,0.05,10,0.3,10,1.0,2.0,0,,,,,,,,,,,,,,,0.254910409450531,0.14193738996982574,0.012346320540124543,0.6681231523541712,46331,3706285,69345,3752616,69345,43709,38008,4370900,100.0,100.0,0.5878096222877502,0.6450164914131165,0.4123581051826477,0.794181227684021,0.8609272241592407,0.6683682799339294,0.3343716263771057,0.00024512757975825306,0.9996332447437773,43709,5701,85.85453796700908,324.406293551001,2.183166422008071,0.08528282200859394,3.5,2.0,4.0,iou,0.25,0.25,2.0,True,False,False,True,True,0.0,0.5,1.0,10,True,5,12,0.0,0.15,4.0,0.25,20,0.5,True,True
epoch,1783415006.4184244,132,980.5257807559974,6.158004793683904e-05,1.2422354221343994,0.7789967060089111,0.9264830350875854,0.4632415175437927,0.02111365646123886,0.28206950426101685,0.028862297534942627,0.0,0.0,9.169029340228008e-07,2.292257335057002e-07,22856,0.5,True,0.1,0.25,0.05,0.25,128,5,True,0.05,10,0.3,10,1.0,2.0,0,,,,,,,,,,,,,,,0.25139597058296204,0.14010903239250183,0.012474358751923511,0.6739346744538178,46734,3699671,69345,3746405,69345,43709,38008,4370900,100.0,100.0,0.5906513333320618,0.6478091478347778,0.4156315326690674,0.7947596907615662,0.8659889101982117,0.6743384599685669,0.33481866121292114,0.00040378551474906654,0.9994012123900394,43709,5701,85.7124390857718,327.0189317320037,2.1224028500000713,0.08291334500245284,3.5,2.0,4.0,iou,0.25,0.25,2.0,True,False,False,True,True,0.0,0.5,1.0,10,True,5,12,0.0,0.15,4.0,0.25,20,0.5,True,True
epoch,1783415990.19303,133,976.055594067002,6.109024321603082e-05,1.2327165603637695,0.772365391254425,0.9207075238227844,0.4603537619113922,0.020771853625774384,0.27860012650489807,0.029164429754018784,0.0,0.0,2.570901870058151e-06,6.427254675145377e-07,22856,0.5,True,0.1,0.25,0.05,0.25,128,5,True,0.05,10,0.3,10,1.0,2.0,0,,,,,,,,,,,,,,,0.2513673007488251,0.14063122868537903,0.012457838800079425,0.675852620953205,46867,3715182,69345,3762049,69345,43709,38008,4370900,100.0,100.0,0.5936591625213623,0.6539677381515503,0.42465317249298096,0.8001596331596375,0.8635806441307068,0.6760545372962952,0.3425337076187134,0.00020191634309019157,0.999701331280317,43709,5701,86.07035164382621,327.64018477698846,2.1991393770003924,0.0841707000072347,3.5,2.0,4.0,iou,0.25,0.25,2.0,True,False,False,True,True,0.0,0.5,1.0,10,True,5,12,0.0,0.15,4.0,0.25,20,0.5,True,True
epoch,1783416970.5548146,134,973.9379932320007,6.059949235387595e-05,1.2241839170455933,0.767126739025116,0.9141157865524292,0.4570578932762146,0.020558837801218033,0.27718403935432434,0.028801659122109413,0.0,0.0,3.384382580406964e-05,8.46095645101741e-06,22856,0.5,True,0.1,0.25,0.05,0.25,128,5,True,0.05,10,0.3,10,1.0,2.0,0,,,,,,,,,,,,,,,0.2527087926864624,0.14002221822738647,0.01251307285134415,0.6754921046939217,46842,3696603,69345,3743445,69345,43709,38008,4370900,100.0,100.0,0.5904306173324585,0.6491373777389526,0.4200276732444763,0.7962465286254883,0.8634220361709595,0.6758958697319031,0.33628955483436584,0.00040376503798134067,0.9994026224214959,43709,5701,85.64471847903178,324.5028082110075,2.144432268993114,0.08471397300309036,3.5,2.0,4.0,iou,0.25,0.25,2.0,True,False,False,True,True,0.0,0.5,1.0,10,True,5,12,0.0,0.15,4.0,0.25,20,0.5,True,True
epoch,1783417969.49823,135,991.2028255150071,6.0107849402357565e-05,1.2224587202072144,0.7663093209266663,0.9122944474220276,0.4561472237110138,0.020505744963884354,0.27768829464912415,0.028454948216676712,0.0,0.0,8.349656127393246e-05,2.0874140318483114e-05,22856,0.5,True,0.1,0.25,0.05,0.25,128,5,True,0.05,10,0.3,10,1.0,2.0,0,1.3385035991668701,0.054460130631923676,0.45174330472946167,0.055394552648067474,0.0,0.0,4.878060622104385e-09,1.2195151555260964e-09,5701,0.5,True,True,1.0,2.0,0.25322407484054565,0.1408703476190567,0.012479460770572832,0.673458792991564,46701,3695528,69345,3742229,69345,43709,38008,4370900,100.0,100.0,0.5916627049446106,0.6501173973083496,0.4162314236164093,0.7981706857681274,0.8660321831703186,0.6739923357963562,0.3360876739025116,0.0005335428047922308,0.9992083844630639,43709,5701,85.6168981216683,341.70688814400637,2.1377046880079433,0.09601128600479569,3.5,2.0,4.0,iou,0.25,0.25,2.0,True,False,False,True,True,0.0,0.5,1.0,10,True,5,12,0.0,0.15,4.0,0.25,20,0.5,True,True
epoch,1783418949.1854904,136,973.24399004101,5.96153685117148e-05,1.2184964418411255,0.7636775970458984,0.909635603427887,0.4548178017139435,0.020452355965971947,0.2762434482574463,0.028532490134239197,0.0,0.0,3.259340883232653e-05,8.148352208081633e-06,22856,0.5,True,0.1,0.25,0.05,0.25,128,5,True,0.05,10,0.3,10,1.0,2.0,0,,,,,,,,,,,,,,,0.25217148661613464,0.13961711525917053,0.012421118520733892,0.6701853053572716,46474,3695057,69345,3741531,69345,43709,38008,4370900,100.0,100.0,0.5882802605628967,0.6445946097373962,0.41581904888153076,0.7932441830635071,0.8653832077980042,0.670444905757904,0.33018964529037476,0.0002596004006324426,0.9996127938352534,43709,5701,85.60092887048434,324.5718139639939,2.1391880400042282,0.08262715699675027,3.5,2.0,4.0,iou,0.25,0.25,2.0,True,False,False,True,True,0.0,0.5,1.0,10,True,5,12,0.0,0.15,4.0,0.25,20,0.5,True,True
epoch,1783419929.3272,137,972.3794816419977,5.9122103924478534e-05,1.218416690826416,0.7655950784683228,0.9056420922279358,0.4528210461139679,0.02047531120479107,0.27641385793685913,0.028871500864624977,0.0,0.0,1.3351843335840385e-05,3.3379608339600964e-06,22856,0.5,True,0.1,0.25,0.05,0.25,128,5,True,0.05,10,0.3,10,1.0,2.0,0,,,,,,,,,,,,,,,0.25336533784866333,0.14057767391204834,0.012436354576188177,0.6708486552743529,46520,3694126,69345,3740646,69345,43709,38008,4370900,100.0,100.0,0.588262677192688,0.6450483798980713,0.41486600041389465,0.794501006603241,0.8622683882713318,0.671122670173645,0.33438605070114136,0.00027401489929212985,0.9995917066857223,43709,5701,85.5806813242124,324.06019822300004,2.1453300989960553,0.08264414301083889,3.5,2.0,4.0,iou,0.25,0.25,2.0,True,False,False,True,True,0.0,0.5,1.0,10,True,5,12,0.0,0.15,4.0,0.25,20,0.5,True,True
epoch,1783420908.2414954,138,972.949237933004,5.8628109969497127e-05,1.2084070444107056,0.7578203082084656,0.9011726379394531,0.45058631896972656,0.02017560601234436,0.27326563000679016,0.028716880828142166,0.0,0.0,4.570333203446353e-06,1.1425833008615882e-06,22856,0.5,True,0.1,0.25,0.05,0.25,128,5,True,0.05,10,0.3,10,1.0,2.0,0,,,,,,,,,,,,,,,0.25329333543777466,0.14041538536548615,0.012486876810839454,0.6725214507174273,46636,3688165,69345,3734801,69345,43709,38008,4370900,100.0,100.0,0.5899209380149841,0.649025022983551,0.4174988567829132,0.7957428693771362,0.8631624579429626,0.6730117797851562,0.3335207998752594,0.0004903290677289451,0.9992714405862473,43709,5701,85.4469560044842,324.49635140899045,2.1778458030021284,0.08633577199361753,3.5,2.0,4.0,iou,0.25,0.25,2.0,True,False,False,True,True,0.0,0.5,1.0,10,True,5,12,0.0,0.15,4.0,0.25,20,0.5,True,True
epoch,1783421885.8755274,139,971.143722776993,5.813344105595246e-05,1.203048586845398,0.7540126442909241,0.898073673248291,0.4490368366241455,0.020097879692912102,0.27152299880981445,0.028701739385724068,0.0,0.0,1.5075288501975592e-05,3.768822125493898e-06,22856,0.5,True,0.1,0.25,0.05,0.25,128,5,True,0.05,10,0.3,10,1.0,2.0,0,,,,,,,,,,,,,,,0.25603875517845154,0.14199770987033844,0.01246078794167229,0.6686567164179105,46368,3674745,69345,3721113,69345,43709,38008,4370900,100.0,100.0,0.5874615907669067,0.6455723643302917,0.4119109809398651,0.7939215302467346,0.8627298474311829,0.6690172553062439,0.32856008410453796,0.0003605388883334282,0.9994610917947574,43709,5701,85.13379395547828,321.7851447990106,2.152987227003905,0.08308870099426713,3.5,2.0,4.0,iou,0.25,0.25,2.0,True,False,False,True,True,0.0,0.5,1.0,10,True,5,12,0.0,0.15,4.0,0.25,20,0.5,True,True
epoch,1783422890.1647456,140,990.8205709250033,5.7638151667367345e-05,1.199630856513977,0.7520705461502075,0.8951213955879211,0.44756069779396057,0.02007688395678997,0.27174076437950134,0.028228413313627243,0.0,0.0,4.785126293427311e-06,1.1962815733568277e-06,22856,0.5,True,0.1,0.25,0.05,0.25,128,5,True,0.05,10,0.3,10,1.0,2.0,0,1.3666471242904663,0.05584292113780975,0.4568193554878235,0.05863569304347038,0.0,0.0,1.2410333871670787e-10,3.102583467917697e-11,5701,0.5,True,True,1.0,2.0,0.25444626808166504,0.14079537987709045,0.012395243659963532,0.6655274352873315,46151,3677132,69345,3723283,69345,43709,38008,4370900,100.0,100.0,0.5868942141532898,0.6455813050270081,0.4104441702365875,0.7949801087379456,0.860783040523529,0.6659600734710693,0.33334776759147644,0.00043263818373784346,0.9993503541714102,43709,5701,85.1834404813654,342.391677808002,2.167589285003487,0.08662710699718446,3.5,2.0,4.0,iou,0.25,0.25,2.0,True,False,False,True,True,0.0,0.5,1.0,10,True,5,12,0.0,0.15,4.0,0.25,20,0.5,True,True
epoch,1783423870.8879232,141,973.6609696899977,5.714229635560454e-05,1.1932265758514404,0.7494665384292603,0.8875266909599304,0.4437633454799652,0.01997178979218006,0.27034804224967957,0.028354069218039513,0.0,0.0,2.4702997052372666e-06,6.175749263093167e-07,22856,0.5,True,0.1,0.25,0.05,0.25,128,5,True,0.05,10,0.3,10,1.0,2.0,0,,,,,,,,,,,,,,,0.25623729825019836,0.14179864525794983,0.012431955234859553,0.6673011752830053,46274,3675908,69345,3722182,69345,43709,38008,4370900,100.0,100.0,0.5875411033630371,0.6450649499893188,0.41326427459716797,0.794623076915741,0.8628451824188232,0.6675896048545837,0.33168938755989075,0.0002884295715784857,0.9995679537705784,43709,5701,85.1582511610881,325.2209156040044,2.154081332992064,0.07821868499740958,3.5,2.0,4.0,iou,0.25,0.25,2.0,True,False,False,True,True,0.0,0.5,1.0,10,True,5,12,0.0,0.15,4.0,0.25,20,0.5,True,True
epoch,1783424852.1778324,142,974.9567133419914,5.664592973485838e-05,1.1843262910842896,0.7421281337738037,0.8843978643417358,0.4421989321708679,0.019588958472013474,0.2679483890533447,0.028038153424859047,0.0,0.0,4.827653356187511e-06,1.2069133390468778e-06,22856,0.5,True,0.1,0.25,0.05,0.25,128,5,True,0.05,10,0.3,10,1.0,2.0,0,,,,,,,,,,,,,,,0.2539977431297302,0.14055269956588745,0.012400765749168971,0.6644458865094816,46076,3669501,69345,3715577,69345,43709,38008,4370900,100.0,100.0,0.5870473384857178,0.6445370316505432,0.40843984484672546,0.7943252325057983,0.860999345779419,0.6647487282752991,0.3298579454421997,0.00030284176581751865,0.9995444267090164,43709,5701,85.00713811800773,323.9484495499928,2.1454409580037463,0.08334065999952145,3.5,2.0,4.0,iou,0.25,0.25,2.0,True,False,False,True,True,0.0,0.5,1.0,10,True,5,12,0.0,0.15,4.0,0.25,20,0.5,True,True
epoch,1783425832.2095013,143,973.3108192299987,5.614910647563954e-05,1.1890591382980347,0.745994508266449,0.886123538017273,0.4430617690086365,0.019754545763134956,0.27026447653770447,0.027854474261403084,0.0,0.0,3.3903659186762525e-06,8.475914796690631e-07,22856,0.5,True,0.1,0.25,0.05,0.25,128,5,True,0.05,10,0.3,10,1.0,2.0,0,,,,,,,,,,,,,,,0.25647541880607605,0.14284250140190125,0.01252787448708925,0.6712091715336361,46545,3668770,69345,3715315,69345,43709,38008,4370900,100.0,100.0,0.5905016660690308,0.6473029255867004,0.4156678020954132,0.7975153923034668,0.8665224313735962,0.6714398860931396,0.33794793486595154,0.00023071455950351982,0.9996563883613677,43709,5701,85.00114392916791,324.3371175009961,2.1593361490085954,0.08261754199338611,3.5,2.0,4.0,iou,0.25,0.25,2.0,True,False,False,True,True,0.0,0.5,1.0,10,True,5,12,0.0,0.15,4.0,0.25,20,0.5,True,True
epoch,1783426827.8958716,144,982.7916645159858,5.565188129875336e-05,1.17901611328125,0.7390021085739136,0.8800264000892639,0.44001320004463196,0.019467659294605255,0.26638075709342957,0.028164679184556007,0.0,0.0,6.170921096781967e-06,1.5427302741954918e-06,22856,0.5,True,0.1,0.25,0.05,0.25,128,5,True,0.05,10,0.3,10,1.0,2.0,0,,,,,,,,,,,,,,,0.2526756525039673,0.1397879421710968,0.01253066166190448,0.6711803302328935,46543,3667786,69345,3714329,69345,43709,38008,4370900,100.0,100.0,0.5897783637046814,0.6482076644897461,0.4119740426540375,0.796667754650116,0.8644747138023376,0.6714110374450684,0.33732786774635315,0.00023070721217488543,0.9996563845404556,43709,5701,84.9785856459768,333.27575344200886,2.5338969659933355,0.11443345798761584,3.5,2.0,4.0,iou,0.25,0.25,2.0,True,False,False,True,True,0.0,0.5,1.0,10,True,5,12,0.0,0.15,4.0,0.25,20,0.5,True,True
epoch,1783427826.2084234,145,991.3766537150077,5.515430896927306e-05,1.1706511974334717,0.732554018497467,0.8761957287788391,0.43809786438941956,0.0191664956510067,0.2640005350112915,0.027981802821159363,0.0,0.0,4.948212790623074e-06,1.2370531976557686e-06,22856,0.5,True,0.1,0.25,0.05,0.25,128,5,True,0.05,10,0.3,10,1.0,2.0,0,1.3753025531768799,0.055990301072597504,0.4556974470615387,0.06118771806359291,0.0,0.0,5.511838208072106e-10,1.3779595520180266e-10,5701,0.5,True,True,1.0,2.0,0.2538869380950928,0.1401931345462799,0.012589826829626258,0.6741798255101306,46751,3666644,69345,3713395,69345,43709,38008,4370900,100.0,100.0,0.5910738706588745,0.6513977646827698,0.4200911223888397,0.7969728112220764,0.8628740310668945,0.6744970679283142,0.34037062525749207,0.00031724241818364973,0.9995296607898415,43709,5701,84.95721704912032,339.60942926301504,2.16249479399994,0.08717521899961866,3.5,2.0,4.0,iou,0.25,0.25,2.0,True,False,False,True,True,0.0,0.5,1.0,10,True,5,12,0.0,0.15,4.0,0.25,20,0.5,True,True
epoch,1783428803.8039086,146,971.0538986330212,5.465644429050771e-05,1.1701890230178833,0.7331946492195129,0.8739849925041199,0.43699249625205994,0.019169200211763382,0.26382318139076233,0.028198156505823135,0.0,0.0,2.3666598281124607e-05,5.916649570281152e-06,22856,0.5,True,0.1,0.25,0.05,0.25,128,5,True,0.05,10,0.3,10,1.0,2.0,0,,,,,,,,,,,,,,,0.25596311688423157,0.14147122204303741,0.01247844248176669,0.6679933665008292,46322,3665840,69345,3712162,69345,43709,38008,4370900,100.0,100.0,0.5885291695594788,0.6478238105773926,0.41180622577667236,0.796996533870697,0.8607397675514221,0.6683250665664673,0.34073111414909363,0.0003317000656380964,0.999503684535817,43709,5701,84.92900775583976,321.6367027889937,2.1570515200146474,0.08137274201726541,3.5,2.0,4.0,iou,0.25,0.25,2.0,True,False,False,True,True,0.0,0.5,1.0,10,True,5,12,0.0,0.15,4.0,0.25,20,0.5,True,True
epoch,1783429828.243005,147,1016.5348237789876,5.4158342097966144e-05,1.1638083457946777,0.7284210920333862,0.8707805871963501,0.43539029359817505,0.018996229395270348,0.26179736852645874,0.028148576617240906,0.0,0.0,8.561091090086848e-05,2.140272772521712e-05,22856,0.5,True,0.1,0.25,0.05,0.25,128,5,True,0.05,10,0.3,10,1.0,2.0,0,,,,,,,,,,,,,,,0.2569105625152588,0.1422695517539978,0.012503889533215603,0.6693056456846204,46413,3665472,69345,3711885,69345,43709,38008,4370900,100.0,100.0,0.5879836678504944,0.6466177105903625,0.4127926230430603,0.7959557175636292,0.862008810043335,0.6694931387901306,0.3372845947742462,0.00018749310551025022,0.9997199476818402,43709,5701,84.92267038824956,366.2677983070025,2.5267855190031696,0.08381461701355875,3.5,2.0,4.0,iou,0.25,0.25,2.0,True,False,False,True,True,0.0,0.5,1.0,10,True,5,12,0.0,0.15,4.0,0.25,20,0.5,True,True
epoch,1783430823.189807,148,987.9466283360089,5.366005725331725e-05,1.163035273551941,0.727847695350647,0.8703753352165222,0.4351876676082611,0.01898958720266819,0.2635250985622406,0.027349822223186493,0.0,0.0,1.2745240383083e-06,3.18631009577075e-07,22856,0.5,True,0.1,0.25,0.05,0.25,128,5,True,0.05,10,0.3,10,1.0,2.0,0,,,,,,,,,,,,,,,0.2619633078575134,0.14357072114944458,0.012521762295445165,0.6724060855144567,46628,3677129,69345,3723757,69345,43709,38008,4370900,100.0,100.0,0.5897414684295654,0.6463178992271423,0.41599521040916443,0.7963377237319946,0.8657870292663574,0.6727810502052307,0.3366789221763611,0.0003749646907740267,0.9994426646073642,43709,5701,85.19428492987714,334.8280635520059,2.5694343069917522,0.08988185800262727,3.5,2.0,4.0,iou,0.25,0.25,2.0,True,False,False,True,True,0.0,0.5,1.0,10,True,5,12,0.0,0.15,4.0,0.25,20,0.5,True,True
epoch,1783431808.217754,149,970.7453185170016,5.31616446383475e-05,1.1543004512786865,0.7230995893478394,0.8623960018157959,0.43119800090789795,0.01884765736758709,0.260858952999115,0.027521951124072075,0.0,0.0,4.610770247381879e-06,1.1526925618454698e-06,22856,0.5,True,0.1,0.25,0.05,0.25,128,5,True,0.05,10,0.3,10,1.0,2.0,0,,,,,,,,,,,,,,,0.25987160205841064,0.14416570961475372,0.012564772001477733,0.6729108082774533,46663,3667133,69345,3713796,69345,43709,38008,4370900,100.0,100.0,0.5909240245819092,0.6502199172973633,0.41562357544898987,0.799740731716156,0.8639699816703796,0.6730982661247253,0.3425769805908203,0.0001874578472720323,0.9997215000294811,43709,5701,84.96639136104693,320.89399308199063,2.143070163001539,0.08197610900970176,3.5,2.0,4.0,iou,0.25,0.25,2.0,True,False,False,True,True,0.0,0.5,1.0,10,True,5,12,0.0,0.15,4.0,0.25,20,0.5,True,True
epoch,1783432811.3795912,150,989.9773130599933,5.2663159148916194e-05,1.1460399627685547,0.7178182005882263,0.856446385383606,0.428223192691803,0.018483443185687065,0.2575730085372925,0.027973948046565056,0.0,0.0,5.1947394240414724e-05,1.2986848560103681e-05,22856,0.5,True,0.1,0.25,0.05,0.25,128,5,True,0.05,10,0.3,10,1.0,2.0,0,1.392411708831787,0.055892761796712875,0.4587240517139435,0.06402212381362915,0.0,0.0,0.00010253173240926117,2.5632933102315292e-05,5701,0.5,True,True,1.0,2.0,0.2562101483345032,0.1418376863002777,0.012399043528494096,0.6645324104117095,46082,3670495,69345,3716577,69345,43709,38008,4370900,100.0,100.0,0.5885599255561829,0.6463843584060669,0.4112718403339386,0.7957497239112854,0.8646621704101562,0.6650227308273315,0.3352368474006653,0.0004903204156220253,0.9992627012688543,43709,5701,85.03001670136585,339.7442300370021,2.174627080996288,0.08524625902646221,3.5,2.0,4.0,iou,0.25,0.25,2.0,True,False,False,True,True,0.0,0.5,1.0,10,True,5,12,0.0,0.15,4.0,0.25,20,0.5,True,True
epoch,1783433792.1044934,151,971.3520866580075,5.216465568890909e-05,1.1428908109664917,0.7164263725280762,0.8529314398765564,0.4264657199382782,0.01847103051841259,0.25736716389656067,0.0277712382376194,0.0,0.0,3.873389869113453e-05,9.683474672783632e-06,22856,0.5,True,0.1,0.25,0.05,0.25,128,5,True,0.05,10,0.3,10,1.0,2.0,0,,,,,,,,,,,,,,,0.25703632831573486,0.14150741696357727,0.01247329210955287,0.6675895882904319,46294,3665156,69345,3711450,69345,43709,38008,4370900,100.0,100.0,0.5876242518424988,0.6474853157997131,0.4110722839832306,0.7947896718978882,0.8621818423271179,0.6682529449462891,0.33369386196136475,0.0006633566558571502,0.9990073269996431,43709,5701,84.91271820448878,323.01404991399613,2.1517380099976435,0.08191021799575537,3.5,2.0,4.0,iou,0.25,0.25,2.0,True,False,False,True,True,0.0,0.5,1.0,10,True,5,12,0.0,0.15,4.0,0.25,20,0.5,True,True
epoch,1783434779.945643,152,980.201544615993,5.166618916419124e-05,1.1363190412521362,0.7111978530883789,0.8502457141876221,0.42512285709381104,0.018282422795891762,0.25535494089126587,0.02767208404839039,0.0,0.0,0.00023614543897565454,5.9036359743913636e-05,22856,0.5,True,0.1,0.25,0.05,0.25,128,5,True,0.05,10,0.3,10,1.0,2.0,0,,,,,,,,,,,,,,,0.2594120502471924,0.14353282749652863,0.012539596233387166,0.6684692479630832,46355,3650335,69345,3696690,69345,43709,38008,4370900,100.0,100.0,0.5888941884040833,0.6490449905395508,0.4111923277378082,0.7991616725921631,0.8600043058395386,0.6687144041061401,0.3400677740573883,0.0002451561430569793,0.9996333918612316,43709,5701,84.57503031412296,331.28124762300286,2.5477105649770238,0.08632136398227885,3.5,2.0,4.0,iou,0.25,0.25,2.0,True,False,False,True,True,0.0,0.5,1.0,10,True,5,12,0.0,0.15,4.0,0.25,20,0.5,True,True
epoch,1783435801.0145688,153,1012.8728217000025,5.116781447655963e-05,1.1301536560058594,0.7071321606636047,0.8460453152656555,0.42302265763282776,0.018101677298545837,0.25339964032173157,0.027730442583560944,0.0,0.0,5.637891808873974e-05,1.4094729522184934e-05,22856,0.5,True,0.1,0.25,0.05,0.25,128,5,True,0.05,10,0.3,10,1.0,2.0,0,,,,,,,,,,,,,,,0.2584947943687439,0.1422765552997589,0.012588013093639716,0.6688441848727378,46381,3638156,69345,3684537,69345,43709,38008,4370900,100.0,100.0,0.5887013673782349,0.6479576230049133,0.41037389636039734,0.7972704768180847,0.8625711798667908,0.6692335605621338,0.3373422622680664,0.00038937568939600986,0.9994181766839831,43709,5701,84.29698689057173,352.45740897700307,2.5921471919864416,0.10634820500854403,3.5,2.0,4.0,iou,0.25,0.25,2.0,True,False,False,True,True,0.0,0.5,1.0,10,True,5,12,0.0,0.15,4.0,0.25,20,0.5,True,True
epoch,1783436778.6905296,154,971.1716144380043,5.066958651769618e-05,1.1252449750900269,0.7042433023452759,0.8419999480247498,0.4209999740123749,0.01794746145606041,0.25296080112457275,0.027468103915452957,0.0,0.0,5.931291070737643e-06,1.4828227676844108e-06,22856,0.5,True,0.1,0.25,0.05,0.25,128,5,True,0.05,10,0.3,10,1.0,2.0,0,,,,,,,,,,,,,,,0.26124048233032227,0.1439131796360016,0.012548240354701689,0.6689595500757084,46389,3650464,69345,3696853,69345,43709,38008,4370900,100.0,100.0,0.5893345475196838,0.6500277519226074,0.4131477475166321,0.796996533870697,0.8613742589950562,0.6693200469017029,0.3380921483039856,0.00036049682599448296,0.9994613984331364,43709,5701,84.57875952321032,321.2189422440133,2.156381537002744,0.08170302098733373,3.5,2.0,4.0,iou,0.25,0.25,2.0,True,False,False,True,True,0.0,0.5,1.0,10,True,5,12,0.0,0.15,4.0,0.25,20,0.5,True,True
epoch,1783437774.6352282,155,988.121645390027,5.017156016312186e-05,1.1205159425735474,0.7013722062110901,0.8382854461669922,0.4191427230834961,0.017917828634381294,0.2519623935222626,0.02726013958454132,0.0,0.0,1.4924488596079755e-06,3.7311221490199387e-07,22856,0.5,True,0.1,0.25,0.05,0.25,128,5,True,0.05,10,0.3,10,1.0,2.0,0,1.3994699716567993,0.05616927146911621,0.4603598713874817,0.06481493264436722,0.0,0.0,2.487508865556265e-08,6.218772163890662e-09,5701,0.5,True,True,1.0,2.0,0.2590969204902649,0.1422705054283142,0.01257888387161622,0.6695363760905617,46429,3644598,69345,3691027,69345,43709,38008,4370900,100.0,100.0,0.5889251828193665,0.6500265002250671,0.40770137310028076,0.7988259792327881,0.859009325504303,0.6697670817375183,0.3401831388473511,0.00023070564695659712,0.9996555434669048,43709,5701,84.44546889656593,339.2768725359929,2.167194718000246,0.08786537501146086,3.5,2.0,4.0,iou,0.25,0.25,2.0,True,False,False,True,True,0.0,0.5,1.0,10,True,5,12,0.0,0.15,4.0,0.25,20,0.5,True,True
epoch,1783438757.9451873,156,976.2512967099901,4.967379026615268e-05,1.1179661750793457,0.6987519264221191,0.838424563407898,0.419212281703949,0.017816046252846718,0.2503373324871063,0.027404826134443283,0.0,0.0,3.7881924072280526e-05,9.470481018070132e-06,22856,0.5,True,0.1,0.25,0.05,0.25,128,5,True,0.05,10,0.3,10,1.0,2.0,0,,,,,,,,,,,,,,,0.2589077651500702,0.14274835586547852,0.012529004844795178,0.6641863148027977,46058,3630052,69345,3676110,69345,43709,38008,4370900,100.0,100.0,0.5868792533874512,0.6458184719085693,0.4062962532043457,0.7966063618659973,0.8617203831672668,0.6645468473434448,0.33466002345085144,0.00036053254064716267,0.9994574761100915,43709,5701,84.10418906861287,326.23041806698893,2.4782502930029295,0.08360473799984902,3.5,2.0,4.0,iou,0.25,0.25,2.0,True,False,False,True,True,0.0,0.5,1.0,10,True,5,12,0.0,0.15,4.0,0.25,20,0.5,True,True
epoch,1783439750.8041852,157,986.0028217500076,4.917633165185808e-05,1.1078377962112427,0.6922079920768738,0.8312580585479736,0.4156290292739868,0.017603306099772453,0.24828848242759705,0.027064036577939987,0.0,0.0,1.8820655895979144e-06,4.705163973994786e-07,22856,0.5,True,0.1,0.25,0.05,0.25,128,5,True,0.05,10,0.3,10,1.0,2.0,0,,,,,,,,,,,,,,,0.2625139355659485,0.14480635523796082,0.01260580882120611,0.667373278534862,46279,3624965,69345,3671244,69345,43709,38008,4370900,100.0,100.0,0.5883280634880066,0.6481953859329224,0.40889009833335876,0.7983129024505615,0.8616194128990173,0.6676905155181885,0.3371548056602478,0.00031723698332652983,0.9995248742105011,43709,5701,83.99286188199227,333.0372854640009,2.560505192988785,0.09108682099031284,3.5,2.0,4.0,iou,0.25,0.25,2.0,True,False,False,True,True,0.0,0.5,1.0,10,True,5,12,0.0,0.15,4.0,0.25,20,0.5,True,True
epoch,1783440735.9041328,158,970.5231833310099,4.8679239111022384e-05,1.1074187755584717,0.6928387880325317,0.8291620016098022,0.4145810008049011,0.017611170187592506,0.249102383852005,0.026905125007033348,0.0,0.0,9.186484385281801e-05,2.2966210963204503e-05,22856,0.5,True,0.1,0.25,0.05,0.25,128,5,True,0.05,10,0.3,10,1.0,2.0,0,,,,,,,,,,,,,,,0.26109662652015686,0.1436002254486084,0.012551613207100257,0.6648208234191362,46102,3626892,69345,3672994,69345,43709,38008,4370900,100.0,100.0,0.5878743529319763,0.6466928124427795,0.40801215171813965,0.798334002494812,0.861965537071228,0.6652101874351501,0.33669334650039673,0.0003893640160139711,0.9994146752058696,43709,5701,84.03289940286898,319.66883431901806,2.11573602099088,0.08291275598458014,3.5,2.0,4.0,iou,0.25,0.25,2.0,True,False,False,True,True,0.0,0.5,1.0,10,True,5,12,0.0,0.15,4.0,0.25,20,0.5,True,True
epoch,1783441711.7270396,159,969.2718117690238,4.818256739411004e-05,1.1107021570205688,0.6958314776420593,0.8297379016876221,0.41486895084381104,0.017816388979554176,0.25070616602897644,0.026767564937472343,0.0,0.0,5.696647349395789e-05,1.4241618373489473e-05,22856,0.5,True,0.1,0.25,0.05,0.25,128,5,True,0.05,10,0.3,10,1.0,2.0,0,,,,,,,,,,,,,,,0.2639562487602234,0.14477333426475525,0.012567798854073118,0.6639411637464849,46041,3617369,69345,3663410,69345,43709,38008,4370900,100.0,100.0,0.5852960348129272,0.644497811794281,0.40493687987327576,0.7962102890014648,0.8578988909721375,0.6648352146148682,0.3334198594093323,0.0008940508683832338,0.9986552293730392,43709,5701,83.81363105996476,319.0953732719936,2.1107228999899235,0.08159785400494002,3.5,2.0,4.0,iou,0.25,0.25,2.0,True,False,False,True,True,0.0,0.5,1.0,10,True,5,12,0.0,0.15,4.0,0.25,20,0.5,True,True
epoch,1783442704.102092,160,985.9039765390044,4.7686371205235364e-05,1.1017149686813354,0.6891948580741882,0.8250464797019958,0.4125232398509979,0.017484908923506737,0.2480849325656891,0.026640774682164192,0.0,0.0,4.695088500739075e-05,1.1737721251847688e-05,22856,0.5,True,0.1,0.25,0.05,0.25,128,5,True,0.05,10,0.3,10,1.0,2.0,0,1.4276868104934692,0.05790738761425018,0.46609359979629517,0.06759485602378845,0.0,0.0,1.9464125866619497e-09,4.866031466654874e-10,5701,0.5,True,True,1.0,2.0,0.263162225484848,0.14325828850269318,0.012622486464318591,0.6675463263393179,46291,3621053,69345,3667344,69345,43709,38008,4370900,100.0,100.0,0.5865318179130554,0.645703136920929,0.41108259558677673,0.794877827167511,0.8608984351158142,0.6678923964500427,0.3324536681175232,0.00034607011072484983,0.9994818475063285,43709,5701,83.9036354068956,337.89527422899846,2.0926006360095926,0.08505338898976333,3.5,2.0,4.0,iou,0.25,0.25,2.0,True,False,False,True,True,0.0,0.5,1.0,10,True,5,12,0.0,0.15,4.0,0.25,20,0.5,True,True
epoch,1783443679.60192,161,968.6634046930121,4.7190705196137434e-05,1.0940139293670654,0.6841176152229309,0.8197892308235168,0.4098946154117584,0.01725664548575878,0.24527764320373535,0.026894722133874893,0.0,0.0,5.033182605984621e-05,1.2582956514961552e-05,22856,0.5,True,0.1,0.25,0.05,0.25,128,5,True,0.05,10,0.3,10,1.0,2.0,0,,,,,,,,,,,,,,,0.2618377208709717,0.14303265511989594,0.01254737220111925,0.66107145432259,45842,3607672,69345,3653514,69345,43709,38008,4370900,100.0,100.0,0.5845940113067627,0.6450514793395996,0.40729013085365295,0.7946054935455322,0.858129620552063,0.6617780923843384,0.3341408967971802,0.0007066380617484214,0.9989322129730791,43709,5701,83.58722459905283,318.4031482009741,2.1114385750261135,0.08227864900254644,3.5,2.0,4.0,iou,0.25,0.25,2.0,True,False,False,True,True,0.0,0.5,1.0,10,True,5,12,0.0,0.15,4.0,0.25,20,0.5,True,True
epoch,1783444656.1832356,162,970.0941593530006,4.6695623960160476e-05,1.0938719511032104,0.6839671730995178,0.8198022842407227,0.40990114212036133,0.017300749197602272,0.24543508887290955,0.026778189465403557,0.0,0.0,1.3723675920118694e-06,3.4309189800296735e-07,22856,0.5,True,0.1,0.25,0.05,0.25,128,5,True,0.05,10,0.3,10,1.0,2.0,0,,,,,,,,,,,,,,,0.26316410303115845,0.1443653255701065,0.012447236561471063,0.6565289494556205,45527,3612072,69345,3657599,69345,43709,38008,4370900,100.0,100.0,0.5833159685134888,0.6437159180641174,0.40232694149017334,0.7963464856147766,0.8554906845092773,0.6569904088973999,0.33447256684303284,0.00046145944177944376,0.9992976161667962,43709,5701,83.68068361207074,320.8779180739948,2.120181278005475,0.08275046999915503,3.5,2.0,4.0,iou,0.25,0.25,2.0,True,False,False,True,True,0.0,0.5,1.0,10,True,5,12,0.0,0.15,4.0,0.25,20,0.5,True,True
epoch,1783445631.6377985,163,967.796856364992,4.6201182026241086e-05,1.086972713470459,0.6792246103286743,0.8154978156089783,0.40774890780448914,0.017140349373221397,0.24395665526390076,0.02650543302297592,0.0,0.0,1.3307966582942754e-05,3.3269916457356885e-06,22856,0.5,True,0.1,0.25,0.05,0.25,128,5,True,0.05,10,0.3,10,1.0,2.0,0,,,,,,,,,,,,,,,0.2666599154472351,0.1460745930671692,0.012618075532625977,0.6623260509048958,45929,3594008,69345,3639937,69345,43709,38008,4370900,100.0,100.0,0.5854541063308716,0.6440457105636597,0.40813112258911133,0.7953120470046997,0.8587641716003418,0.6628163456916809,0.3337659537792206,0.0004902947867850838,0.9992602856130932,43709,5701,83.27660207279965,318.43616746299085,2.500880726001924,0.08297779198619537,3.5,2.0,4.0,iou,0.25,0.25,2.0,True,False,False,True,True,0.0,0.5,1.0,10,True,5,12,0.0,0.15,4.0,0.25,20,0.5,True,True
epoch,1783446614.7928467,164,968.4593251619954,4.570743385290216e-05,1.0843005180358887,0.6772478818893433,0.8141070008277893,0.40705350041389465,0.017062708735466003,0.24213236570358276,0.026887618005275726,0.0,0.0,2.3103000785340555e-05,5.775750196335139e-06,22856,0.5,True,0.1,0.25,0.05,0.25,128,5,True,0.05,10,0.3,10,1.0,2.0,0,,,,,,,,,,,,,,,0.26696693897247314,0.1468924880027771,0.012687196160242725,0.6637969572427717,46031,3582115,69345,3628146,69345,43709,38008,4370900,100.0,100.0,0.5862016677856445,0.6461398005485535,0.40729013085365295,0.7982553243637085,0.8568894863128662,0.6643305420875549,0.3376595377922058,0.0005335848447832747,0.9991968081986619,43709,5701,83.00684069642408,316.1548888130055,2.117754235980101,0.08268117601983249,3.5,2.0,4.0,iou,0.25,0.25,2.0,True,False,False,True,True,0.0,0.5,1.0,10,True,5,12,0.0,0.15,4.0,0.25,20,0.5,True,True
epoch,1783447613.590497,165,984.2412156490027,4.521443382225491e-05,1.0775521993637085,0.6732013821601868,0.8087003827095032,0.4043501913547516,0.01696835272014141,0.2409963607788086,0.0265567097812891,0.0,0.0,8.996025258056761e-07,2.2490063145141903e-07,22856,0.5,True,0.1,0.25,0.05,0.25,128,5,True,0.05,10,0.3,10,1.0,2.0,0,1.4446303844451904,0.05823835730552673,0.46947231888771057,0.06992677599191666,0.0,0.0,1.1755322271156388e-09,2.938830567789097e-10,5701,0.5,True,True,1.0,2.0,0.26749446988105774,0.1464255154132843,0.012615276578484933,0.661114716273704,45845,3588241,69345,3634086,69345,43709,38008,4370900,100.0,100.0,0.5837140083312988,0.6417751908302307,0.40375232696533203,0.7937102317810059,0.8589804768562317,0.662095308303833,0.32984352111816406,0.0009805920301290127,0.9985189563831208,43709,5701,83.1427394815713,333.83217822300503,2.075654955988284,0.0868936609767843,3.5,2.0,4.0,iou,0.25,0.25,2.0,True,False,False,True,True,0.0,0.5,1.0,10,True,5,12,0.0,0.15,4.0,0.25,20,0.5,True,True
epoch,1783448585.375241,166,964.93757641298,4.472223623400903e-05,1.0729550123214722,0.6698577404022217,0.8061883449554443,0.40309417247772217,0.016744278371334076,0.2402350902557373,0.026348959654569626,0.0,0.0,3.88035505238804e-06,9.7008876309701e-07,22856,0.5,True,0.1,0.25,0.05,0.25,128,5,True,0.05,10,0.3,10,1.0,2.0,0,,,,,,,,,,,,,,,0.26508408784866333,0.14489391446113586,0.012733115182957847,0.6670848655274353,46259,3586709,69345,3632968,69345,43709,38008,4370900,100.0,100.0,0.5877049565315247,0.647642970085144,0.4098697006702423,0.7955344319343567,0.8632345795631409,0.6678491830825806,0.3333333432674408,0.0007643175551452774,0.9988555536571634,43709,5701,83.11716122537692,316.49251482399995,2.0898818249988835,0.08271827799035236,3.5,2.0,4.0,iou,0.25,0.25,2.0,True,False,False,True,True,0.0,0.5,1.0,10,True,5,12,0.0,0.15,4.0,0.25,20,0.5,True,True
epoch,1783449555.456582,167,963.6070076659962,4.4230895299492076e-05,1.0700068473815918,0.6671074032783508,0.8058023452758789,0.40290117263793945,0.016680587083101273,0.23889440298080444,0.026392053812742233,0.0,0.0,2.634912789289956e-06,6.58728197322489e-07,22856,0.5,True,0.1,0.25,0.05,0.25,128,5,True,0.05,10,0.3,10,1.0,2.0,0,,,,,,,,,,,,,,,0.2656994163990021,0.1452661007642746,0.012649231460562644,0.6616627009878145,45883,3581452,69345,3627335,69345,43709,38008,4370900,100.0,100.0,0.58587646484375,0.6450550556182861,0.4063735604286194,0.7971892356872559,0.8604946136474609,0.6622107028961182,0.33385246992111206,0.0005480019083036192,0.9991724659448918,43709,5701,82.98828616532064,314.82964343199274,2.0795016920019407,0.08081621798919514,3.5,2.0,4.0,iou,0.25,0.25,2.0,True,False,False,True,True,0.0,0.5,1.0,10,True,5,12,0.0,0.15,4.0,0.25,20,0.5,True,True
epoch,1783450527.1947386,168,965.2408992139972,4.3740465135678615e-05,1.0649847984313965,0.6644630432128906,0.8010410070419312,0.4005205035209656,0.01650119200348854,0.23737753927707672,0.026613954454660416,0.0,0.0,1.411195853506797e-06,3.5279896337669925e-07,22856,0.5,True,0.1,0.25,0.05,0.25,128,5,True,0.05,10,0.3,10,1.0,2.0,0,,,,,,,,,,,,,,,0.2686566412448883,0.14574161171913147,0.012706031486133623,0.6660609993510708,46188,3588936,69345,3635124,69345,43709,38008,4370900,100.0,100.0,0.5874161720275879,0.6470625400543213,0.4071899354457855,0.7980217933654785,0.8609127998352051,0.6669262647628784,0.3364049196243286,0.0008652654118076475,0.9987026070833853,43709,5701,83.16648745109703,315.5973467880103,2.1052861339994706,0.09335448199999519,3.5,2.0,4.0,iou,0.25,0.25,2.0,True,False,False,True,True,0.0,0.5,1.0,10,True,5,12,0.0,0.15,4.0,0.25,20,0.5,True,True
epoch,1783451499.897081,169,966.1492354180082,4.3250999759229634e-05,1.061000108718872,0.6623230576515198,0.7973523736000061,0.39867618680000305,0.01648942567408085,0.23687028884887695,0.026406237855553627,0.0,0.0,9.260284059564583e-07,2.3150710148911458e-07,22856,0.5,True,0.1,0.25,0.05,0.25,128,5,True,0.05,10,0.3,10,1.0,2.0,0,,,,,,,,,,,,,,,0.26517051458358765,0.14482764899730682,0.012585904982907506,0.6613742879803879,45863,3598134,69345,3643997,69345,43709,38008,4370900,100.0,100.0,0.5843551754951477,0.6453344225883484,0.40158286690711975,0.7947556972503662,0.8573941588401794,0.6618501543998718,0.3311702311038971,0.00047586641948393904,0.9992810058042285,43709,5701,83.36948912123361,316.9182789409824,2.095530364982551,0.08156210300512612,3.5,2.0,4.0,iou,0.25,0.25,2.0,True,False,False,True,True,0.0,0.5,1.0,10,True,5,12,0.0,0.15,4.0,0.25,20,0.5,True,True
epoch,1783452488.9298584,170,982.5795257450081,4.276255308054311e-05,1.0522208213806152,0.656215488910675,0.7920143008232117,0.39600715041160583,0.016246898099780083,0.23397709429264069,0.026438500732183456,0.0,0.0,6.646307610935764e-06,1.661576902733941e-06,22856,0.5,True,0.1,0.25,0.05,0.25,128,5,True,0.05,10,0.3,10,1.0,2.0,0,1.4593536853790283,0.05849606916308403,0.46893584728240967,0.0737151950597763,0.0,0.0,9.947772383611664e-09,2.486943095902916e-09,5701,0.5,True,True,1.0,2.0,0.2684839069843292,0.14616914093494415,0.012775269906586364,0.66681087317038,46240,3573253,69345,3619493,69345,43709,38008,4370900,100.0,100.0,0.5869635343551636,0.6483110785484314,0.40921345353126526,0.7974682450294495,0.8560674786567688,0.66728675365448,0.3376162648200989,0.0004758804840999664,0.999286842603283,43709,5701,82.80887231462629,332.5271307610092,2.4183365140052047,0.09867471299367025,3.5,2.0,4.0,iou,0.25,0.25,2.0,True,False,False,True,True,0.0,0.5,1.0,10,True,5,12,0.0,0.15,4.0,0.25,20,0.5,True,True
epoch,1783453459.0880415,171,962.9145436930121,4.2275178897816196e-05,1.0475685596466064,0.6535089015960693,0.7881201505661011,0.39406007528305054,0.01609490066766739,0.23266945779323578,0.026503602042794228,0.0,0.0,9.186672400574025e-07,2.2966681001435063e-07,22856,0.5,True,0.1,0.25,0.05,0.25,128,5,True,0.05,10,0.3,10,1.0,2.0,0,,,,,,,,,,,,,,,0.2676856219768524,0.1458321511745453,0.012830681581324254,0.6657725863436441,46168,3552082,69345,3598250,69345,43709,38008,4370900,100.0,100.0,0.586300253868103,0.6472997665405273,0.407574325799942,0.7973743081092834,0.8582882881164551,0.666435956954956,0.33468887209892273,0.000663370611311942,0.9990045996102267,43709,5701,82.32286256834976,312.9417972599913,2.0641010050021578,0.08330071301315911,3.5,2.0,4.0,iou,0.25,0.25,2.0,True,False,False,True,True,0.0,0.5,1.0,10,True,5,12,0.0,0.15,4.0,0.25,20,0.5,True,True
epoch,1783454429.220907,172,963.612200699019,4.17889308911199e-05,1.0418044328689575,0.6494486331939697,0.7847135066986084,0.3923567533493042,0.015981275588274002,0.2312413901090622,0.02632977068424225,0.0,0.0,1.4684579809909337e-06,3.6711449524773343e-07,22856,0.5,True,0.1,0.25,0.05,0.25,128,5,True,0.05,10,0.3,10,1.0,2.0,0,,,,,,,,,,,,,,,0.26699647307395935,0.14492538571357727,0.01281683846865743,0.664243997404283,46062,3547804,69345,3593866,69345,43709,38008,4370900,100.0,100.0,0.5859264731407166,0.6484358906745911,0.40458232164382935,0.7979284524917603,0.855678141117096,0.6650660037994385,0.336895227432251,0.0008220063951555057,0.9987640228331331,43709,5701,82.22256285890778,313.8745692369994,2.0893497329961974,0.08264868700644001,3.5,2.0,4.0,iou,0.25,0.25,2.0,True,False,False,True,True,0.0,0.5,1.0,10,True,5,12,0.0,0.15,4.0,0.25,20,0.5,True,True
epoch,1783455400.5620587,173,964.2308807990048,4.13038626164866e-05,1.0382965803146362,0.6479464173316956,0.7807014584541321,0.39035072922706604,0.015901576727628708,0.23046620190143585,0.026389475911855698,0.0,0.0,5.5930645430635195e-06,1.3982661357658799e-06,22856,0.5,True,0.1,0.25,0.05,0.25,128,5,True,0.05,10,0.3,10,1.0,2.0,0,,,,,,,,,,,,,,,0.26844751834869385,0.14534032344818115,0.012805877523759166,0.6635806474872017,46016,3547334,69345,3593350,69345,43709,38008,4370900,100.0,100.0,0.5851981043815613,0.6464380025863647,0.40328577160835266,0.7984092235565186,0.8544235229492188,0.6642584204673767,0.3371548056602478,0.0006777729801750176,0.9989796546655771,43709,5701,82.21075750989499,314.7121798119915,2.073497918987414,0.08155744301620871,3.5,2.0,4.0,iou,0.25,0.25,2.0,True,False,False,True,True,0.0,0.5,1.0,10,True,5,12,0.0,0.15,4.0,0.25,20,0.5,True,True
epoch,1783456369.6113799,174,962.5337804020091,4.082002750001132e-05,1.0326650142669678,0.6437528133392334,0.7778221964836121,0.38891109824180603,0.015726571902632713,0.22830039262771606,0.026536239311099052,0.0,0.0,4.195585643174127e-05,1.0488964107935317e-05,22856,0.5,True,0.1,0.25,0.05,0.25,128,5,True,0.05,10,0.3,10,1.0,2.0,0,,,,,,,,,,,,,,,0.26713648438453674,0.14483842253684998,0.012876219606703883,0.667286754632634,46273,3547406,69345,3593679,69345,43709,38008,4370900,100.0,100.0,0.5865172743797302,0.6471418738365173,0.4071413576602936,0.7970342636108398,0.855678141117096,0.6681375503540039,0.3378758430480957,0.0008507957213699235,0.9987266159177566,43709,5701,82.21828456381981,313.43766445000074,2.07377830700716,0.08209779098979197,3.5,2.0,4.0,iou,0.25,0.25,2.0,True,False,False,True,True,0.0,0.5,1.0,10,True,5,12,0.0,0.15,4.0,0.25,20,0.5,True,True
epoch,1783457356.0118368,175,979.1992506079841,4.033747883196739e-05,1.0298899412155151,0.6422003507614136,0.7753780484199524,0.3876890242099762,0.015756933018565178,0.22818611562252045,0.026247739791870117,0.0,0.0,9.61482001002878e-05,2.403705002507195e-05,22856,0.5,True,0.1,0.25,0.05,0.25,128,5,True,0.05,10,0.3,10,1.0,2.0,0,1.4924252033233643,0.0594293586909771,0.4742339551448822,0.07857764512300491,0.0,0.0,0.0002689328684937209,6.723321712343022e-05,5701,0.5,True,True,1.0,2.0,0.2675834894180298,0.146179661154747,0.012946499386516135,0.66616194390367,46195,3521951,69345,3568146,69345,43709,38008,4370900,100.0,100.0,0.5857700109481812,0.646057665348053,0.4079984724521637,0.7972962260246277,0.8567163944244385,0.6669262647628784,0.33468887209892273,0.0007643208592084116,0.9988539649739538,43709,5701,81.63412569493697,330.21681879702373,2.0491333010140806,0.0843696829979308,3.5,2.0,4.0,iou,0.25,0.25,2.0,True,False,False,True,True,0.0,0.5,1.0,10,True,5,12,0.0,0.15,4.0,0.25,20,0.5,True,True
epoch,1783458344.3344493,176,981.8445769180253,3.985626976093687e-05,1.0265471935272217,0.6393017172813416,0.7744870781898499,0.3872435390949249,0.015644429251551628,0.22810184955596924,0.025753801688551903,0.0,0.0,9.560469334246591e-05,2.3901173335616477e-05,22856,0.5,True,0.1,0.25,0.05,0.25,128,5,True,0.05,10,0.3,10,1.0,2.0,0,,,,,,,,,,,,,,,0.26945555210113525,0.14588233828544617,0.012898870970991813,0.6646766169154229,46092,3527244,69345,3573336,69345,43709,38008,4370900,100.0,100.0,0.5849219560623169,0.6449763774871826,0.4040338397026062,0.7956704497337341,0.8553320169448853,0.6655274629592896,0.3326123058795929,0.0008508460438666487,0.9987215463054172,43709,5701,81.7528655425656,330.54797360498924,2.4300936399959028,0.08606756900553592,3.5,2.0,4.0,iou,0.25,0.25,2.0,True,False,False,True,True,0.0,0.5,1.0,10,True,5,12,0.0,0.15,4.0,0.25,20,0.5,True,True
epoch,1783459312.303812,177,959.811956857011,3.937645328795677e-05,1.0214484930038452,0.6361292004585266,0.7706401944160461,0.38532009720802307,0.01559603214263916,0.22708351910114288,0.02555070072412491,0.0,0.0,3.494362681522034e-05,8.735906703805085e-06,22856,0.5,True,0.1,0.25,0.05,0.25,128,5,True,0.05,10,0.3,10,1.0,2.0,0,,,,,,,,,,,,,,,0.2707028388977051,0.14668743312358856,0.012881876136586421,0.6594851827817435,45732,3504372,69345,3550104,69345,43709,38008,4370900,100.0,100.0,0.5832353234291077,0.6438450217247009,0.3998875916004181,0.7962465286254883,0.855807900428772,0.6603504419326782,0.3337659537792206,0.0008652591509347163,0.9986896970214749,43709,5701,81.2213502939898,310.0681402629998,2.078253568004584,0.08137490900116973,3.5,2.0,4.0,iou,0.25,0.25,2.0,True,False,False,True,True,0.0,0.5,1.0,10,True,5,12,0.0,0.15,4.0,0.25,20,0.5,True,True
epoch,1783460277.1629536,178,957.9614511560067,3.889808226068138e-05,1.0141594409942627,0.6319483518600464,0.764424204826355,0.3822121024131775,0.015450065024197102,0.22499658167362213,0.025633547455072403,0.0,0.0,5.914665507589234e-06,1.4786663768973085e-06,22856,0.5,True,0.1,0.25,0.05,0.25,128,5,True,0.05,10,0.3,10,1.0,2.0,0,,,,,,,,,,,,,,,0.26806652545928955,0.14565040171146393,0.013014062096685501,0.6638113778931429,46032,3491065,69345,3537097,69345,43709,38008,4370900,100.0,100.0,0.5847542881965637,0.6454919576644897,0.4022900462150574,0.7968376874923706,0.8543946743011475,0.664792001247406,0.3348330855369568,0.0009806233542630771,0.9985249170380764,43709,5701,80.92376856025075,308.386633963004,2.062875493982574,0.09009860499645583,3.5,2.0,4.0,iou,0.25,0.25,2.0,True,False,False,True,True,0.0,0.5,1.0,10,True,5,12,0.0,0.15,4.0,0.25,20,0.5,True,True
epoch,1783461240.3793895,179,956.6957244500227,3.84212093675616e-05,1.0132609605789185,0.631730318069458,0.7630622386932373,0.38153111934661865,0.015460111200809479,0.22533519566059113,0.025435028597712517,0.0,0.0,4.850437107961625e-05,1.2126092769904062e-05,22856,0.5,True,0.1,0.25,0.05,0.25,128,5,True,0.05,10,0.3,10,1.0,2.0,0,,,,,,,,,,,,,,,0.2701285779476166,0.14649149775505066,0.012956987344921931,0.6547840507606894,45406,3458958,69345,3504364,69345,43709,38008,4370900,100.0,100.0,0.5809921622276306,0.640032172203064,0.39607587456703186,0.7936623692512512,0.8529093861579895,0.6558800339698792,0.3279832601547241,0.0010959832091897992,0.9983289883020892,43709,5701,80.17488389118945,306.4214353970019,2.0514984160254244,0.08380676500382833,3.5,2.0,4.0,iou,0.25,0.25,2.0,True,False,False,True,True,0.0,0.5,1.0,10,True,5,12,0.0,0.15,4.0,0.25,20,0.5,True,True
epoch,1783462224.5493643,180,976.2093760620046,3.794588713204177e-05,1.0111879110336304,0.6301431655883789,0.7620890140533447,0.38104450702667236,0.015437277033925056,0.22477984428405762,0.025364741683006287,0.0,0.0,5.468160452437587e-05,1.3670401131093968e-05,22856,0.5,True,0.1,0.25,0.05,0.25,128,5,True,0.05,10,0.3,10,1.0,2.0,0,1.5082108974456787,0.060067035257816315,0.47761788964271545,0.0804472267627716,0.0,0.0,4.0687131441785596e-10,1.0171782860446399e-10,5701,0.5,True,True,1.0,2.0,0.27145102620124817,0.14663060009479523,0.013024074398197057,0.6588650948157762,45689,3462353,69345,3508042,69345,43709,38008,4370900,100.0,100.0,0.5819655656814575,0.6411700248718262,0.39777642488479614,0.7949104905128479,0.852130651473999,0.6601629257202148,0.3296127915382385,0.0012978309044386904,0.9980340748414146,43709,5701,80.25903132078062,326.6546479249955,2.037627468991559,0.08679609399405308,3.5,2.0,4.0,iou,0.25,0.25,2.0,True,False,False,True,True,0.0,0.5,1.0,10,True,5,12,0.0,0.15,4.0,0.25,20,0.5,True,True
epoch,1783463193.772565,181,962.552401997993,3.74721679067746e-05,1.0050088167190552,0.625623345375061,0.7587734460830688,0.3793867230415344,0.015207983553409576,0.2225952446460724,0.02546062506735325,0.0,0.0,0.00010256258974550292,2.564064743637573e-05,22856,0.5,True,0.1,0.25,0.05,0.25,128,5,True,0.05,10,0.3,10,1.0,2.0,0,,,,,,,,,,,,,,,0.2718347907066345,0.14633527398109436,0.013105498289350582,0.6611579782248179,45848,3452531,69345,3498379,69345,43709,38008,4370900,100.0,100.0,0.5836315751075745,0.6456219553947449,0.4001580774784088,0.7952437400817871,0.8551734089851379,0.6622251272201538,0.3321508467197418,0.001067148995335887,0.9983885404653619,43709,5701,80.03795556979112,312.97659483898315,2.5433442940120585,0.1172122519928962,3.5,2.0,4.0,iou,0.25,0.25,2.0,True,False,False,True,True,0.0,0.5,1.0,10,True,5,12,0.0,0.15,4.0,0.25,20,0.5,True,True
epoch,1783464159.700297,182,959.0911673759983,3.70001038678551e-05,1.0009759664535522,0.6222520470619202,0.7574478983879089,0.37872394919395447,0.015112883411347866,0.22095417976379395,0.0254993699491024,0.0,0.0,8.197468559956178e-05,2.0493671399890445e-05,22856,0.5,True,0.1,0.25,0.05,0.25,128,5,True,0.05,10,0.3,10,1.0,2.0,0,,,,,,,,,,,,,,,0.268278568983078,0.14489364624023438,0.013149929962049037,0.6613166053789026,45859,3441536,69345,3487395,69345,43709,38008,4370900,100.0,100.0,0.5851643085479736,0.6454594731330872,0.4013558328151703,0.7996447086334229,0.8566587567329407,0.6628596186637878,0.33722689747810364,0.001543013284885264,0.9976721869285148,43709,5701,79.78665721018554,305.9586491959926,2.0280580700200517,0.09043096198001876,3.5,2.0,4.0,iou,0.25,0.25,2.0,True,False,False,True,True,0.0,0.5,1.0,10,True,5,12,0.0,0.15,4.0,0.25,20,0.5,True,True
epoch,1783465122.7839756,183,956.5477614790143,3.652974700907364e-05,0.9934656023979187,0.6176679730415344,0.751594603061676,0.375797301530838,0.014951302669942379,0.21902386844158173,0.025457700714468956,0.0,0.0,9.502034663455561e-05,2.3755086658638902e-05,22856,0.5,True,0.1,0.25,0.05,0.25,128,5,True,0.05,10,0.3,10,1.0,2.0,0,,,,,,,,,,,,,,,0.27021723985671997,0.14592193067073822,0.013164759172744777,0.6626577258634364,45952,3444579,69345,3490531,69345,43709,38008,4370900,100.0,100.0,0.585225522518158,0.6461999416351318,0.4028078019618988,0.7964433431625366,0.8584468960762024,0.6635662317276001,0.33379480242729187,0.000908505864163689,0.998630873874039,43709,5701,79.8584044475966,306.0414145550167,2.318585418019211,0.08272530397516675,3.5,2.0,4.0,iou,0.25,0.25,2.0,True,False,False,True,True,0.0,0.5,1.0,10,True,5,12,0.0,0.15,4.0,0.25,20,0.5,True,True
epoch,1783466086.6522846,184,957.2466151090048,3.6061149136189474e-05,0.9888335466384888,0.6147598624229431,0.7481507062911987,0.37407535314559937,0.014838461764156818,0.21813030540943146,0.025288129225373268,0.0,0.0,0.00017456378554925323,4.3640946387313306e-05,22856,0.5,True,0.1,0.25,0.05,0.25,128,5,True,0.05,10,0.3,10,1.0,2.0,0,,,,,,,,,,,,,,,0.2691497206687927,0.14475156366825104,0.013162975686164868,0.6626288845626938,45950,3444902,69345,3490852,69345,43709,38008,4370900,100.0,100.0,0.5850614905357361,0.64515221118927,0.4031031131744385,0.7963867783546448,0.8578844666481018,0.6639844179153442,0.33216527104377747,0.0013555333526504842,0.99795848619926,43709,5701,79.86574847285456,307.2994427609956,2.0151454730075784,0.0827957269793842,3.5,2.0,4.0,iou,0.25,0.25,2.0,True,False,False,True,True,0.0,0.5,1.0,10,True,5,12,0.0,0.15,4.0,0.25,20,0.5,True,True
epoch,1783467065.4082675,185,972.2739611669967,3.559436186122469e-05,0.9880093336105347,0.6142593622207642,0.7474984526634216,0.3737492263317108,0.014827040024101734,0.2187742292881012,0.02494857646524906,0.0,0.0,0.00022337220434565097,5.584305108641274e-05,22856,0.5,True,0.1,0.25,0.05,0.25,128,5,True,0.05,10,0.3,10,1.0,2.0,0,1.5354082584381104,0.06048974022269249,0.4803541898727417,0.08555575460195541,0.0,0.0,0.00016402080655097961,4.1005201637744904e-05,5701,0.5,True,True,1.0,2.0,0.27057090401649475,0.14483551681041718,0.013261176465156116,0.6626721465138078,45953,3419275,69345,3465228,69345,43709,38008,4370900,100.0,100.0,0.5843424201011658,0.6423854827880859,0.4022662937641144,0.7966063618659973,0.8572643995285034,0.6639988422393799,0.33431392908096313,0.0013266957255720913,0.9980019607849048,43709,5701,79.27950765288614,321.58332705000066,1.981175221997546,0.08594479502062313,3.5,2.0,4.0,iou,0.25,0.25,2.0,True,False,False,True,True,0.0,0.5,1.0,10,True,5,12,0.0,0.15,4.0,0.25,20,0.5,True,True
epoch,1783468025.7724154,186,953.7801187130099,3.512943659677956e-05,0.983941376209259,0.6112600564956665,0.7453641295433044,0.3726820647716522,0.01474712323397398,0.21712656319141388,0.0250417310744524,0.0,0.0,0.00015842240827623755,3.960560206905939e-05,22856,0.5,True,0.1,0.25,0.05,0.25,128,5,True,0.05,10,0.3,10,1.0,2.0,0,,,,,,,,,,,,,,,0.2714387774467468,0.14623978734016418,0.013193433788155143,0.6586199437594635,45672,3416050,69345,3461722,69345,43709,38008,4370900,100.0,100.0,0.5829664468765259,0.643322765827179,0.3996146321296692,0.7967082262039185,0.8560242056846619,0.6597158908843994,0.33106929063796997,0.001095947124935881,0.9983387589414184,43709,5701,79.19929533963257,304.1557782299933,1.9838544859958347,0.08212534600170329,3.5,2.0,4.0,iou,0.25,0.25,2.0,True,False,False,True,True,0.0,0.5,1.0,10,True,5,12,0.0,0.15,4.0,0.25,20,0.5,True,True
epoch,1783468987.220547,187,954.4472030570032,3.466642455036996e-05,0.9759918451309204,0.6058360934257507,0.7403072714805603,0.37015363574028015,0.014571881853044033,0.21508578956127167,0.024845169857144356,0.0,0.0,7.649238114026957e-07,1.9123095285067393e-07,22856,0.5,True,0.1,0.25,0.05,0.25,128,5,True,0.05,10,0.3,10,1.0,2.0,0,,,,,,,,,,,,,,,0.27084702253341675,0.14399199187755585,0.013217541188103837,0.6603936837551374,45795,3418919,69345,3464714,69345,43709,38008,4370900,100.0,100.0,0.5822461843490601,0.6398268938064575,0.39931073784828186,0.7953140735626221,0.8544235229492188,0.6615473628044128,0.3295118510723114,0.0011536790492754356,0.9982560900184307,43709,5701,79.26774806104007,304.13252050601295,2.0155845710251015,0.0809837989800144,3.5,2.0,4.0,iou,0.25,0.25,2.0,True,False,False,True,True,0.0,0.5,1.0,10,True,5,12,0.0,0.15,4.0,0.25,20,0.5,True,True
epoch,1783469947.918423,188,954.1634769130033,3.420537671878727e-05,0.9727199673652649,0.6048234701156616,0.7357925772666931,0.36789628863334656,0.01452571339905262,0.21420137584209442,0.025051482021808624,0.0,0.0,0.00010102409578394145,2.5256023945985362e-05,22856,0.5,True,0.1,0.25,0.05,0.25,128,5,True,0.05,10,0.3,10,1.0,2.0,0,,,,,,,,,,,,,,,0.27309590578079224,0.14610783755779266,0.013200279858448408,0.6570625135193597,45564,3406181,69345,3451745,69345,43709,38008,4370900,100.0,100.0,0.5820565223693848,0.6412076354026794,0.39660295844078064,0.7959787845611572,0.8547696471214294,0.6584324836730957,0.33241042494773865,0.0013699701537359665,0.9979193460412319,43709,5701,78.97103571346862,303.5898646050191,1.9956807820126414,0.08116352499928325,3.5,2.0,4.0,iou,0.25,0.25,2.0,True,False,False,True,True,0.0,0.5,1.0,10,True,5,12,0.0,0.15,4.0,0.25,20,0.5,True,True
epoch,1783470905.7685122,189,951.3055597370258,3.374634388248152e-05,0.9705590009689331,0.6037462949752808,0.7336233854293823,0.36681169271469116,0.014515302143990993,0.2146434634923935,0.024725744500756264,0.0,0.0,0.0001640039699850604,4.10009924962651e-05,22856,0.5,True,0.1,0.25,0.05,0.25,128,5,True,0.05,10,0.3,10,1.0,2.0,0,,,,,,,,,,,,,,,0.2715587913990021,0.1448652297258377,0.013382653032871969,0.6598312783906555,45756,3373297,69345,3419053,69345,43709,38008,4370900,100.0,100.0,0.5824413299560547,0.6388078927993774,0.4009329080581665,0.7953651547431946,0.8562405109405518,0.6613886952400208,0.3308674097061157,0.0015574168493652785,0.997645232129648,43709,5701,78.22308906632502,300.54652815600275,2.0043980669870507,0.0814706569944974,3.5,2.0,4.0,iou,0.25,0.25,2.0,True,False,False,True,True,0.0,0.5,1.0,10,True,5,12,0.0,0.15,4.0,0.25,20,0.5,True,True
epoch,1783471880.7588897,190,967.968781492993,3.328937659996829e-05,0.9683063626289368,0.6020164489746094,0.7325782179832458,0.3662891089916229,0.014422005973756313,0.21444956958293915,0.024474048987030983,0.0,0.0,0.00032517482759431005,8.129370689857751e-05,22856,0.5,True,0.1,0.25,0.05,0.25,128,5,True,0.05,10,0.3,10,1.0,2.0,0,1.5480895042419434,0.06108865886926651,0.481574684381485,0.08770480751991272,0.0,0.0,0.00044920205255039036,0.00011230051313759759,5701,0.5,True,True,1.0,2.0,0.27201810479164124,0.1455114781856537,0.013428200041851234,0.6598024370899127,45754,3361553,69345,3407307,69345,43709,38008,4370900,100.0,100.0,0.5833156704902649,0.6417252421379089,0.40307480096817017,0.7955154776573181,0.8558367490768433,0.6610859036445618,0.3299877345561981,0.0012834665546490598,0.9980585479926688,43709,5701,77.95435722620056,317.7677081429865,1.9529415809956845,0.08701016800478101,3.5,2.0,4.0,iou,0.25,0.25,2.0,True,False,False,True,True,0.0,0.5,1.0,10,True,5,12,0.0,0.15,4.0,0.25,20,0.5,True,True
epoch,1783472837.4517214,191,950.1978937929962,3.283452520226028e-05,0.964329719543457,0.5989448428153992,0.7307712435722351,0.36538562178611755,0.014351017773151398,0.21349948644638062,0.024303987622261047,0.0,0.0,0.0003505155036691576,8.76288759172894e-05,22856,0.5,True,0.1,0.25,0.05,0.25,128,5,True,0.05,10,0.3,10,1.0,2.0,0,,,,,,,,,,,,,,,0.27197030186653137,0.1450437605381012,0.013426268013490252,0.6566443146585911,45535,3345951,69345,3391486,69345,43709,38008,4370900,100.0,100.0,0.5814437866210938,0.6399993896484375,0.39693954586982727,0.7956560254096985,0.8520441055297852,0.6581873297691345,0.3298002779483795,0.0015430151105434442,0.9976556596568265,43709,5701,77.59239515889176,300.8070324069995,1.9467327490274329,0.08167036800296046,3.5,2.0,4.0,iou,0.25,0.25,2.0,True,False,False,True,True,0.0,0.5,1.0,10,True,5,12,0.0,0.15,4.0,0.25,20,0.5,True,True
epoch,1783473803.6015565,192,959.3195920759754,3.238183978732366e-05,0.9616318345069885,0.5979262590408325,0.727412760257721,0.3637063801288605,0.014264470897614956,0.21264666318893433,0.024519069120287895,0.0,0.0,0.00017331194248981774,4.3327985622454435e-05,22856,0.5,True,0.1,0.25,0.05,0.25,128,5,True,0.05,10,0.3,10,1.0,2.0,0,,,,,,,,,,,,,,,0.2730824947357178,0.14514434337615967,0.013330099876900205,0.6563270603504218,45513,3368790,69345,3414303,69345,43709,38008,4370900,100.0,100.0,0.5808787941932678,0.6417690515518188,0.3953976631164551,0.7955296635627747,0.8506741523742676,0.6578989028930664,0.3312711715698242,0.0015718425426446414,0.9976108144644525,43709,5701,78.11441579537394,312.15473777998704,1.980851344007533,0.08342552400426939,3.5,2.0,4.0,iou,0.25,0.25,2.0,True,False,False,True,True,0.0,0.5,1.0,10,True,5,12,0.0,0.15,4.0,0.25,20,0.5,True,True
epoch,1783474763.9189272,193,952.4270494439988,3.193137021456018e-05,0.9569600820541382,0.5944148898124695,0.7250887155532837,0.36254435777664185,0.014180745929479599,0.2119426727294922,0.024097491055727005,0.0,0.0,1.7021888197632506e-05,4.255472049408127e-06,22856,0.5,True,0.1,0.25,0.05,0.25,128,5,True,0.05,10,0.3,10,1.0,2.0,0,,,,,,,,,,,,,,,0.27222469449043274,0.14522463083267212,0.01313375349124542,0.6530247314153869,45284,3402626,69345,3447910,69345,43709,38008,4370900,100.0,100.0,0.5807551741600037,0.6394773721694946,0.3941055238246918,0.7962578535079956,0.851121187210083,0.6546686887741089,0.3307952880859375,0.0016439573587220258,0.9974888712612782,43709,5701,78.88329634629024,303.10988139000256,1.9734434339916334,0.09107848099665716,3.5,2.0,4.0,iou,0.25,0.25,2.0,True,False,False,True,True,0.0,0.5,1.0,10,True,5,12,0.0,0.15,4.0,0.25,20,0.5,True,True
epoch,1783475722.6476645,194,951.3229405510065,3.1483166099315776e-05,0.9532053470611572,0.5912414789199829,0.7239301800727844,0.3619650900363922,0.014052963815629482,0.21021787822246552,0.024226078763604164,0.0,0.0,0.00017685184138827026,4.4212960347067565e-05,22856,0.5,True,0.1,0.25,0.05,0.25,128,5,True,0.05,10,0.3,10,1.0,2.0,0,,,,,,,,,,,,,,,0.27233386039733887,0.14467588067054749,0.013251740279956934,0.6521018097916216,45220,3367162,69345,3412382,69345,43709,38008,4370900,100.0,100.0,0.580021321773529,0.6399355530738831,0.39133960008621216,0.7959322929382324,0.8500540852546692,0.6536159515380859,0.32890620827674866,0.0015141417464643592,0.9976834381980714,43709,5701,78.070466036743,302.160239216988,1.9509182390174828,0.0814308509870898,3.5,2.0,4.0,iou,0.25,0.25,2.0,True,False,False,True,True,0.0,0.5,1.0,10,True,5,12,0.0,0.15,4.0,0.25,20,0.5,True,True
epoch,1783476697.6593304,195,968.4857289550127,3.10372768074156e-05,0.952532947063446,0.5922248363494873,0.7206152081489563,0.36030760407447815,0.014156963676214218,0.21118390560150146,0.024054205045104027,0.0,0.0,9.635475180402864e-06,2.408868795100716e-06,22856,0.5,True,0.1,0.25,0.05,0.25,128,5,True,0.05,10,0.3,10,1.0,2.0,0,1.5679047107696533,0.061825014650821686,0.4881631135940552,0.08878859132528305,0.0,0.0,2.6481263362687635e-11,6.620315840671909e-12,5701,0.5,True,True,1.0,2.0,0.2737877368927002,0.14537301659584045,0.013250499045534884,0.6482370754921047,44952,3347524,69345,3392476,69345,43709,38008,4370900,100.0,100.0,0.5779988169670105,0.6369230151176453,0.3881582021713257,0.7960966229438782,0.8497512340545654,0.6497512459754944,0.3276371657848358,0.001514170483389643,0.9976696151138328,43709,5701,77.6150449564163,318.9090010780201,1.9569215609808452,0.08566532001714222,3.5,2.0,4.0,iou,0.25,0.25,2.0,True,False,False,True,True,0.0,0.5,1.0,10,True,5,12,0.0,0.15,4.0,0.25,20,0.5,True,True
epoch,1783477654.919285,196,950.6002637819911,3.0593751449727045e-05,0.9486146569252014,0.5886244773864746,0.7199793457984924,0.3599896728992462,0.014059650711715221,0.2094133049249649,0.024021722376346588,0.0,0.0,3.624197915996774e-06,9.060494789991935e-07,22856,0.5,True,0.1,0.25,0.05,0.25,128,5,True,0.05,10,0.3,10,1.0,2.0,0,,,,,,,,,,,,,,,0.2724386751651764,0.14530879259109497,0.013347281173836415,0.6526353738553609,45257,3345471,69345,3390728,69345,43709,38008,4370900,100.0,100.0,0.5793898701667786,0.6399006843566895,0.3885834217071533,0.7953651547431946,0.8505732417106628,0.6540486216545105,0.32883408665657043,0.0014132477991496417,0.9978392312859331,43709,5701,77.5750531927063,299.7753734180005,1.9735858470085077,0.08239829598460346,3.5,2.0,4.0,iou,0.25,0.25,2.0,True,False,False,True,True,0.0,0.5,1.0,10,True,5,12,0.0,0.15,4.0,0.25,20,0.5,True,True
epoch,1783478611.480565,197,949.9894222810108,3.0152638876750428e-05,0.9422413110733032,0.5848664045333862,0.714751124382019,0.3573755621910095,0.013893351890146732,0.20766916871070862,0.024061085656285286,0.0,0.0,5.021165270591155e-05,1.2552913176477887e-05,22856,0.5,True,0.1,0.25,0.05,0.25,128,5,True,0.05,10,0.3,10,1.0,2.0,0,,,,,,,,,,,,,,,0.2728802263736725,0.1444823443889618,0.013351225886896115,0.6522315956449636,45229,3342400,69345,3387629,69345,43709,38008,4370900,100.0,100.0,0.5788742899894714,0.6361510753631592,0.39082008600234985,0.7936240434646606,0.8502559661865234,0.6543081402778625,0.32605090737342834,0.002076544632898969,0.9968263506059742,43709,5701,77.5041524628795,299.67861893298686,1.984277215990005,0.08237037400249392,3.5,2.0,4.0,iou,0.25,0.25,2.0,True,False,False,True,True,0.0,0.5,1.0,10,True,5,12,0.0,0.15,4.0,0.25,20,0.5,True,True
epoch,1783479566.0310454,198,947.9747542040132,2.971398767323864e-05,0.9399946928024292,0.5839824676513672,0.7120267152786255,0.35601335763931274,0.013878226280212402,0.20767082273960114,0.023915143683552742,0.0,0.0,7.506397992074199e-07,1.8765994980185496e-07,22856,0.5,True,0.1,0.25,0.05,0.25,128,5,True,0.05,10,0.3,10,1.0,2.0,0,,,,,,,,,,,,,,,0.2723948657512665,0.14512920379638672,0.01340827730660537,0.6489581080106713,45002,3311283,69345,3356285,69345,43709,38008,4370900,100.0,100.0,0.579820990562439,0.6394326090812683,0.39171046018600464,0.7950173616409302,0.8525199890136719,0.6508039236068726,0.32906481623649597,0.001845815596201228,0.9971637915365178,43709,5701,76.78704614610264,298.82500617101323,1.9296793030225672,0.08233719799318351,3.5,2.0,4.0,iou,0.25,0.25,2.0,True,False,False,True,True,0.0,0.5,1.0,10,True,5,12,0.0,0.15,4.0,0.25,20,0.5,True,True
epoch,1783480519.594186,199,946.4871327239962,2.927784615284593e-05,0.9389870166778564,0.5836570262908936,0.7106626629829407,0.35533133149147034,0.0138664236292243,0.20764285326004028,0.023894960060715675,0.0,0.0,1.0765678553070757e-06,2.691419638267689e-07,22856,0.5,True,0.1,0.25,0.05,0.25,128,5,True,0.05,10,0.3,10,1.0,2.0,0,,,,,,,,,,,,,,,0.2733537554740906,0.1459428369998932,0.013499520283153278,0.6551734083207152,45433,3320094,69345,3365527,69345,43709,38008,4370900,100.0,100.0,0.5802900791168213,0.6392178535461426,0.3926912248134613,0.7958219051361084,0.8502415418624878,0.6566154956817627,0.3326699733734131,0.0014420873610474505,0.9978037567335353,43709,5701,76.99849001349837,297.3473585059983,1.9580381060077343,0.08294429400120862,3.5,2.0,4.0,iou,0.25,0.25,2.0,True,False,False,True,True,0.0,0.5,1.0,10,True,5,12,0.0,0.15,4.0,0.25,20,0.5,True,True
epoch,1783481490.2167943,200,964.0951112190087,2.8844262352806472e-05,0.9319344758987427,0.578366219997406,0.7071323394775391,0.35356616973876953,0.013676736503839493,0.20560413599014282,0.023725202307105064,0.0,0.0,1.6427102309535258e-06,4.1067755773838144e-07,22856,0.5,True,0.1,0.25,0.05,0.25,128,5,True,0.05,10,0.3,10,1.0,2.0,0,1.5879873037338257,0.06251035630702972,0.48987436294555664,0.09242162108421326,0.0,0.0,4.773347515862891e-12,1.1933368789657228e-12,5701,0.5,True,True,1.0,2.0,0.27486979961395264,0.14606592059135437,0.013542400589992044,0.6524767467012762,45246,3295816,69345,3341062,69345,43709,38008,4370900,100.0,100.0,0.5790384411811829,0.6378751993179321,0.3883439600467682,0.7961476445198059,0.8489437103271484,0.6542505025863647,0.33065110445022583,0.001773755885088546,0.997288873484886,43709,5701,76.438765471642,313.083120640018,1.9239553129882552,0.08508217998314649,3.5,2.0,4.0,iou,0.25,0.25,2.0,True,False,False,True,True,0.0,0.5,1.0,10,True,5,12,0.0,0.15,4.0,0.25,20,0.5,True,True
epoch,1783482445.0800648,201,946.3767329360126,2.841328402864366e-05,0.9272080659866333,0.5760239362716675,0.7023653984069824,0.3511826992034912,0.01364042516797781,0.20451942086219788,0.02373742312192917,0.0,0.0,4.652987627196126e-05,1.1632469067990314e-05,22856,0.5,True,0.1,0.25,0.05,0.25,128,5,True,0.05,10,0.3,10,1.0,2.0,0,,,,,,,,,,,,,,,0.27312415838241577,0.14555624127388,0.013471126363898505,0.6501117600403779,45082,3301483,69345,3346565,69345,43709,38008,4370900,100.0,100.0,0.5777761936187744,0.6377084851264954,0.38679662346839905,0.7937620282173157,0.8474727869033813,0.6518566608428955,0.32783907651901245,0.0017449008025176571,0.9973231832896187,43709,5701,76.56466631586173,296.4062409439939,1.947250288008945,0.08236812899122015,3.5,2.0,4.0,iou,0.25,0.25,2.0,True,False,False,True,True,0.0,0.5,1.0,10,True,5,12,0.0,0.15,4.0,0.25,20,0.5,True,True
epoch,1783483395.7513623,202,944.1389782250044,2.7984958648910066e-05,0.9237781763076782,0.5737966895103455,0.6999651193618774,0.3499825596809387,0.01359133142977953,0.20385055243968964,0.023606648668646812,0.0,0.0,4.855803013015247e-07,1.2139507532538119e-07,22856,0.5,True,0.1,0.25,0.05,0.25,128,5,True,0.05,10,0.3,10,1.0,2.0,0,,,,,,,,,,,,,,,0.273734450340271,0.14632649719715118,0.013452260857197553,0.6465065974475449,44832,3287842,69345,3332674,69345,43709,38008,4370900,100.0,100.0,0.5779389142990112,0.6377266049385071,0.3846968114376068,0.7954738736152649,0.8487417697906494,0.6485975980758667,0.32936766743659973,0.002091000628321793,0.9967761203024418,43709,5701,76.2468599144341,296.250886919006,1.9067334840074182,0.08182574401143938,3.5,2.0,4.0,iou,0.25,0.25,2.0,True,False,False,True,True,0.0,0.5,1.0,10,True,5,12,0.0,0.15,4.0,0.25,20,0.5,True,True
epoch,1783484349.8918989,203,946.5090528170113,2.755933338995933e-05,0.9181654453277588,0.5692127346992493,0.6979061365127563,0.3489530682563782,0.013398895040154457,0.2016439288854599,0.023641299456357956,0.0,0.0,1.5423971490236e-05,3.855992872559e-06,22856,0.5,True,0.1,0.25,0.05,0.25,128,5,True,0.05,10,0.3,10,1.0,2.0,0,,,,,,,,,,,,,,,0.2739699184894562,0.1458256095647812,0.013392445198788155,0.648813901506958,44992,3314514,69345,3359506,69345,43709,38008,4370900,100.0,100.0,0.5766425132751465,0.6367291212081909,0.38412895798683167,0.7942331433296204,0.8475016355514526,0.6507462859153748,0.3268440365791321,0.0019323844084168096,0.9970305102768299,43709,5701,76.86073806309913,297.3638590639748,1.9390662130026612,0.08306661099777557,3.5,2.0,4.0,iou,0.25,0.25,2.0,True,False,False,True,True,0.0,0.5,1.0,10,True,5,12,0.0,0.15,4.0,0.25,20,0.5,True,True
epoch,1783485313.7428553,204,957.2575746579969,2.713645513074998e-05,0.9157353043556213,0.5678651332855225,0.6957424283027649,0.34787121415138245,0.013369869440793991,0.2010166198015213,0.02366136945784092,0.0,0.0,4.6152770664775744e-05,1.1538192666193936e-05,22856,0.5,True,0.1,0.25,0.05,0.25,128,5,True,0.05,10,0.3,10,1.0,2.0,0,,,,,,,,,,,,,,,0.2729981243610382,0.14493951201438904,0.013450103369900823,0.6456557790756363,44773,3284049,69345,3328822,69345,43709,38008,4370900,100.0,100.0,0.5754796266555786,0.6357952952384949,0.383402943611145,0.7927882671356201,0.8434061408042908,0.647948682308197,0.32607975602149963,0.0022929032325607057,0.9964612888409732,43709,5701,76.15873161133862,307.05486276999,1.9237343990243971,0.08453269497840665,3.5,2.0,4.0,iou,0.25,0.25,2.0,True,False,False,True,True,0.0,0.5,1.0,10,True,5,12,0.0,0.15,4.0,0.25,20,0.5,True,True
epoch,1783486284.548984,205,964.2220394299948,2.6716370447682203e-05,0.9118781089782715,0.5656306743621826,0.6924939155578613,0.34624695777893066,0.013287222012877464,0.2001146823167801,0.023624582216143608,0.0,0.0,2.10102807614021e-05,5.252570190350525e-06,22856,0.5,True,0.1,0.25,0.05,0.25,128,5,True,0.05,10,0.3,10,1.0,2.0,0,1.6100655794143677,0.06267790496349335,0.494291216135025,0.09555952996015549,0.0,0.0,1.6561936284215095e-12,4.140484071053774e-13,5701,0.5,True,True,1.0,2.0,0.27211230993270874,0.1442292034626007,0.013508211120470565,0.6493618862210686,45030,3288498,69345,3333528,69345,43709,38008,4370900,100.0,100.0,0.5765213370323181,0.636345386505127,0.3841536045074463,0.7943154573440552,0.8464488983154297,0.6512221693992615,0.3272189795970917,0.0018602831781928675,0.9971433970377438,43709,5701,76.26639822462194,314.5965958980087,1.9148370299953967,0.08873392199166119,3.5,2.0,4.0,iou,0.25,0.25,2.0,True,False,False,True,True,0.0,0.5,1.0,10,True,5,12,0.0,0.15,4.0,0.25,20,0.5,True,True
epoch,1783487238.5441172,206,946.8822707369982,2.6299125609467828e-05,0.9074615240097046,0.5625876784324646,0.689748227596283,0.3448741137981415,0.013184546492993832,0.1990935206413269,0.023452702909708023,0.0,0.0,3.59807302174886e-07,8.99518255437215e-08,22856,0.5,True,0.1,0.25,0.05,0.25,128,5,True,0.05,10,0.3,10,1.0,2.0,0,,,,,,,,,,,,,,,0.2728317379951477,0.1450456976890564,0.01350327534670005,0.6497512437810945,45057,3291689,69345,3336746,69345,43709,38008,4370900,100.0,100.0,0.5758320689201355,0.6360267400741577,0.38677406311035156,0.7939966320991516,0.8450212478637695,0.6515105366706848,0.330074280500412,0.0017592928895903137,0.9972996708563141,43709,5701,76.34002150586835,296.0638249540061,1.9158984840032645,0.08292783098295331,3.5,2.0,4.0,iou,0.25,0.25,2.0,True,False,False,True,True,0.0,0.5,1.0,10,True,5,12,0.0,0.15,4.0,0.25,20,0.5,True,True
epoch,1783488192.202319,207,947.0880828500085,2.588476657203417e-05,0.9039974808692932,0.5601247549057007,0.6877473592758179,0.34387367963790894,0.01308447401970625,0.19778010249137878,0.023560017347335815,0.0,0.0,4.379698293632828e-05,1.094924573408207e-05,22856,0.5,True,0.1,0.25,0.05,0.25,128,5,True,0.05,10,0.3,10,1.0,2.0,0,,,,,,,,,,,,,,,0.27188432216644287,0.14454606175422668,0.013463562857043853,0.6499531328862932,45071,3302557,69345,3347628,69345,43709,38008,4370900,100.0,100.0,0.5764313340187073,0.6351666450500488,0.3848077654838562,0.7963389754295349,0.8441271781921387,0.6516115069389343,0.3306654989719391,0.0016583740526411317,0.9974549650597306,43709,5701,76.5889862499714,296.89704088200233,1.9431670659978408,0.08260517800226808,3.5,2.0,4.0,iou,0.25,0.25,2.0,True,False,False,True,True,0.0,0.5,1.0,10,True,5,12,0.0,0.15,4.0,0.25,20,0.5,True,True
epoch,1783489145.0623786,208,945.8144504860102,2.547333897346249e-05,0.9001944661140442,0.5581565499305725,0.6840764880180359,0.34203824400901794,0.013031592592597008,0.19742274284362793,0.023329604417085648,0.0,0.0,0.00020123270223848522,5.0308175559621304e-05,22856,0.5,True,0.1,0.25,0.05,0.25,128,5,True,0.05,10,0.3,10,1.0,2.0,0,,,,,,,,,,,,,,,0.2735925614833832,0.1447123885154724,0.013495390779159245,0.6489581080106713,45002,3289618,69345,3334620,69345,43709,38008,4370900,100.0,100.0,0.5758953094482422,0.6335726976394653,0.38423505425453186,0.7955432534217834,0.845929741859436,0.6508327722549438,0.32615184783935547,0.001874664244272517,0.9971195915076966,43709,5701,76.291381637649,295.0734955939988,2.2433846610074397,0.08462272299220785,3.5,2.0,4.0,iou,0.25,0.25,2.0,True,False,False,True,True,0.0,0.5,1.0,10,True,5,12,0.0,0.15,4.0,0.25,20,0.5,True,True
epoch,1783490102.1031117,209,950.1567399330088,2.5064888128961222e-05,0.8966432213783264,0.5558574199676514,0.6815696358680725,0.34078481793403625,0.012975326739251614,0.1962984949350357,0.023372070863842964,0.0,0.0,0.00016249374311883003,4.0623435779707506e-05,22856,0.5,True,0.1,0.25,0.05,0.25,128,5,True,0.05,10,0.3,10,1.0,2.0,0,,,,,,,,,,,,,,,0.27200090885162354,0.14483901858329773,0.013391552455869222,0.6469103756579422,44860,3305013,69345,3349873,69345,43709,38008,4370900,100.0,100.0,0.5744444131851196,0.6348183155059814,0.38169601559638977,0.7937032580375671,0.8439108729362488,0.6490590572357178,0.325748085975647,0.0021486815777755908,0.9966895438037231,43709,5701,76.64034866961038,302.33331384600024,1.9798353779769968,0.08902053299243562,3.5,2.0,4.0,iou,0.25,0.25,2.0,True,False,False,True,True,0.0,0.5,1.0,10,True,5,12,0.0,0.15,4.0,0.25,20,0.5,True,True
epoch,1783491077.030493,210,967.7943176960107,2.465945902587504e-05,0.8948239088058472,0.5543839335441589,0.6808775067329407,0.34043875336647034,0.01293594017624855,0.19534173607826233,0.023475605994462967,0.0,0.0,0.0002793363237287849,6.983408093219623e-05,22856,0.5,True,0.1,0.25,0.05,0.25,128,5,True,0.05,10,0.3,10,1.0,2.0,0,1.6315973997116089,0.06370572745800018,0.49712908267974854,0.09868056327104568,0.0,0.0,6.42917730147019e-05,1.6072943253675476e-05,5701,0.5,True,True,1.0,2.0,0.2716003954410553,0.1444472372531891,0.013424626298227077,0.6469392169586848,44862,3296907,69345,3341769,69345,43709,38008,4370900,100.0,100.0,0.5748492479324341,0.6350024938583374,0.38172227144241333,0.7946828007698059,0.8431898355484009,0.6488571763038635,0.3288196623325348,0.001917959345178688,0.9970440962738455,43709,5701,76.45494063007618,315.69925336999586,1.9443095430033281,0.09709970900439657,3.5,2.0,4.0,iou,0.25,0.25,2.0,True,False,False,True,True,0.0,0.5,1.0,10,True,5,12,0.0,0.15,4.0,0.25,20,0.5,True,True
epoch,1783492028.5357854,211,945.069652783015,2.4257096318729737e-05,0.8906885981559753,0.5511928796768188,0.6789944767951965,0.33949723839759827,0.012783395126461983,0.1942976415157318,0.023346364498138428,0.0,0.0,0.00015877190162427723,3.969297540606931e-05,22856,0.5,True,0.1,0.25,0.05,0.25,128,5,True,0.05,10,0.3,10,1.0,2.0,0,,,,,,,,,,,,,,,0.273129940032959,0.14420153200626373,0.013499366075852354,0.6502559665440911,45092,3295213,69345,3340305,69345,43709,38008,4370900,100.0,100.0,0.5754007697105408,0.6381019353866577,0.3812042772769928,0.7950224280357361,0.8431321382522583,0.6524478793144226,0.3297570049762726,0.0021919127703314834,0.9966404783587699,43709,5701,76.4214463840399,294.8280263710185,1.8812906310195103,0.08150634000776336,3.5,2.0,4.0,iou,0.25,0.25,2.0,True,False,False,True,True,0.0,0.5,1.0,10,True,5,12,0.0,0.15,4.0,0.25,20,0.5,True,True
epoch,1783492998.7091885,212,963.1879153089831,2.3857844324314042e-05,0.8861454129219055,0.5482835173606873,0.6757267713546753,0.33786338567733765,0.012697507627308369,0.19349853694438934,0.023122651502490044,0.0,0.0,0.0004139398515690118,0.00010348496289225295,22856,0.5,True,0.1,0.25,0.05,0.25,128,5,True,0.05,10,0.3,10,1.0,2.0,0,,,,,,,,,,,,,,,0.27541810274124146,0.14580227434635162,0.013549188589844633,0.6453096834667243,44749,3257958,69345,3302707,69345,43709,38008,4370900,100.0,100.0,0.5745492577552795,0.635880708694458,0.3794723153114319,0.7951604127883911,0.8425986170768738,0.6475304365158081,0.32755064964294434,0.002220753049083757,0.9965704267724725,43709,5701,75.56125740694137,312.54681497300044,1.9153800179774407,0.08426047299872153,3.5,2.0,4.0,iou,0.25,0.25,2.0,True,False,False,True,True,0.0,0.5,1.0,10,True,5,12,0.0,0.15,4.0,0.25,20,0.5,True,True
