type,time,epoch,epoch_time,lr,lr_head,lr_vision,lr_text,lr_transformer,train_loss,train_loss_main,train_loss_aux,train_loss_aux_contrib,train_loss_bbox,train_loss_giou,train_loss_score,train_loss_rank_raw,train_loss_rank,train_loss_text_negative,train_loss_text_negative_contrib,train_text_negative_queries,score_negative_iou_ignore_thr,duplicate_suppression_enabled,duplicate_loss_weight,duplicate_margin,duplicate_background_weight,duplicate_classification_weight,duplicate_max_pairs,duplicate_start_epoch,hard_negative_mining_enabled,hard_negative_loss_weight,hard_negative_topk,hard_negative_max_iou,hard_negative_start_epoch,matcher_score_alpha,matcher_cost_score_effective,train_negative_text_regression_matches,val_loss,val_loss_bbox,val_loss_giou,val_loss_score,val_loss_rank_raw,val_loss_rank,val_loss_text_negative,val_loss_text_negative_contrib,val_text_negative_queries,val_score_negative_iou_ignore_thr,val_duplicate_suppression_enabled,val_hard_negative_mining_enabled,val_matcher_score_alpha,val_matcher_cost_score_effective,map50,map50_95,precision,recall,tp,fp,num_gt,num_pred,raw_oracle_num_gt,raw_oracle_num_samples,raw_oracle_positive_samples,raw_oracle_num_pred,raw_oracle_avg_pred_per_sample,raw_oracle_avg_pred_per_positive_sample,raw_best_iou_mean,raw_best_iou_median,raw_best_iou_p25,raw_best_iou_p75,raw_oracle_recall25,raw_oracle_recall50,raw_oracle_recall75,raw_oracle_gap50,raw_oracle_retention50,valid_samples,skipped_empty_gt,avg_selected_per_sample,eval_loop_time,eval_metric_time,raw_oracle_metric_time,lambda_bbox,lambda_giou,lambda_score,classification_type,ia_bce_alpha,classification_focal_alpha,classification_focal_gamma,normalize_classification_by_num_gt,dense_score_assignment_enabled,pairwise_ranking_enabled,duplicate_suppression_active,hard_negative_mining_active,lambda_rank_max,lambda_aux,pos_weight,quality_warmup_epoch,aux_score_enabled,matcher_score_start_epoch,matcher_score_warmup_epoch,matcher_score_alpha_min,negative_sample_ratio,max_query_loss_weight,lambda_text_negative,text_negative_topk,text_negative_hard_mix,negative_text_as_empty_target,use_negative_queries_in_val
epoch,1783675381.4733787,1,1127.2234438690357,9.99892558349174e-05,9.99892558349174e-05,0.0001,9.998089980500698e-06,9.99892558349174e-05,3.027907371520996,2.7447149753570557,3.120868444442749,0.2831897437572479,0.18384458124637604,0.8338428735733032,0.15333448350429535,0.0,0.0,0.01404113881289959,0.0021903004962950945,22856,0.5,True,0.1,0.15,0.05,0.25,128,5,True,0.05,10,0.25,8,0.0,0.0,0,,,,,,,,,,,,,,,0.008560451678931713,0.003318571951240301,0.0036379235397744174,0.2293027615545461,15901,4354999,69345,4370900,69345,43709,38008,4370900,100.0,100.0,0.32246848940849304,0.30232182145118713,0.12023579329252243,0.481129914522171,0.571923017501831,0.22940370440483093,0.05052996054291725,0.0001009428502848353,0.999559977243843,43709,5701,100.0,322.4609087239951,2.488334589987062,0.08140061801532283,4.997688000299846,2.0,1.002311999700154,iou,0.25,0.25,2.0,True,False,False,False,False,0.1,0.35,1.0,10,True,10,20,0.0,0.15,4.0,0.0,20,0.5,True,True
epoch,1783676426.1843045,2,1041.8602426300058,9.997582497463836e-05,9.997582497463836e-05,0.0001,9.995702492598646e-06,9.997582497463836e-05,2.828808307647705,2.1788442134857178,2.506999969482422,0.6499634981155396,0.12268709391355515,0.7093085050582886,0.13238942623138428,0.0,0.0,0.007596230134367943,0.004010449629276991,22856,0.5,True,0.1,0.15,0.05,0.25,128,5,True,0.05,10,0.25,8,0.0,0.0,0,,,,,,,,,,,,,,,0.015512192621827126,0.006753984838724136,0.0054997826534580975,0.3466580142764439,24039,4346861,69345,4370900,69345,43709,38008,4370900,100.0,100.0,0.3884625732898712,0.38509219884872437,0.16575868427753448,0.5758968591690063,0.6618357300758362,0.3468022346496582,0.08829764276742935,0.00014422037321432102,0.9995841423185753,43709,5701,100.0,323.585170146951,2.440224261023104,0.08379693102324381,4.990766255446354,2.0,1.0092337445536468,iou,0.25,0.25,2.0,True,False,False,False,False,0.1,0.35,1.0,10,True,10,20,0.0,0.15,4.0,0.0,20,0.5,True,True
epoch,1783677483.1489453,3,1041.6868227230152,9.995702336324347e-05,9.995702336324347e-05,0.0001,9.992360577795361e-06,9.995702336324347e-05,2.8516268730163574,2.039043426513672,2.3216536045074463,0.8125797510147095,0.11031448096036911,0.6724347472190857,0.11400733143091202,0.0,0.0,0.008525514975190163,0.008286717347800732,22856,0.5,True,0.1,0.15,0.05,0.25,128,5,True,0.05,10,0.25,8,0.0,0.0,0,,,,,,,,,,,,,,,0.01441278588026762,0.006951859686523676,0.005839300830492576,0.3680582594275002,25523,4345377,69345,4370900,69345,43709,38008,4370900,100.0,100.0,0.4032420516014099,0.40675586462020874,0.1914079636335373,0.5845375061035156,0.6883841753005981,0.3681880533695221,0.09041747450828552,0.0001297939420218941,0.9996474792138581,43709,5701,100.0,323.7501771830139,2.4557801769697107,0.08288056997116655,4.979277440298257,2.0,1.0207225597017426,iou,0.25,0.25,2.0,True,False,False,False,False,0.1,0.35,1.0,10,True,10,20,0.0,0.15,4.0,0.0,20,0.5,True,True
epoch,1783678528.7862372,4,1039.4529413150158,9.993285306254129e-05,9.993285306254129e-05,0.0001,9.98806488760375e-06,9.993285306254129e-05,2.740676164627075,1.9662861824035645,2.21254825592041,0.7743915319442749,0.10403583943843842,0.6538416147232056,0.09698061645030975,0.0,0.0,0.009347344748675823,0.01256130263209343,22856,0.5,True,0.1,0.15,0.05,0.25,128,5,True,0.05,10,0.25,8,0.0,0.0,0,,,,,,,,,,,,,,,0.016661949455738068,0.008277678862214088,0.0061074378274497245,0.384959261662701,26695,4344205,69345,4370900,69345,43709,38008,4370900,100.0,100.0,0.41416287422180176,0.41752728819847107,0.19917291402816772,0.6019072532653809,0.6938063502311707,0.38520440459251404,0.10332395881414413,0.00024514292981303587,0.999363602993916,43709,5701,100.0,323.341313662997,2.4450326549704187,0.08129371597897261,4.963292387221365,2.0,1.0367076127786348,iou,0.25,0.25,2.0,True,False,False,False,False,0.1,0.35,1.0,10,True,10,20,0.0,0.15,4.0,0.0,20,0.5,True,True
epoch,1783679627.6512313,5,1084.8477495340048,9.990331672307766e-05,9.990331672307766e-05,0.0001,9.982816259477131e-06,9.990331672307766e-05,2.6509146690368652,1.9068351984024048,2.1259310245513916,0.7440760731697083,0.09916707873344421,0.6391539573669434,0.08325019478797913,0.0,0.0,0.010391848161816597,0.015588256530463696,22856,0.5,True,0.1,0.15,0.05,0.25,128,5,True,0.05,10,0.25,8,0.0,0.0,0,1.8018121719360352,0.09002102166414261,0.604728102684021,0.08804736286401749,0.0,0.0,0.010180514305830002,0.015270082280039787,5701,0.5,True,True,0.0,0.0,0.016761785373091698,0.0090035330504179,0.0063321055160264475,0.3991203403273488,27677,4343223,69345,4370900,69345,43709,38008,4370900,100.0,100.0,0.4208495020866394,0.4282829463481903,0.20120801031589508,0.6135081648826599,0.7017953991889954,0.3993799090385437,0.10933737456798553,0.0002595687111949241,0.9993500706837762,43709,5701,100.0,360.4684813709464,2.4799813739955425,0.08983797195833176,4.942909649383465,2.0,1.057090350616535,iou,0.25,0.25,2.0,True,False,False,True,False,0.1,0.35,1.0,10,True,10,20,0.0,0.15,4.0,0.0,20,0.5,True,True
epoch,1783680691.7080057,6,1048.9944639719906,9.986841758384507e-05,9.986841758384507e-05,0.0001,9.976615716645957e-06,9.986841758384507e-05,2.5579562187194824,1.8388499021530151,2.054596424102783,0.7191091775894165,0.09388057887554169,0.6235623359680176,0.07159137725830078,0.0,0.0,0.010693671181797981,0.016040047630667686,22856,0.5,True,0.1,0.15,0.05,0.25,128,5,True,0.05,10,0.25,8,0.0,0.0,0,,,,,,,,,,,,,,,0.019685203209519386,0.010053708218038082,0.006787389324853005,0.42781743456629895,29667,4341233,69345,4370900,69345,43709,38008,4370900,100.0,100.0,0.43410757184028625,0.4455413520336151,0.21602094173431396,0.6291717290878296,0.7174417972564697,0.42799049615859985,0.12087389081716537,0.0001730615923009049,0.9995956415064021,43709,5701,100.0,322.9817855299916,2.4692792359855957,0.08143024297896773,4.918254893141276,2.0,1.081745106858724,iou,0.25,0.25,2.0,True,False,False,True,False,0.1,0.35,1.0,10,True,10,20,0.0,0.15,4.0,0.0,20,0.5,True,True
epoch,1783681761.4300117,7,1049.0610149110435,9.98281594719274e-05,9.98281594719274e-05,0.0001,9.969464467918335e-06,9.98281594719274e-05,2.495136022567749,1.7964260578155518,1.9963077306747437,0.6987062692642212,0.09023924171924591,0.6138030290603638,0.06329861283302307,0.0,0.0,0.011553334072232246,0.017328903079032898,22856,0.5,True,0.1,0.15,0.05,0.25,128,5,True,0.05,10,0.25,8,0.0,0.0,0,,,,,,,,,,,,,,,0.018968679010868073,0.009955830872058868,0.006937930403349424,0.4373062225106352,30325,4340575,69345,4370900,69345,43709,38008,4370900,100.0,100.0,0.43966272473335266,0.4504320025444031,0.21999521553516388,0.6371617317199707,0.7208161950111389,0.4373638927936554,0.12961280345916748,5.767028302017252e-05,0.9998681411886752,43709,5701,100.0,322.4227843750268,2.504882827983238,0.08307423203950748,4.889480123265569,2.0,1.1105198767344309,iou,0.25,0.25,2.0,True,False,False,True,False,0.1,0.35,1.0,10,True,10,20,0.0,0.15,4.0,0.0,20,0.5,True,True
epoch,1783682828.713043,8,1058.6747433679993,9.978254680208029e-05,9.978254680208029e-05,0.0001,9.961363907444379e-06,9.978254680208029e-05,2.4252264499664307,1.7474607229232788,1.9364649057388306,0.6777610182762146,0.08659683912992477,0.6028584241867065,0.05654504522681236,0.0,0.0,0.008906739763915539,0.013360030017793179,22856,0.5,True,0.1,0.15,0.05,0.25,128,5,True,0.05,10,0.25,8,0.0,0.0,0,,,,,,,,,,,,,,,0.020952822640538216,0.009354151785373688,0.00718433274611636,0.45283726296055954,31402,4339498,69345,4370900,69345,43709,38008,4370900,100.0,100.0,0.44785797595977783,0.463945209980011,0.2273886799812317,0.646237313747406,0.7275650501251221,0.45303913950920105,0.13533779978752136,0.00020187654864151083,0.9995543949053493,43709,5701,100.0,321.46305736497743,2.4844874150003307,0.08173935301601887,4.856762745781211,2.0,1.1432372542187894,iou,0.25,0.25,2.0,True,False,False,True,True,0.1,0.35,1.0,10,True,10,20,0.0,0.15,4.0,0.0,20,0.5,True,True
epoch,1783683900.8949912,9,1056.6025899099768,9.973158457624699e-05,9.973158457624699e-05,0.0001,9.952315614444399e-06,9.973158457624699e-05,2.3790531158447266,1.7128455638885498,1.903456687927246,0.666210949420929,0.08421843498945236,0.5959150195121765,0.05252727121114731,0.0,0.0,0.004300082102417946,0.00645000534132123,22856,0.5,True,0.1,0.15,0.05,0.25,128,5,True,0.05,10,0.25,8,0.0,0.0,0,,,,,,,,,,,,,,,0.02306520938873291,0.011735809966921806,0.007272872863712279,0.4584180546542649,31789,4339111,69345,4370900,69345,43709,38008,4370900,100.0,100.0,0.4531893730163574,0.4680829346179962,0.23450025916099548,0.6552532911300659,0.7366788983345032,0.45846131443977356,0.14387482404708862,4.325978550867582e-05,0.9999056413613403,43709,5701,100.0,321.51256316300714,2.4773832600330934,0.0846630809828639,4.820304474200023,2.0,1.1796955257999768,iou,0.25,0.25,2.0,True,False,False,True,True,0.1,0.35,1.0,10,True,10,20,0.0,0.15,4.0,0.0,20,0.5,True,True
epoch,1783685016.6091716,10,1097.9347571399994,9.967527838300985e-05,9.967527838300985e-05,0.0001,9.942321352901047e-06,9.967527838300985e-05,2.326171875,1.6737425327301025,1.8640903234481812,0.6524311304092407,0.0810943990945816,0.5868077874183655,0.049725886434316635,0.0,0.0,0.001515562878921628,0.0022732119541615248,22856,0.5,True,0.1,0.15,0.05,0.25,128,5,True,0.05,10,0.25,8,0.0,0.0,0,1.597550392150879,0.07463991641998291,0.5610867738723755,0.05337797477841377,0.0,0.0,0.0011816037585958838,0.0017723668133839965,5701,0.5,True,True,0.0,0.0,0.02554001286625862,0.015027500689029694,0.007412203436363221,0.46720023073040595,32398,4338502,69345,4370900,69345,43709,38008,4370900,100.0,100.0,0.4595199525356293,0.474224328994751,0.2433345764875412,0.6619065999984741,0.7438459992408752,0.46728676557540894,0.15206575393676758,8.653484500298347e-05,0.9998148142610107,43709,5701,100.0,360.8275206780527,2.4824793449952267,0.08937988901743665,4.7803300858899105,2.0,1.2196699141100893,iou,0.25,0.25,2.0,True,False,False,True,True,0.1,0.35,1.0,10,True,10,20,0.0,0.15,4.0,0.0,20,0.5,True,True
epoch,1783686095.5241551,11,1059.3448605960002,9.961363439697749e-05,9.961363439697749e-05,0.0001,9.931383071215411e-06,9.961363439697749e-05,2.2879960536956787,1.6497174501419067,1.8236651420593262,0.6382824182510376,0.07844142615795135,0.5785602331161499,0.05130865424871445,0.0,0.0,0.0010012000566348433,0.001501780585385859,22856,0.5,True,0.1,0.15,0.05,0.25,128,5,True,0.05,10,0.25,8,0.007250000000000001,0.007250000000000001,0,,,,,,,,,,,,,,,0.02070142701268196,0.010671891272068024,0.007745056497821446,0.4881678563703223,33852,4336936,69345,4370788,69345,43709,38008,4370900,100.0,100.0,0.4662466049194336,0.4904053509235382,0.24309666454792023,0.6701576113700867,0.7437594532966614,0.4883120656013489,0.15660826861858368,0.000144209231026593,0.9997046781327245,43709,5701,99.9974375986639,322.0197367159999,2.560337787028402,0.08418328501284122,4.7370860362476375,2.0,1.2629139637523623,iou,0.25,0.25,2.0,True,False,False,True,True,0.1,0.35,1.0,10,True,10,20,0.0,0.15,4.0,0.0,20,0.5,True,True
epoch,1783687163.4016063,12,1058.1466869880096,9.954665937810763e-05,9.954665937810763e-05,0.0001,9.919502901827181e-06,9.954665937810763e-05,2.258361577987671,1.628656268119812,1.799157977104187,0.6297048330307007,0.07610611617565155,0.5728268027305603,0.05141301080584526,0.0,0.0,0.0007747631170786917,0.0011619675206020474,22856,0.5,True,0.1,0.15,0.05,0.25,128,5,True,0.05,10,0.25,8,0.028000000000000004,0.028000000000000004,0,,,,,,,,,,,,,,,0.02142605558037758,0.010783652774989605,0.007716618129726171,0.4861201240175932,33710,4334784,69345,4368494,69345,43709,38008,4370900,100.0,100.0,0.4676726162433624,0.48875758051872253,0.2488890141248703,0.6728412508964539,0.749297022819519,0.4861922264099121,0.16159780323505402,7.210239231891791e-05,0.9998516998248793,43709,5701,99.94495412844037,321.33983633702155,2.5446964019793086,0.08245056198211387,4.690838939219355,2.0,1.3091610607806452,iou,0.25,0.25,2.0,True,False,False,True,True,0.1,0.35,1.0,10,True,10,20,0.0,0.15,4.0,0.0,20,0.5,True,True
epoch,1783688229.958208,13,1059.6953988280147,9.947436067096585e-05,9.947436067096585e-05,0.0001,9.906683160798918e-06,9.947436067096585e-05,2.2375223636627197,1.61587655544281,1.7761343717575073,0.6216475963592529,0.07504111528396606,0.5684725046157837,0.051546406000852585,0.0,0.0,0.0005705726216547191,0.0008558291592635214,22856,0.5,True,0.1,0.15,0.05,0.25,128,5,True,0.05,10,0.25,8,0.06075,0.06075,0,,,,,,,,,,,,,,,0.022522998973727226,0.011299706995487213,0.0078625538991278,0.49445525993222295,34288,4326636,69345,4360924,69345,43709,38008,4370900,100.0,100.0,0.4725472629070282,0.4958896338939667,0.25203508138656616,0.6768132448196411,0.7518350481987,0.49454179406166077,0.16329944133758545,8.65341294378208e-05,0.9998250216048938,43709,5701,99.7717632524194,321.1160394040053,2.571630434016697,0.0819755899719894,4.641873923536962,2.0,1.3581260764630383,iou,0.25,0.25,2.0,True,False,False,True,True,0.1,0.35,1.0,10,True,10,20,0.0,0.15,4.0,0.0,20,0.5,True,True
epoch,1783689298.490662,14,1059.408952124999,9.939674620392009e-05,9.939674620392009e-05,0.0001,9.892926347364535e-06,9.939674620392009e-05,2.215679883956909,1.600709080696106,1.7570676803588867,0.6149734854698181,0.07330607622861862,0.5628672242164612,0.05300021171569824,0.0,0.0,0.0004280421126168221,0.0006420845165848732,22856,0.5,True,0.1,0.15,0.05,0.25,128,5,True,0.05,10,0.25,8,0.10400000000000002,0.10400000000000002,0,,,,,,,,,,,,,,,0.021839458495378494,0.011126684956252575,0.008014086546260716,0.503670055519504,34927,4323274,69345,4358201,69345,43709,38008,4370900,100.0,100.0,0.47839123010635376,0.5030724406242371,0.25227296352386475,0.6896552443504333,0.7517485022544861,0.5038287043571472,0.1790323704481125,0.00015864883764327153,0.9996851135390435,43709,5701,99.70946486993526,321.5952962260344,2.5523379420046695,0.08213347202399746,4.59049287480466,2.0,1.40950712519534,iou,0.25,0.25,2.0,True,False,False,True,True,0.1,0.35,1.0,10,True,10,20,0.0,0.15,4.0,0.0,20,0.5,True,True
epoch,1783690406.3419921,15,1098.3284129709937,9.931382448827132e-05,9.931382448827132e-05,0.0001,9.878235143442069e-06,9.931382448827132e-05,2.196823835372925,1.588075041770935,1.739279866218567,0.6087473034858704,0.07204721122980118,0.5591514706611633,0.053260304033756256,0.0,0.0,0.00032964441925287247,0.0004945165710523725,22856,0.5,True,0.1,0.15,0.05,0.25,128,5,True,0.05,10,0.25,8,0.15625,0.15625,0,1.5266469717025757,0.06711219251155853,0.5341728329658508,0.058287784457206726,0.0,0.0,9.185948147205636e-05,0.00013774156104773283,5701,0.5,True,True,0.15625,0.15625,0.021163471043109894,0.010529890656471252,0.008216689081194814,0.5142692335424328,35662,4304529,69345,4340191,69345,43709,38008,4370900,100.0,100.0,0.48456764221191406,0.5110673904418945,0.26233214139938354,0.6967737078666687,0.7603287696838379,0.5143413543701172,0.18334415555000305,7.212082768437433e-05,0.9998597802275248,43709,5701,99.29742158365553,360.37585809099255,2.5545393020147458,0.0852165250107646,4.537012574273818,2.0,1.4629874257261826,iou,0.25,0.25,2.0,True,False,False,True,True,0.1,0.35,1.0,10,True,10,20,0.0,0.15,4.0,0.0,20,0.5,True,True
epoch,1783691476.7281196,16,1061.785477840982,9.922560461732009e-05,9.922560461732009e-05,0.0001,9.862612413110834e-06,9.922560461732009e-05,2.18168568611145,1.5780843496322632,1.724563717842102,0.6035991907119751,0.07183166593313217,0.5555334091186523,0.05290578678250313,0.0,0.0,0.0003361849521752447,0.000504279334563762,22856,0.5,True,0.1,0.15,0.05,0.25,128,5,True,0.05,10,0.25,8,0.216,0.216,0,,,,,,,,,,,,,,,0.026120860129594803,0.013516081497073174,0.008283292987670112,0.5196481361309395,36035,4314288,69345,4350323,69345,43709,38008,4370900,100.0,100.0,0.48648104071617126,0.5153730511665344,0.2658715844154358,0.6956851482391357,0.7629100680351257,0.5198644399642944,0.18232028186321259,0.00021630383335491388,0.9995839226215015,43709,5701,99.52922739024,323.63698344898876,2.5599059219821356,0.08311288797995076,4.481762745781211,2.0,1.5182372542187894,iou,0.25,0.25,2.0,True,False,False,True,True,0.1,0.35,1.0,10,True,10,20,0.0,0.15,4.0,0.0,20,0.5,True,True
epoch,1783692556.0526853,17,1060.7669405660126,9.91320962653694e-05,9.91320962653694e-05,0.0001,9.846061202053064e-06,9.91320962653694e-05,2.1525254249572754,1.5572961568832397,1.7006521224975586,0.5952266454696655,0.06935282796621323,0.5498096346855164,0.05372847616672516,0.0,0.0,0.00045583859900943935,0.0006838149856775999,22856,0.5,True,0.1,0.15,0.05,0.25,128,5,True,0.05,10,0.25,8,0.28174999999999994,0.28174999999999994,0,,,,,,,,,,,,,,,0.023016825318336487,0.011692524887621403,0.008163771215721463,0.5119475088326484,35501,4313102,69345,4348603,69345,43709,38008,4370900,100.0,100.0,0.48515692353248596,0.5098389387130737,0.2659701406955719,0.6966739892959595,0.7630543112754822,0.5119619369506836,0.18491600453853607,1.4428118035203497e-05,0.9999718179868583,43709,5701,99.48987622686403,321.6773801370291,2.951436756993644,0.08776999998372048,4.425084022891929,2.0,1.5749159771080707,iou,0.25,0.25,2.0,True,False,False,True,True,0.1,0.35,1.0,10,True,10,20,0.0,0.15,4.0,0.0,20,0.5,True,True
epoch,1783693625.335062,18,1060.1983179079834,9.903330968666379e-05,9.903330968666379e-05,0.0001,9.828584736960147e-06,9.903330968666379e-05,2.1310157775878906,1.540801763534546,1.6863282918930054,0.5902154445648193,0.06868074089288712,0.5451134443283081,0.052661433815956116,0.0,0.0,0.00033638131571933627,0.0005045044817961752,22856,0.5,True,0.1,0.15,0.05,0.25,128,5,True,0.05,10,0.25,8,0.3520000000000001,0.3520000000000001,0,,,,,,,,,,,,,,,0.026436181738972664,0.013443386182188988,0.008452149573430504,0.5275939144855433,36586,4292017,69345,4328603,69345,43709,38008,4370900,100.0,100.0,0.4929158091545105,0.5220682621002197,0.2735435366630554,0.7049172520637512,0.7695868611335754,0.5277525186538696,0.19427500665187836,0.00015860416832635948,0.9996994724558949,43709,5701,99.03230455970166,322.2828757049865,2.541051693027839,0.08176612399984151,4.367325848780173,2.0,1.6326741512198268,iou,0.25,0.25,2.0,True,False,False,True,True,0.1,0.35,1.0,10,True,10,20,0.0,0.15,4.0,0.0,20,0.5,True,True
epoch,1783694703.5514276,19,1059.5725432320032,9.892925571426483e-05,9.892925571426483e-05,0.0001,9.810186424903581e-06,9.892925571426483e-05,2.098982334136963,1.518215298652649,1.6593382358551025,0.5807682871818542,0.0664214938879013,0.5376510620117188,0.05350084975361824,0.0,0.0,0.0002796711341943592,0.0004194949578959495,22856,0.5,True,0.1,0.15,0.05,0.25,128,5,True,0.05,10,0.25,8,0.4252500000000001,0.4252500000000001,0,,,,,,,,,,,,,,,0.026132062077522278,0.013195166364312172,0.00847528597197944,0.5297714326916144,36737,4297866,69345,4334603,69345,43709,38008,4370900,100.0,100.0,0.4966498017311096,0.5242639780044556,0.2821868360042572,0.7090284824371338,0.7724997997283936,0.5298147201538086,0.19733217358589172,4.3287462194174786e-05,0.9999182969809114,43709,5701,99.16957605985037,321.78650802298216,2.554212720016949,0.0852092049899511,4.308844321795884,2.0,1.6911556782041162,iou,0.25,0.25,2.0,True,False,False,True,True,0.1,0.35,1.0,10,True,10,20,0.0,0.15,4.0,0.0,20,0.5,True,True
epoch,1783695812.0836537,20,1098.9762520049699,9.88199457588632e-05,9.88199457588632e-05,0.0001,9.790869852670758e-06,9.88199457588632e-05,2.094435214996338,1.5157687664031982,1.6533429622650146,0.5786699652671814,0.06683210283517838,0.5360906720161438,0.053313303738832474,0.0,0.0,0.00035294261761009693,0.0005294461734592915,22856,0.5,True,0.1,0.15,0.05,0.25,128,5,True,0.05,10,0.25,8,0.5,0.5,0,1.4716700315475464,0.06301495432853699,0.5163567066192627,0.05762404203414917,0.0,0.0,0.00010009606194216758,0.00015013443771749735,5701,0.5,True,True,0.5,0.5,0.028108280152082443,0.014255662448704243,0.00862764586513192,0.5402696661619439,37465,4304971,69345,4342436,69345,43709,38008,4370900,100.0,100.0,0.5006060004234314,0.5340158939361572,0.27718305587768555,0.7195113301277161,0.7689811587333679,0.540399432182312,0.21134905517101288,0.00012976602036807172,0.9997598701763175,43709,5701,99.34878400329451,363.330144780979,2.5555236500222236,0.0856154749635607,4.25,2.0,1.75,iou,0.25,0.25,2.0,True,False,False,True,True,0.1,0.35,1.0,10,True,10,20,0.0,0.15,4.0,0.0,20,0.5,True,True
epoch,1783696896.4944196,21,1064.8576197859948,9.870539180752728e-05,9.870539180752728e-05,0.0001,9.770638786065706e-06,9.870539180752728e-05,2.08798885345459,1.5107340812683105,1.6492938995361328,0.5772527456283569,0.06599494069814682,0.5353608131408691,0.05333538353443146,0.0,0.0,0.0003280672535765916,0.0004920135834254324,22856,0.5,True,0.1,0.15,0.05,0.25,128,5,True,0.05,10,0.25,8,0.5747500000000001,0.5747500000000001,0,,,,,,,,,,,,,,,0.02935960702598095,0.015449801459908485,0.008522980083613274,0.5345014060134112,37065,4311766,69345,4348831,69345,43709,38008,4370900,100.0,100.0,0.5004048943519592,0.52824866771698,0.28026238083839417,0.7158759832382202,0.7742591500282288,0.5345590710639954,0.2094166874885559,5.7665050584132516e-05,0.9998921259525737,43709,5701,99.49509254386969,322.0278306060354,2.544999920995906,0.08260905795032158,4.191155678204116,2.0,1.8088443217958836,iou,0.25,0.25,2.0,True,False,False,True,True,0.1,0.35,1.0,10,True,10,20,0.0,0.15,4.0,0.0,20,0.5,True,True
epoch,1783697974.9282947,22,1058.176573218021,9.858560642238878e-05,9.858560642238878e-05,0.0001,9.749497169174947e-06,9.858560642238878e-05,2.0671558380126953,1.4964051246643066,1.6307251453399658,0.5707533955574036,0.06469937413930893,0.5318832993507385,0.052973002195358276,0.0,0.0,0.00023221143055707216,0.00034830288495868444,22856,0.5,True,0.1,0.15,0.05,0.25,128,5,True,0.05,10,0.25,8,0.648,0.648,0,,,,,,,,,,,,,,,0.028769368305802345,0.014469126239418983,0.008604120405633018,0.53871223592184,37357,4304400,69345,4341757,69345,43709,38008,4370900,100.0,100.0,0.5022052526473999,0.5311850905418396,0.2848799526691437,0.7172181010246277,0.7774460911750793,0.5388275980949402,0.2089119553565979,0.00011536217310015306,0.9997859015137531,43709,5701,99.33324944519435,321.0635085289832,2.5839162489864975,0.08268027799203992,4.132674151219827,2.0,1.8673258487801732,iou,0.25,0.25,2.0,True,False,False,True,True,0.1,0.35,1.0,10,True,10,20,0.0,0.15,4.0,0.0,20,0.5,True,True
epoch,1783699044.8614225,23,1060.7112457100302,9.846060273926501e-05,9.846060273926501e-05,0.0001,9.727449123598582e-06,9.846060273926501e-05,2.06072735786438,1.492132306098938,1.624560832977295,0.5685975551605225,0.06472650170326233,0.531173825263977,0.05224715918302536,0.0,0.0,0.0001933115563588217,0.0002899537212215364,22856,0.5,True,0.1,0.15,0.05,0.25,128,5,True,0.05,10,0.25,8,0.71825,0.71825,0,,,,,,,,,,,,,,,0.0318312905728817,0.0164090096950531,0.008738745546225323,0.5453457350926527,37817,4289692,69345,4327509,69345,43709,38008,4370900,100.0,100.0,0.5047869682312012,0.5358611941337585,0.2912452518939972,0.7200108170509338,0.781801164150238,0.5454034209251404,0.20970509946346283,5.76858324876639e-05,0.9998942327270521,43709,5701,99.00727538950788,322.65167170303175,2.555861831002403,0.0818764420109801,4.074915977108072,2.0,1.9250840228919288,iou,0.25,0.25,2.0,True,False,False,True,True,0.1,0.35,1.0,10,True,10,20,0.0,0.15,4.0,0.0,20,0.5,True,True
epoch,1783700123.417993,24,1059.5695326540153,9.83303944662185e-05,9.83303944662185e-05,0.0001,9.704498947646783e-06,9.83303944662185e-05,2.0602893829345703,1.4932451248168945,1.620131015777588,0.5670462250709534,0.06446220725774765,0.5301306843757629,0.05361448600888252,0.0,0.0,0.00019261757552158087,0.00028898162418045104,22856,0.5,True,0.1,0.15,0.05,0.25,128,5,True,0.05,10,0.25,8,0.7839999999999999,0.7839999999999999,0,,,,,,,,,,,,,,,0.02839341200888157,0.014646468684077263,0.008698252739004706,0.5389573869781528,37374,4259351,69345,4296725,69345,43709,38008,4370900,100.0,100.0,0.5046527981758118,0.5323810577392578,0.2855353355407715,0.7253279685974121,0.7773596048355103,0.5389862060546875,0.21776624023914337,2.8819076534736254e-05,0.9999465309571729,43709,5701,98.30298107941157,323.24028350098524,2.5059587759897113,0.08062750496901572,4.018237254218789,2.0,1.9817627457812106,iou,0.25,0.25,2.0,True,False,False,True,True,0.1,0.35,1.0,10,True,10,20,0.0,0.15,4.0,0.0,20,0.5,True,True
epoch,1783701232.7151368,25,1099.1262455590186,9.81949958820537e-05,9.81949958820537e-05,0.0001,9.680651115501824e-06,9.81949958820537e-05,2.035870313644409,1.4761863946914673,1.5991036891937256,0.5596862435340881,0.0632275938987732,0.5257694721221924,0.05287334695458412,0.0,0.0,0.00020557906827889383,0.00030838759266771376,22856,0.5,True,0.1,0.15,0.05,0.25,128,5,True,0.05,10,0.25,8,0.84375,0.84375,0,1.4379222393035889,0.06028467044234276,0.5083907246589661,0.05555352196097374,0.0,0.0,5.932287604082376e-05,8.902416448108852e-05,5701,0.5,True,True,0.84375,0.84375,0.03318006172776222,0.01706039533019066,0.008896009084251004,0.5486048020765737,38043,4238369,69345,4276412,69345,43709,38008,4370900,100.0,100.0,0.5072348117828369,0.5398638844490051,0.28979727625846863,0.7240288257598877,0.7793640494346619,0.5486769080162048,0.21566082537174225,7.210593963113965e-05,0.9998685821499362,43709,5701,97.8382484156581,361.86013042303966,2.5078794970177114,0.08666641497984529,3.962987425726183,2.0,2.037012574273817,iou,0.25,0.25,2.0,True,False,False,True,True,0.1,0.35,1.0,10,True,10,20,0.0,0.15,4.0,0.0,20,0.5,True,True
epoch,1783702311.9213948,26,1059.8418975769891,9.805442183475118e-05,9.805442183475118e-05,0.0001,9.655910276345835e-06,9.805442183475118e-05,2.018260955810547,1.4624717235565186,1.5879602432250977,0.5557852387428284,0.06284476071596146,0.5222790837287903,0.05132335424423218,0.0,0.0,0.00021733426547143608,0.0003260279481764883,22856,0.5,True,0.1,0.15,0.05,0.25,128,5,True,0.05,10,0.25,8,0.8960000000000001,0.8960000000000001,0,,,,,,,,,,,,,,,0.03588006645441055,0.018438775092363358,0.008903501980369806,0.5505660105270748,38179,4249909,69345,4288088,69345,43709,38008,4370900,100.0,100.0,0.5089129209518433,0.5424247980117798,0.2935575842857361,0.7220243215560913,0.7867330312728882,0.5506669282913208,0.21429085731506348,0.00010091776424603349,0.9998167353820228,43709,5701,98.1053787549475,321.54165859601926,2.5097037840168923,0.07975061499746516,3.90950712519534,2.0,2.09049287480466,iou,0.25,0.25,2.0,True,False,False,True,True,0.1,0.35,1.0,10,True,10,20,0.0,0.15,4.0,0.0,20,0.5,True,True
epoch,1783703389.6797066,27,1058.347988214984,9.790868773983932e-05,9.790868773983932e-05,0.0001,9.630281253454431e-06,9.790868773983932e-05,2.0035347938537598,1.4525651931762695,1.574204444885254,0.550972044467926,0.06173546239733696,0.5199557542800903,0.051094550639390945,0.0,0.0,0.00021272149751894176,0.0003190193965565413,22856,0.5,True,0.1,0.15,0.05,0.25,128,5,True,0.05,10,0.25,8,0.9392499999999999,0.9392499999999999,0,,,,,,,,,,,,,,,0.03587169572710991,0.01955310069024563,0.009051105641600268,0.560054798471411,38837,4252020,69345,4290857,69345,43709,38008,4370900,100.0,100.0,0.5128015875816345,0.548203706741333,0.29563605785369873,0.7296321392059326,0.7838633060455322,0.5601413249969482,0.22474583983421326,8.652652553720053e-05,0.9998455273309148,43709,5701,98.16872955226613,321.69661176297814,2.9506540909642354,0.08233465801458806,3.8581260764630385,2.0,2.1418739235369615,iou,0.25,0.25,2.0,True,False,False,True,True,0.1,0.35,1.0,10,True,10,20,0.0,0.15,4.0,0.0,20,0.5,True,True
epoch,1783704457.0922616,28,1058.2287245059852,9.775780957870394e-05,9.775780957870394e-05,0.0001,9.603769043256404e-06,9.775780957870394e-05,1.9838893413543701,1.4374706745147705,1.5611881017684937,0.5464149117469788,0.06082029640674591,0.5143650770187378,0.0512494295835495,0.0,0.0,0.00025131378788501024,0.00037699329550378025,22856,0.5,True,0.1,0.15,0.05,0.25,128,5,True,0.05,10,0.25,8,0.972,0.972,0,,,,,,,,,,,,,,,0.0377359464764595,0.020508011803030968,0.009133670927224884,0.564006056673156,39111,4242957,69345,4282068,69345,43709,38008,4370900,100.0,100.0,0.5165407061576843,0.550912618637085,0.30486002564430237,0.7304379343986511,0.7925012707710266,0.564078152179718,0.22416901588439941,7.209550656206432e-05,0.9998721887981595,43709,5701,97.96764968313163,320.73968866700307,2.9070266759954393,0.0814287340035662,3.8091610607806454,2.0,2.1908389392193546,iou,0.25,0.25,2.0,True,False,False,True,True,0.1,0.35,1.0,10,True,10,20,0.0,0.15,4.0,0.0,20,0.5,True,True
epoch,1783705534.7923315,29,1059.5477269559633,9.760180389683564e-05,9.760180389683564e-05,0.0001,9.576378814359665e-06,9.760180389683564e-05,1.981818437576294,1.4364160299301147,1.55828857421875,0.5454005599021912,0.061155110597610474,0.5137446522712708,0.05111011117696762,0.0,0.0,0.00015069828077685088,0.0002260377223137766,22856,0.5,True,0.1,0.15,0.05,0.25,128,5,True,0.05,10,0.25,8,0.99275,0.99275,0,,,,,,,,,,,,,,,0.03900331258773804,0.020250529050827026,0.009066832478559108,0.5635445958612734,39079,4271026,69345,4310105,69345,43709,38008,4370900,100.0,100.0,0.5174950361251831,0.5524315237998962,0.3044380247592926,0.7321666479110718,0.7932223081588745,0.5636311173439026,0.22699545323848724,8.652148262922044e-05,0.999846492714886,43709,5701,98.6090965247432,322.35881558200344,2.5377005640184507,0.08086223801365122,3.7629139637523625,2.0,2.2370860362476375,iou,0.25,0.25,2.0,True,False,False,True,True,0.1,0.35,1.0,10,True,10,20,0.0,0.15,4.0,0.0,20,0.5,True,True
epoch,1783706651.165162,30,1098.1552199389553,9.744068780201544e-05,9.744068780201544e-05,0.0001,9.548115906543605e-06,9.744068780201544e-05,1.9807353019714355,1.43778657913208,1.5512855052947998,0.5429494380950928,0.060850780457258224,0.5125399827957153,0.05234856903553009,0.0,0.0,0.00013267190661281347,0.000199000773136504,22856,0.5,True,0.1,0.15,0.05,0.25,128,5,True,0.05,10,0.25,8,1.0,1.0,0,1.4051975011825562,0.05793921649456024,0.49623891711235046,0.055238377302885056,0.0,0.0,0.00010927041876129806,0.00016397763101849705,5701,0.5,True,True,1.0,1.0,0.034451115876436234,0.018125440925359726,0.009142700554653127,0.5658086379695725,39236,4252275,69345,4291511,69345,43709,38008,4370900,100.0,100.0,0.5176542401313782,0.5523725152015686,0.3030795156955719,0.7343425154685974,0.7885644435882568,0.5658086538314819,0.23054294288158417,1.5861909452574707e-08,0.9999999719659476,43709,5701,98.18369214578233,360.00201991497306,2.9142944759805687,0.08637378498679027,3.7196699141100895,2.0,2.2803300858899105,iou,0.25,0.25,2.0,True,False,False,True,True,0.1,0.35,1.0,10,True,10,20,0.0,0.15,4.0,0.0,20,0.5,True,True
epoch,1783707714.9677703,31,1057.3717951430008,9.727447896243877e-05,9.727447896243877e-05,0.0001,9.518985829718107e-06,9.727447896243877e-05,1.9566740989685059,1.4194070100784302,1.5350522994995117,0.5372682213783264,0.05914131551980972,0.5076473951339722,0.05181976780295372,0.0,0.0,0.00011866792920045555,0.000178004804183729,22856,0.5,True,0.1,0.15,0.05,0.25,128,5,True,0.05,10,0.25,8,1.0,1.0,0,,,,,,,,,,,,,,,0.03821210190653801,0.020425956696271896,0.009168171575748984,0.5661403129281131,39259,4242838,69345,4282097,69345,43709,38008,4370900,100.0,100.0,0.5193533897399902,0.5553042888641357,0.3070656657218933,0.7362233996391296,0.7926310300827026,0.5663133859634399,0.2311486005783081,0.00017307303532687612,0.9996943864658392,43709,5701,97.968313162049,320.15788227302255,2.85547112300992,0.08095883397618309,3.6796955257999766,2.0,2.3203044742000234,iou,0.25,0.25,2.0,True,False,False,True,True,0.1,0.35,1.0,10,True,10,20,0.0,0.15,4.0,0.0,20,0.5,True,True
epoch,1783708780.7274542,32,1059.201434010989,9.71031956047779e-05,9.71031956047779e-05,0.0001,9.488994262849364e-06,9.71031956047779e-05,1.9609721899032593,1.422435998916626,1.5386756658554077,0.5385367274284363,0.05854243040084839,0.5086260437965393,0.05243976041674614,0.0,0.0,0.0001365548960166052,0.00020478542137425393,22856,0.5,True,0.1,0.15,0.05,0.25,128,5,True,0.05,10,0.25,8,1.0,1.0,0,,,,,,,,,,,,,,,0.03723876178264618,0.020709620788693428,0.009192462834743328,0.5592039800995025,38778,4179678,69345,4218456,69345,43709,38008,4370900,100.0,100.0,0.516487181186676,0.550489068031311,0.303157776594162,0.7328400015830994,0.7914629578590393,0.5593770146369934,0.2280193269252777,0.00017303453749095699,0.9996906656280768,43709,5701,96.51229723855499,321.175372675003,2.4657714220229536,0.08133959001861513,3.643237254218789,2.0,2.356762745781211,iou,0.25,0.25,2.0,True,False,False,True,True,0.1,0.35,1.0,10,True,10,20,0.0,0.15,4.0,0.0,20,0.5,True,True
epoch,1783709851.2455797,33,1063.8839298370294,9.692685651218315e-05,9.692685651218315e-05,0.0001,9.458147052852762e-06,9.692685651218315e-05,1.9528330564498901,1.4155817031860352,1.5349948406219482,0.5372471213340759,0.058843519538640976,0.5067175626754761,0.0514141209423542,0.0,0.0,0.00016681950364727527,0.0002501734416000545,22856,0.5,True,0.1,0.15,0.05,0.25,128,5,True,0.05,10,0.25,8,1.0,1.0,0,,,,,,,,,,,,,,,0.03999152407050133,0.02151203714311123,0.00926113463062869,0.5657509553680871,39232,4196966,69345,4236198,69345,43709,38008,4370900,100.0,100.0,0.5192446112632751,0.5528855919837952,0.3054005205631256,0.7376317381858826,0.7933376431465149,0.5657942295074463,0.23231667280197144,4.3274139359228414e-05,0.999923516117517,43709,5701,96.91820906449473,327.0286972349859,3.037412904028315,0.09106422995682806,3.610519876734431,2.0,2.389480123265569,iou,0.25,0.25,2.0,True,False,False,True,True,0.1,0.35,1.0,10,True,10,20,0.0,0.15,4.0,0.0,20,0.5,True,True
epoch,1783710923.3768995,34,1058.559090093011,9.674548102222322e-05,9.674548102222322e-05,0.0001,9.426450213453011e-06,9.674548102222322e-05,1.9561885595321655,1.4191298484802246,1.5344609022140503,0.537061870098114,0.05935736745595932,0.5073740482330322,0.05156419798731804,0.0,0.0,0.00016020119073800743,0.0002402831451036036,22856,0.5,True,0.1,0.15,0.05,0.25,128,5,True,0.05,10,0.25,8,1.0,1.0,0,,,,,,,,,,,,,,,0.0398828387260437,0.021298902109265327,0.009359854454157093,0.5722258273848151,39681,4199808,69345,4239489,69345,43709,38008,4370900,100.0,100.0,0.5200255513191223,0.5602059364318848,0.29756930470466614,0.7391006350517273,0.7860119938850403,0.5724709630012512,0.23512870073318481,0.0002451356164361318,0.9995717937986741,43709,5701,96.99350248232629,320.25607727997703,2.4673079989734106,0.08046622003894299,3.5817451068587243,2.0,2.4182548931412757,iou,0.25,0.25,2.0,True,False,False,True,True,0.1,0.35,1.0,10,True,10,20,0.0,0.15,4.0,0.0,20,0.5,True,True
epoch,1783712028.8936198,35,1098.9086972229998,9.655908902476448e-05,9.655908902476448e-05,0.0001,9.393909924011755e-06,9.655908902476448e-05,1.94667387008667,1.41243577003479,1.5264025926589966,0.5342409014701843,0.058758869767189026,0.5053865909576416,0.051528893411159515,0.0,0.0,0.00017144139565061778,0.0002571441582404077,22856,0.5,True,0.1,0.15,0.05,0.25,128,5,True,0.05,10,0.25,8,1.0,1.0,0,1.3865495920181274,0.05665447935461998,0.4921532869338989,0.05353539437055588,0.0,0.0,0.00010255358938593417,0.00015381278353743255,5701,0.5,True,True,1.0,1.0,0.04325830191373825,0.023767556995153427,0.009179035119308995,0.5664143052851683,39278,4239821,69345,4279099,69345,43709,38008,4370900,100.0,100.0,0.5207470655441284,0.5554641485214233,0.3027867078781128,0.7402587532997131,0.790121853351593,0.5664142966270447,0.23655635118484497,-8.658123662463879e-09,1.0000000152858495,43709,5701,97.89972316914137,361.4903732800158,2.514859682007227,0.08371523098321632,3.557090350616535,2.0,2.442909649383465,iou,0.25,0.25,2.0,True,False,False,True,True,0.1,0.35,1.0,10,True,10,20,0.0,0.15,4.0,0.0,20,0.5,True,True
epoch,1783713106.0420096,36,1057.6754147169995,9.636770095978992e-05,9.636770095978992e-05,0.0001,9.360532528322895e-06,9.636770095978992e-05,1.9470542669296265,1.4139995574951172,1.5230056047439575,0.5330514311790466,0.05957149341702461,0.5060262084007263,0.05081922560930252,0.0,0.0,0.00013806301285512745,0.00020709563978016376,22856,0.5,True,0.1,0.15,0.05,0.25,128,5,True,0.05,10,0.25,8,1.0,1.0,0,,,,,,,,,,,,,,,0.04409792274236679,0.024243809282779694,0.009200857050847576,0.5706395558439685,39571,4261224,69345,4300795,69345,43709,38008,4370900,100.0,100.0,0.5217154026031494,0.5587479472160339,0.3048860728740692,0.7429980039596558,0.7901651263237,0.5706539750099182,0.23948374390602112,1.4419165949686175e-05,0.9999747322079909,43709,5701,98.3960969136791,320.0650699820253,2.9137503650272265,0.08164985099574551,3.5367076127786348,2.0,2.4632923872213652,iou,0.25,0.25,2.0,True,False,False,True,True,0.1,0.35,1.0,10,True,10,20,0.0,0.15,4.0,0.0,20,0.5,True,True
epoch,1783714188.766729,37,1066.7091711110552,9.617133781515759e-05,9.617133781515759e-05,0.0001,9.326324533375856e-06,9.617133781515759e-05,1.9323536157608032,1.4031256437301636,1.5120823383331299,0.5292300581932068,0.05787692964076996,0.5026482343673706,0.05119675025343895,0.0,0.0,0.0001255962415598333,0.00018837657989934087,22856,0.5,True,0.1,0.15,0.05,0.25,128,5,True,0.05,10,0.25,8,1.0,1.0,0,,,,,,,,,,,,,,,0.03960162401199341,0.021342307329177856,0.009287026395196993,0.5749369096546254,39869,4253109,69345,4292978,69345,43709,38008,4370900,100.0,100.0,0.5255267024040222,0.5640939474105835,0.3141239881515503,0.7442991137504578,0.7965534925460815,0.5749369263648987,0.24225249886512756,1.671027327621033e-08,0.999999970935467,43709,5701,98.2172550275687,328.0059269949561,3.0698989519733004,0.09325436898507178,3.520722559701743,2.0,2.479277440298257,iou,0.25,0.25,2.0,True,False,False,True,True,0.1,0.35,1.0,10,True,10,20,0.0,0.15,4.0,0.0,20,0.5,True,True
epoch,1783715254.915696,38,1058.6010716930032,9.597002112429912e-05,9.597002112429912e-05,0.0001,9.291292608087032e-06,9.597002112429912e-05,1.91602623462677,1.3916770219802856,1.4981374740600586,0.5243491530418396,0.057100892066955566,0.4985238015651703,0.051126353442668915,0.0,0.0,0.00011017455108230934,0.00016526458784937859,22856,0.5,True,0.1,0.15,0.05,0.25,128,5,True,0.05,10,0.25,8,1.0,1.0,0,,,,,,,,,,,,,,,0.04223017394542694,0.023109709843993187,0.009482516823211908,0.5801571850890476,40231,4202419,69345,4242650,69345,43709,38008,4370900,100.0,100.0,0.5278270244598389,0.566827654838562,0.3150244951248169,0.7470179796218872,0.7973177433013916,0.5802581310272217,0.24578556418418884,0.0001009459381741129,0.9998260327037634,43709,5701,97.0658216843213,320.05100923602004,2.501598406000994,0.08153200900414959,3.509233744553647,2.0,2.490766255446353,iou,0.25,0.25,2.0,True,False,False,True,True,0.1,0.35,1.0,10,True,10,20,0.0,0.15,4.0,0.0,20,0.5,True,True
epoch,1783716322.448956,39,1058.3865515729995,9.57637729638583e-05,9.57637729638583e-05,0.0001,9.255443581999669e-06,9.57637729638583e-05,1.9071667194366455,1.3845181465148926,1.493278980255127,0.5226475596427917,0.0567542240023613,0.49531593918800354,0.051372889429330826,0.0,0.0,9.467916970606893e-05,0.0001420179905835539,22856,0.5,True,0.1,0.15,0.05,0.25,128,5,True,0.05,10,0.25,8,1.0,1.0,0,,,,,,,,,,,,,,,0.04732641205191612,0.02656761184334755,0.009459593139509425,0.5819309250847213,40354,4225580,69345,4265934,69345,43709,38008,4370900,100.0,100.0,0.5288806557655334,0.5651639103889465,0.31878072023391724,0.7453334331512451,0.8035763502120972,0.5819597840309143,0.24368014931678772,2.8858946192977797e-05,0.9999504107552019,43709,5701,97.59852661923173,320.91176139900927,2.5293295530136675,0.08064607199048623,3.502311999700154,2.0,2.497688000299846,iou,0.25,0.25,2.0,True,False,False,True,True,0.1,0.35,1.0,10,True,10,20,0.0,0.15,4.0,0.0,20,0.5,True,True
epoch,1783717439.2777119,40,1098.524023631995,9.55526159512701e-05,9.55526159512701e-05,0.0001,9.218784443952433e-06,9.55526159512701e-05,1.908465027809143,1.3854472637176514,1.4943368434906006,0.5230177044868469,0.05696457251906395,0.4952550530433655,0.05143846571445465,0.0,0.0,8.545329183107242e-05,0.0001281727891182527,22856,0.5,True,0.1,0.15,0.05,0.25,128,5,True,0.05,10,0.25,8,1.0,1.0,0,1.3655551671981812,0.055331479758024216,0.48403966426849365,0.053591202944517136,0.0,0.0,6.705830310238525e-05,0.0001005862868623808,5701,0.5,True,True,1.0,1.0,0.04725023731589317,0.02636071667075157,0.009643742094435416,0.5812819958180114,40309,4139500,69345,4179809,69345,43709,38008,4370900,100.0,100.0,0.5286387205123901,0.5674773454666138,0.31927162408828735,0.7460667490959167,0.7987453937530518,0.5813540816307068,0.24466075003147125,7.208581269535497e-05,0.9998760036009497,43709,5701,95.62810862751378,360.926336066972,2.4619374710018747,0.08524292201036587,3.5,2.0,2.5,iou,0.25,0.25,2.0,True,False,False,True,True,0.1,0.35,1.0,10,True,10,20,0.0,0.15,4.0,0.0,20,0.5,True,True
epoch,1783718505.9085991,41,1057.4571747030132,9.533657324228052e-05,9.533657324228052e-05,0.0001,9.181322340716926e-06,9.533657324228052e-05,1.9021294116973877,1.3808276653289795,1.4894450902938843,0.5213052034378052,0.056181829422712326,0.4931485056877136,0.05187210440635681,0.0,0.0,8.733741560718045e-05,0.00013101707736495882,22856,0.5,True,0.1,0.15,0.05,0.25,128,5,True,0.05,10,0.25,8,1.0,1.0,0,,,,,,,,,,,,,,,0.0437922403216362,0.024494774639606476,0.009552442603422518,0.5843247530463624,40520,4201327,69345,4241847,69345,43709,38008,4370900,100.0,100.0,0.5324880480766296,0.5714277029037476,0.31813088059425354,0.7543513178825378,0.8007931113243103,0.5843968391418457,0.25596654415130615,7.208609548325917e-05,0.9998766487245394,43709,5701,97.04745018188474,320.8060126369819,2.484283818048425,0.08105967898154631,3.5,2.0,2.5,iou,0.25,0.25,2.0,True,False,False,True,True,0.1,0.35,1.0,10,True,10,20,0.0,0.15,4.0,0.0,20,0.5,True,True
epoch,1783719574.9772227,42,1060.0224502250203,9.511566852840714e-05,9.511566852840714e-05,0.0001,9.143064575604398e-06,9.511566852840714e-05,1.8992410898208618,1.3789185285568237,1.4866503477096558,0.520326554775238,0.05599915608763695,0.4923855662345886,0.05197163671255112,0.0,0.0,8.573102968512103e-05,0.0001285751350224018,22856,0.5,True,0.1,0.15,0.05,0.25,128,5,True,0.05,10,0.25,8,1.0,1.0,0,,,,,,,,,,,,,,,0.046010423451662064,0.02618146874010563,0.009504898085951913,0.5821039728891773,40366,4206497,69345,4246863,69345,43709,38008,4370900,100.0,100.0,0.5311392545700073,0.5683789849281311,0.3186245560646057,0.752301037311554,0.8033456206321716,0.5822625756263733,0.25283727049827576,0.00015860273719603413,0.9997276095977397,43709,5701,97.16220915600906,322.4641181290499,2.4878424989874475,0.08238412399077788,3.5,2.0,2.5,iou,0.25,0.25,2.0,True,False,False,True,True,0.1,0.35,1.0,10,True,10,20,0.0,0.15,4.0,0.0,20,0.5,True,True
epoch,1783720642.947809,43,1059.0325659450027,9.488992603434123e-05,9.488992603434123e-05,0.0001,9.104018607041961e-06,9.488992603434123e-05,1.8876649141311646,1.3715966939926147,1.4744917154312134,0.516072690486908,0.05582964047789574,0.4907008707523346,0.05103952810168266,0.0,0.0,7.093942986102775e-05,0.00010638037929311395,22856,0.5,True,0.1,0.15,0.05,0.25,128,5,True,0.05,10,0.25,8,1.0,1.0,0,,,,,,,,,,,,,,,0.05303959921002388,0.030525261536240578,0.009417438962142878,0.5834739346744539,40461,4255930,69345,4296391,69345,43709,38008,4370900,100.0,100.0,0.5333573222160339,0.5707367658615112,0.3252972960472107,0.7514951229095459,0.8082918524742126,0.5835171937942505,0.2521306574344635,4.325911979663477e-05,0.9999258648755226,43709,5701,98.29533963256995,322.64581342501333,2.53604328102665,0.08247904002200812,3.5,2.0,2.5,iou,0.25,0.25,2.0,True,False,False,True,True,0.1,0.35,1.0,10,True,10,20,0.0,0.15,4.0,0.0,20,0.5,True,True
epoch,1783721737.8288944,44,1073.6404756759875,9.465937051529114e-05,9.465937051529114e-05,0.0001,9.064192047118552e-06,9.465937051529114e-05,1.8837424516677856,1.3680201768875122,1.4734899997711182,0.5157220959663391,0.05572513863444328,0.4899059236049652,0.05069954693317413,0.0,0.0,8.266004442702979e-05,0.00012400343257468194,22856,0.5,True,0.1,0.15,0.05,0.25,128,5,True,0.05,10,0.25,8,1.0,1.0,0,,,,,,,,,,,,,,,0.051306940615177155,0.02898958884179592,0.009471658295068838,0.585348619222727,40591,4244931,69345,4285522,69345,43709,38008,4370900,100.0,100.0,0.5334646701812744,0.573299765586853,0.32237181067466736,0.7522909045219421,0.8051626086235046,0.5854495763778687,0.2531977891921997,0.0001009571551416899,0.999827556190635,43709,5701,98.04667231005057,335.17764908401296,3.0355955120176077,0.09131750103551894,3.5,2.0,2.5,iou,0.25,0.25,2.0,True,False,False,True,True,0.1,0.35,1.0,10,True,10,20,0.0,0.15,4.0,0.0,20,0.5,True,True
epoch,1783722869.6165047,45,1121.3297837180435,9.442402725426767e-05,9.442402725426767e-05,0.0001,9.02359266010094e-06,9.442402725426767e-05,1.8776766061782837,1.363093376159668,1.470238447189331,0.5145834684371948,0.054685406386852264,0.48540911078453064,0.0523998998105526,0.0,0.0,7.776845450280234e-05,0.00011664129851851612,22856,0.5,True,0.1,0.15,0.05,0.25,128,5,True,0.05,10,0.25,8,1.0,1.0,0,1.3541436195373535,0.054239772260189056,0.47806820273399353,0.05392083153128624,0.0,0.0,5.038936069468036e-05,7.557416392955929e-05,5701,0.5,True,True,1.0,1.0,0.04396219924092293,0.024533841758966446,0.009484316371976878,0.5868195255606028,40693,4249864,69345,4290557,69345,43709,38008,4370900,100.0,100.0,0.5349595546722412,0.5760895609855652,0.3262835443019867,0.7557232975959778,0.804470419883728,0.5868772268295288,0.25784122943878174,5.770126892601368e-05,0.9999016808519939,43709,5701,98.16186597725869,384.3748982499819,3.061278280976694,0.0968868380296044,3.5,2.0,2.5,iou,0.25,0.25,2.0,True,False,False,True,True,0.1,0.35,1.0,10,True,10,20,0.0,0.15,4.0,0.0,20,0.5,True,True
epoch,1783723942.262872,46,1063.1560944230296,9.418392205931145e-05,9.418392205931145e-05,0.0001,8.98222836092007e-06,9.418392205931145e-05,1.8802825212478638,1.3667762279510498,1.467155933380127,0.5135047435760498,0.05449175462126732,0.4863658845424652,0.052899740636348724,0.0,0.0,0.0001392206468153745,0.0002088571054628119,22856,0.5,True,0.1,0.15,0.05,0.25,128,5,True,0.05,10,0.25,8,1.0,1.0,0,,,,,,,,,,,,,,,0.040958285331726074,0.022370118647813797,0.009516899198447852,0.5876703439325114,40752,4241315,69345,4282067,69345,43709,38008,4370900,100.0,100.0,0.5340160727500916,0.5763450264930725,0.31912562251091003,0.7545789480209351,0.8014853000640869,0.5876847505569458,0.2566298842430115,1.4406624434415427e-05,0.9999754857950274,43709,5701,97.96762680454826,321.60316075599985,2.493707407033071,0.08004607202019542,3.5,2.0,2.5,iou,0.25,0.25,2.0,True,False,False,True,True,0.1,0.35,1.0,10,True,10,20,0.0,0.15,4.0,0.0,20,0.5,True,True
epoch,1783725009.8385947,47,1058.489232004038,9.393908126066285e-05,9.393908126066285e-05,0.0001,8.940107213628023e-06,9.393908126066285e-05,1.8610498905181885,1.3500691652297974,1.4599467515945435,0.510981559753418,0.053457457572221756,0.4827703833580017,0.05146374553442001,0.0,0.0,0.00012095944111933932,0.00018140288011636585,22856,0.5,True,0.1,0.15,0.05,0.25,128,5,True,0.05,10,0.25,8,1.0,1.0,0,,,,,,,,,,,,,,,0.04657731205224991,0.026454802602529526,0.009621023211852061,0.5936116518855,41164,4237383,69345,4278547,69345,43709,38008,4370900,100.0,100.0,0.538804292678833,0.5785421133041382,0.33178526163101196,0.7595794200897217,0.8081620931625366,0.5936693549156189,0.2638402283191681,5.77030301188719e-05,0.9999028027476219,43709,5701,97.88709419112769,321.0582518809824,2.488505557004828,0.07984150800621137,3.5,2.0,2.5,iou,0.25,0.25,2.0,True,False,False,True,True,0.1,0.35,1.0,10,True,10,20,0.0,0.15,4.0,0.0,20,0.5,True,True
epoch,1783726076.296709,48,1057.3847472399939,9.368953170787456e-05,9.368953170787456e-05,0.0001,8.897237429825923e-06,9.368953170787456e-05,1.8547987937927246,1.347766637802124,1.4486647844314575,0.5070322155952454,0.05371997132897377,0.4818294942378998,0.05115349963307381,0.0,0.0,0.00011697183072101325,0.00017547182505950332,22856,0.5,True,0.1,0.15,0.05,0.25,128,5,True,0.05,10,0.25,8,1.0,1.0,0,,,,,,,,,,,,,,,0.046692147850990295,0.025311198085546494,0.009616075955631543,0.5940298507462687,41193,4242571,69345,4283764,69345,43709,38008,4370900,100.0,100.0,0.5395318269729614,0.581057608127594,0.33246707916259766,0.7590519189834595,0.8087100982666016,0.5941884517669678,0.2635229527950287,0.00015860102069908955,0.9997330795975125,43709,5701,98.00645176050699,321.07274346397026,2.510075367987156,0.08127798105124384,3.5,2.0,2.5,iou,0.25,0.25,2.0,True,False,False,True,True,0.1,0.35,1.0,10,True,10,20,0.0,0.15,4.0,0.0,20,0.5,True,True
epoch,1783727144.2449436,49,1058.85823655501,9.34353007668672e-05,9.34353007668672e-05,0.0001,8.853627367063064e-06,9.34353007668672e-05,1.8505350351333618,1.3438957929611206,1.4475412368774414,0.5066390633583069,0.05355144292116165,0.47832348942756653,0.052198056131601334,0.0,0.0,9.170125122182071e-05,0.00013755816326010972,22856,0.5,True,0.1,0.15,0.05,0.25,128,5,True,0.05,10,0.25,8,1.0,1.0,0,,,,,,,,,,,,,,,0.0505896657705307,0.028537113219499588,0.00968497624654355,0.5956449635878578,41305,4223548,69345,4264853,69345,43709,38008,4370900,100.0,100.0,0.5404312610626221,0.5817863345146179,0.33366701006889343,0.7597856521606445,0.8102386593818665,0.5957170724868774,0.2647487223148346,7.210889901965167e-05,0.9998789544527932,43709,5701,97.57379487062161,321.315490116016,2.434608149982523,0.07983793399762362,3.5,2.0,2.5,iou,0.25,0.25,2.0,True,False,False,True,True,0.1,0.35,1.0,10,True,10,20,0.0,0.15,4.0,0.0,20,0.5,True,True
epoch,1783728252.8447998,50,1098.1892121739802,9.317641631692839e-05,9.317641631692839e-05,0.0001,8.809285527207592e-06,9.317641631692839e-05,1.8538150787353516,1.3481643199920654,1.4447005987167358,0.5056461095809937,0.05383547022938728,0.48009952902793884,0.052097827196121216,0.0,0.0,6.495115667348728e-05,9.742311522131786e-05,22856,0.5,True,0.1,0.15,0.05,0.25,128,5,True,0.05,10,0.25,8,1.0,1.0,0,1.3401185274124146,0.053453948348760605,0.47368523478507996,0.0537458136677742,0.0,0.0,9.839660924626514e-05,0.0001478455524193123,5701,0.5,True,True,1.0,1.0,0.05021918937563896,0.028345007449388504,0.009766329679397988,0.5952844473285746,41280,4185487,69345,4226767,69345,43709,38008,4370900,100.0,100.0,0.5392243266105652,0.5821492075920105,0.3323766589164734,0.7576359510421753,0.8097627758979797,0.5953853726387024,0.26238372921943665,0.00010092531012784178,0.9998304874208103,43709,5701,96.70244114484431,362.31476174498675,2.451665600994602,0.08530733699444681,3.5,2.0,2.5,iou,0.25,0.25,2.0,True,False,False,True,True,0.1,0.35,1.0,10,True,10,20,0.0,0.15,4.0,0.0,20,0.5,True,True
epoch,1783729322.7165625,51,1059.3353824900114,9.291290674765542e-05,9.291290674765542e-05,0.0001,8.764220554789041e-06,9.291290674765542e-05,1.8408203125,1.338135838508606,1.436248540878296,0.5026878118515015,0.0526692233979702,0.47761285305023193,0.051702093333005905,0.0,0.0,0.0003946803044527769,0.0005922673735767603,22856,0.5,True,0.1,0.15,0.05,0.25,128,5,True,0.05,10,0.25,8,1.0,1.0,0,,,,,,,,,,,,,,,0.04898519814014435,0.027503857389092445,0.009894667204579653,0.5970149253731343,41400,4142672,69345,4184072,69345,43709,38008,4370900,100.0,100.0,0.5423862338066101,0.585765540599823,0.3337480425834656,0.7618196606636047,0.8103828430175781,0.5970581769943237,0.26820966601371765,4.3251621189455136e-05,0.9999275587826179,43709,5701,95.72564002836944,322.0978069650009,2.4382912660366856,0.08067470899550244,3.5,2.0,2.5,iou,0.25,0.25,2.0,True,False,False,True,True,0.1,0.35,1.0,10,True,10,20,0.0,0.15,4.0,0.0,20,0.5,True,True
epoch,1783730390.243692,52,1058.3380187540315,9.264480095584202e-05,9.264480095584202e-05,0.0001,8.718441235313081e-06,9.264480095584202e-05,1.8573377132415771,1.350948452949524,1.4468210935592651,0.5063875913619995,0.054368291050195694,0.4806597828865051,0.05184299871325493,0.0,0.0,0.0006815770757384598,0.0010221495758742094,22856,0.5,True,0.1,0.15,0.05,0.25,128,5,True,0.05,10,0.25,8,1.0,1.0,0,,,,,,,,,,,,,,,0.052371036261320114,0.029553737491369247,0.009802035970847816,0.5989761338236355,41536,4195951,69345,4237487,69345,43709,38008,4370900,100.0,100.0,0.5417401194572449,0.5876328349113464,0.3313206732273102,0.7641109228134155,0.8069507479667664,0.5990338325500488,0.27112263441085815,5.769872641336882e-05,0.9999036803544672,43709,5701,96.94769955844335,321.41564982401906,2.4610580290318467,0.07989778998307884,3.5,2.0,2.5,iou,0.25,0.25,2.0,True,False,False,True,True,0.1,0.35,1.0,10,True,10,20,0.0,0.15,4.0,0.0,20,0.5,True,True
epoch,1783731459.2787228,53,1059.6328559780377,9.237212834230957e-05,9.237212834230957e-05,0.0001,8.671956493548747e-06,9.237212834230957e-05,1.839858055114746,1.3387869596481323,1.4316357374191284,0.5010728240013123,0.05328202620148659,0.47741493582725525,0.051465269178152084,0.0,0.0,0.00014122600259725004,0.00021185987861827016,22856,0.5,True,0.1,0.15,0.05,0.25,128,5,True,0.05,10,0.25,8,1.0,1.0,0,,,,,,,,,,,,,,,0.05080166459083557,0.0283528920263052,0.009765410407360071,0.5998413728459153,41596,4217928,69345,4259524,69345,43709,38008,4370900,100.0,100.0,0.5428648591041565,0.5859040021896362,0.33711186051368713,0.7647841572761536,0.8125026822090149,0.599913477897644,0.27037277817726135,7.210505172872139e-05,0.9998798075816175,43709,5701,97.4518748999062,322.4495849569794,2.4824704990023747,0.08036760002141818,3.5,2.0,2.5,iou,0.25,0.25,2.0,True,False,False,True,True,0.1,0.35,1.0,10,True,10,20,0.0,0.15,4.0,0.0,20,0.5,True,True
epoch,1783732529.2832003,54,1060.4945595530444,9.209491880868288e-05,9.209491880868288e-05,0.0001,8.62477539178855e-06,9.209491880868288e-05,1.8357470035552979,1.3363114595413208,1.4269468784332275,0.4994301199913025,0.05399322882294655,0.4759790897369385,0.0511467345058918,0.0,0.0,0.0001101078451029025,0.00016516564937774092,22856,0.5,True,0.1,0.15,0.05,0.25,128,5,True,0.05,10,0.25,8,1.0,1.0,0,,,,,,,,,,,,,,,0.05759513005614281,0.032110147178173065,0.0097101014690505,0.5981829980532122,41481,4230462,69345,4271943,69345,43709,38008,4370900,100.0,100.0,0.542838990688324,0.5860488414764404,0.3371083438396454,0.7630457282066345,0.8146802186965942,0.5984137058258057,0.26839715242385864,0.00023070777259348585,0.9996144677664508,43709,5701,97.73600402663067,323.39438689203234,2.5056777129648253,0.08205368998460472,3.5,2.0,2.5,iou,0.25,0.25,2.0,True,False,False,True,True,0.1,0.35,1.0,10,True,10,20,0.0,0.15,4.0,0.0,20,0.5,True,True
epoch,1783733646.6908746,55,1098.6860669809976,9.181320275411117e-05,9.181320275411117e-05,0.0001,8.576907128081765e-06,9.181320275411117e-05,1.829159140586853,1.3301390409469604,1.4257590770721436,0.4990164041519165,0.05366333946585655,0.47432219982147217,0.0507984422147274,0.0,0.0,0.00013745312753599137,0.00020617143309209496,22856,0.5,True,0.1,0.15,0.05,0.25,128,5,True,0.05,10,0.25,8,1.0,1.0,0,1.3214071989059448,0.053079038858413696,0.46786555647850037,0.05214550718665123,0.0,0.0,2.9904449547757395e-05,4.4859389163320884e-05,5701,0.5,True,True,1.0,1.0,0.05830075964331627,0.0320669524371624,0.009852520053587896,0.6022784627586704,41765,4197252,69345,4239017,69345,43709,38008,4370900,100.0,100.0,0.5433562397956848,0.5853639245033264,0.34014004468917847,0.7625613212585449,0.8158338665962219,0.6023505926132202,0.2663494050502777,7.212985454985166e-05,0.999880252704265,43709,5701,96.98270379098126,361.9984750300064,2.5012615530285984,0.08513798599597067,3.5,2.0,2.5,iou,0.25,0.25,2.0,True,False,False,True,True,0.1,0.35,1.0,10,True,10,20,0.0,0.15,4.0,0.0,20,0.5,True,True
epoch,1783734725.4753132,56,1059.4018887800048,9.152701107193449e-05,9.152701107193449e-05,0.0001,8.528361034441245e-06,9.152701107193449e-05,1.8209483623504639,1.3239049911499023,1.4201267957687378,0.4970439374446869,0.05182325467467308,0.47267693281173706,0.05131816864013672,0.0,0.0,5.907201557420194e-05,8.860099478624761e-05,22856,0.5,True,0.1,0.15,0.05,0.25,128,5,True,0.05,10,0.25,8,1.0,1.0,0,,,,,,,,,,,,,,,0.05194631963968277,0.02928055450320244,0.009761750423300233,0.6045857668180835,41925,4252899,69345,4294824,69345,43709,38008,4370900,100.0,100.0,0.5468050837516785,0.5905829071998596,0.3424486815929413,0.7674068212509155,0.8152426481246948,0.6047443747520447,0.2774677276611328,0.00015860793396116346,0.9997377273099461,43709,5701,98.25948889244778,322.2654264580342,2.9875847580260597,0.0919761800323613,3.5,2.0,2.5,iou,0.25,0.25,2.0,True,False,False,True,True,0.1,0.35,1.0,10,True,10,20,0.0,0.15,4.0,0.0,20,0.5,True,True
epoch,1783735794.1006088,57,1059.1410489000264,9.123637514629586e-05,9.123637514629586e-05,0.0001,8.479146575024136e-06,9.123637514629586e-05,1.8278264999389648,1.3282448053359985,1.4273732900619507,0.49958205223083496,0.05231177434325218,0.475087970495224,0.05076059326529503,0.0,0.0,7.554427429568022e-05,0.00011333257862133905,22856,0.5,True,0.1,0.15,0.05,0.25,128,5,True,0.05,10,0.25,8,1.0,1.0,0,,,,,,,,,,,,,,,0.04948802292346954,0.027419161051511765,0.009788685027866048,0.5972889177301897,41419,4189895,69345,4231314,69345,43709,38008,4370900,100.0,100.0,0.542759358882904,0.5849215388298035,0.3320232331752777,0.7664229273796082,0.8081620931625366,0.5972889065742493,0.2728387117385864,-1.1155940393692276e-08,1.0000000186776286,43709,5701,96.80647006337368,322.3372483209823,2.486127885989845,0.08118361700326204,3.5,2.0,2.5,iou,0.25,0.25,2.0,True,False,False,True,True,0.1,0.35,1.0,10,True,10,20,0.0,0.15,4.0,0.0,20,0.5,True,True
epoch,1783736861.970925,58,1058.8811198910116,9.09413268486997e-05,9.09413268486997e-05,0.0001,8.429273344286811e-06,9.09413268486997e-05,1.8212332725524902,1.323608160018921,1.4217885732650757,0.49762657284736633,0.051468200981616974,0.472952663898468,0.05117010325193405,0.0,0.0,0.0005258778692223132,0.000789027486462146,22856,0.5,True,0.1,0.15,0.05,0.25,128,5,True,0.05,10,0.25,8,1.0,1.0,0,,,,,,,,,,,,,,,0.05022736266255379,0.027187660336494446,0.01004911841463156,0.6010382868267359,41679,4105849,69345,4147528,69345,43709,38008,4370900,100.0,100.0,0.5463037490844727,0.587628185749054,0.3395835757255554,0.7699593305587769,0.8158627152442932,0.6010671257972717,0.2767755389213562,2.8838970535849384e-05,0.9999520203829187,43709,5701,94.88956507813036,323.64701506099664,2.4378386460011825,0.08052846597274765,3.5,2.0,2.5,iou,0.25,0.25,2.0,True,False,False,True,True,0.1,0.35,1.0,10,True,10,20,0.0,0.15,4.0,0.0,20,0.5,True,True
epoch,1783737930.262226,59,1059.0899383070064,9.064189853451673e-05,9.064189853451673e-05,0.0001,8.378751065114426e-06,9.064189853451673e-05,1.8157925605773926,1.3200995922088623,1.4162708520889282,0.4956957697868347,0.05195058137178421,0.4725809395313263,0.049994438886642456,0.0,0.0,0.0005644476041197777,0.0008465960854664445,22856,0.5,True,0.1,0.15,0.05,0.25,128,5,True,0.05,10,0.25,8,1.0,1.0,0,,,,,,,,,,,,,,,0.05687250196933746,0.03104241192340851,0.010105291170278679,0.6089263825798543,42226,4136377,69345,4178603,69345,43709,38008,4370900,100.0,100.0,0.5491441488265991,0.5941385626792908,0.3449195325374603,0.7676475048065186,0.8193813562393188,0.6089984774589539,0.2761842906475067,7.209487909953793e-05,0.9998816173081412,43709,5701,95.6005170559839,323.0747316859779,2.6490790029638447,0.08049190801102668,3.5,2.0,2.5,iou,0.25,0.25,2.0,True,False,False,True,True,0.1,0.35,1.0,10,True,10,20,0.0,0.15,4.0,0.0,20,0.5,True,True
epoch,1783739037.64795,60,1098.2337179190363,9.033812303943587e-05,9.033812303943587e-05,0.0001,8.327589586925405e-06,9.033812303943587e-05,1.8131353855133057,1.3171370029449463,1.4171441793441772,0.49600091576576233,0.051687803119421005,0.4705789089202881,0.05074763670563698,0.0,0.0,0.0003913224791176617,0.0005869650049135089,22856,0.5,True,0.1,0.15,0.05,0.25,128,5,True,0.05,10,0.25,8,1.0,1.0,0,1.3033000230789185,0.05079949274659157,0.46090230345726013,0.053008534014225006,0.0,0.0,6.628759729210287e-05,9.949575178325176e-05,5701,0.5,True,True,1.0,1.0,0.05677219107747078,0.03141365200281143,0.009912908569812662,0.6101521378614175,42311,4225962,69345,4268273,69345,43709,38008,4370900,100.0,100.0,0.5501007437705994,0.595673143863678,0.3478044271469116,0.7695205807685852,0.819972574710846,0.6101665496826172,0.2795298993587494,1.4411821199655783e-05,0.9999763805124894,43709,5701,97.65203962570638,361.6610642579617,2.50666606600862,0.08574713300913572,3.5,2.0,2.5,iou,0.25,0.25,2.0,True,False,False,True,True,0.1,0.35,1.0,10,True,10,20,0.0,0.15,4.0,0.0,20,0.5,True,True
epoch,1783740108.2147758,61,1059.703128263005,9.003003367586338e-05,9.003003367586338e-05,0.0001,8.275798883751296e-06,9.003003367586338e-05,1.8032413721084595,1.309950351715088,1.4093945026397705,0.493287056684494,0.05056149140000343,0.4669092297554016,0.051546767354011536,0.0,0.0,0.0006491518579423428,0.0009738560183905065,22856,0.5,True,0.1,0.15,0.05,0.25,128,5,True,0.05,10,0.25,8,1.0,1.0,0,,,,,,,,,,,,,,,0.055712372064590454,0.031584855169057846,0.010036690967474176,0.612733434277886,42490,4190977,69345,4233467,69345,43709,38008,4370900,100.0,100.0,0.5517337918281555,0.596063494682312,0.34827762842178345,0.7710663080215454,0.8200302720069885,0.6128920316696167,0.28255823254585266,0.0001585973917307415,0.999741231108359,43709,5701,96.8557276533437,322.06940104899695,2.473984748008661,0.08066752296872437,3.5,2.0,2.5,iou,0.25,0.25,2.0,True,False,False,True,True,0.1,0.35,1.0,10,True,10,20,0.0,0.15,4.0,0.0,20,0.5,True,True
epoch,1783741176.1914818,62,1058.8927509920322,8.971766422926983e-05,8.971766422926983e-05,0.0001,8.223389052292297e-06,8.971766422926983e-05,1.8094122409820557,1.3140817880630493,1.415221929550171,0.4953276216983795,0.051361750811338425,0.4680154025554657,0.05150267854332924,0.0,0.0,0.00011392956366762519,0.00017083808779716492,22856,0.5,True,0.1,0.15,0.05,0.25,128,5,True,0.05,10,0.25,8,1.0,1.0,0,,,,,,,,,,,,,,,0.055318232625722885,0.03245847299695015,0.009937536962991062,0.6082053500612877,42176,4201934,69345,4244110,69345,43709,38008,4370900,100.0,100.0,0.5517585873603821,0.5974090695381165,0.3437025845050812,0.777229368686676,0.8168144822120667,0.6082630157470703,0.2907058894634247,5.766568578258191e-05,0.9999051961334329,43709,5701,97.09922441602416,321.88234117702814,2.493877773056738,0.08093997999094427,3.5,2.0,2.5,iou,0.25,0.25,2.0,True,False,False,True,True,0.1,0.35,1.0,10,True,10,20,0.0,0.15,4.0,0.0,20,0.5,True,True
epoch,1783742242.9017754,63,1056.5082795050112,8.940104895448513e-05,8.940104895448513e-05,0.0001,8.170370309948898e-06,8.940104895448513e-05,1.8204052448272705,1.326602578163147,1.4108586311340332,0.49380022287368774,0.05122430622577667,0.4697125554084778,0.05358998477458954,0.0,0.0,0.00012125026114517823,0.00018184912914875895,22856,0.5,True,0.1,0.15,0.05,0.25,128,5,True,0.05,10,0.25,8,1.0,1.0,0,,,,,,,,,,,,,,,0.05140681937336922,0.03113611415028572,0.010019392910351485,0.6075852620953205,42133,4163012,69345,4205145,69345,43709,38008,4370900,100.0,100.0,0.550167977809906,0.5972854495048523,0.33836281299591064,0.7773472666740417,0.8111760020256042,0.6076573729515076,0.29132598638534546,7.21108561870798e-05,0.999881329743706,43709,5701,96.20776041547508,319.960527640942,2.4284127150312997,0.08015828899806365,3.5,2.0,2.5,iou,0.25,0.25,2.0,True,False,False,True,True,0.1,0.35,1.0,10,True,10,20,0.0,0.15,4.0,0.0,20,0.5,True,True
epoch,1783743310.5258195,64,1058.4078822309966,8.908022257194207e-05,8.908022257194207e-05,0.0001,8.116752992829967e-06,8.908022257194207e-05,1.8068698644638062,1.3145055770874023,1.406757116317749,0.4923640489578247,0.05086660385131836,0.4660869240760803,0.052915677428245544,0.0,0.0,0.00016787958156783134,0.0002517814573366195,22856,0.5,True,0.1,0.15,0.05,0.25,128,5,True,0.05,10,0.25,8,1.0,1.0,0,,,,,,,,,,,,,,,0.05181097239255905,0.030540144070982933,0.009995937652456675,0.6074843175427211,42126,4172186,69345,4214312,69345,43709,38008,4370900,100.0,100.0,0.5518646240234375,0.5989785194396973,0.34337735176086426,0.7777612209320068,0.8153002858161926,0.6076573729515076,0.29542145133018494,0.00017305540878642667,0.9997152089047388,43709,5701,96.41748838911894,321.55199523596093,2.4660866589983925,0.08016460202634335,3.5,2.0,2.5,iou,0.25,0.25,2.0,True,False,False,True,True,0.1,0.35,1.0,10,True,10,20,0.0,0.15,4.0,0.0,20,0.5,True,True
epoch,1783744418.889708,65,1099.1481089500012,8.87552202638689e-05,8.87552202638689e-05,0.0001,8.062547553737716e-06,8.87552202638689e-05,1.790547251701355,1.3015679121017456,1.3970814943313599,0.48897841572761536,0.04996233806014061,0.4622677266597748,0.05249485746026039,0.0,0.0,0.00015561231703031808,0.00023345598310697824,22856,0.5,True,0.1,0.15,0.05,0.25,128,5,True,0.05,10,0.25,8,1.0,1.0,0,1.2998789548873901,0.05024558678269386,0.45631369948387146,0.054658111184835434,0.0,0.0,0.00019530444114934653,0.0002933102659881115,5701,0.5,True,True,1.0,1.0,0.05145348608493805,0.02930302359163761,0.01010366013053358,0.6164539620736895,42748,4188194,69345,4230942,69345,43709,38008,4370900,100.0,100.0,0.5546084046363831,0.603990375995636,0.3473683297634125,0.7776016592979431,0.8183863162994385,0.6165549159049988,0.2928978204727173,0.00010095383130925839,0.9998362614120738,43709,5701,96.79795923036446,361.561215351976,2.4643868720158935,0.0842294649919495,3.5,2.0,2.5,iou,0.25,0.25,2.0,True,False,False,True,True,0.1,0.35,1.0,10,True,10,20,0.0,0.15,4.0,0.0,20,0.5,True,True
epoch,1783745486.357285,66,1058.0331800929853,8.842607767043112e-05,8.842607767043112e-05,0.0001,8.007764560129898e-06,8.842607767043112e-05,1.7834428548812866,1.2979793548583984,1.387036919593811,0.48546385765075684,0.04931919649243355,0.45881909132003784,0.053942494094371796,0.0,0.0,9.006920299725607e-05,0.00013505607785191387,22856,0.5,True,0.1,0.15,0.05,0.25,128,5,True,0.05,10,0.25,8,1.0,1.0,0,,,,,,,,,,,,,,,0.04974793642759323,0.029206085950136185,0.010089940265048685,0.618040233614536,42858,4204739,69345,4247597,69345,43709,38008,4370900,100.0,100.0,0.5559923052787781,0.6061175465583801,0.3491918742656708,0.7791246175765991,0.8191362023353577,0.6180402040481567,0.2933448553085327,-2.9566379233791906e-08,1.0000000478389255,43709,5701,97.17900203619392,320.873583668028,2.4997353950166143,0.08121478604152799,3.5,2.0,2.5,iou,0.25,0.25,2.0,True,False,False,True,True,0.1,0.35,1.0,10,True,10,20,0.0,0.15,4.0,0.0,20,0.5,True,True
epoch,1783746554.8422089,67,1059.2144808169687,8.809283088582323e-05,8.809283088582323e-05,0.0001,7.95241469205966e-06,8.809283088582323e-05,1.8115460872650146,1.3197072744369507,1.4052473306655884,0.491836816072464,0.05103638395667076,0.46974143385887146,0.051934052258729935,0.0,0.0,5.328716360963881e-05,7.995808846317232e-05,22856,0.5,True,0.1,0.15,0.05,0.25,128,5,True,0.05,10,0.25,8,1.0,1.0,0,,,,,,,,,,,,,,,0.04951263964176178,0.029926788061857224,0.010065260012445955,0.6073689523397505,42118,4142374,69345,4184492,69345,43709,38008,4370900,100.0,100.0,0.5496134757995605,0.5942018628120422,0.342172771692276,0.7752335667610168,0.8154012560844421,0.607469916343689,0.28847068548202515,0.00010096400393844185,0.9998337958782451,43709,5701,95.73524903337986,321.56243321398506,2.4487804559757933,0.08080905099632218,3.5,2.0,2.5,iou,0.25,0.25,2.0,True,False,False,True,True,0.1,0.35,1.0,10,True,10,20,0.0,0.15,4.0,0.0,20,0.5,True,True
epoch,1783747620.0700998,68,1056.069607403013,8.77555164543105e-05,8.77555164543105e-05,0.0001,7.896508740093457e-06,8.77555164543105e-05,1.7797850370407104,1.2938915491104126,1.3882653713226318,0.4858939051628113,0.04975492134690285,0.4593349099159241,0.05240808427333832,0.0,0.0,6.682334787910804e-05,0.00010025199298979715,22856,0.5,True,0.1,0.15,0.05,0.25,128,5,True,0.05,10,0.25,8,1.0,1.0,0,,,,,,,,,,,,,,,0.0532902367413044,0.030931323766708374,0.010094027657079375,0.6174057249981975,42814,4198704,69345,4241518,69345,43709,38008,4370900,100.0,100.0,0.5554049015045166,0.5981616377830505,0.35457730293273926,0.7751816511154175,0.8218328356742859,0.6174778342247009,0.2905905246734619,7.210922650346951e-05,0.9998832197327472,43709,5701,97.03992312795992,321.48723362898454,2.466052414965816,0.08117416698951274,3.5,2.0,2.5,iou,0.25,0.25,2.0,True,False,False,True,True,0.1,0.35,1.0,10,True,10,20,0.0,0.15,4.0,0.0,20,0.5,True,True
epoch,1783748685.5351214,69,1056.1571252410067,8.741417136622152e-05,8.741417136622152e-05,0.0001,7.840057603207392e-06,8.741417136622152e-05,1.7665457725524902,1.2851125001907349,1.3755236864089966,0.48143231868743896,0.048601049929857254,0.4559635519981384,0.05257086083292961,0.0,0.0,3.880287840729579e-05,5.819707075715996e-05,22856,0.5,True,0.1,0.15,0.05,0.25,128,5,True,0.05,10,0.25,8,1.0,1.0,0,,,,,,,,,,,,,,,0.05117174983024597,0.030284587293863297,0.01012077689109639,0.6211839353954863,43076,4213119,69345,4256195,69345,43709,38008,4370900,100.0,100.0,0.557632327079773,0.6044405698776245,0.35498982667922974,0.7822172045707703,0.8210108876228333,0.6212416291236877,0.29862281680107117,5.7693728201413386e-05,0.9999071315805369,43709,5701,97.37571209590702,320.5301894050208,2.48054078000132,0.07998119696276262,3.5,2.0,2.5,iou,0.25,0.25,2.0,True,False,False,True,True,0.1,0.35,1.0,10,True,10,20,0.0,0.15,4.0,0.0,20,0.5,True,True
epoch,1783749793.6570137,70,1098.721073555993,8.706883305389183e-05,8.706883305389183e-05,0.0001,7.783072286662455e-06,8.706883305389183e-05,1.7508633136749268,1.2744919061660767,1.3610652685165405,0.47637221217155457,0.04722817614674568,0.45120054483413696,0.05342146381735802,0.0,0.0,4.876489765592851e-05,7.315380935324356e-05,22856,0.5,True,0.1,0.15,0.05,0.25,128,5,True,0.05,10,0.25,8,1.0,1.0,0,1.2867801189422607,0.04908621311187744,0.45029622316360474,0.05518791452050209,0.0,0.0,1.4529162399412598e-05,2.1770620151073672e-05,5701,0.5,True,True,1.0,1.0,0.0521460622549057,0.030865222215652466,0.010070118984509959,0.6248467805898046,43330,4259499,69345,4302829,69345,43709,38008,4370900,100.0,100.0,0.5609405636787415,0.6082226634025574,0.3585941195487976,0.7860034108161926,0.8220492005348206,0.6249909996986389,0.30514097213745117,0.00014421910883433142,0.9997692461028976,43709,5701,98.44263195222952,362.7793841789826,2.5183063140138984,0.08534550602780655,3.5,2.0,2.5,iou,0.25,0.25,2.0,True,False,False,True,True,0.1,0.35,1.0,10,True,10,20,0.0,0.15,4.0,0.0,20,0.5,True,True
epoch,1783750862.9450626,71,1059.804322003969,8.671953938755897e-05,8.671953938755897e-05,0.0001,7.725563899859017e-06,8.671953938755897e-05,1.7574923038482666,1.278556227684021,1.3683942556381226,0.4789382219314575,0.0482509508728981,0.4538131058216095,0.05221382528543472,0.0,0.0,0.00021152893896214664,0.00031718373065814376,22856,0.5,True,0.1,0.15,0.05,0.25,128,5,True,0.05,10,0.25,8,1.0,1.0,0,,,,,,,,,,,,,,,0.05227106437087059,0.030323943123221397,0.010180004298694353,0.6242699545749514,43290,4209164,69345,4252454,69345,43709,38008,4370900,100.0,100.0,0.5600365400314331,0.6069414615631104,0.3555557131767273,0.7836690545082092,0.823981523513794,0.624399721622467,0.299704372882843,0.00012976704751566093,0.9997921731176009,43709,5701,97.2901233155643,323.0668994820444,2.485535993007943,0.08134920097654685,3.5,2.0,2.5,iou,0.25,0.25,2.0,True,False,False,True,True,0.1,0.35,1.0,10,True,10,20,0.0,0.15,4.0,0.0,20,0.5,True,True
epoch,1783751931.0742745,72,1056.6733912960044,8.636632867120965e-05,8.636632867120965e-05,0.0001,7.667543654171031e-06,8.636632867120965e-05,1.7628685235977173,1.2820496559143066,1.3737763166427612,0.4808216691017151,0.048530880361795425,0.45427319407463074,0.052610382437705994,0.0,0.0,0.00013505795504897833,0.00020265717466827482,22856,0.5,True,0.1,0.15,0.05,0.25,128,5,True,0.05,10,0.25,8,1.0,1.0,0,,,,,,,,,,,,,,,0.05162530019879341,0.030010085552930832,0.01007868189749383,0.6152282067921263,42663,4190331,69345,4232994,69345,43709,38008,4370900,100.0,100.0,0.5568983554840088,0.6024085283279419,0.34963053464889526,0.7839348316192627,0.8195111155509949,0.6154156923294067,0.2997332215309143,0.0001874855372804296,0.999695351386685,43709,5701,96.84490608341531,321.7703583210241,2.47342448704876,0.08102120703551918,3.5,2.0,2.5,iou,0.25,0.25,2.0,True,False,False,True,True,0.1,0.35,1.0,10,True,10,20,0.0,0.15,4.0,0.0,20,0.5,True,True
epoch,1783753007.2304718,73,1066.6808512600255,8.600923963837922e-05,8.600923963837922e-05,0.0001,7.609022860760356e-06,8.600923963837922e-05,1.7492902278900146,1.2715144157409668,1.365079641342163,0.4777786135673523,0.047602612525224686,0.4504854679107666,0.05279671400785446,0.0,0.0,2.8071837732568383e-05,4.2097475670743734e-05,22856,0.5,True,0.1,0.15,0.05,0.25,128,5,True,0.05,10,0.25,8,1.0,1.0,0,,,,,,,,,,,,,,,0.05436756834387779,0.03188162297010422,0.010171413820173128,0.6238805970149254,43263,4210128,69345,4253391,69345,43709,38008,4370900,100.0,100.0,0.5623982548713684,0.6095299124717712,0.3634263277053833,0.7874542474746704,0.8261590600013733,0.6239094138145447,0.3051265478134155,2.881679961930228e-05,0.999953812526336,43709,5701,97.31156054817086,321.88187978300266,2.5067869769991376,0.08085638197371736,3.5,2.0,2.5,iou,0.25,0.25,2.0,True,False,False,True,True,0.1,0.35,1.0,10,True,10,20,0.0,0.15,4.0,0.0,20,0.5,True,True
epoch,1783754074.1057894,74,1058.7928592550452,8.564831144790417e-05,8.564831144790417e-05,0.0001,7.550012928371619e-06,8.564831144790417e-05,1.7433388233184814,1.2668073177337646,1.361531138420105,0.47653454542160034,0.047223325818777084,0.44790199398994446,0.05341207608580589,0.0,0.0,2.307134673174005e-05,3.460329753579572e-05,22856,0.5,True,0.1,0.15,0.05,0.25,128,5,True,0.05,10,0.25,8,1.0,1.0,0,,,,,,,,,,,,,,,0.05298462137579918,0.03048894740641117,0.010062012439864565,0.6211406734443723,43073,4237681,69345,4280754,69345,43709,38008,4370900,100.0,100.0,0.5605233311653137,0.6081709265708923,0.3554843068122864,0.7866392731666565,0.8214723467826843,0.6213858127593994,0.30675607919692993,0.00024513931502712083,0.9996054957966637,43709,5701,97.93758722459906,322.81298251100816,2.5098280370002612,0.08031663700239733,3.5,2.0,2.5,iou,0.25,0.25,2.0,True,False,False,True,True,0.1,0.35,1.0,10,True,10,20,0.0,0.15,4.0,0.0,20,0.5,True,True
epoch,1783755181.6534514,75,1097.9466799420188,8.52835836796279e-05,8.52835836796279e-05,0.0001,7.490525361108059e-06,8.52835836796279e-05,1.736315131187439,1.261752963066101,1.3558924198150635,0.47456175088882446,0.0472642257809639,0.44808802008628845,0.05211342126131058,0.0,0.0,2.6096442525158636e-05,3.9140330045484006e-05,22856,0.5,True,0.1,0.15,0.05,0.25,128,5,True,0.05,10,0.25,8,1.0,1.0,0,1.2769739627838135,0.049239106476306915,0.44784167408943176,0.054122623056173325,0.0,0.0,1.426872859155992e-05,2.1390922483988106e-05,5701,0.5,True,True,1.0,1.0,0.05799796059727669,0.033866193145513535,0.010184395384726999,0.6255245511572572,43377,4215786,69345,4259163,69345,43709,38008,4370900,100.0,100.0,0.5633047223091125,0.6119760870933533,0.3561561405658722,0.7896046042442322,0.8255822062492371,0.6256976127624512,0.30838561058044434,0.00017306160519392488,0.9997234101558581,43709,5701,97.44361573131391,361.81136118102586,2.5178613790194504,0.0873003689921461,3.5,2.0,2.5,iou,0.25,0.25,2.0,True,False,False,True,True,0.1,0.35,1.0,10,True,10,20,0.0,0.15,4.0,0.0,20,0.5,True,True
epoch,1783756248.442581,76,1058.3375658040168,8.491509633006026e-05,8.491509633006026e-05,0.0001,7.430571756188786e-06,8.491509633006026e-05,1.739916443824768,1.265201449394226,1.3563423156738281,0.4747188985347748,0.047461047768592834,0.447964608669281,0.05278288573026657,0.0,0.0,2.8824333639931865e-05,4.323250686866231e-05,22856,0.5,True,0.1,0.15,0.05,0.25,128,5,True,0.05,10,0.25,8,1.0,1.0,0,,,,,,,,,,,,,,,0.05819236859679222,0.033187977969646454,0.01024930400036586,0.6237508111615834,43254,4176935,69345,4220189,69345,43709,38008,4370900,100.0,100.0,0.5597994923591614,0.6117572784423828,0.3504154682159424,0.7845697402954102,0.8207513093948364,0.6237940788269043,0.3044631779193878,4.3267665320922966e-05,0.9999306379031325,43709,5701,96.55194582351461,321.63185216201236,2.4834130149683915,0.079819910984952,3.5,2.0,2.5,iou,0.25,0.25,2.0,True,False,False,True,True,0.1,0.35,1.0,10,True,10,20,0.0,0.15,4.0,0.0,20,0.5,True,True
epoch,1783757314.8381662,77,1058.2459194380208,8.454288980799164e-05,8.454288980799164e-05,0.0001,7.370163801687867e-06,8.454288980799164e-05,1.7335927486419678,1.2609200477600098,1.350501298904419,0.4726746380329132,0.04702504351735115,0.4468277394771576,0.05267459899187088,0.0,0.0,3.7330653867684305e-05,5.6011420383583754e-05,22856,0.5,True,0.1,0.15,0.05,0.25,128,5,True,0.05,10,0.25,8,1.0,1.0,0,,,,,,,,,,,,,,,0.06356939673423767,0.03698697313666344,0.010291099513239232,0.6249765664431466,43339,4167970,69345,4211309,69345,43709,38008,4370900,100.0,100.0,0.5608575344085693,0.6153253316879272,0.3539508879184723,0.785099983215332,0.8227846026420593,0.6252505779266357,0.3046506643295288,0.00027401148348915605,0.9995617573287212,43709,5701,96.34878400329451,322.6118700169609,2.489129511057399,0.08236453402787447,3.5,2.0,2.5,iou,0.25,0.25,2.0,True,False,False,True,True,0.1,0.35,1.0,10,True,10,20,0.0,0.15,4.0,0.0,20,0.5,True,True
epoch,1783758391.424514,78,1060.5389092360274,8.416700493006156e-05,8.416700493006156e-05,0.0001,7.309313274255727e-06,8.416700493006156e-05,1.723795771598816,1.2523714303970337,1.3469189405441284,0.47142094373703003,0.04626902937889099,0.4438498318195343,0.05260806903243065,0.0,0.0,3.8466321711894125e-05,5.768367918790318e-05,22856,0.5,True,0.1,0.15,0.05,0.25,128,5,True,0.05,10,0.25,8,1.0,1.0,0,,,,,,,,,,,,,,,0.05822402611374855,0.03378750756382942,0.010435030280869237,0.6329367654481217,43891,4162230,69345,4206121,69345,43709,38008,4370900,100.0,100.0,0.5653186440467834,0.6157503724098206,0.3658543527126312,0.7848189473152161,0.8298795819282532,0.6330809593200684,0.3039873242378235,0.00014419387194664068,0.9997722347042288,43709,5701,96.2300899128326,324.271951087052,2.540787398989778,0.0884484649868682,3.5,2.0,2.5,iou,0.25,0.25,2.0,True,False,False,True,True,0.1,0.35,1.0,10,True,10,20,0.0,0.15,4.0,0.0,20,0.5,True,True
epoch,1783759456.9337268,79,1059.153929856955,8.378748291628273e-05,8.378748291628273e-05,0.0001,7.2480320368232555e-06,8.378748291628273e-05,1.7153074741363525,1.2472548484802246,1.3372845649719238,0.46805065870285034,0.044988907873630524,0.4389972686767578,0.05478573217988014,0.0,0.0,2.6884627004619688e-05,4.033179357065819e-05,22856,0.5,True,0.1,0.15,0.05,0.25,128,5,True,0.05,10,0.25,8,1.0,1.0,0,,,,,,,,,,,,,,,0.053818993270397186,0.03219279646873474,0.010396688325447549,0.6332684404066623,43914,4179931,69345,4223845,69345,43709,38008,4370900,100.0,100.0,0.5678690075874329,0.6185991168022156,0.36970260739326477,0.7916613817214966,0.8289710879325867,0.6332972645759583,0.31359145045280457,2.8824169295948998e-05,0.9999544855616656,43709,5701,96.63558992427188,321.332078189007,2.8992067969520576,0.08963205700274557,3.5,2.0,2.5,iou,0.25,0.25,2.0,True,False,False,True,True,0.1,0.35,1.0,10,True,10,20,0.0,0.15,4.0,0.0,20,0.5,True,True
epoch,1783760568.1786296,80,1099.657843694964,8.340436538552078e-05,8.340436538552078e-05,0.0001,7.1863320362891125e-06,8.340436538552078e-05,1.711504340171814,1.243105173110962,1.3382656574249268,0.4683932065963745,0.045428015291690826,0.4390546977519989,0.053372327238321304,0.0,0.0,2.4309278160217218e-05,3.6457935493672267e-05,22856,0.5,True,0.1,0.15,0.05,0.25,128,5,True,0.05,10,0.25,8,1.0,1.0,0,1.266073226928711,0.04746602848172188,0.4433782398700714,0.05484255775809288,0.0,0.0,2.8360504074953496e-05,4.251839709468186e-05,5701,0.5,True,True,1.0,1.0,0.06000016629695892,0.0357312336564064,0.010387761145612701,0.6307880885427933,43742,4167175,69345,4210917,69345,43709,38008,4370900,100.0,100.0,0.5667215585708618,0.6158502101898193,0.3654170632362366,0.790707528591156,0.8304275870323181,0.6310188174247742,0.312538743019104,0.00023072888198083508,0.9996343549897253,43709,5701,96.33981559861813,362.5295875740121,2.4806688419776037,0.08540699200239033,3.5,2.0,2.5,iou,0.25,0.25,2.0,True,False,False,True,True,0.1,0.35,1.0,10,True,10,20,0.0,0.15,4.0,0.0,20,0.5,True,True
epoch,1783761633.5080502,81,1057.8955925769988,8.30176943509303e-05,8.30176943509303e-05,0.0001,7.124225301190655e-06,8.30176943509303e-05,1.7046958208084106,1.2378939390182495,1.3337182998657227,0.4668016731739044,0.04502953216433525,0.43853357434272766,0.0526910275220871,0.0,0.0,2.430225686111953e-05,3.6458386603044346e-05,22856,0.5,True,0.1,0.15,0.05,0.25,128,5,True,0.05,10,0.25,8,1.0,1.0,0,,,,,,,,,,,,,,,0.058745693415403366,0.034019872546195984,0.010532479910225321,0.6323455187828971,43850,4119462,69345,4163312,69345,43709,38008,4370900,100.0,100.0,0.567176103591919,0.61534583568573,0.3682616949081421,0.7871729135513306,0.8347970247268677,0.6324464678764343,0.3076789975166321,0.00010094909353719483,0.9998403831807676,43709,5701,95.2506806378549,321.5908810539986,2.434406421962194,0.07950041099684313,3.5,2.0,2.5,iou,0.25,0.25,2.0,True,False,False,True,True,0.1,0.35,1.0,10,True,10,20,0.0,0.15,4.0,0.0,20,0.5,True,True
epoch,1783762705.2665753,82,1061.0109296389855,8.262751221534762e-05,8.262751221534762e-05,0.0001,7.061723939358947e-06,8.262751221534762e-05,1.7120009660720825,1.245558500289917,1.332693338394165,0.46644240617752075,0.045476749539375305,0.44022098183631897,0.05336732789874077,0.0,0.0,1.9579721993068233e-05,2.9373859433690086e-05,22856,0.5,True,0.1,0.15,0.05,0.25,128,5,True,0.05,10,0.25,8,1.0,1.0,0,,,,,,,,,,,,,,,0.0558343343436718,0.0329442135989666,0.010514333927492332,0.6383156680366284,44264,4165608,69345,4209872,69345,43709,38008,4370900,100.0,100.0,0.5688597559928894,0.6212732791900635,0.3668114244937897,0.7927852272987366,0.8283510208129883,0.6383156776428223,0.3176436722278595,9.606193840383526e-09,0.9999999849507161,43709,5701,96.3159074790089,323.96324498800095,2.4750847470131703,0.08002885099267587,3.5,2.0,2.5,iou,0.25,0.25,2.0,True,False,False,True,True,0.1,0.35,1.0,10,True,10,20,0.0,0.15,4.0,0.0,20,0.5,True,True
epoch,1783763772.5812364,83,1057.7235088859452,8.223386176664086e-05,8.223386176664086e-05,0.0001,6.998840135558318e-06,8.223386176664086e-05,1.7024608850479126,1.2363346815109253,1.3317997455596924,0.4661310315132141,0.045273199677467346,0.4371834397315979,0.05282188579440117,0.0,0.0,2.9831579013261944e-05,4.4745695049641654e-05,22856,0.5,True,0.1,0.15,0.05,0.25,128,5,True,0.05,10,0.25,8,1.0,1.0,0,,,,,,,,,,,,,,,0.0603833869099617,0.03627381846308708,0.010477018964281567,0.6389645973033384,44309,4184852,69345,4229161,69345,43709,38008,4370900,100.0,100.0,0.5707982778549194,0.6228975653648376,0.37006017565727234,0.7974162101745605,0.8301824331283569,0.6391664743423462,0.32062873244285583,0.00020187703900775844,0.9996841557761372,43709,5701,96.75721247340364,320.97386438195826,2.4579171629738994,0.08080716099357232,3.5,2.0,2.5,iou,0.25,0.25,2.0,True,False,False,True,True,0.1,0.35,1.0,10,True,10,20,0.0,0.15,4.0,0.0,20,0.5,True,True
epoch,1783764839.0443048,84,1058.119873224001,8.183678617301775e-05,8.183678617301775e-05,0.0001,6.935586149110915e-06,8.183678617301775e-05,1.698436975479126,1.2343838214874268,1.3258692026138306,0.4640534818172455,0.04517112672328949,0.43755200505256653,0.05212223902344704,0.0,0.0,3.8943679101066664e-05,5.8411536883795634e-05,22856,0.5,True,0.1,0.15,0.05,0.25,128,5,True,0.05,10,0.25,8,1.0,1.0,0,,,,,,,,,,,,,,,0.06323468685150146,0.03802630305290222,0.010427998969654824,0.6375081116158339,44208,4195148,69345,4239356,69345,43709,38008,4370900,100.0,100.0,0.5705372095108032,0.6226541996002197,0.37114208936691284,0.7948994040489197,0.8340327143669128,0.6375080943107605,0.31972023844718933,-1.7305073374274116e-08,1.0000000271448686,43709,5701,96.99045963073966,321.8472521749791,2.479360348021146,0.07973312499234453,3.5,2.0,2.5,iou,0.25,0.25,2.0,True,False,False,True,True,0.1,0.35,1.0,10,True,10,20,0.0,0.15,4.0,0.0,20,0.5,True,True
epoch,1783765946.5014741,85,1097.575003060978,8.143632897829178e-05,8.143632897829178e-05,0.0001,6.871974311506729e-06,8.143632897829178e-05,1.6909983158111572,1.2276716232299805,1.323790431022644,0.46332675218582153,0.044498004019260406,0.43551701307296753,0.052097123116254807,0.0,0.0,4.2301984649384394e-05,6.343653512885794e-05,22856,0.5,True,0.1,0.15,0.05,0.25,128,5,True,0.05,10,0.25,8,1.0,1.0,0,1.2484372854232788,0.046962134540081024,0.43761494755744934,0.05381760373711586,0.0,0.0,5.8071054809261113e-05,8.704415813554078e-05,5701,0.5,True,True,1.0,1.0,0.059472985565662384,0.03429538011550903,0.010614664814574694,0.6410123296560675,44451,4143246,69345,4187697,69345,43709,38008,4370900,100.0,100.0,0.5714466571807861,0.6235354542732239,0.37664124369621277,0.790546178817749,0.8355901837348938,0.6410411596298218,0.312726229429245,2.8829973754307403e-05,0.9999550263297119,43709,5701,95.80857489304262,361.1464458479895,2.4418498579761945,0.0862727839848958,3.5,2.0,2.5,iou,0.25,0.25,2.0,True,False,False,True,True,0.1,0.35,1.0,10,True,10,20,0.0,0.15,4.0,0.0,20,0.5,True,True
epoch,1783767014.6558602,86,1058.7093347730115,8.103253409710708e-05,8.103253409710708e-05,0.0001,6.80801702399954e-06,8.103253409710708e-05,1.6861851215362549,1.224698781967163,1.318528175354004,0.46148496866226196,0.04394885152578354,0.4327806532382965,0.05314843729138374,0.0,0.0,6.0947237216169015e-05,9.141624468611553e-05,22856,0.5,True,0.1,0.15,0.05,0.25,128,5,True,0.05,10,0.25,8,1.0,1.0,0,,,,,,,,,,,,,,,0.06031224504113197,0.03540976345539093,0.010661362163321782,0.6421227197346601,44528,4132049,69345,4176577,69345,43709,38008,4370900,100.0,100.0,0.5739385485649109,0.6270492076873779,0.37646710872650146,0.7957266569137573,0.8366717100143433,0.6422236561775208,0.32361382246017456,0.00010093644286068848,0.9998428328793407,43709,5701,95.55416504610035,322.1021974160103,2.433730849006679,0.081109975988511,3.5,2.0,2.5,iou,0.25,0.25,2.0,True,False,False,True,True,0.1,0.35,1.0,10,True,10,20,0.0,0.15,4.0,0.0,20,0.5,True,True
epoch,1783768081.5981026,87,1057.8195815240033,8.062544581012274e-05,8.062544581012274e-05,0.0001,6.7437267551892704e-06,8.062544581012274e-05,1.6817115545272827,1.222214698791504,1.3128507137298584,0.4594970643520355,0.04372519254684448,0.4319344758987427,0.05326732248067856,0.0,0.0,3.5698980354936793e-05,5.353359301807359e-05,22856,0.5,True,0.1,0.15,0.05,0.25,128,5,True,0.05,10,0.25,8,1.0,1.0,0,,,,,,,,,,,,,,,0.05821425840258598,0.03349388390779495,0.01079094133083266,0.6418631480279761,44510,4080246,69345,4124756,69345,43709,38008,4370900,100.0,100.0,0.5707013010978699,0.6206861734390259,0.37572726607322693,0.7905569076538086,0.8343499898910522,0.641920804977417,0.31242337822914124,5.7656949440931804e-05,0.9999101805877082,43709,5701,94.36857397789929,320.51016788504785,2.370996079989709,0.0808901860145852,3.5,2.0,2.5,iou,0.25,0.25,2.0,True,False,False,True,True,0.1,0.35,1.0,10,True,10,20,0.0,0.15,4.0,0.0,20,0.5,True,True
epoch,1783769149.4018264,88,1056.7050435360288,8.021510875915689e-05,8.021510875915689e-05,0.0001,6.679116038591211e-06,8.021510875915689e-05,1.676518440246582,1.2187458276748657,1.3079075813293457,0.4577679932117462,0.043182291090488434,0.4289739429950714,0.05428270623087883,0.0,0.0,2.6387959223939106e-05,3.95737006329e-05,22856,0.5,True,0.1,0.15,0.05,0.25,128,5,True,0.05,10,0.25,8,1.0,1.0,0,,,,,,,,,,,,,,,0.052444472908973694,0.030106082558631897,0.010643498499119457,0.6420650371331748,44524,4138687,69345,4183211,69345,43709,38008,4370900,100.0,100.0,0.5735014081001282,0.6265618205070496,0.3745821416378021,0.7963222861289978,0.8327637314796448,0.6423246264457703,0.3235705494880676,0.00025958931259550955,0.9995958596293717,43709,5701,95.7059415680981,320.03906889102655,2.837422361015342,0.09062462404835969,3.5,2.0,2.5,iou,0.25,0.25,2.0,True,False,False,True,True,0.1,0.35,1.0,10,True,10,20,0.0,0.15,4.0,0.0,20,0.5,True,True
epoch,1783770217.598037,89,1056.8112852570484,7.980156794229125e-05,7.980156794229125e-05,0.0001,6.61419747019258e-06,7.980156794229125e-05,1.6682624816894531,1.2124704122543335,1.3022642135620117,0.4557914733886719,0.04319392517209053,0.42730027437210083,0.053613465279340744,0.0,0.0,1.908460217237007e-05,2.8627026040339842e-05,22856,0.5,True,0.1,0.15,0.05,0.25,128,5,True,0.05,10,0.25,8,1.0,1.0,0,,,,,,,,,,,,,,,0.059518445283174515,0.035442762076854706,0.010745515447751671,0.6497368231307232,45056,4147949,69345,4193005,69345,43709,38008,4370900,100.0,100.0,0.5759660601615906,0.6290894150733948,0.3837731182575226,0.7959193587303162,0.8390511274337769,0.6498233675956726,0.32163819670677185,8.654446494937851e-05,0.9998668184782742,43709,5701,95.93001441350752,321.60078153799986,2.4120559000293724,0.0805771520244889,3.5,2.0,2.5,iou,0.25,0.25,2.0,True,False,False,True,True,0.1,0.35,1.0,10,True,10,20,0.0,0.15,4.0,0.0,20,0.5,True,True
epoch,1783771325.3947768,90,1096.7523641079897,7.938486870893657e-05,7.938486870893657e-05,9.996054457573188e-05,6.54898370599692e-06,7.938486870893657e-05,1.6641020774841309,1.2090365886688232,1.300191879272461,0.45506688952445984,0.04239683598279953,0.4264489710330963,0.053748615086078644,0.0,0.0,1.8642233044374734e-05,2.7953348762821406e-05,22856,0.5,True,0.1,0.15,0.05,0.25,128,5,True,0.05,10,0.25,8,1.0,1.0,0,1.2463874816894531,0.046278148889541626,0.4344293177127838,0.05530809238553047,0.0,0.0,2.038493039435707e-05,3.0565919587388635e-05,5701,0.5,True,True,1.0,1.0,0.057587023824453354,0.03387219458818436,0.01063587205537563,0.6463912322445742,44824,4169593,69345,4214417,69345,43709,38008,4370900,100.0,100.0,0.5753927230834961,0.6305142641067505,0.3792594075202942,0.7952277064323425,0.8363977074623108,0.6464200615882874,0.3264979422092438,2.8829343713177025e-05,0.9999554015331109,43709,5701,96.41989064037155,362.53490442299517,2.452354534994811,0.08452483598375693,3.5,2.0,2.5,iou,0.25,0.25,2.0,True,False,False,True,True,0.1,0.35,1.0,10,True,10,20,0.0,0.15,4.0,0.0,20,0.5,True,True
epoch,1783772392.323383,91,1057.6917252769927,7.896505675485955e-05,7.896505675485955e-05,9.984221308046179e-05,6.483487459556768e-06,7.896505675485955e-05,1.663065791130066,1.2080395221710205,1.300063133239746,0.45502299070358276,0.04242697358131409,0.42536279559135437,0.05393793806433678,0.0,0.0,2.0084909920115024e-05,3.012188244611025e-05,22856,0.5,True,0.1,0.15,0.05,0.25,128,5,True,0.05,10,0.25,8,1.0,1.0,0,,,,,,,,,,,,,,,0.055113956332206726,0.03278278559446335,0.010683316519473882,0.6462758670416036,44816,4150136,69345,4194952,69345,43709,38008,4370900,100.0,100.0,0.5760319232940674,0.6311656832695007,0.3778952360153198,0.7967604398727417,0.836974561214447,0.6463191509246826,0.3233398199081421,4.328388307905939e-05,0.9999330301709037,43709,5701,95.97455901530577,322.61287303903373,2.4113133369828574,0.07991555402986705,3.5,2.0,2.5,iou,0.25,0.25,2.0,True,False,False,True,True,0.1,0.35,1.0,10,True,10,20,0.0,0.15,4.0,0.0,20,0.5,True,True
epoch,1783773461.081526,92,1059.4566752199898,7.85421781171718e-05,7.85421781171718e-05,9.964521310596218e-05,6.417721499495148e-06,7.85421781171718e-05,1.663631796836853,1.2100725173950195,1.2958900928497314,0.45356154441833496,0.04318206012248993,0.4257862865924835,0.05382826551795006,0.0,0.0,2.4548571673221886e-05,3.682833630591631e-05,22856,0.5,True,0.1,0.15,0.05,0.25,128,5,True,0.05,10,0.25,8,1.0,1.0,0,,,,,,,,,,,,,,,0.05823192000389099,0.033900849521160126,0.010462339327523475,0.6438820390799626,44650,4223038,69345,4267688,69345,43709,38008,4370900,100.0,100.0,0.5742891430854797,0.6268735527992249,0.3756529986858368,0.793766438961029,0.8388492465019226,0.643983006477356,0.32166701555252075,0.00010096739739340332,0.99984321418985,43709,5701,97.63865565444188,321.30651835602475,2.9226501380326226,0.07994646701263264,3.5,2.0,2.5,iou,0.25,0.25,2.0,True,False,False,True,True,0.1,0.35,1.0,10,True,10,20,0.0,0.15,4.0,0.0,20,0.5,True,True
epoch,1783774527.5934875,93,1057.2770896610455,7.81162791692814e-05,7.81162791692814e-05,9.936989025712936e-05,6.351698647016278e-06,7.81162791692814e-05,1.6670445203781128,1.2111526727676392,1.3025436401367188,0.4558901786804199,0.04364334046840668,0.4297258257865906,0.051736775785684586,0.0,0.0,1.745392000884749e-05,2.618393045850098e-05,22856,0.5,True,0.1,0.15,0.05,0.25,128,5,True,0.05,10,0.25,8,1.0,1.0,0,,,,,,,,,,,,,,,0.06516008079051971,0.038586996495723724,0.010462490491048484,0.6420073545316893,44520,4210681,69345,4255201,69345,43709,38008,4370900,100.0,100.0,0.5715972781181335,0.6229881048202515,0.37592002749443054,0.7913790345191956,0.8345518708229065,0.6420073509216309,0.31693705916404724,-3.6100584743792297e-09,1.0000000056230796,43709,5701,97.35297078404905,320.98551935498836,2.463961156026926,0.07952272001421079,3.5,2.0,2.5,iou,0.25,0.25,2.0,True,False,False,True,True,0.1,0.35,1.0,10,True,10,20,0.0,0.15,4.0,0.0,20,0.5,True,True
epoch,1783775606.100266,94,1056.807094185031,7.768740661580737e-05,7.768740661580737e-05,9.901672754379552e-05,6.285431773406067e-06,7.768740661580737e-05,1.6540881395339966,1.2029027938842773,1.2891074419021606,0.4511868357658386,0.04280179366469383,0.42581066489219666,0.05219385027885437,0.0,0.0,1.5976525901351124e-05,2.3977914679562673e-05,22856,0.5,True,0.1,0.15,0.05,0.25,128,5,True,0.05,10,0.25,8,1.0,1.0,0,,,,,,,,,,,,,,,0.06472838670015335,0.038731180131435394,0.010737776217800024,0.6493907275218113,45032,4148760,69345,4193792,69345,43709,38008,4370900,100.0,100.0,0.5769283175468445,0.6283330321311951,0.3872276246547699,0.7966184616088867,0.8413295745849609,0.649433970451355,0.3215228319168091,4.324292954371867e-05,0.9999334144323961,43709,5701,95.94801985861035,320.92133611498866,2.4314231949974783,0.08131545700598508,3.5,2.0,2.5,iou,0.25,0.25,2.0,True,False,False,True,True,0.1,0.35,1.0,10,True,10,20,0.0,0.15,4.0,0.0,20,0.5,True,True
epoch,1783776708.2069845,95,1095.7452403409989,7.725560748745818e-05,7.725560748745818e-05,9.858634453336533e-05,6.2189337975228255e-06,7.725560748745818e-05,1.650696873664856,1.1979384422302246,1.2935973405838013,0.4527588188648224,0.041864585131406784,0.42368364334106445,0.05276047810912132,0.0,0.0,1.777189208951313e-05,2.6661033189157024e-05,22856,0.5,True,0.1,0.15,0.05,0.25,128,5,True,0.05,10,0.25,8,1.0,1.0,0,1.2340418100357056,0.0456385612487793,0.4300290048122406,0.05478798225522041,0.0,0.0,2.7240421331953257e-05,4.086194167030044e-05,5701,0.5,True,True,1.0,1.0,0.0601612888276577,0.03607405349612236,0.010730080389355905,0.6503569110966905,45099,4157945,69345,4203044,69345,43709,38008,4370900,100.0,100.0,0.5787212252616882,0.6336010694503784,0.384385347366333,0.7992803454399109,0.840522050857544,0.6504145860671997,0.33005985617637634,5.767497050923609e-05,0.9999113258347142,43709,5701,96.15969251183967,359.9597064459813,2.850356566021219,0.0845033079967834,3.5,2.0,2.5,iou,0.25,0.25,2.0,True,False,False,True,True,0.1,0.35,1.0,10,True,10,20,0.0,0.15,4.0,0.0,20,0.5,True,True
epoch,1783777774.8957398,96,1057.6510539639858,7.682092913587421e-05,7.682092913587421e-05,9.807949626388423e-05,6.152217683278711e-06,7.682092913587421e-05,1.641476035118103,1.1928229331970215,1.2818737030029297,0.4486565887928009,0.04159456863999367,0.4200371503829956,0.05368511378765106,0.0,0.0,1.8812161215464585e-05,2.821342604875099e-05,22856,0.5,True,0.1,0.15,0.05,0.25,128,5,True,0.05,10,0.25,8,1.0,1.0,0,,,,,,,,,,,,,,,0.0611904039978981,0.03628309443593025,0.010643391596412128,0.6513663566226837,45169,4198685,69345,4243854,69345,43709,38008,4370900,100.0,100.0,0.5796659588813782,0.6382512450218201,0.384053111076355,0.7998738884925842,0.8391664624214172,0.6514817476272583,0.3325257897377014,0.00011539100457458318,0.9998228791443584,43709,5701,97.09336749868449,320.15269705298124,2.449697583040688,0.0805340870283544,3.5,2.0,2.5,iou,0.25,0.25,2.0,True,False,False,True,True,0.1,0.35,1.0,10,True,10,20,0.0,0.15,4.0,0.0,20,0.5,True,True
epoch,1783778840.4474576,97,1055.445786589,7.638341922843504e-05,7.638341922843504e-05,9.749707191944508e-05,6.0852964371123865e-06,7.638341922843504e-05,1.6410053968429565,1.1918764114379883,1.2832236289978027,0.4491281509399414,0.041867706924676895,0.42134371399879456,0.052434541285037994,0.0,0.0,1.4402448869077489e-05,2.1599407773464918e-05,22856,0.5,True,0.1,0.15,0.05,0.25,128,5,True,0.05,10,0.25,8,1.0,1.0,0,,,,,,,,,,,,,,,0.06169794127345085,0.03600843623280525,0.010625677377779079,0.6486552743528733,44981,4188255,69345,4233236,69345,43709,38008,4370900,100.0,100.0,0.5759665369987488,0.6316065192222595,0.37846818566322327,0.7969039082527161,0.8348114490509033,0.6487850546836853,0.32486841082572937,0.00012978033081201268,0.9997999640560844,43709,5701,96.85044270058798,318.8467163469759,2.4525863559683785,0.08026014198549092,3.5,2.0,2.5,iou,0.25,0.25,2.0,True,False,False,True,True,0.1,0.35,1.0,10,True,10,20,0.0,0.15,4.0,0.0,20,0.5,True,True
epoch,1783779937.337413,98,1090.4776261050138,7.594312574303233e-05,7.594312574303233e-05,9.684009327025716e-05,6.018183105453388e-06,7.594312574303233e-05,1.6459896564483643,1.1975653171539307,1.2811963558197021,0.4484187960624695,0.04180706664919853,0.4222312271595001,0.05322364345192909,0.0,0.0,1.906878787849564e-05,2.8604685212485492e-05,22856,0.5,True,0.1,0.15,0.05,0.25,128,5,True,0.05,10,0.25,8,1.0,1.0,0,,,,,,,,,,,,,,,0.061024509370326996,0.03634817153215408,0.010723913126601155,0.6471122647631408,44874,4139606,69345,4184480,69345,43709,38008,4370900,100.0,100.0,0.5769802331924438,0.6317681670188904,0.3806391656398773,0.8008673191070557,0.8343067169189453,0.6472132205963135,0.3352080285549164,0.00010095583317271117,0.999844014568986,43709,5701,95.73497449037956,353.51574640499894,2.958699056005571,0.08945466502336785,3.5,2.0,2.5,iou,0.25,0.25,2.0,True,False,False,True,True,0.1,0.35,1.0,10,True,10,20,0.0,0.15,4.0,0.0,20,0.5,True,True
epoch,1783781015.2406356,99,1068.406357194006,7.550009696280846e-05,7.550009696280846e-05,9.610971288011397e-05,5.950890772178702e-06,7.550009696280846e-05,1.6437181234359741,1.1961647272109985,1.278718113899231,0.4475513696670532,0.04214376583695412,0.42174819111824036,0.05284207686781883,0.0,0.0,2.7554291591513902e-05,4.131883542868309e-05,22856,0.5,True,0.1,0.15,0.05,0.25,128,5,True,0.05,10,0.25,8,1.0,1.0,0,,,,,,,,,,,,,,,0.0629522055387497,0.03772622346878052,0.010847677382712178,0.6544091138510347,45380,4138004,69345,4183384,69345,43709,38008,4370900,100.0,100.0,0.5787994265556335,0.6366076469421387,0.38378843665122986,0.8007963299751282,0.8356766700744629,0.6545100808143616,0.3307664692401886,0.00010096696332684285,0.9998457365802507,43709,5701,95.70989956301906,320.3860419159755,2.445970356988255,0.08051332400646061,3.5,2.0,2.5,iou,0.25,0.25,2.0,True,False,False,True,True,0.1,0.35,1.0,10,True,10,20,0.0,0.15,4.0,0.0,20,0.5,True,True
epoch,1783782120.0028126,100,1097.5116429670015,7.505438147086159e-05,7.505438147086159e-05,9.530721208440477e-05,5.883432556062033e-06,7.505438147086159e-05,1.6361491680145264,1.191070556640625,1.271650791168213,0.445078045129776,0.041701849550008774,0.4191505014896393,0.05334845557808876,0.0,0.0,3.2095369533635676e-05,4.813837222172879e-05,22856,0.5,True,0.1,0.15,0.05,0.25,128,5,True,0.05,10,0.25,8,1.0,1.0,0,1.2385021448135376,0.04625076428055763,0.4318798780441284,0.054311491549015045,0.0,0.0,3.127228410448879e-05,4.6904875489417464e-05,5701,0.5,True,True,1.0,1.0,0.06302586197853088,0.03658439964056015,0.010882268609266194,0.6551301463696013,45430,4129251,69345,4174681,69345,43709,38008,4370900,100.0,100.0,0.5781686305999756,0.6325291395187378,0.38627949357032776,0.796175479888916,0.8363544344902039,0.6553320288658142,0.32607975602149963,0.00020188249621289067,0.9996919386092539,43709,5701,95.51078725205335,361.1357728019939,2.4467151960125193,0.08581652899738401,3.5,2.0,2.5,iou,0.25,0.25,2.0,True,False,False,True,True,0.1,0.35,1.0,10,True,10,20,0.0,0.15,4.0,0.0,20,0.5,True,True
epoch,1783783191.9248683,101,1061.9680062460247,7.46060281449182e-05,7.46060281449182e-05,9.443399874221681e-05,5.81582160821627e-06,7.46060281449182e-05,1.627995491027832,1.1843470335006714,1.2675697803497314,0.44364988803863525,0.04112089052796364,0.41694891452789307,0.053285423666238785,0.0,0.0,4.939577775076032e-05,7.40635659894906e-05,22856,0.5,True,0.1,0.15,0.05,0.25,128,5,True,0.05,10,0.25,8,1.0,1.0,0,,,,,,,,,,,,,,,0.06332989782094955,0.03762482851743698,0.011067209024629394,0.6575816569327276,45600,4074680,69345,4120280,69345,43709,38008,4370900,100.0,100.0,0.5812364816665649,0.6366499066352844,0.39348307251930237,0.7987764477729797,0.8398154377937317,0.6577979922294617,0.3317759037017822,0.00021633529673403817,0.9996711219868568,43709,5701,94.26616943878835,324.6806921560201,2.848317201016471,0.09044541895855218,3.5,2.0,2.5,iou,0.25,0.25,2.0,True,False,False,True,True,0.1,0.35,1.0,10,True,10,20,0.0,0.15,4.0,0.0,20,0.5,True,True
epoch,1783784260.6260355,102,1059.23915656202,7.415508615197296e-05,7.415508615197296e-05,9.34916047664722e-05,5.748071109529666e-06,7.415508615197296e-05,1.6297274827957153,1.1838806867599487,1.2738533020019531,0.4458475410938263,0.04151398688554764,0.41796571016311646,0.05253076180815697,0.0,0.0,3.8387901440728456e-05,5.756522295996547e-05,22856,0.5,True,0.1,0.15,0.05,0.25,128,5,True,0.05,10,0.25,8,1.0,1.0,0,,,,,,,,,,,,,,,0.06388966739177704,0.03690890967845917,0.011046425707481461,0.6575239743312423,45596,4082074,69345,4127670,69345,43709,38008,4370900,100.0,100.0,0.5814277529716492,0.6359617114067078,0.3933694362640381,0.7974086999893188,0.8413728475570679,0.6575672626495361,0.3284159004688263,4.328831829381041e-05,0.9999341689880981,43709,5701,94.43524216980485,321.40668974397704,2.3989509760285728,0.08005203201901168,3.5,2.0,2.5,iou,0.25,0.25,2.0,True,False,False,True,True,0.1,0.35,1.0,10,True,10,20,0.0,0.15,4.0,0.0,20,0.5,True,True
epoch,1783785326.5471478,103,1058.2983145209728,7.370160494289706e-05,7.370160494289706e-05,9.248168343643201e-05,5.680194268096173e-06,7.370160494289706e-05,1.6094458103179932,1.1696515083312988,1.2565525770187378,0.4397938549518585,0.04008021950721741,0.4119035601615906,0.05317705497145653,0.0,0.0,2.8755905077559873e-05,4.3140873458469287e-05,22856,0.5,True,0.1,0.15,0.05,0.25,128,5,True,0.05,10,0.25,8,1.0,1.0,0,,,,,,,,,,,,,,,0.06264790147542953,0.03674359992146492,0.010989274930748088,0.6597880164395414,45753,4117670,69345,4163423,69345,43709,38008,4370900,100.0,100.0,0.5826274156570435,0.6376127600669861,0.39728036522865295,0.7981016635894775,0.8439685702323914,0.6600475907325745,0.32802653312683105,0.0002595742930330269,0.9996067339739171,43709,5701,95.25322016060765,321.9292271400336,2.3784642219543457,0.07988433702848852,3.5,2.0,2.5,iou,0.25,0.25,2.0,True,False,False,True,True,0.1,0.35,1.0,10,True,10,20,0.0,0.15,4.0,0.0,20,0.5,True,True
epoch,1783786394.812506,104,1059.0039280059864,7.324563424701533e-05,7.324563424701533e-05,9.14060064972827e-05,5.612204316640526e-06,7.324563424701533e-05,1.608155369758606,1.170201063156128,1.2513030767440796,0.43795567750930786,0.03951655700802803,0.41213586926460266,0.05341280624270439,0.0,0.0,3.8431910070357844e-05,5.7641191233415157e-05,22856,0.5,True,0.1,0.15,0.05,0.25,128,5,True,0.05,10,0.25,8,1.0,1.0,0,,,,,,,,,,,,,,,0.05879491567611694,0.034349847584962845,0.010980794918879714,0.6580431177446103,45632,4109987,69345,4155619,69345,43709,38008,4370900,100.0,100.0,0.582222580909729,0.6354647874832153,0.3959510028362274,0.7990334033966064,0.8450789451599121,0.6581584811210632,0.32965606451034546,0.00011536337645290384,0.9998247179368465,43709,5701,95.0746756960809,322.2813233839697,2.409314031014219,0.08065571100451052,3.5,2.0,2.5,iou,0.25,0.25,2.0,True,False,False,True,True,0.1,0.35,1.0,10,True,10,20,0.0,0.15,4.0,0.0,20,0.5,True,True
epoch,1783787498.5927806,105,1095.74282601499,7.278722406665292e-05,7.278722406665292e-05,9.026646105189303e-05,5.54411450993847e-06,7.278722406665292e-05,1.5965404510498047,1.1603050231933594,1.2463910579681396,0.4362373948097229,0.03955046087503433,0.4078812003135681,0.05319337174296379,0.0,0.0,3.4760891139740124e-05,5.2125946240266785e-05,22856,0.5,True,0.1,0.15,0.05,0.25,128,5,True,0.05,10,0.25,8,1.0,1.0,0,1.2219539880752563,0.04514338821172714,0.425672322511673,0.05415197089314461,0.0,0.0,8.763039659243077e-06,1.314937890128931e-05,5701,0.5,True,True,1.0,1.0,0.06413964927196503,0.03821434825658798,0.010995020233607508,0.6593409762780301,45722,4112706,69345,4158428,69345,43709,38008,4370900,100.0,100.0,0.582944929599762,0.637752115726471,0.3955076038837433,0.7990275621414185,0.8458144068717957,0.6594275236129761,0.33235272765159607,8.654733494595224e-05,0.9998687538329128,43709,5701,95.13894163673385,360.8594229390146,2.427292583975941,0.08514603698858991,3.5,2.0,2.5,iou,0.25,0.25,2.0,True,False,False,True,True,0.1,0.35,1.0,10,True,10,20,0.0,0.15,4.0,0.0,20,0.5,True,True
epoch,1783788564.8474555,106,1057.9652898549684,7.232642467165189e-05,7.232642467165189e-05,8.906504625019434e-05,5.475938122232738e-06,7.232642467165189e-05,1.5943101644515991,1.1586496829986572,1.2447454929351807,0.43566226959228516,0.03938500955700874,0.40660348534584045,0.05356081947684288,0.0,0.0,0.00024382690025959164,0.0003657292400021106,22856,0.5,True,0.1,0.15,0.05,0.25,128,5,True,0.05,10,0.25,8,1.0,1.0,0,,,,,,,,,,,,,,,0.0662025511264801,0.03957706689834595,0.011152401031504338,0.6631912899271757,45989,4077697,69345,4123686,69345,43709,38008,4370900,100.0,100.0,0.5842596292495728,0.6369816660881042,0.4003486633300781,0.797595739364624,0.8467661738395691,0.6632201075553894,0.3281418979167938,2.8817628213717583e-05,0.9999565489226194,43709,5701,94.3440938937061,322.52391397499014,2.3975521710235626,0.08030591497663409,3.5,2.0,2.5,iou,0.25,0.25,2.0,True,False,False,True,True,0.1,0.35,1.0,10,True,10,20,0.0,0.15,4.0,0.0,20,0.5,True,True
epoch,1783789641.8568048,107,1058.9867931840126,7.186328659385864e-05,7.186328659385864e-05,8.780386978199232e-05,5.407688444645195e-06,7.186328659385864e-05,1.5893973112106323,1.155228853225708,1.2404786348342896,0.43416836857795715,0.03898000344634056,0.4051488935947418,0.053879860788583755,0.0,0.0,5.012116889702156e-05,7.521770749008283e-05,22856,0.5,True,0.1,0.15,0.05,0.25,128,5,True,0.05,10,0.25,8,1.0,1.0,0,,,,,,,,,,,,,,,0.06333614885807037,0.037605300545692444,0.011012881775037116,0.6638402191938857,46034,4133980,69345,4180014,69345,43709,38008,4370900,100.0,100.0,0.5850037336349487,0.6408666968345642,0.39933016896247864,0.7996122241020203,0.8474295139312744,0.6638402342796326,0.3374288082122803,1.5085746873921835e-08,0.9999999772750339,43709,5701,95.63279873710219,322.7396292829653,2.426580024010036,0.08096901199314743,3.5,2.0,2.5,iou,0.25,0.25,2.0,True,False,False,True,True,0.1,0.35,1.0,10,True,10,20,0.0,0.15,4.0,0.0,20,0.5,True,True
epoch,1783790707.154163,108,1058.4446324050077,7.139786062158251e-05,7.139786062158251e-05,8.648514417936284e-05,5.339378782585719e-06,7.139786062158251e-05,1.5988256931304932,1.1636717319488525,1.243284821510315,0.4351496994495392,0.03953978046774864,0.4080221951007843,0.054038435220718384,0.0,0.0,1.3834365745424293e-05,2.07518878596602e-05,22856,0.5,True,0.1,0.15,0.05,0.25,128,5,True,0.05,10,0.25,8,1.0,1.0,0,,,,,,,,,,,,,,,0.062232889235019684,0.03697047382593155,0.010779840002567358,0.6587785709135482,45683,4192135,69345,4237818,69345,43709,38008,4370900,100.0,100.0,0.5822827219963074,0.6391394138336182,0.3918788731098175,0.8031128644943237,0.840983510017395,0.6588362455368042,0.335900217294693,5.7674623256009916e-05,0.9999124598507646,43709,5701,96.95527236953488,322.52908912301064,2.4990390239981934,0.10067380801774561,3.5,2.0,2.5,iou,0.25,0.25,2.0,True,False,False,True,True,0.1,0.35,1.0,10,True,10,20,0.0,0.15,4.0,0.0,20,0.5,True,True
epoch,1783791775.356638,109,1058.800819711003,7.093019779402623e-05,7.093019779402623e-05,8.511118293511885e-05,5.271022453158274e-06,7.093019779402623e-05,1.5924818515777588,1.1556527614593506,1.2480782270431519,0.43682801723480225,0.038636453449726105,0.40415337681770325,0.05463019385933876,0.0,0.0,3.467449641902931e-05,5.201948806643486e-05,22856,0.5,True,0.1,0.15,0.05,0.25,128,5,True,0.05,10,0.25,8,1.0,1.0,0,,,,,,,,,,,,,,,0.06523516029119492,0.0406259223818779,0.010913270968387826,0.6618069074915278,45893,4159354,69345,4205247,69345,43709,38008,4370900,100.0,100.0,0.5858473181724548,0.6443474292755127,0.39553308486938477,0.8037819862365723,0.8453962206840515,0.6619078516960144,0.34051480889320374,0.00010094420448658603,0.99984749507922,43709,5701,96.2100940309776,323.4824242820032,2.8735268100281246,0.08332385896937922,3.5,2.0,2.5,iou,0.25,0.25,2.0,True,False,False,True,True,0.1,0.35,1.0,10,True,10,20,0.0,0.15,4.0,0.0,20,0.5,True,True
epoch,1783792914.0905113,110,1131.3741281810217,7.046034939568891e-05,7.046034939568891e-05,8.368439644415797e-05,5.2026327825647225e-06,7.046034939568891e-05,1.5807243585586548,1.1483335494995117,1.235397219657898,0.43238919973373413,0.03823275491595268,0.4012397527694702,0.05463068559765816,0.0,0.0,5.627132486552e-05,8.442597754765302e-05,22856,0.5,True,0.1,0.15,0.05,0.25,128,5,True,0.05,10,0.25,8,1.0,1.0,0,1.2223490476608276,0.04484972730278969,0.42455562949180603,0.05496588721871376,0.0,0.0,5.171123575564707e-06,7.770987394906115e-06,5701,0.5,True,True,1.0,1.0,0.06322602927684784,0.03857806324958801,0.010900699487246661,0.6576249188838417,45603,4137890,69345,4183493,69345,43709,38008,4370900,100.0,100.0,0.5847309231758118,0.6422358155250549,0.39628827571868896,0.8034941554069519,0.8462325930595398,0.6576681733131409,0.33871224522590637,4.325442929919987e-05,0.9999342306180314,43709,5701,95.71239332860509,388.90687509602867,2.977308566973079,0.09796339500462636,3.5,2.0,2.5,iou,0.25,0.25,2.0,True,False,False,True,True,0.1,0.35,1.0,10,True,10,20,0.0,0.15,4.0,0.0,20,0.5,True,True
epoch,1783793981.5632925,111,1058.973678401031,6.998836695074217e-05,6.998836695074217e-05,8.220728777481062e-05,5.134223103506856e-06,6.998836695074217e-05,1.576793909072876,1.146675705909729,1.2289044857025146,0.43011757731437683,0.0383925624191761,0.4015823006629944,0.05397114157676697,0.0,0.0,5.178249557502568e-05,7.770796946715564e-05,22856,0.5,True,0.1,0.15,0.05,0.25,128,5,True,0.05,10,0.25,8,1.0,1.0,0,,,,,,,,,,,,,,,0.06505543738603592,0.039151839911937714,0.01100255946064049,0.6608263032662773,45825,4119115,69345,4164940,69345,43709,38008,4370900,100.0,100.0,0.5875224471092224,0.645403265953064,0.39781561493873596,0.8037009835243225,0.8489869236946106,0.6608983874320984,0.3439757823944092,7.208416582105137e-05,0.9998909300322231,43709,5701,95.28792697156192,322.8757413859712,2.461716866993811,0.0820305630331859,3.5,2.0,2.5,iou,0.25,0.25,2.0,True,False,False,True,True,0.1,0.35,1.0,10,True,10,20,0.0,0.15,4.0,0.0,20,0.5,True,True
epoch,1783795047.7617123,112,1059.0438500110176,6.951430221737982e-05,6.951430221737982e-05,8.068244827760775e-05,5.065806752587149e-06,6.951430221737982e-05,1.5685148239135742,1.1393303871154785,1.2262297868728638,0.42918044328689575,0.03817419707775116,0.3993910551071167,0.053460925817489624,0.0,0.0,5.8224875829182565e-05,8.736588642932475e-05,22856,0.5,True,0.1,0.15,0.05,0.25,128,5,True,0.05,10,0.25,8,1.0,1.0,0,,,,,,,,,,,,,,,0.06993984431028366,0.04205227270722389,0.011067317399537637,0.6679212632489725,46317,4138708,69345,4185025,69345,43709,38008,4370900,100.0,100.0,0.5891937613487244,0.6464412808418274,0.40235358476638794,0.8047995567321777,0.8500973582267761,0.6679933667182922,0.3449419438838959,7.210346931973977e-05,0.9998920596028161,43709,5701,95.74744331830973,323.2863110069884,2.3918194730067626,0.08014976000413299,3.5,2.0,2.5,iou,0.25,0.25,2.0,True,False,False,True,True,0.1,0.35,1.0,10,True,10,20,0.0,0.15,4.0,0.0,20,0.5,True,True
epoch,1783796122.8227127,113,1058.1582405650406,6.90382071821421e-05,6.90382071821421e-05,7.91125530391714e-05,4.997397067708777e-06,6.90382071821421e-05,1.5643037557601929,1.1360045671463013,1.2237032651901245,0.42829689383506775,0.03795058652758598,0.39796358346939087,0.05359640717506409,0.0,0.0,3.4794200473697856e-05,5.21058973390609e-05,22856,0.5,True,0.1,0.15,0.05,0.25,128,5,True,0.05,10,0.25,8,1.0,1.0,0,,,,,,,,,,,,,,,0.07048677653074265,0.0430661179125309,0.011088646444332452,0.6704448770639556,46492,4146265,69345,4192757,69345,43709,38008,4370900,100.0,100.0,0.5912635922431946,0.6496798396110535,0.4053676724433899,0.8065364956855774,0.8518278002738953,0.6705458164215088,0.34847500920295715,0.00010093935755317585,0.9998494668744757,43709,5701,95.9243405248347,322.5605375110172,2.405443055962678,0.08109991700621322,3.5,2.0,2.5,iou,0.25,0.25,2.0,True,False,False,True,True,0.1,0.35,1.0,10,True,10,20,0.0,0.15,4.0,0.0,20,0.5,True,True
epoch,1783797199.1811004,114,1056.7973445379757,6.856013405421476e-05,6.856013405421476e-05,7.750035618920374e-05,4.929007385475351e-06,6.856013405421476e-05,1.5607688426971436,1.134615182876587,1.2175774574279785,0.426151841878891,0.03763340041041374,0.39695510268211365,0.05388940870761871,0.0,0.0,8.19628439785447e-06,1.2294231964915525e-05,22856,0.5,True,0.1,0.15,0.05,0.25,128,5,True,0.05,10,0.25,8,1.0,1.0,0,,,,,,,,,,,,,,,0.06807449460029602,0.04139355570077896,0.011056460304083703,0.6676761121926599,46300,4141297,69345,4187597,69345,43709,38008,4370900,100.0,100.0,0.5896270275115967,0.6481410264968872,0.40378305315971375,0.8065485954284668,0.8480351567268372,0.6676905155181885,0.34691759943962097,1.4403325528600242e-05,0.9999784281411914,43709,5701,95.80628703470681,322.56678915797966,2.448877594957594,0.08109785197302699,3.5,2.0,2.5,iou,0.25,0.25,2.0,True,False,False,True,True,0.1,0.35,1.0,10,True,10,20,0.0,0.15,4.0,0.0,20,0.5,True,True
epoch,1783798340.0446384,115,1132.0009336569929,6.808013525970365e-05,6.808013525970365e-05,7.584868606880783e-05,4.860651038590929e-06,6.808013525970365e-05,1.5467159748077393,1.1246776580810547,1.2058160305023193,0.4220362603664398,0.037007465958595276,0.39247965812683105,0.054217517375946045,0.0,0.0,8.670763236295898e-06,1.3006774679524824e-05,22856,0.5,True,0.1,0.15,0.05,0.25,128,5,True,0.05,10,0.25,8,1.0,1.0,0,1.2089900970458984,0.04445648565888405,0.41973546147346497,0.054304901510477066,0.0,0.0,1.0717751592892455e-06,1.6076788824648247e-06,5701,0.5,True,True,1.0,1.0,0.0659545361995697,0.03951110690832138,0.011052855219419778,0.6673155959333766,46275,4140426,69345,4186701,69345,43709,38008,4370900,100.0,100.0,0.5887489914894104,0.6456138491630554,0.40084967017173767,0.8044166564941406,0.8472276329994202,0.6674742102622986,0.3452880382537842,0.0001586143289219466,0.9997623663559082,43709,5701,95.78578782401793,396.31321876094444,2.886066765000578,0.08486740000080317,3.5,2.0,2.5,iou,0.25,0.25,2.0,True,False,False,True,True,0.1,0.35,1.0,10,True,10,20,0.0,0.15,4.0,0.0,20,0.5,True,True
epoch,1783799410.7279305,116,1061.388271961012,6.759826343588567e-05,6.759826343588567e-05,7.416044026861607e-05,4.792341353260781e-06,6.759826343588567e-05,1.544255018234253,1.123718023300171,1.201538324356079,0.4205378592014313,0.03643769025802612,0.3912927508354187,0.0549810491502285,0.0,0.0,1.7918142475537024e-05,2.6846772016142495e-05,22856,0.5,True,0.1,0.15,0.05,0.25,128,5,True,0.05,10,0.25,8,1.0,1.0,0,,,,,,,,,,,,,,,0.061957620084285736,0.03728768229484558,0.011130979523333182,0.6723484029129714,46624,4142046,69345,4188670,69345,43709,38008,4370900,100.0,100.0,0.590717077255249,0.6466824412345886,0.4056861996650696,0.8075173497200012,0.8475016355514526,0.6724493503570557,0.3477107286453247,0.00010094744408428724,0.9998498809701717,43709,5701,95.83083575465007,321.0444599289913,2.4800216449657455,0.0808406780124642,3.5,2.0,2.5,iou,0.25,0.25,2.0,True,False,False,True,True,0.1,0.35,1.0,10,True,10,20,0.0,0.15,4.0,0.0,20,0.5,True,True
epoch,1783800477.4518678,117,1057.4530365769751,6.711457142543652e-05,6.711457142543652e-05,7.243858054543185e-05,4.724091646593404e-06,6.711457142543652e-05,1.5354053974151611,1.1159824132919312,1.198350191116333,0.4194216728210449,0.036198489367961884,0.3903479278087616,0.05384238436818123,0.0,0.0,1.494671687396476e-05,2.2416495994548313e-05,22856,0.5,True,0.1,0.15,0.05,0.25,128,5,True,0.05,10,0.25,8,1.0,1.0,0,,,,,,,,,,,,,,,0.06751078367233276,0.04020419716835022,0.011111380738078998,0.6669118177229794,46247,4115882,69345,4162129,69345,43709,38008,4370900,100.0,100.0,0.5895119309425354,0.6439158320426941,0.4091193377971649,0.8032804727554321,0.8534573316574097,0.6669983267784119,0.3340831995010376,8.650905543250431e-05,0.9998703009408579,43709,5701,95.22361527374225,321.8823292009765,2.437070804007817,0.08088287897408009,3.5,2.0,2.5,iou,0.25,0.25,2.0,True,False,False,True,True,0.1,0.35,1.0,10,True,10,20,0.0,0.15,4.0,0.0,20,0.5,True,True
epoch,1783801547.1238816,118,1061.571570041997,6.662911227063586e-05,6.662911227063586e-05,7.068612762630142e-05,4.655915224004346e-06,6.662911227063586e-05,1.52809476852417,1.1101927757263184,1.1940038204193115,0.4179023206233978,0.035476889461278915,0.38731420040130615,0.054510001093149185,0.0,0.0,1.2169723049737513e-05,1.825457002269104e-05,22856,0.5,True,0.1,0.15,0.05,0.25,128,5,True,0.05,10,0.25,8,1.0,1.0,0,,,,,,,,,,,,,,,0.06892579048871994,0.04221690818667412,0.011149935201595304,0.669723844545389,46442,4118784,69345,4165226,69345,43709,38008,4370900,100.0,100.0,0.5895575881004333,0.6449928283691406,0.40458840131759644,0.806576669216156,0.8500829339027405,0.6697382926940918,0.3421010971069336,1.4448148702772556e-05,0.9999784271724338,43709,5701,95.29447024640234,324.75119282503147,2.8639192710397765,0.08220169099513441,3.5,2.0,2.5,iou,0.25,0.25,2.0,True,False,False,True,True,0.1,0.35,1.0,10,True,10,20,0.0,0.15,4.0,0.0,20,0.5,True,True
epoch,1783802638.771976,119,1082.3132090949803,6.614193920755063e-05,6.614193920755063e-05,6.890615590913251e-05,4.587825376622275e-06,6.614193920755063e-05,1.5278873443603516,1.1101328134536743,1.193593144416809,0.41775742173194885,0.035834506154060364,0.3882504403591156,0.053657468408346176,0.0,0.0,9.316235264122952e-06,1.3977984963275958e-05,22856,0.5,True,0.1,0.15,0.05,0.25,128,5,True,0.05,10,0.25,8,1.0,1.0,0,,,,,,,,,,,,,,,0.06692307442426682,0.040022365748882294,0.011189167277236161,0.6635373855360877,46013,4066268,69345,4112281,69345,43709,38008,4370900,100.0,100.0,0.5881327986717224,0.6434373259544373,0.4014551639556885,0.8035210967063904,0.851669192314148,0.6636383533477783,0.3389141261577606,0.00010096781169066649,0.9998478571782639,43709,5701,94.08316365050676,327.0424346399959,2.4638345570419915,0.08758521504933015,3.5,2.0,2.5,iou,0.25,0.25,2.0,True,False,False,True,True,0.1,0.35,1.0,10,True,10,20,0.0,0.15,4.0,0.0,20,0.5,True,True
epoch,1783803753.4806159,120,1105.3024960330222,6.565310566019716e-05,6.565310566019716e-05,6.710178806915542e-05,4.519835378697851e-06,6.565310566019716e-05,1.5310039520263672,1.112716794013977,1.195192813873291,0.41828909516334534,0.03603959083557129,0.3885183334350586,0.05392753705382347,0.0,0.0,1.3151226994523313e-05,1.973222788365092e-05,22856,0.5,True,0.1,0.15,0.05,0.25,128,5,True,0.05,10,0.25,8,1.0,1.0,0,1.2138543128967285,0.04467666149139404,0.42173105478286743,0.05430101230740547,0.0,0.0,2.146852420992218e-05,3.2254811230814084e-05,5701,0.5,True,True,1.0,1.0,0.0654364824295044,0.0390825979411602,0.011153560004143737,0.666075420001442,46189,4095000,69345,4141189,69345,43709,38008,4370900,100.0,100.0,0.5887095928192139,0.6443542242050171,0.4019583463668823,0.8067094087600708,0.8476025462150574,0.6660898327827454,0.3455187976360321,1.4412781303319022e-05,0.9999783621058392,43709,5701,94.74453773822324,367.70207522501005,2.468304757028818,0.08569766499567777,3.5,2.0,2.5,iou,0.25,0.25,2.0,True,False,False,True,True,0.1,0.35,1.0,10,True,10,20,0.0,0.15,4.0,0.0,20,0.5,True,True
epoch,1783804820.6776083,121,1057.7942725979956,6.516266523468256e-05,6.516266523468256e-05,6.527618958068981e-05,4.451958485015881e-06,6.516266523468256e-05,1.5165530443191528,1.1018753051757812,1.1851106882095337,0.41467687487602234,0.035473305732011795,0.3849862217903137,0.053484175354242325,0.0,0.0,9.332079571322538e-06,1.400011115038069e-05,22856,0.5,True,0.1,0.15,0.05,0.25,128,5,True,0.05,10,0.25,8,1.0,1.0,0,,,,,,,,,,,,,,,0.0674906075000763,0.04044634848833084,0.011172400177205924,0.6691614391809071,46403,4106957,69345,4153360,69345,43709,38008,4370900,100.0,100.0,0.5916348099708557,0.6497058868408203,0.4065127670764923,0.8079854846000671,0.8497368097305298,0.6692768335342407,0.34903740882873535,0.00011539435333363102,0.9998275835236605,43709,5701,95.0229929762749,320.78553951799404,2.4443581299856305,0.0815963220084086,3.5,2.0,2.5,iou,0.25,0.25,2.0,True,False,False,True,True,0.1,0.35,1.0,10,True,10,20,0.0,0.15,4.0,0.0,20,0.5,True,True
epoch,1783805905.9763002,122,1075.9728468650137,6.467067171332624e-05,6.467067171332624e-05,6.3432563163827e-05,4.384207928311281e-06,6.467067171332624e-05,1.5142170190811157,1.1025944948196411,1.1767818927764893,0.41162288188934326,0.035162825137376785,0.38428452610969543,0.05416722968220711,0.0,0.0,1.3589106856670696e-05,2.038045204244554e-05,22856,0.5,True,0.1,0.15,0.05,0.25,128,5,True,0.05,10,0.25,8,1.0,1.0,0,,,,,,,,,,,,,,,0.0633031502366066,0.0376889742910862,0.011215476414894721,0.672636815920398,46644,4112252,69345,4158896,69345,43709,38008,4370900,100.0,100.0,0.5923161506652832,0.649651825428009,0.4120236933231354,0.808686375617981,0.8516547679901123,0.6727377772331238,0.3460234999656677,0.00010096131272574471,0.9998499247163717,43709,5701,95.14964881374546,339.5669900509529,2.940766668005381,0.08848646498518065,3.5,2.0,2.5,iou,0.25,0.25,2.0,True,False,False,True,True,0.1,0.35,1.0,10,True,10,20,0.0,0.15,4.0,0.0,20,0.5,True,True
epoch,1783806998.5788543,123,1081.3961751780007,6.417717904876207e-05,6.417717904876207e-05,6.157414316577061e-05,4.316596916689322e-06,6.417717904876207e-05,1.5148059129714966,1.1030882596969604,1.1775991916656494,0.41171368956565857,0.035563960671424866,0.38433268666267395,0.05399375408887863,0.0,0.0,3.070148886763491e-05,4.605600770446472e-05,22856,0.5,True,0.1,0.15,0.05,0.25,128,5,True,0.05,10,0.25,8,1.0,1.0,0,,,,,,,,,,,,,,,0.06551766395568848,0.03853068873286247,0.011255964338919745,0.6703006705602422,46482,4083062,69345,4129544,69345,43709,38008,4370900,100.0,100.0,0.5908318758010864,0.6487962603569031,0.40498194098472595,0.8061814904212952,0.8506597280502319,0.6703150868415833,0.3451726734638214,1.441628134102313e-05,0.9999784932763353,43709,5701,94.47811663501795,342.61974472599104,2.9083036750089377,0.08545022900216281,3.5,2.0,2.5,iou,0.25,0.25,2.0,True,False,False,True,True,0.1,0.35,1.0,10,True,10,20,0.0,0.15,4.0,0.0,20,0.5,True,True
epoch,1783808076.902507,124,1069.8682194870198,6.368224135802191e-05,6.368224135802191e-05,5.970418988669262e-05,4.249138631050684e-06,6.368224135802191e-05,1.497645378112793,1.0891939401626587,1.1689847707748413,0.4084518551826477,0.03487525135278702,0.38053226470947266,0.05301026627421379,0.0,0.0,1.8623952200869098e-05,2.79321084235562e-05,22856,0.5,True,0.1,0.15,0.05,0.25,128,5,True,0.05,10,0.25,8,1.0,1.0,0,,,,,,,,,,,,,,,0.06890489161014557,0.040268875658512115,0.011280856310298638,0.6715985290936621,46572,4081838,69345,4128410,69345,43709,38008,4370900,100.0,100.0,0.592656135559082,0.6487535238265991,0.4115113914012909,0.8065577745437622,0.8541063070297241,0.6716706156730652,0.34791260957717896,7.20865794030523e-05,0.9998926756988903,43709,5701,94.45217232148985,320.0152656600112,2.4214324859785847,0.09912517800694332,3.5,2.0,2.5,iou,0.25,0.25,2.0,True,False,False,True,True,0.1,0.35,1.0,10,True,10,20,0.0,0.15,4.0,0.0,20,0.5,True,True
epoch,1783809184.4808934,125,1098.2073504389846,6.318591291660098e-05,6.318591291660098e-05,5.7825983860058896e-05,4.18184622252181e-06,6.318591291660098e-05,1.4870072603225708,1.0813709497451782,1.161790132522583,0.4056360721588135,0.03441474586725235,0.3787953555583954,0.052351851016283035,0.0,0.0,1.0497300536371768e-05,1.5743567928439006e-05,22856,0.5,True,0.1,0.15,0.05,0.25,128,5,True,0.05,10,0.25,8,1.0,1.0,0,1.1964796781539917,0.04389576241374016,0.4169340133666992,0.052793387323617935,0.0,0.0,1.7985041267820634e-05,2.6996754968422465e-05,5701,0.5,True,True,1.0,1.0,0.07380622625350952,0.04304599016904831,0.011221688111923435,0.6727810224241113,46654,4110831,69345,4157485,69345,43709,38008,4370900,100.0,100.0,0.5928696990013123,0.6511845588684082,0.4108642637729645,0.8063443303108215,0.855000376701355,0.6728531122207642,0.34505730867385864,7.20897966528522e-05,0.9998928595330191,43709,5701,95.11736713262715,363.3043723339797,2.4769949599867687,0.08447482599876821,3.5,2.0,2.5,iou,0.25,0.25,2.0,True,False,False,True,True,0.1,0.35,1.0,10,True,10,20,0.0,0.15,4.0,0.0,20,0.5,True,True
epoch,1783810259.4339893,126,1055.054358872003,6.268824815250596e-05,6.268824815250596e-05,5.594282009745886e-05,4.114732809891078e-06,6.268824815250596e-05,1.479407548904419,1.0759038925170898,1.1567113399505615,0.4035061001777649,0.033941686153411865,0.37422388792037964,0.05381617322564125,0.0,0.0,8.113715011859313e-06,1.216980854223948e-05,22856,0.5,True,0.1,0.15,0.05,0.25,128,5,True,0.05,10,0.25,8,1.0,1.0,0,,,,,,,,,,,,,,,0.07265292853116989,0.04289470985531807,0.011366623596237236,0.6771649001369962,46958,4084260,69345,4131218,69345,43709,38008,4370900,100.0,100.0,0.5949313044548035,0.6528860926628113,0.414595365524292,0.8073002696037292,0.8546686768531799,0.6772946715354919,0.34564855694770813,0.00012977139849579267,0.999808397431798,43709,5701,94.51641538355945,321.0227955050068,2.4469816989731044,0.08230030303820968,3.5,2.0,2.5,iou,0.25,0.25,2.0,True,False,False,True,True,0.1,0.35,1.0,10,True,10,20,0.0,0.15,4.0,0.0,20,0.5,True,True
epoch,1783811328.8993175,127,1058.538503888005,6.218930164028646e-05,6.218930164028646e-05,5.4058002308035466e-05,4.047811477051258e-06,6.218930164028646e-05,1.466594934463501,1.0670394897460938,1.1465542316436768,0.3995555341243744,0.03347953408956528,0.3695804178714752,0.05439039692282677,0.0,0.0,1.4013769941811915e-05,2.103420592902694e-05,22856,0.5,True,0.1,0.15,0.05,0.25,128,5,True,0.05,10,0.25,8,1.0,1.0,0,,,,,,,,,,,,,,,0.07225000113248825,0.04219029098749161,0.011457242793861696,0.6765592328214003,46916,4047961,69345,4094877,69345,43709,38008,4370900,100.0,100.0,0.5961999297142029,0.6539291143417358,0.4168931245803833,0.806776762008667,0.8580864071846008,0.6766457557678223,0.34988823533058167,8.652294642197411e-05,0.9998721296251629,43709,5701,93.68498478574206,324.74939442798495,2.426146225014236,0.08144107495900244,3.5,2.0,2.5,iou,0.25,0.25,2.0,True,False,False,True,True,0.1,0.35,1.0,10,True,10,20,0.0,0.15,4.0,0.0,20,0.5,True,True
epoch,1783812397.3221292,128,1057.3754352779943,6.168912809505012e-05,6.168912809505012e-05,5.217483710265672e-05,3.981095270448784e-06,6.168912809505012e-05,1.4688440561294556,1.0692360401153564,1.14802086353302,0.39960598945617676,0.033634401857852936,0.3693544566631317,0.05490684509277344,0.0,0.0,1.3663509889738634e-05,2.0504865460679866e-05,22856,0.5,True,0.1,0.15,0.05,0.25,128,5,True,0.05,10,0.25,8,1.0,1.0,0,,,,,,,,,,,,,,,0.06903668493032455,0.04003915190696716,0.011531813683485227,0.6815631985002524,47263,4051225,69345,4098488,69345,43709,38008,4370900,100.0,100.0,0.5972068309783936,0.652498185634613,0.4207811653614044,0.8086048364639282,0.8593698143959045,0.6816208958625793,0.35195040702819824,5.7697362326969426e-05,0.9999153527089953,43709,5701,93.76759935024823,323.0233489089878,2.456322116951924,0.07995886501157656,3.5,2.0,2.5,iou,0.25,0.25,2.0,True,False,False,True,True,0.1,0.35,1.0,10,True,10,20,0.0,0.15,4.0,0.0,20,0.5,True,True
epoch,1783813493.32408,129,1089.0813195759547,6.118778236646263e-05,6.118778236646263e-05,5.029662819299674e-05,3.914597196540326e-06,6.118778236646263e-05,1.457112193107605,1.061020851135254,1.1393944025039673,0.3960912525653839,0.03272801637649536,0.36707624793052673,0.054638877511024475,0.0,0.0,1.1698532034642994e-05,1.7548692994751036e-05,22856,0.5,True,0.1,0.15,0.05,0.25,128,5,True,0.05,10,0.25,8,1.0,1.0,0,,,,,,,,,,,,,,,0.070828378200531,0.04211657866835594,0.01146874796545723,0.6807989040305717,47210,4069194,69345,4116404,69345,43709,38008,4370900,100.0,100.0,0.5967798829078674,0.6522033214569092,0.4191438555717468,0.8114496469497681,0.8563703298568726,0.6809287071228027,0.35007572174072266,0.00012980309223098452,0.9998093734470684,43709,5701,94.17749204969228,354.2802957309759,2.9941676480229944,0.10699386399937794,3.5,2.0,2.5,iou,0.25,0.25,2.0,True,False,False,True,True,0.1,0.35,1.0,10,True,10,20,0.0,0.15,4.0,0.0,20,0.5,True,True
epoch,1783814599.7561324,130,1096.9355292859836,6.06853194327328e-05,6.06853194327328e-05,4.842667059570272e-05,3.848330219257148e-06,6.06853194327328e-05,1.4468541145324707,1.0538959503173828,1.1319952011108398,0.3929579257965088,0.03245892748236656,0.3639720380306244,0.05463055521249771,0.0,0.0,3.0426304874708876e-05,4.566194911603816e-05,22856,0.5,True,0.1,0.15,0.05,0.25,128,5,True,0.05,10,0.25,8,1.0,1.0,0,1.1947052478790283,0.04386688396334648,0.4122581481933594,0.05454893782734871,0.0,0.0,4.6500506869051605e-05,6.976346776355058e-05,5701,0.5,True,True,1.0,1.0,0.07369984686374664,0.04406137019395828,0.011460322804266865,0.6813468887446824,47248,4075498,69345,4122746,69345,43709,38008,4370900,100.0,100.0,0.5974172949790955,0.6554354429244995,0.4228294789791107,0.8103788495063782,0.8577835559844971,0.6814045906066895,0.3506525456905365,5.7701862007042415e-05,0.9999153192350001,43709,5701,94.32258802534948,360.64853040198795,2.4267975469701923,0.08573966997209936,3.5,2.0,2.5,iou,0.25,0.25,2.0,True,False,False,True,True,0.1,0.35,1.0,10,True,10,20,0.0,0.15,4.0,0.0,20,0.5,True,True
epoch,1783815667.4844773,131,1058.3038412930327,6.018179439458353e-05,6.018179439458353e-05,4.656824485181618e-05,3.7823072574777746e-06,6.018179439458353e-05,1.4381242990493774,1.0490779876708984,1.1224796772003174,0.3890468180179596,0.03215031698346138,0.36239326000213623,0.054558612406253815,0.0,0.0,1.0799428309837822e-05,1.619246722839307e-05,22856,0.5,True,0.1,0.15,0.05,0.25,128,5,True,0.05,10,0.25,8,1.0,1.0,0,,,,,,,,,,,,,,,0.07359091937541962,0.04334808140993118,0.011492921486684078,0.6839426058115221,47428,4079286,69345,4126714,69345,43709,38008,4370900,100.0,100.0,0.5989078879356384,0.6566203832626343,0.4248557984828949,0.8098018169403076,0.8597159385681152,0.6841012239456177,0.3542288541793823,0.00015861813409556724,0.9997681364562093,43709,5701,94.41337024411449,322.6943355160183,2.565419745980762,0.08197019901126623,3.5,2.0,2.5,iou,0.25,0.25,2.0,True,False,False,True,True,0.1,0.35,1.0,10,True,10,20,0.0,0.15,4.0,0.0,20,0.5,True,True
epoch,1783816732.111325,132,1056.9885385789676,5.967726246920948e-05,5.967726246920948e-05,4.4724611271589214e-05,3.7165411825094213e-06,5.967726246920948e-05,1.4293103218078613,1.0431660413742065,1.1160002946853638,0.38614463806152344,0.031690556555986404,0.3606201410293579,0.05433439463376999,0.0,0.0,1.474545024393592e-05,2.2117834305390716e-05,22856,0.5,True,0.1,0.15,0.05,0.25,128,5,True,0.05,10,0.25,8,1.0,1.0,0,,,,,,,,,,,,,,,0.07557201385498047,0.044485803693532944,0.0116554502409197,0.6851683610930853,47513,4028949,69345,4076462,69345,43709,38008,4370900,100.0,100.0,0.5994076132774353,0.6569952368736267,0.42392289638519287,0.8105034232139587,0.8597591519355774,0.6852115988731384,0.3572860360145569,4.323778005310697e-05,0.9999368986454342,43709,5701,93.26367567320231,321.55744702601805,2.4638485509785824,0.08107099996414036,3.5,2.0,2.5,iou,0.25,0.25,2.0,True,False,False,True,True,0.1,0.35,1.0,10,True,10,20,0.0,0.15,4.0,0.0,20,0.5,True,True
epoch,1783817809.0771651,133,1059.642271869001,5.917177898422181e-05,5.917177898422181e-05,4.2899004214792405e-05,3.6510448155787097e-06,5.917177898422181e-05,1.4224553108215332,1.0375139713287354,1.1145657300949097,0.38494041562080383,0.03145941346883774,0.3590203523635864,0.05394960567355156,0.0,0.0,1.5160510884015821e-05,2.27489581448026e-05,22856,0.5,True,0.1,0.15,0.05,0.25,128,5,True,0.05,10,0.25,8,1.0,1.0,0,,,,,,,,,,,,,,,0.07832378894090652,0.0462791882455349,0.011678621005951881,0.6859470762131372,47567,4025431,69345,4072998,69345,43709,38008,4370900,100.0,100.0,0.5988947749137878,0.6551451086997986,0.4256838858127594,0.8095260858535767,0.8592544794082642,0.6862499117851257,0.3523108959197998,0.0003028355719885134,0.9995587094922886,43709,5701,93.18442426044979,322.601934049977,2.378728609008249,0.080393742013257,3.5,2.0,2.5,iou,0.25,0.25,2.0,True,False,False,True,True,0.1,0.35,1.0,10,True,10,20,0.0,0.15,4.0,0.0,20,0.5,True,True
epoch,1783818890.0443127,134,1058.7959691369906,5.866539937158095e-05,5.866539937158095e-05,4.109462641654886e-05,3.5858309253321503e-06,5.866539937158095e-05,1.413886547088623,1.0330488681793213,1.1048592329025269,0.38083672523498535,0.03116391785442829,0.35723811388015747,0.053985483944416046,0.0,0.0,3.474127152003348e-05,5.207466529100202e-05,22856,0.5,True,0.1,0.15,0.05,0.25,128,5,True,0.05,10,0.25,8,1.0,1.0,0,,,,,,,,,,,,,,,0.07746479660272598,0.04574458301067352,0.011591851738397918,0.6821256038647343,47302,4033323,69345,4080625,69345,43709,38008,4370900,100.0,100.0,0.5982489585876465,0.6558099985122681,0.42417052388191223,0.8103805184364319,0.8584757447242737,0.6821832656860352,0.3539981245994568,5.7661821300847294e-05,0.9999154745884262,43709,5701,93.35891921572217,322.87862174399197,2.3832225449732505,0.08150708704488352,3.5,2.0,2.5,iou,0.25,0.25,2.0,True,False,False,True,True,0.1,0.35,1.0,10,True,10,20,0.0,0.15,4.0,0.0,20,0.5,True,True
epoch,1783820000.9342291,135,1103.4491327640717,5.81581791615178e-05,5.81581791615178e-05,3.931464336864839e-05,3.5209122253468594e-06,5.81581791615178e-05,1.4114642143249512,1.031081199645996,1.1058766841888428,0.3803842067718506,0.031195567920804024,0.3553128242492676,0.05440155416727066,0.0,0.0,4.674786396208219e-05,7.009670662228018e-05,22856,0.5,True,0.1,0.15,0.05,0.25,128,5,True,0.05,10,0.25,8,1.0,1.0,0,1.1920092105865479,0.043986763805150986,0.411062628030777,0.05455082654953003,0.0,0.0,1.2750141650030855e-05,1.9159024304826744e-05,5701,0.5,True,True,1.0,1.0,0.07593035697937012,0.04532098397612572,0.011629752288287564,0.6837407167063234,47414,4029543,69345,4076957,69345,43709,38008,4370900,100.0,100.0,0.5995051860809326,0.6574141979217529,0.42478036880493164,0.8099987506866455,0.8599322438240051,0.6838272213935852,0.35445958375930786,8.650468726179028e-05,0.9998734992048349,43709,5701,93.27500057196458,362.99115989002166,2.441138213966042,0.0841581430286169,3.5,2.0,2.5,iou,0.25,0.25,2.0,True,False,False,True,True,0.1,0.35,1.0,10,True,10,20,0.0,0.15,4.0,0.0,20,0.5,True,True
epoch,1783821067.3216753,136,1058.0779910229612,5.765017397644424e-05,5.765017397644424e-05,3.756217776619931e-05,3.4563013716520284e-06,5.765017397644424e-05,1.406475305557251,1.027402400970459,1.1045548915863037,0.37907692790031433,0.030934510752558708,0.35325145721435547,0.05480628088116646,0.0,0.0,1.3287110050441697e-05,1.9939763660659082e-05,22856,0.5,True,0.1,0.15,0.05,0.25,128,5,True,0.05,10,0.25,8,1.0,1.0,0,,,,,,,,,,,,,,,0.07188744843006134,0.042269039899110794,0.011705379778072124,0.6857451871079385,47553,4014938,69345,4062491,69345,43709,38008,4370900,100.0,100.0,0.6014235019683838,0.659805417060852,0.42937541007995605,0.8112120628356934,0.862008810043335,0.6857451796531677,0.35833874344825745,-7.454770800663368e-09,1.000000010871051,43709,5701,92.94403898510605,321.6256781020202,2.783023238996975,0.08320460596587509,3.5,2.0,2.5,iou,0.25,0.25,2.0,True,False,False,True,True,0.1,0.35,1.0,10,True,10,20,0.0,0.15,4.0,0.0,20,0.5,True,True
epoch,1783822136.4239643,137,1060.0675806839718,5.7141439524853525e-05,5.7141439524853525e-05,3.58403040293601e-05,3.3920109602616034e-06,5.7141439524853525e-05,1.3976905345916748,1.0238401889801025,1.0919290781021118,0.37384986877441406,0.03039010800421238,0.35203424096107483,0.05493529140949249,0.0,0.0,1.6821610188344494e-05,2.5223132979590446e-05,22856,0.5,True,0.1,0.15,0.05,0.25,128,5,True,0.05,10,0.25,8,1.0,1.0,0,,,,,,,,,,,,,,,0.07160152494907379,0.04220271483063698,0.011683327517718254,0.6812892061431971,47244,3996467,69345,4043711,69345,43709,38008,4370900,100.0,100.0,0.5990226864814758,0.655600905418396,0.4270869791507721,0.8100706338882446,0.8625711798667908,0.6813757419586182,0.3529021441936493,8.65358154210627e-05,0.9998729983912074,43709,5701,92.51437918964058,324.08371858205646,2.365996084990911,0.0812444759067148,3.5,2.0,2.5,iou,0.25,0.25,2.0,True,False,False,True,True,0.1,0.35,1.0,10,True,10,20,0.0,0.15,4.0,0.0,20,0.5,True,True
epoch,1783823202.495767,138,1059.7768603640143,5.663203159521115e-05,5.663203159521115e-05,3.415204290976188e-05,3.32805352471867e-06,5.663203159521115e-05,1.3888903856277466,1.0176470279693604,1.0870606899261475,0.3712450861930847,0.030063914135098457,0.3491433262825012,0.05512044578790665,0.0,0.0,2.680496072571259e-05,4.021200948045589e-05,22856,0.5,True,0.1,0.15,0.05,0.25,128,5,True,0.05,10,0.25,8,1.0,1.0,0,,,,,,,,,,,,,,,0.07345323264598846,0.04344233125448227,0.011649665425469503,0.6858172903597952,47558,4034791,69345,4082349,69345,43709,38008,4370900,100.0,100.0,0.6000005006790161,0.6575825810432434,0.42787495255470276,0.8102174401283264,0.8606388568878174,0.6859182119369507,0.35414233803749084,0.00010092157715546612,0.9998528664563805,43709,5701,93.39836189343156,323.67358506901655,2.401920067030005,0.0811060449341312,3.5,2.0,2.5,iou,0.25,0.25,2.0,True,False,False,True,True,0.1,0.35,1.0,10,True,10,20,0.0,0.15,4.0,0.0,20,0.5,True,True
epoch,1783824279.6642857,139,1069.1776238780003,5.612200604983715e-05,5.612200604983715e-05,3.250035619108332e-05,3.2644415336520157e-06,5.612200604983715e-05,1.3836803436279297,1.0138897895812988,1.0856785774230957,0.36978796124458313,0.030007079243659973,0.34817224740982056,0.054842691868543625,0.0,0.0,1.0630229553498793e-05,1.5946952771628276e-05,22856,0.5,True,0.1,0.15,0.05,0.25,128,5,True,0.05,10,0.25,8,1.0,1.0,0,,,,,,,,,,,,,,,0.07480738312005997,0.04424092546105385,0.01166985189894373,0.6871872521450717,47653,4035775,69345,4083428,69345,43709,38008,4370900,100.0,100.0,0.600080668926239,0.6576406359672546,0.42844775319099426,0.8111928105354309,0.8629028797149658,0.6872016787528992,0.3529742658138275,1.4426607827466853e-05,0.9999790067337239,43709,5701,93.42304788487498,333.14739985205233,2.821441828040406,0.08236141095403582,3.5,2.0,2.5,iou,0.25,0.25,2.0,True,False,False,True,True,0.1,0.35,1.0,10,True,10,20,0.0,0.15,4.0,0.0,20,0.5,True,True
epoch,1783825396.1862957,140,1110.2185926949605,5.5611418818780024e-05,5.5611418818780024e-05,3.088814149307594e-05,3.2011873883453323e-06,5.5611418818780024e-05,1.378318190574646,1.0099200010299683,1.0846384763717651,0.36840081214904785,0.029791874811053276,0.3460637927055359,0.055113136768341064,0.0,0.0,6.50800848234212e-06,9.761763976712245e-06,22856,0.5,True,0.1,0.15,0.05,0.25,128,5,True,0.05,10,0.25,8,1.0,1.0,0,1.1961866617202759,0.0442885085940361,0.412949800491333,0.054196592420339584,0.0,0.0,1.552558023831807e-05,2.327628135390114e-05,5701,0.5,True,True,1.0,1.0,0.07553520053625107,0.04408940672874451,0.011605658871743479,0.6860336001153652,47573,4051548,69345,4099121,69345,43709,38008,4370900,100.0,100.0,0.5990754961967468,0.6561852097511292,0.4289819598197937,0.8090267181396484,0.8617059588432312,0.6860913038253784,0.3548777997493744,5.770371001323493e-05,0.9999158949986809,43709,5701,93.78208149351393,368.6330674000783,2.4116517601069063,0.08535112696699798,3.5,2.0,2.5,iou,0.25,0.25,2.0,True,False,False,True,True,0.1,0.35,1.0,10,True,10,20,0.0,0.15,4.0,0.0,20,0.5,True,True
epoch,1783826460.7662346,141,1057.542135494994,5.510032589368345e-05,5.510032589368345e-05,2.931822718815431e-05,3.138303420319585e-06,5.510032589368345e-05,1.3714035749435425,1.0049786567687988,1.081994652748108,0.36642375588417053,0.02961471863090992,0.34330105781555176,0.05541384965181351,0.0,0.0,9.258598765882198e-06,1.3891405615140684e-05,22856,0.5,True,0.1,0.15,0.05,0.25,128,5,True,0.05,10,0.25,8,1.0,1.0,0,,,,,,,,,,,,,,,0.07603053003549576,0.044412992894649506,0.01173727117153892,0.6899704376667388,47846,4028570,69345,4076416,69345,43709,38008,4370900,100.0,100.0,0.6011926531791687,0.660729706287384,0.43247929215431213,0.8090851306915283,0.8630326390266418,0.6900714039802551,0.3560458719730377,0.00010096631351630414,0.9998536871504399,43709,5701,93.26262325836784,321.4715784919681,2.4314357050461695,0.08062729390803725,3.5,2.0,2.5,iou,0.25,0.25,2.0,True,False,False,True,True,0.1,0.35,1.0,10,True,10,20,0.0,0.15,4.0,0.0,20,0.5,True,True
epoch,1783827525.1286607,142,1056.021034260979,5.458878332164615e-05,5.458878332164615e-05,2.7793367439469675e-05,3.075801888928933e-06,5.458878332164615e-05,1.3661407232284546,1.0029933452606201,1.0756129026412964,0.3631439805030823,0.029737478122115135,0.34217676520347595,0.055492423474788666,0.0,0.0,5.1218712542322464e-06,7.681613169552293e-06,22856,0.5,True,0.1,0.15,0.05,0.25,128,5,True,0.05,10,0.25,8,1.0,1.0,0,,,,,,,,,,,,,,,0.07795219123363495,0.04501694440841675,0.011643508305355491,0.6869132597880164,47634,4043401,69345,4091035,69345,43709,38008,4370900,100.0,100.0,0.6010862588882446,0.6587232947349548,0.43055471777915955,0.8105964660644531,0.8648208379745483,0.686956524848938,0.35758885741233826,4.326506092156013e-05,0.9999370192153993,43709,5701,93.59708526848017,321.88878932909574,2.380674108979292,0.08113807009067386,3.5,2.0,2.5,iou,0.25,0.25,2.0,True,False,False,True,True,0.1,0.35,1.0,10,True,10,20,0.0,0.15,4.0,0.0,20,0.5,True,True
epoch,1783828586.5496783,143,1055.0417600189103,5.407684719907573e-05,5.407684719907573e-05,2.6316237369172058e-05,3.0136949789707673e-06,5.407684719907573e-05,1.3581143617630005,0.998293399810791,1.0692001581192017,0.35982006788253784,0.02943851612508297,0.3419765532016754,0.05467809736728668,0.0,0.0,3.619012659328291e-06,5.428212261904264e-06,22856,0.5,True,0.1,0.15,0.05,0.25,128,5,True,0.05,10,0.25,8,1.0,1.0,0,,,,,,,,,,,,,,,0.08153093606233597,0.047453220933675766,0.011724068309670441,0.688326483524407,47732,4023551,69345,4071283,69345,43709,38008,4370900,100.0,100.0,0.6009900569915771,0.6578811407089233,0.4319583773612976,0.8097567558288574,0.8640853762626648,0.6884995102882385,0.3539981245994568,0.00017302676383157412,0.9997486900698606,43709,5701,93.14518748999062,319.9052378210472,2.392668282962404,0.08283500699326396,3.5,2.0,2.5,iou,0.25,0.25,2.0,True,False,False,True,True,0.1,0.35,1.0,10,True,10,20,0.0,0.15,4.0,0.0,20,0.5,True,True
epoch,1783829662.0664005,144,1057.932260825066,5.356457366553702e-05,5.356457366553702e-05,2.4889428365336988e-05,2.9519947983102333e-06,5.356457366553702e-05,1.3495858907699585,0.9921544790267944,1.0656689405441284,0.3574290871620178,0.028851089999079704,0.3397029638290405,0.05472642928361893,0.0,0.0,6.045976533641806e-06,9.062070603249595e-06,22856,0.5,True,0.1,0.15,0.05,0.25,128,5,True,0.05,10,0.25,8,1.0,1.0,0,,,,,,,,,,,,,,,0.08130476623773575,0.047333914786577225,0.011758677398619435,0.6906193669334487,47891,4024931,69345,4072822,69345,43709,38008,4370900,100.0,100.0,0.6022903919219971,0.6597498655319214,0.43274417519569397,0.8112987279891968,0.8647054433822632,0.6907347440719604,0.35457494854927063,0.0001153771385117297,0.9998329646228137,43709,5701,93.18039762977877,322.40412959991954,2.8494328680681065,0.09125450300052762,3.5,2.0,2.5,iou,0.25,0.25,2.0,True,False,False,True,True,0.1,0.35,1.0,10,True,10,20,0.0,0.15,4.0,0.0,20,0.5,True,True
epoch,1783830766.7272623,145,1096.6643226390006,5.3052018897595755e-05,5.3052018897595755e-05,2.351544353579008e-05,2.8907133755198106e-06,5.3052018897595755e-05,1.3408969640731812,0.986535370349884,1.060219645500183,0.35435912013053894,0.028447763994336128,0.33665895462036133,0.05518108978867531,0.0,0.0,3.4339418562012725e-06,5.1507013267837465e-06,22856,0.5,True,0.1,0.15,0.05,0.25,128,5,True,0.05,10,0.25,8,1.0,1.0,0,1.1945396661758423,0.04423942416906357,0.4123649597167969,0.05426277592778206,0.0,0.0,5.610439075098839e-06,8.409002475673333e-06,5701,0.5,True,True,1.0,1.0,0.08309563994407654,0.04937123507261276,0.011638772260132166,0.6870430456413584,47643,4045830,69345,4093473,69345,43709,38008,4370900,100.0,100.0,0.6001195311546326,0.6579691767692566,0.42816993594169617,0.8080576658248901,0.8637104630470276,0.6870430707931519,0.35101306438446045,2.5151793425770563e-08,0.9999999633912421,43709,5701,93.65286325470727,362.2501773139229,2.4338876529363915,0.08740621409378946,3.5,2.0,2.5,iou,0.25,0.25,2.0,True,False,False,True,True,0.1,0.35,1.0,10,True,10,20,0.0,0.15,4.0,0.0,20,0.5,True,True
epoch,1783831843.563172,146,1058.2151672909968,5.253923910265822e-05,5.253923910265822e-05,2.2196693316805594e-05,2.8298626575342925e-06,5.253923910265822e-05,1.3371641635894775,0.98487788438797,1.057852864265442,0.3522845208644867,0.028339510783553123,0.3365335166454315,0.05497622862458229,0.0,0.0,5.173946192371659e-06,7.762728273519315e-06,22856,0.5,True,0.1,0.15,0.05,0.25,128,5,True,0.05,10,0.25,8,1.0,1.0,0,,,,,,,,,,,,,,,0.081911601126194,0.04831799119710922,0.011667902771459095,0.6901290648208234,47857,4053737,69345,4101594,69345,43709,38008,4370900,100.0,100.0,0.5999642610549927,0.6568031907081604,0.43056797981262207,0.8077964782714844,0.8647631406784058,0.6902011632919312,0.35251280665397644,7.209847110778433e-05,0.9998955399165601,43709,5701,93.83866023015855,322.8731940960279,2.424537169979885,0.08084157900884748,3.5,2.0,2.5,iou,0.25,0.25,2.0,True,False,False,True,True,0.1,0.35,1.0,10,True,10,20,0.0,0.15,4.0,0.0,20,0.5,True,True
epoch,1783832912.3623352,147,1059.369112190092,5.202629051280743e-05,5.202629051280743e-05,2.0935491244381926e-05,2.7694545073217206e-06,5.202629051280743e-05,1.3313734531402588,0.9816982746124268,1.0540019273757935,0.3496784567832947,0.028197932988405228,0.334906667470932,0.055033255368471146,0.0,0.0,5.684365532943048e-06,8.52253560879035e-06,22856,0.5,True,0.1,0.15,0.05,0.25,128,5,True,0.05,10,0.25,8,1.0,1.0,0,,,,,,,,,,,,,,,0.08092067390680313,0.04698918014764786,0.01171783039765034,0.687634292306583,47684,4021670,69345,4069354,69345,43709,38008,4370900,100.0,100.0,0.5992801785469055,0.6560200452804565,0.42986851930618286,0.8075563907623291,0.8639411926269531,0.6877928972244263,0.3503064513206482,0.00015860491784325248,0.9997694001806601,43709,5701,93.1010547026928,323.5958315639291,2.7855533600086346,0.08134480495937169,3.5,2.0,2.5,iou,0.25,0.25,2.0,True,False,False,True,True,0.1,0.35,1.0,10,True,10,20,0.0,0.15,4.0,0.0,20,0.5,True,True
epoch,1783833978.8479598,148,1057.3029181620805,5.151322937863667e-05,5.151322937863667e-05,1.973404989551346e-05,2.7095007015706655e-06,5.151322937863667e-05,1.3280608654022217,0.9800624251365662,1.0530531406402588,0.34799817204475403,0.027997737750411034,0.33341604471206665,0.055443376302719116,0.0,0.0,6.078375918150414e-06,9.114612112171017e-06,22856,0.5,True,0.1,0.15,0.05,0.25,128,5,True,0.05,10,0.25,8,1.0,1.0,0,,,,,,,,,,,,,,,0.07874079793691635,0.04532184451818466,0.01181404448854955,0.6880813324680943,47715,3991122,69345,4038837,69345,43709,38008,4370900,100.0,100.0,0.6000691652297974,0.6591793894767761,0.42902031540870667,0.8072968125343323,0.8628740310668945,0.688139021396637,0.3538106679916382,5.7688928542631857e-05,0.9999161667530123,43709,5701,92.40286897435311,322.45855778397527,2.3745561039540917,0.08115303504746407,3.5,2.0,2.5,iou,0.25,0.25,2.0,True,False,False,True,True,0.1,0.35,1.0,10,True,10,20,0.0,0.15,4.0,0.0,20,0.5,True,True
epoch,1783835046.0479226,149,1057.7107067910256,5.100011196308097e-05,5.100011196308097e-05,1.8594477006578637e-05,2.650012928394357e-06,5.100011196308097e-05,1.3204201459884644,0.9757035970687866,1.0473610162734985,0.3447147309780121,0.02787221223115921,0.33279669284820557,0.05471673235297203,0.0,0.0,4.835688741877675e-06,7.2530287980043795e-06,22856,0.5,True,0.1,0.15,0.05,0.25,128,5,True,0.05,10,0.25,8,1.0,1.0,0,,,,,,,,,,,,,,,0.07837442308664322,0.04483094811439514,0.011752751687347865,0.685197202393828,47515,3995368,69345,4042883,69345,43709,38008,4370900,100.0,100.0,0.5987967848777771,0.655201256275177,0.4293403625488281,0.8067693710327148,0.8627154231071472,0.6852981448173523,0.351561039686203,0.00010094242352431948,0.9998527029085257,43709,5701,92.49543572262006,323.72936955699697,2.483881270047277,0.08948242198675871,3.5,2.0,2.5,iou,0.25,0.25,2.0,True,False,False,True,True,0.1,0.35,1.0,10,True,10,20,0.0,0.15,4.0,0.0,20,0.5,True,True
epoch,1783836148.1864254,150,1094.1571306089172,5.048699453524726e-05,5.048699453524726e-05,1.751877177565413e-05,2.5910027850520422e-06,5.048699453524726e-05,1.3153719902038574,0.9721498489379883,1.0472326278686523,0.34322598576545715,0.027529867365956306,0.3316754102706909,0.054705660790205,0.0,0.0,5.4569636631640606e-06,8.1869120549527e-06,22856,0.5,True,0.1,0.15,0.05,0.25,128,5,True,0.05,10,0.25,8,1.0,1.0,0,1.1981887817382812,0.04439890384674072,0.41422998905181885,0.053846873342990875,0.0,0.0,6.099767688283464e-06,9.143316674453672e-06,5701,0.5,True,True,1.0,1.0,0.07944460213184357,0.045686788856983185,0.011765647234077654,0.687028624990987,47642,4001604,69345,4049246,69345,43709,38008,4370900,100.0,100.0,0.5988702178001404,0.6561208963394165,0.4305535852909088,0.8067782521247864,0.8640998005867004,0.6870718598365784,0.34673011302948,4.323484559132229e-05,0.9999370737645963,43709,5701,92.64101214852776,360.2446324339835,2.409725758014247,0.08470431703608483,3.5,2.0,2.5,iou,0.25,0.25,2.0,True,False,False,True,True,0.1,0.35,1.0,10,True,10,20,0.0,0.15,4.0,0.0,20,0.5,True,True
epoch,1783837214.9359622,151,1056.0751102239592,4.99739333642438e-05,4.99739333642438e-05,1.650882135524205e-05,2.5324817756880876e-06,4.99739333642438e-05,1.3105700016021729,0.9709370136260986,1.040783405303955,0.3396334648132324,0.027549199759960175,0.33120793104171753,0.05456148833036423,0.0,0.0,4.855055522057228e-06,7.279481451405445e-06,22856,0.5,True,0.1,0.15,0.05,0.25,128,5,True,0.05,10,0.25,8,1.0,1.0,0,,,,,,,,,,,,,,,0.08272729814052582,0.047849856317043304,0.01175030036706859,0.6851395197923427,47511,3995875,69345,4043386,69345,43709,38008,4370900,100.0,100.0,0.5986695885658264,0.6567359566688538,0.42866945266723633,0.807870090007782,0.8617059588432312,0.685139536857605,0.35088327527046204,1.7065262314375218e-08,0.9999999750922821,43709,5701,92.5069436500492,321.3083551080199,2.357905489974655,0.07977153593674302,3.5,2.0,2.5,iou,0.25,0.25,2.0,True,False,False,True,True,0.1,0.35,1.0,10,True,10,20,0.0,0.15,4.0,0.0,20,0.5,True,True
epoch,1783838282.6980743,152,1058.2355695009464,4.946098471300969e-05,4.946098471300969e-05,1.556639754156326e-05,2.4744613090892213e-06,4.946098471300969e-05,1.3031879663467407,0.966029167175293,1.037847876548767,0.33715853095054626,0.027433840557932854,0.3293556571006775,0.05449160933494568,0.0,0.0,8.682268344273325e-06,1.3025415682932362e-05,22856,0.5,True,0.1,0.15,0.05,0.25,128,5,True,0.05,10,0.25,8,1.0,1.0,0,,,,,,,,,,,,,,,0.08347100019454956,0.04793057590723038,0.011908938866182776,0.6881822770206937,47722,3959520,69345,4007242,69345,43709,38008,4370900,100.0,100.0,0.6008378267288208,0.659767210483551,0.43186819553375244,0.8089380264282227,0.8645324110984802,0.6882543563842773,0.3570408821105957,7.207936358366585e-05,0.9998952722014542,43709,5701,91.68002013315335,323.79274221905507,2.402392065967433,0.08485688304062933,3.5,2.0,2.5,iou,0.25,0.25,2.0,True,False,False,True,True,0.1,0.35,1.0,10,True,10,20,0.0,0.15,4.0,0.0,20,0.5,True,True
epoch,1783839411.8020494,153,1114.8414832769195,4.89482048321449e-05,4.89482048321449e-05,1.4693153666224727e-05,2.416952696460365e-06,4.89482048321449e-05,1.299485206604004,0.9648364186286926,1.0349111557006836,0.33465102314949036,0.027414681389927864,0.32910215854644775,0.05427072197198868,0.0,0.0,8.184796570276376e-06,1.2276360394025687e-05,22856,0.5,True,0.1,0.15,0.05,0.25,128,5,True,0.05,10,0.25,8,1.0,1.0,0,,,,,,,,,,,,,,,0.08624418079853058,0.04964319244027138,0.011915624887759642,0.6841300742663494,47441,3933970,69345,3981411,69345,43709,38008,4370900,100.0,100.0,0.5976372361183167,0.6529669761657715,0.4270271062850952,0.8065846562385559,0.864460289478302,0.6842021942138672,0.3543153703212738,7.211994751776807e-05,0.9998945926392407,43709,5701,91.0890434464298,352.4018298740266,2.9151321159442887,0.11920235701836646,3.5,2.0,2.5,iou,0.25,0.25,2.0,True,False,False,True,True,0.1,0.35,1.0,10,True,10,20,0.0,0.15,4.0,0.0,20,0.5,True,True
epoch,1783840494.3429716,154,1063.4544831560925,4.84356499537419e-05,4.84356499537419e-05,1.3890621695714051e-05,2.359967149219503e-06,4.84356499537419e-05,1.299720048904419,0.9668231010437012,1.0344191789627075,0.33289819955825806,0.02762758731842041,0.3300289511680603,0.054107554256916046,0.0,0.0,6.0031093198631424e-06,8.998750672617462e-06,22856,0.5,True,0.1,0.15,0.05,0.25,128,5,True,0.05,10,0.25,8,1.0,1.0,0,,,,,,,,,,,,,,,0.08859776705503464,0.051561664789915085,0.01191297391840629,0.6863652750739059,47596,3947712,69345,3995308,69345,43709,38008,4370900,100.0,100.0,0.5978853702545166,0.6564586162567139,0.4290417432785034,0.8062278628349304,0.8626000285148621,0.6864662170410156,0.35120052099227905,0.00010094196710974668,0.9998529542101214,43709,5701,91.40698711935757,323.95399983704556,2.3839645569678396,0.08108834899030626,3.5,2.0,2.5,iou,0.25,0.25,2.0,True,False,False,True,True,0.1,0.35,1.0,10,True,10,20,0.0,0.15,4.0,0.0,20,0.5,True,True
epoch,1783841610.6457803,155,1097.30886520294,4.792337628521909e-05,4.792337628521909e-05,1.3160209543809702e-05,2.3035157768119833e-06,4.792337628521909e-05,1.2907804250717163,0.960843026638031,1.030275583267212,0.3299357295036316,0.027113012969493866,0.32673779129981995,0.05465942621231079,0.0,0.0,4.433967205841327e-06,6.653790478594601e-06,22856,0.5,True,0.1,0.15,0.05,0.25,128,5,True,0.05,10,0.25,8,1.0,1.0,0,1.2014678716659546,0.04492184892296791,0.41459009051322937,0.054108452051877975,0.0,0.0,6.122779439010628e-08,9.171993298195957e-08,5701,0.5,True,True,1.0,1.0,0.08903887867927551,0.05214165896177292,0.011890099277116645,0.6842310188189488,47448,3943099,69345,3990547,69345,43709,38008,4370900,100.0,100.0,0.5984506011009216,0.6568520069122314,0.4273877441883087,0.8070956468582153,0.8638690710067749,0.6843608021736145,0.34978729486465454,0.00012978335466573565,0.9998103582872463,43709,5701,91.29806218398957,362.79626131698024,2.2958699059672654,0.08680282102432102,3.5,2.0,2.5,iou,0.25,0.25,2.0,True,False,False,True,True,0.1,0.35,1.0,10,True,10,20,0.0,0.15,4.0,0.0,20,0.5,True,True
epoch,1783842683.3109272,156,1055.1916625660378,4.741144000315698e-05,4.741144000315698e-05,1.2503198601621841e-05,2.247609584544701e-06,4.741144000315698e-05,1.2832165956497192,0.9571701884269714,1.0233023166656494,0.32604625821113586,0.02688179910182953,0.3260488510131836,0.05419726297259331,0.0,0.0,3.6971100598748308e-06,5.545626208913745e-06,22856,0.5,True,0.1,0.15,0.05,0.25,128,5,True,0.05,10,0.25,8,1.0,1.0,0,,,,,,,,,,,,,,,0.09072165191173553,0.053157299757003784,0.01188788658991077,0.6880092292162376,47710,3965619,69345,4013329,69345,43709,38008,4370900,100.0,100.0,0.5987081527709961,0.6580265760421753,0.4285712242126465,0.8060486316680908,0.8625856041908264,0.6880813241004944,0.3494556248188019,7.209488425674593e-05,0.9998952233090311,43709,5701,91.81928207005423,322.37596408603713,2.306860535987653,0.08005689200945199,3.5,2.0,2.5,iou,0.25,0.25,2.0,True,False,False,True,True,0.1,0.35,1.0,10,True,10,20,0.0,0.15,4.0,0.0,20,0.5,True,True
epoch,1783843768.422743,157,1065.2526218409184,4.689989724713793e-05,4.689989724713793e-05,1.1920741489596876e-05,2.1922594714406124e-06,4.689989724713793e-05,1.278891921043396,0.9551476836204529,1.021377682685852,0.3237416446208954,0.026862557977437973,0.3258659541606903,0.053834594786167145,0.0,0.0,5.074964064988308e-06,7.609327894897433e-06,22856,0.5,True,0.1,0.15,0.05,0.25,128,5,True,0.05,10,0.25,8,1.0,1.0,0,,,,,,,,,,,,,,,0.09009157121181488,0.05200213938951492,0.011848099784640855,0.6891917225466868,47792,3985935,69345,4033727,69345,43709,38008,4370900,100.0,100.0,0.5988134741783142,0.6562808156013489,0.432832270860672,0.8054990172386169,0.8645324110984802,0.6892493963241577,0.3495854139328003,5.76737774709013e-05,0.9999163237896493,43709,5701,92.28595941339313,330.3272740810644,2.811860551009886,0.10750143392942846,3.5,2.0,2.5,iou,0.25,0.25,2.0,True,False,False,True,True,0.1,0.35,1.0,10,True,10,20,0.0,0.15,4.0,0.0,20,0.5,True,True
epoch,1783844887.8712192,158,1111.1633803750155,4.638880411358969e-05,4.638880411358969e-05,1.1413860035429572e-05,2.1374762281139387e-06,4.638880411358969e-05,1.2728526592254639,0.9516790509223938,1.0187194347381592,0.3211739957332611,0.02673218585550785,0.3242112100124359,0.053987666964530945,0.0,0.0,4.621395419235341e-06,6.933080840099137e-06,22856,0.5,True,0.1,0.15,0.05,0.25,128,5,True,0.05,10,0.25,8,1.0,1.0,0,,,,,,,,,,,,,,,0.09278712421655655,0.05397643893957138,0.011828299155465447,0.6871872521450717,47653,3981075,69345,4028728,69345,43709,38008,4370900,100.0,100.0,0.5974790453910828,0.6541353464126587,0.4316721260547638,0.8034252524375916,0.864287257194519,0.6872738003730774,0.34380272030830383,8.654822800568951e-05,0.9998740702352414,43709,5701,92.17158937518589,349.33124037389643,2.8795334870228544,0.08784350100904703,3.5,2.0,2.5,iou,0.25,0.25,2.0,True,False,False,True,True,0.1,0.35,1.0,10,True,10,20,0.0,0.15,4.0,0.0,20,0.5,True,True
epoch,1783845964.9775534,159,1059.8143917969428,4.5878216649633865e-05,4.5878216649633865e-05,1.0983443481430005e-05,2.0832705346665176e-06,4.5878216649633865e-05,1.2649329900741577,0.9468370079994202,1.0145260095596313,0.3180955946445465,0.026406848803162575,0.3218882381916046,0.05417478084564209,0.0,0.0,1.1104069017164875e-05,1.66687423188705e-05,22856,0.5,True,0.1,0.15,0.05,0.25,128,5,True,0.05,10,0.25,8,1.0,1.0,0,,,,,,,,,,,,,,,0.09062961488962173,0.051708828657865524,0.011885217091300145,0.687547768404355,47678,3963860,69345,4011538,69345,43709,38008,4370900,100.0,100.0,0.5981177091598511,0.6546850204467773,0.4321627616882324,0.803493082523346,0.8668397068977356,0.6876054406166077,0.34585046768188477,5.7672212252612987e-05,0.9999161260094148,43709,5701,91.77830652725983,321.9964699599659,2.348778916988522,0.08110875298734754,3.5,2.0,2.5,iou,0.25,0.25,2.0,True,False,False,True,True,0.1,0.35,1.0,10,True,10,20,0.0,0.15,4.0,0.0,20,0.5,True,True
epoch,1783847090.307689,160,1115.72691931203,4.536819084693963e-05,4.536819084693963e-05,1.0630246924490429e-05,2.029652958605683e-06,4.536819084693963e-05,1.262001395225525,0.9462084174156189,1.0128897428512573,0.3157936632633209,0.026444587856531143,0.3221912682056427,0.053801584988832474,0.0,0.0,4.504248863668181e-06,6.757615665264893e-06,22856,0.5,True,0.1,0.15,0.05,0.25,128,5,True,0.05,10,0.25,8,1.0,1.0,0,1.2035877704620361,0.045366089791059494,0.41590023040771484,0.05369791015982628,0.0,0.0,9.175490163215727e-07,1.3771187923339312e-06,5701,0.5,True,True,1.0,1.0,0.08881086111068726,0.050705451518297195,0.011892421785226188,0.6857740284086812,47555,3951210,69345,3998765,69345,43709,38008,4370900,100.0,100.0,0.5986758470535278,0.6564993262290955,0.4275054335594177,0.8065524101257324,0.8649217486381531,0.6858028769493103,0.3505804240703583,2.8848540629122787e-05,0.999957934646239,43709,5701,91.48607838202659,367.10368304606527,2.365944465971552,0.08541261195205152,3.5,2.0,2.5,iou,0.25,0.25,2.0,True,False,False,True,True,0.1,0.35,1.0,10,True,10,20,0.0,0.15,4.0,0.0,20,0.5,True,True
epoch,1783848157.968842,161,1057.537094890955,4.485878263558376e-05,4.485878263558376e-05,1.0354889991388681e-05,1.976633952784129e-06,4.485878263558376e-05,1.2567551136016846,0.9439055323600769,1.0092815160751343,0.31284916400909424,0.026158327236771584,0.32053065299987793,0.05429013445973396,0.0,0.0,3.5562741231842665e-06,5.332733508112142e-06,22856,0.5,True,0.1,0.15,0.05,0.25,128,5,True,0.05,10,0.25,8,1.0,1.0,0,,,,,,,,,,,,,,,0.08728998899459839,0.05044807866215706,0.01183899702409906,0.6844184872737761,47461,3961409,69345,4008870,69345,43709,38008,4370900,100.0,100.0,0.5968690514564514,0.6548115015029907,0.4244046211242676,0.805457592010498,0.8619511127471924,0.6845194101333618,0.348056823015213,0.00010092285958573921,0.9998525639184342,43709,5701,91.71726646686037,322.0158051949693,2.3284848619950935,0.07953181897755712,3.5,2.0,2.5,iou,0.25,0.25,2.0,True,False,False,True,True,0.1,0.35,1.0,10,True,10,20,0.0,0.15,4.0,0.0,20,0.5,True,True
epoch,1783849226.4305375,162,1059.343892871053,4.435004787791714e-05,4.435004787791714e-05,1.015785575175237e-05,1.92422385336209e-06,4.435004787791714e-05,1.255643367767334,0.9445416927337646,1.0096428394317627,0.3111037611961365,0.02615603432059288,0.3207039535045624,0.05432756245136261,0.0,0.0,4.475078185350867e-06,6.714186383760534e-06,22856,0.5,True,0.1,0.15,0.05,0.25,128,5,True,0.05,10,0.25,8,1.0,1.0,0,,,,,,,,,,,,,,,0.08476206660270691,0.04842624068260193,0.011883889199000502,0.6837118754055808,47412,3942191,69345,3989603,69345,43709,38008,4370900,100.0,100.0,0.5963344573974609,0.6541078686714172,0.42571327090263367,0.8059257864952087,0.8604657649993896,0.6837118864059448,0.34671568870544434,1.1000364064095436e-08,0.9999999839108193,43709,5701,91.2764648012995,323.9017855579732,2.3113271499751136,0.08013874897733331,3.5,2.0,2.5,iou,0.25,0.25,2.0,True,False,False,True,True,0.1,0.35,1.0,10,True,10,20,0.0,0.15,4.0,0.0,20,0.5,True,True
epoch,1783850293.3641996,163,1057.3780513270758,4.384204236243883e-05,4.384204236243883e-05,1.003948987059048e-05,1.8724328777922932e-06,4.384204236243883e-05,1.2483177185058594,0.9406706690788269,1.004540205001831,0.30764973163604736,0.025831138715147972,0.31790220737457275,0.055088259279727936,0.0,0.0,1.419557065673871e-05,2.12881168408785e-05,22856,0.5,True,0.1,0.15,0.05,0.25,128,5,True,0.05,10,0.25,8,1.0,1.0,0,,,,,,,,,,,,,,,0.08374427258968353,0.04791845381259918,0.011888058037165307,0.6856730838560819,47548,3952096,69345,3999644,69345,43709,38008,4370900,100.0,100.0,0.5974636673927307,0.656670331954956,0.4271038770675659,0.8060263991355896,0.8605090379714966,0.6858028769493103,0.3493402600288391,0.00012979309322835864,0.9998107428568895,43709,5701,91.50618865679837,324.020400834037,2.3479814580641687,0.08088085800409317,3.5,2.0,2.5,iou,0.25,0.25,2.0,True,False,False,True,True,0.1,0.35,1.0,10,True,10,20,0.0,0.15,4.0,0.0,20,0.5,True,True
epoch,1783851359.7175694,164,1057.1137004740303,4.3334821797678345e-05,4.3334821797678345e-05,1.0000000001879572e-05,1.8212711228280474e-06,4.3334821797678345e-05,1.2437554597854614,0.9383833408355713,1.0033527612686157,0.3053719997406006,0.025820881128311157,0.3172529637813568,0.05487866327166557,0.0,0.0,1.2770246030413546e-05,1.9148508727084845e-05,22856,0.5,True,0.1,0.15,0.05,0.25,128,5,True,0.05,10,0.25,8,1.0,1.0,0,,,,,,,,,,,,,,,0.08524942398071289,0.04899267107248306,0.011877555364935854,0.6838993438604081,47425,3945400,69345,3992825,69345,43709,38008,4370900,100.0,100.0,0.5970169901847839,0.6542370915412903,0.4281962215900421,0.8050646185874939,0.861835777759552,0.6839714646339417,0.34709063172340393,7.212077353357937e-05,0.9998945558736545,43709,5701,91.35017959687936,323.4592473009834,2.3412767819827422,0.08181494590826333,3.5,2.0,2.5,iou,0.25,0.25,2.0,True,False,False,True,True,0.1,0.35,1.0,10,True,10,20,0.0,0.15,4.0,0.0,20,0.5,True,True
epoch,1783852467.2499568,165,1098.0789160929853,4.282844180608647e-05,4.282844180608647e-05,0.0,1.770748562554851e-06,4.282844180608647e-05,1.2375046014785767,0.9351616501808167,0.9997855424880981,0.30234450101852417,0.025609884411096573,0.3154982626438141,0.05506628379225731,0.0,0.0,7.604550773976371e-06,1.1411971172492485e-05,22856,0.5,True,0.1,0.15,0.05,0.25,128,5,True,0.05,10,0.25,8,1.0,1.0,0,1.2141255140304565,0.04578550532460213,0.4176037311553955,0.054899703711271286,0.0,0.0,1.0215104566668742e-06,1.530314989395265e-06,5701,0.5,True,True,1.0,1.0,0.08401783555746078,0.047905776649713516,0.011898152852818427,0.6855000360516259,47536,3947706,69345,3995242,69345,43709,38008,4370900,100.0,100.0,0.5969085693359375,0.6529459953308105,0.42969733476638794,0.80559903383255,0.8629894256591797,0.685600996017456,0.35000360012054443,0.00010095996583014966,0.9998527423874577,43709,5701,91.40547713285594,363.58640780090354,2.3567764699691907,0.08501211798284203,3.5,2.0,2.5,iou,0.25,0.25,2.0,True,False,False,True,True,0.1,0.35,1.0,10,True,10,20,0.0,0.15,4.0,0.0,20,0.5,True,True
epoch,1783853531.4500217,166,1056.1274649699917,4.232295791793562e-05,4.232295791793562e-05,0.0,1.7208750464459343e-06,4.232295791793562e-05,1.2349907159805298,0.9352762699127197,0.9975973963737488,0.2997138798236847,0.02563627064228058,0.3152611553668976,0.05524783208966255,0.0,0.0,1.0908077456406318e-05,1.6355359548470005e-05,22856,0.5,True,0.1,0.15,0.05,0.25,128,5,True,0.05,10,0.25,8,1.0,1.0,0,,,,,,,,,,,,,,,0.08448424190282822,0.04814669489860535,0.01185187077206315,0.6825149614247602,47329,3946049,69345,3993378,69345,43709,38008,4370900,100.0,100.0,0.5962815880775452,0.6533750295639038,0.42560461163520813,0.8045072555541992,0.8637104630470276,0.6825726628303528,0.34668686985969543,5.7701405592580635e-05,0.9999154648160778,43709,5701,91.3628314534764,323.03718383598607,2.371791490004398,0.08120898902416229,3.5,2.0,2.5,iou,0.25,0.25,2.0,True,False,False,True,True,0.1,0.35,1.0,10,True,10,20,0.0,0.15,4.0,0.0,20,0.5,True,True
epoch,1783854598.7257106,167,1058.0451078290353,4.1818425565230454e-05,4.1818425565230454e-05,0.0,1.6716602974420842e-06,4.1818425565230454e-05,1.2337136268615723,0.9361305236816406,0.9971663951873779,0.2975831925868988,0.025745000690221786,0.3156024217605591,0.055126260966062546,0.0,0.0,6.212554126250325e-06,9.3112330432632e-06,22856,0.5,True,0.1,0.15,0.05,0.25,128,5,True,0.05,10,0.25,8,1.0,1.0,0,,,,,,,,,,,,,,,0.08464938402175903,0.04798675328493118,0.011855555794722954,0.6830629461388709,47367,3947975,69345,3995342,69345,43709,38008,4370900,100.0,100.0,0.5954887866973877,0.652578592300415,0.4254489243030548,0.8028609752655029,0.863825798034668,0.6830773949623108,0.3437017798423767,1.4448823439927594e-05,0.999978847457775,43709,5701,91.40776499119174,324.266762037063,2.5533991219708696,0.08198397199157625,3.5,2.0,2.5,iou,0.25,0.25,2.0,True,False,False,True,True,0.1,0.35,1.0,10,True,10,20,0.0,0.15,4.0,0.0,20,0.5,True,True
epoch,1783855666.2269049,168,1056.7149863700615,4.1314900075629003e-05,4.1314900075629003e-05,0.0,1.6231139100561308e-06,4.1314900075629003e-05,1.2304372787475586,0.9346843361854553,0.9978454113006592,0.2957509160041809,0.025684144347906113,0.31539082527160645,0.054976653307676315,0.0,0.0,5.825362677569501e-06,8.74038778420072e-06,22856,0.5,True,0.1,0.15,0.05,0.25,128,5,True,0.05,10,0.25,8,1.0,1.0,0,,,,,,,,,,,,,,,0.08380403369665146,0.047219209372997284,0.011875864569409644,0.6830196841877568,47364,3940893,69345,3988257,69345,43709,38008,4370900,100.0,100.0,0.5952175259590149,0.6532024145126343,0.4267217218875885,0.803174614906311,0.8631191849708557,0.6830196976661682,0.34104838967323303,1.347841138699124e-08,0.9999999802664382,43709,5701,91.24567022809947,321.47989499696996,2.3443969300715253,0.09907561191357672,3.5,2.0,2.5,iou,0.25,0.25,2.0,True,False,False,True,True,0.1,0.35,1.0,10,True,10,20,0.0,0.15,4.0,0.0,20,0.5,True,True
epoch,1783856731.0939422,169,1056.473147584009,4.08124366663754e-05,4.08124366663754e-05,0.0,1.5752453485024849e-06,4.08124366663754e-05,1.2254571914672852,0.932884931564331,0.9940687417984009,0.2925738990306854,0.02559249848127365,0.3152444362640381,0.05456235259771347,0.0,0.0,5.564296770899091e-06,8.344248271896504e-06,22856,0.5,True,0.1,0.15,0.05,0.25,128,5,True,0.05,10,0.25,8,1.0,1.0,0,,,,,,,,,,,,,,,0.08401000499725342,0.047716788947582245,0.011915492894285014,0.6864373783257625,47601,3947282,69345,3994883,69345,43709,38008,4370900,100.0,100.0,0.5970169305801392,0.6569470167160034,0.4275703430175781,0.8037378191947937,0.8630614876747131,0.6866825222969055,0.3464272916316986,0.0002451439711430581,0.9996430024601135,43709,5701,91.39726372143036,321.8573464099318,2.3554834040114656,0.08096377807669342,3.5,2.0,2.5,iou,0.25,0.25,2.0,True,False,False,True,True,0.1,0.35,1.0,10,True,10,20,0.0,0.15,4.0,0.0,20,0.5,True,True
epoch,1783857838.3512802,170,1097.9121148550184,4.031109043824476e-05,4.031109043824476e-05,0.0,1.528063944852068e-06,4.031109043824476e-05,1.2242413759231567,0.9330933094024658,0.996339738368988,0.29114845395088196,0.025542043149471283,0.31507134437561035,0.05470578745007515,0.0,0.0,3.842510977847269e-06,5.76327511225827e-06,22856,0.5,True,0.1,0.15,0.05,0.25,128,5,True,0.05,10,0.25,8,1.0,1.0,0,1.2163581848144531,0.04606855288147926,0.4187318682670593,0.05459074676036835,0.0,0.0,3.144682025890688e-08,4.716375912039439e-08,5701,0.5,True,True,1.0,1.0,0.08454062789678574,0.04795854538679123,0.011927438484856554,0.684634797029346,47476,3932926,69345,3980402,69345,43709,38008,4370900,100.0,100.0,0.5959355235099792,0.6536082625389099,0.4263734817504883,0.8026167154312134,0.8620232343673706,0.684634804725647,0.3445093333721161,7.696300929893596e-09,0.999999988758531,43709,5701,91.06595895582146,362.15477356594056,2.365478817024268,0.08546851598657668,3.5,2.0,2.5,iou,0.25,0.25,2.0,True,False,False,True,True,0.1,0.35,1.0,10,True,10,20,0.0,0.15,4.0,0.0,20,0.5,True,True
epoch,1783858901.179322,171,1056.3795347689884,3.981091636950061e-05,3.981091636950061e-05,0.0,1.4815788972130063e-06,3.981091636950061e-05,1.2167857885360718,0.9278244972229004,0.9961192011833191,0.28896233439445496,0.025274857878684998,0.31317853927612305,0.05458234250545502,0.0,0.0,4.531472313828999e-06,6.799342827434884e-06,22856,0.5,True,0.1,0.15,0.05,0.25,128,5,True,0.05,10,0.25,8,1.0,1.0,0,,,,,,,,,,,,,,,0.08576106280088425,0.04858376085758209,0.012027074856463453,0.687504506453241,47675,3916298,69345,3963973,69345,43709,38008,4370900,100.0,100.0,0.5970501899719238,0.6539595723152161,0.4294404983520508,0.803950846195221,0.8625279664993286,0.6875045299530029,0.34380272030830383,2.3499761914180795e-08,0.9999999658187534,43709,5701,90.69008670983092,320.78258033597376,2.3741209210129455,0.08115099498536438,3.5,2.0,2.5,iou,0.25,0.25,2.0,True,False,False,True,True,0.1,0.35,1.0,10,True,10,20,0.0,0.15,4.0,0.0,20,0.5,True,True
epoch,1783860001.5581226,172,1091.2575789690018,3.931196930986607e-05,3.931196930986607e-05,0.0,1.4357992679374392e-06,3.931196930986607e-05,1.2123242616653442,0.9257053732872009,0.9954649209976196,0.2866212725639343,0.025148695334792137,0.31223928928375244,0.054640501737594604,0.0,0.0,3.23467475027428e-06,4.848229764320422e-06,22856,0.5,True,0.1,0.15,0.05,0.25,128,5,True,0.05,10,0.25,8,1.0,1.0,0,,,,,,,,,,,,,,,0.08570825308561325,0.04864697530865669,0.012031330300309742,0.6870142043406158,47641,3912104,69345,3959745,69345,43709,38008,4370900,100.0,100.0,0.5977985262870789,0.6547684073448181,0.43197888135910034,0.8039524555206299,0.8654553294181824,0.6871151328086853,0.34249043464660645,0.00010092846806952771,0.9998531127270375,43709,5701,90.5933560593928,356.2818086449988,2.7505759049672633,0.0805312090087682,3.5,2.0,2.5,iou,0.25,0.25,2.0,True,False,False,True,True,0.1,0.35,1.0,10,True,10,20,0.0,0.15,4.0,0.0,20,0.5,True,True
epoch,1783861131.9725301,173,1120.671452700044,3.881430397450881e-05,3.881430397450881e-05,0.0,1.3907339818548074e-06,3.881430397450881e-05,1.2059720754623413,0.9217490553855896,0.994697630405426,0.28422296047210693,0.025043176487088203,0.31117379665374756,0.054319337010383606,0.0,0.0,4.145655566389905e-06,6.222721822268795e-06,22856,0.5,True,0.1,0.15,0.05,0.25,128,5,True,0.05,10,0.25,8,1.0,1.0,0,,,,,,,,,,,,,,,0.08655621111392975,0.048805173486471176,0.012009786688828517,0.6847790035330593,47486,3906456,69345,3953942,69345,43709,38008,4370900,100.0,100.0,0.5968100428581238,0.6542173027992249,0.42897412180900574,0.8024099469184875,0.8643161058425903,0.6848943829536438,0.3414377272129059,0.0001153794205844827,0.999831536915098,43709,5701,90.46059164016565,363.8668711349601,2.913506867014803,0.11136450304184109,3.5,2.0,2.5,iou,0.25,0.25,2.0,True,False,False,True,True,0.1,0.35,1.0,10,True,10,20,0.0,0.15,4.0,0.0,20,0.5,True,True
epoch,1783862235.0515594,174,1092.1795465539908,3.83179749380411e-05,3.83179749380411e-05,0.0,1.3463918245319218e-06,3.83179749380411e-05,1.2034494876861572,0.9217814803123474,0.9934656023979187,0.28166884183883667,0.025306077674031258,0.3115333914756775,0.053932543843984604,0.0,0.0,1.7222373571712524e-06,2.5825634111242834e-06,22856,0.5,True,0.1,0.15,0.05,0.25,128,5,True,0.05,10,0.25,8,1.0,1.0,0,,,,,,,,,,,,,,,0.0888758972287178,0.050228215754032135,0.012021972104098735,0.6869853630398731,47639,3915022,69345,3962661,69345,43709,38008,4370900,100.0,100.0,0.5969312787055969,0.654754638671875,0.43162479996681213,0.8040964603424072,0.8633931875228882,0.6870286464691162,0.34430745244026184,4.328342924309059e-05,0.9999369990909905,43709,5701,90.66007000846507,331.95039275602903,2.7452984059927985,0.08150993194431067,3.5,2.0,2.5,iou,0.25,0.25,2.0,True,False,False,True,True,0.1,0.35,1.0,10,True,10,20,0.0,0.15,4.0,0.0,20,0.5,True,True
epoch,1783863371.370393,175,1126.8859174279496,3.7823036628534834e-05,3.7823036628534834e-05,0.0,1.3027814405602099e-06,3.7823036628534834e-05,1.1984792947769165,0.9208513498306274,0.9870273470878601,0.27762800455093384,0.025372179225087166,0.3116748332977295,0.05356331914663315,0.0,0.0,3.3474614156148164e-06,5.019559466745704e-06,22856,0.5,True,0.1,0.15,0.05,0.25,128,5,True,0.05,10,0.25,8,1.0,1.0,0,1.2173514366149902,0.04613760858774185,0.42070522904396057,0.05410246551036835,0.0,0.0,1.6976672512214463e-08,2.548510735778109e-08,5701,0.5,True,True,1.0,1.0,0.08985643088817596,0.05045480281114578,0.01193151898896752,0.6832359939433268,47379,3923532,69345,3970911,69345,43709,38008,4370900,100.0,100.0,0.5954583883285522,0.651980459690094,0.42564037442207336,0.8019310832023621,0.8631336092948914,0.6832937002182007,0.34224528074264526,5.770627487389213e-05,0.9999155468946144,43709,5701,90.84881832116956,359.7991907350952,2.3862808300182223,0.08510351006407291,3.5,2.0,2.5,iou,0.25,0.25,2.0,True,False,False,True,True,0.1,0.35,1.0,10,True,10,20,0.0,0.15,4.0,0.0,20,0.5,True,True
epoch,1783864443.4321222,176,1064.8968208601,3.7329543321553134e-05,3.7329543321553134e-05,0.0,1.2599113318704357e-06,3.7329543321553134e-05,1.1961658000946045,0.920815646648407,0.9869077205657959,0.2753525674343109,0.02536090463399887,0.31157341599464417,0.05357738211750984,0.0,0.0,2.0353834315756103e-06,3.0530968615494203e-06,22856,0.5,True,0.1,0.15,0.05,0.25,128,5,True,0.05,10,0.25,8,1.0,1.0,0,,,,,,,,,,,,,,,0.09076383709907532,0.0507756844162941,0.011959346395962188,0.6836253515033528,47406,3916523,69345,3963929,69345,43709,38008,4370900,100.0,100.0,0.5952537655830383,0.6531830430030823,0.42366012930870056,0.8026167154312134,0.86146080493927,0.6836541891098022,0.34224528074264526,2.8837606449449993e-05,0.9999578184308546,43709,5701,90.68908005216316,326.4639388190117,2.7883663359098136,0.08228044991847128,3.5,2.0,2.5,iou,0.25,0.25,2.0,True,False,False,True,True,0.1,0.35,1.0,10,True,10,20,0.0,0.15,4.0,0.0,20,0.5,True,True
epoch,1783865514.0137303,177,1061.0862733500544,3.683754913419828e-05,3.683754913419828e-05,0.0,1.2177898560752344e-06,3.683754913419828e-05,1.1944591999053955,0.9210909605026245,0.9879421591758728,0.2733714282512665,0.02548205293715,0.31215018033981323,0.05322103202342987,0.0,0.0,2.5464298687438713e-06,3.8180560295586474e-06,22856,0.5,True,0.1,0.15,0.05,0.25,128,5,True,0.05,10,0.25,8,1.0,1.0,0,,,,,,,,,,,,,,,0.09025345742702484,0.05063793808221817,0.012032750138956244,0.6855577186531112,47540,3903344,69345,3950884,69345,43709,38008,4370900,100.0,100.0,0.5965820550918579,0.6551002264022827,0.4269230365753174,0.8043655753135681,0.8630326390266418,0.6855577230453491,0.3449275493621826,4.392237906714058e-09,0.9999999935931903,43709,5701,90.39062893225652,319.2035990769509,2.3733201490249485,0.0803492619888857,3.5,2.0,2.5,iou,0.25,0.25,2.0,True,False,False,True,True,0.1,0.35,1.0,10,True,10,20,0.0,0.15,4.0,0.0,20,0.5,True,True
epoch,1783866579.5015519,178,1056.0299129510531,3.6347108019177176e-05,3.6347108019177176e-05,0.0,1.1764252248397708e-06,3.6347108019177176e-05,1.1904152631759644,0.9196070432662964,0.9869681000709534,0.27080920338630676,0.02539467252790928,0.3120604157447815,0.05299545079469681,0.0,0.0,3.1295469398173736e-06,4.690727564593544e-06,22856,0.5,True,0.1,0.15,0.05,0.25,128,5,True,0.05,10,0.25,8,1.0,1.0,0,,,,,,,,,,,,,,,0.09337697923183441,0.05232635885477066,0.011972020752344463,0.6836109308529815,47405,3912244,69345,3959649,69345,43709,38008,4370900,100.0,100.0,0.5955053567886353,0.6547530889511108,0.42841970920562744,0.8027768135070801,0.8619222640991211,0.683625340461731,0.33951979875564575,1.4409608749432756e-05,0.999978921774989,43709,5701,90.59115971539042,321.7069798760349,2.3751010929699987,0.08088961197063327,3.5,2.0,2.5,iou,0.25,0.25,2.0,True,False,False,True,True,0.1,0.35,1.0,10,True,10,20,0.0,0.15,4.0,0.0,20,0.5,True,True
epoch,1783867657.5669017,179,1059.4386769030243,3.5858273758884845e-05,3.5858273758884845e-05,0.0,1.1358255022808615e-06,3.5858273758884845e-05,1.1838643550872803,0.9161703586578369,0.9840268492698669,0.26769232749938965,0.025167573243379593,0.3115881085395813,0.052519895136356354,0.0,0.0,2.447351334922132e-06,3.6717856346513145e-06,22856,0.5,True,0.1,0.15,0.05,0.25,128,5,True,0.05,10,0.25,8,1.0,1.0,0,,,,,,,,,,,,,,,0.09405161440372467,0.05300294607877731,0.012011070068629257,0.6836253515033528,47406,3899453,69345,3946859,69345,43709,38008,4370900,100.0,100.0,0.5964680314064026,0.6541552543640137,0.42680275440216064,0.8046088814735413,0.8650948405265808,0.6836974620819092,0.34427860379219055,7.211057855638359e-05,0.9998945285267891,43709,5701,90.29854263424009,325.2775373100303,2.7291114210383967,0.08110712002962828,3.5,2.0,2.5,iou,0.25,0.25,2.0,True,False,False,True,True,0.1,0.35,1.0,10,True,10,20,0.0,0.15,4.0,0.0,20,0.5,True,True
epoch,1783868817.039959,180,1138.9313753669849,3.537109995950661e-05,3.537109995950661e-05,0.0,1.0959986033948642e-06,3.537109995950661e-05,1.179685115814209,0.914819598197937,0.9822058081626892,0.2648676931858063,0.025092249736189842,0.3107377290725708,0.05266265198588371,0.0,0.0,3.399050001462456e-06,5.098990186525043e-06,22856,0.5,True,0.1,0.15,0.05,0.25,128,5,True,0.05,10,0.25,8,1.0,1.0,0,1.2160958051681519,0.04624096676707268,0.4205307364463806,0.05381068214774132,0.0,0.0,3.1107333597901743e-07,4.6640266759823135e-07,5701,0.5,True,True,1.0,1.0,0.09231086820363998,0.05150368809700012,0.011998813593623396,0.6831350493907276,47372,3900685,69345,3948057,69345,43709,38008,4370900,100.0,100.0,0.5952485799789429,0.6512805819511414,0.4229395091533661,0.8022733330726624,0.8640421032905579,0.6831638813018799,0.34149542450904846,2.8831911152327194e-05,0.9999577964937236,43709,5701,90.32595117710311,363.2376313339919,2.3428239569766447,0.08494467101991177,3.5,2.0,2.5,iou,0.25,0.25,2.0,True,False,False,True,True,0.1,0.35,1.0,10,True,10,20,0.0,0.15,4.0,0.0,20,0.5,True,True
epoch,1783869883.7209601,181,1059.20848410693,3.4885640045139503e-05,3.4885640045139503e-05,0.0,1.0569522925146313e-06,3.4885640045139503e-05,1.1786510944366455,0.9163624048233032,0.981357753276825,0.2622891366481781,0.025336790829896927,0.31101611256599426,0.05271906033158302,0.0,0.0,2.0460377072595293e-06,3.072067102039e-06,22856,0.5,True,0.1,0.15,0.05,0.25,128,5,True,0.05,10,0.25,8,1.0,1.0,0,,,,,,,,,,,,,,,0.09062705188989639,0.05008507892489433,0.011999835816523951,0.6829764222366429,47361,3899443,69345,3946804,69345,43709,38008,4370900,100.0,100.0,0.5949073433876038,0.6527716517448425,0.4231620728969574,0.8026236295700073,0.8614319562911987,0.6830196976661682,0.3413223624229431,4.327542952531349e-05,0.9999366410226921,43709,5701,90.2972843121554,324.3145497200312,2.279271652107127,0.09090772899799049,3.5,2.0,2.5,iou,0.25,0.25,2.0,True,False,False,True,True,0.1,0.35,1.0,10,True,10,20,0.0,0.15,4.0,0.0,20,0.5,True,True
epoch,1783870948.9178603,182,1058.8369738770416,3.4401947251933764e-05,3.4401947251933764e-05,0.0,1.0186941817958316e-06,3.4401947251933764e-05,1.172293782234192,0.9128589034080505,0.9795355796813965,0.2594350576400757,0.02498149871826172,0.3096396028995514,0.05283033475279808,0.0,0.0,2.240406502096448e-06,3.359335323693813e-06,22856,0.5,True,0.1,0.15,0.05,0.25,128,5,True,0.05,10,0.25,8,1.0,1.0,0,,,,,,,,,,,,,,,0.09192050993442535,0.051275186240673065,0.011975071308224498,0.681894873458793,47286,3901417,69345,3948703,69345,43709,38008,4370900,100.0,100.0,0.59507155418396,0.6529459953308105,0.4243209958076477,0.8021066784858704,0.863277792930603,0.6818948984146118,0.3385680317878723,2.4955818855865175e-08,0.9999999634022503,43709,5701,90.34073074195246,324.588152297074,2.3140559770399705,0.07999162701889873,3.5,2.0,2.5,iou,0.25,0.25,2.0,True,False,False,True,True,0.1,0.35,1.0,10,True,10,20,0.0,0.15,4.0,0.0,20,0.5,True,True
epoch,1783872031.646987,183,1073.2017974789487,3.392007462225492e-05,3.392007462225492e-05,0.0,9.812317297329565e-07,3.392007462225492e-05,1.1692692041397095,0.9125677347183228,0.9782227277755737,0.25670135021209717,0.025043141096830368,0.3100576102733612,0.0524359792470932,0.0,0.0,3.517389814078342e-06,5.2724226407008246e-06,22856,0.5,True,0.1,0.15,0.05,0.25,128,5,True,0.05,10,0.25,8,1.0,1.0,0,,,,,,,,,,,,,,,0.09214869141578674,0.05142993852496147,0.011926233476976711,0.681981397361021,47292,3918084,69345,3965376,69345,43709,38008,4370900,100.0,100.0,0.5948517322540283,0.6520033478736877,0.4242984652519226,0.8034170866012573,0.8618213534355164,0.6820246577262878,0.3401831388473511,4.326036526680621e-05,0.9999365706726631,43709,5701,90.72218536228237,338.06429869600106,2.350110191036947,0.0817520049167797,3.5,2.0,2.5,iou,0.25,0.25,2.0,True,False,False,True,True,0.1,0.35,1.0,10,True,10,20,0.0,0.15,4.0,0.0,20,0.5,True,True
epoch,1783873101.5018582,184,1060.4796137530357,3.3440074998867026e-05,3.3440074998867026e-05,0.0,9.445722397052634e-07,3.3440074998867026e-05,1.1646325588226318,0.9107703566551208,0.9765654802322388,0.2538638114929199,0.0249989815056324,0.3097008764743805,0.0522305928170681,0.0,0.0,2.646119128257851e-06,3.968829787481809e-06,22856,0.5,True,0.1,0.15,0.05,0.25,128,5,True,0.05,10,0.25,8,1.0,1.0,0,,,,,,,,,,,,,,,0.09363199770450592,0.052413344383239746,0.011909269683853424,0.6798759824068066,47146,3911619,69345,3958765,69345,43709,38008,4370900,100.0,100.0,0.5944297313690186,0.6517239212989807,0.4231429398059845,0.8028951287269592,0.8638690710067749,0.6799625158309937,0.34002450108528137,8.65334241870741e-05,0.9998727379492658,43709,5701,90.57093504770185,327.9215232769493,2.3743005329743028,0.08929282997269183,3.5,2.0,2.5,iou,0.25,0.25,2.0,True,False,False,True,True,0.1,0.35,1.0,10,True,10,20,0.0,0.15,4.0,0.0,20,0.5,True,True
epoch,1783874205.4269264,185,1095.8758301340276,3.2962001019137845e-05,3.2962001019137845e-05,0.0,9.087228585529685e-07,3.2962001019137845e-05,1.1633435487747192,0.911820113658905,0.9768761396408081,0.2515219449996948,0.025176463648676872,0.3100835680961609,0.052097808569669724,0.0,0.0,2.3337211132457014e-06,3.5023317650484387e-06,22856,0.5,True,0.1,0.15,0.05,0.25,128,5,True,0.05,10,0.25,8,1.0,1.0,0,1.2224228382110596,0.046944811940193176,0.4238341748714447,0.05302529036998749,0.0,0.0,1.7222827608520674e-08,2.5828908789549132e-08,5701,0.5,True,True,1.0,1.0,0.09569460898637772,0.054059308022260666,0.011940399761647649,0.6802220780157185,47170,3903284,69345,3950454,69345,43709,38008,4370900,100.0,100.0,0.5935304760932922,0.650536298751831,0.42030784487724304,0.8032071590423584,0.8617780804634094,0.6802509427070618,0.3407599627971649,2.8864691343222226e-05,0.9999575675834739,43709,5701,90.38079114141253,362.04118048702367,2.350595979951322,0.08487539296038449,3.5,2.0,2.5,iou,0.25,0.25,2.0,True,False,False,True,True,0.1,0.35,1.0,10,True,10,20,0.0,0.15,4.0,0.0,20,0.5,True,True
epoch,1783875305.6048214,186,1083.2973197810352,3.2485905109266695e-05,3.2485905109266695e-05,0.0,8.736905751839595e-07,3.2485905109266695e-05,1.1596100330352783,0.9110187292098999,0.9749646782875061,0.24859276413917542,0.02507520094513893,0.30935564637184143,0.05237656831741333,0.0,0.0,3.081769364143838e-06,4.623743734555319e-06,22856,0.5,True,0.1,0.15,0.05,0.25,128,5,True,0.05,10,0.25,8,1.0,1.0,0,,,,,,,,,,,,,,,0.09360577166080475,0.05260791257023811,0.011978809889599666,0.6793568389934386,47110,3885668,69345,3932778,69345,43709,38008,4370900,100.0,100.0,0.5918542742729187,0.6478601098060608,0.41758498549461365,0.8002200722694397,0.8599178194999695,0.6793856620788574,0.33951979875564575,2.8823085418849814e-05,0.9999575747811182,43709,5701,89.97638930197442,348.4766146389302,2.741179495002143,0.0817452099872753,3.5,2.0,2.5,iou,0.25,0.25,2.0,True,False,False,True,True,0.1,0.35,1.0,10,True,10,20,0.0,0.15,4.0,0.0,20,0.5,True,True
epoch,1783876381.5476236,187,1064.036757110036,3.2011839478535205e-05,3.2011839478535205e-05,0.0,8.394822192112934e-07,3.2011839478535205e-05,1.1555676460266113,0.9096537828445435,0.9740807414054871,0.24591335654258728,0.0249832384288311,0.308952271938324,0.052262622863054276,0.0,0.0,1.8903706404671539e-06,2.8356223538139602e-06,22856,0.5,True,0.1,0.15,0.05,0.25,128,5,True,0.05,10,0.25,8,1.0,1.0,0,,,,,,,,,,,,,,,0.09158749133348465,0.05083760619163513,0.011988976215340213,0.6797750378542072,47139,3884723,69345,3931862,69345,43709,38008,4370900,100.0,100.0,0.5926960706710815,0.6500149369239807,0.42095819115638733,0.8015417456626892,0.861331045627594,0.679775059223175,0.3391015827655792,2.1368967817458895e-08,0.9999999685646487,43709,5701,89.95543251961838,323.0818075930001,2.740309125976637,0.08480829605832696,3.5,2.0,2.5,iou,0.25,0.25,2.0,True,False,False,True,True,0.1,0.35,1.0,10,True,10,20,0.0,0.15,4.0,0.0,20,0.5,True,True
epoch,1783877448.1865475,188,1057.1726984810084,3.153985611358203e-05,3.153985611358203e-05,0.0,8.061044596217459e-07,3.153985611358203e-05,1.1535841226577759,0.9091745615005493,0.977946400642395,0.24440890550613403,0.02492019720375538,0.308948814868927,0.05211354419589043,0.0,0.0,1.9317928945383755e-06,2.8983015454286942e-06,22856,0.5,True,0.1,0.15,0.05,0.25,128,5,True,0.05,10,0.25,8,1.0,1.0,0,,,,,,,,,,,,,,,0.09264528006315231,0.051949210464954376,0.012043188525306031,0.6840579710144927,47436,3891388,69345,3938824,69345,43709,38008,4370900,100.0,100.0,0.5949246883392334,0.6529701352119446,0.4223979115486145,0.8046027421951294,0.8610281944274902,0.6840723752975464,0.34403344988822937,1.4404283053659483e-05,0.9999789433346912,43709,5701,90.11471321695761,321.90416211099364,2.456980456947349,0.08271877805236727,3.5,2.0,2.5,iou,0.25,0.25,2.0,True,False,False,True,True,0.1,0.35,1.0,10,True,10,20,0.0,0.15,4.0,0.0,20,0.5,True,True
epoch,1783878511.16083,189,1056.4645129679702,3.107000677270185e-05,3.107000677270185e-05,0.0,7.735638034756833e-07,3.107000677270185e-05,1.147293210029602,0.9054221510887146,0.9777805209159851,0.24186962842941284,0.02466781809926033,0.30731984972953796,0.05229037627577782,0.0,0.0,2.028844164669863e-06,3.0430917377088917e-06,22856,0.5,True,0.1,0.15,0.05,0.25,128,5,True,0.05,10,0.25,8,1.0,1.0,0,,,,,,,,,,,,,,,0.09327714145183563,0.0524383969604969,0.011948422205585021,0.6810007931357704,47224,3905097,69345,3952321,69345,43709,38008,4370900,100.0,100.0,0.592839777469635,0.649276077747345,0.4211530387401581,0.8025602102279663,0.8615329265594482,0.68108731508255,0.3383373022079468,8.652194677960523e-05,0.9998729649710638,43709,5701,90.42350545654213,320.86314324091654,2.413042218890041,0.08099699998274446,3.5,2.0,2.5,iou,0.25,0.25,2.0,True,False,False,True,True,0.1,0.35,1.0,10,True,10,20,0.0,0.15,4.0,0.0,20,0.5,True,True
epoch,1783879618.0538242,190,1098.1851046959637,3.06023429801697e-05,3.06023429801697e-05,0.0,7.41866594638497e-07,3.06023429801697e-05,1.1454602479934692,0.9065386056900024,0.9760009050369263,0.23892082273960114,0.02485014498233795,0.3078896999359131,0.05209604278206825,0.0,0.0,2.390430836385349e-06,3.585808144634939e-06,22856,0.5,True,0.1,0.15,0.05,0.25,128,5,True,0.05,10,0.25,8,1.0,1.0,0,1.2258572578430176,0.046890951693058014,0.4244540333747864,0.05363443121314049,0.0,0.0,1.3681574095869564e-08,2.0539307143963015e-08,5701,0.5,True,True,1.0,1.0,0.0931759625673294,0.05234416201710701,0.011953912650352047,0.6802364986660898,47171,3898901,69345,3946072,69345,43709,38008,4370900,100.0,100.0,0.5926603674888611,0.649181604385376,0.41715025901794434,0.8026092648506165,0.860148549079895,0.6802941560745239,0.3383373022079468,5.7657408434108604e-05,0.9999152463564192,43709,5701,90.28053718913725,363.27205171703827,2.3532315499614924,0.08346002700272948,3.5,2.0,2.5,iou,0.25,0.25,2.0,True,False,False,True,True,0.1,0.35,1.0,10,True,10,20,0.0,0.15,4.0,0.0,20,0.5,True,True
epoch,1783880681.9363086,191,1057.5949633669807,3.013691602059046e-05,3.013691602059046e-05,0.0,7.110190125438557e-07,3.013691602059046e-05,1.1373095512390137,0.9015082716941833,0.9735460877418518,0.23580202460289001,0.024556273594498634,0.30554524064064026,0.05235184356570244,0.0,0.0,2.7103744741907576e-06,4.06541084885248e-06,22856,0.5,True,0.1,0.15,0.05,0.25,128,5,True,0.05,10,0.25,8,1.0,1.0,0,,,,,,,,,,,,,,,0.09517877548933029,0.053758442401885986,0.012045909378754912,0.68467805898046,47479,3894025,69345,3941504,69345,43709,38008,4370900,100.0,100.0,0.5953186750411987,0.6548683643341064,0.4238223433494568,0.8045943379402161,0.8601341247558594,0.6846780776977539,0.34120699763298035,1.871729393698729e-08,0.9999999726626358,43709,5701,90.17602782035736,323.6571789440932,2.3375661380123347,0.08164509199559689,3.5,2.0,2.5,iou,0.25,0.25,2.0,True,False,False,True,True,0.1,0.35,1.0,10,True,10,20,0.0,0.15,4.0,0.0,20,0.5,True,True
epoch,1783881746.1005855,192,1056.0833068309585,2.9673776933275133e-05,2.9673776933275133e-05,0.0,6.810270709890076e-07,2.9673776933275133e-05,1.1333589553833008,0.9004639387130737,0.971970796585083,0.23289164900779724,0.024621685966849327,0.30533474683761597,0.05214516073465347,0.0,0.0,1.4835572983429302e-06,2.225528760391171e-06,22856,0.5,True,0.1,0.15,0.05,0.25,128,5,True,0.05,10,0.25,8,1.0,1.0,0,,,,,,,,,,,,,,,0.09663855284452438,0.05456054210662842,0.012009781847102158,0.6807268007787152,47205,3883341,69345,3930546,69345,43709,38008,4370900,100.0,100.0,0.595605731010437,0.6533651351928711,0.425932914018631,0.804443359375,0.8632489442825317,0.6809431314468384,0.3419424593448639,0.00021633066812321022,0.9996823072909722,43709,5701,89.9253243039191,322.76158920500893,2.315397133002989,0.08252362697385252,3.5,2.0,2.5,iou,0.25,0.25,2.0,True,False,False,True,True,0.1,0.35,1.0,10,True,10,20,0.0,0.15,4.0,0.0,20,0.5,True,True
epoch,1783882821.7135353,193,1056.681598057039,2.9212976506643752e-05,2.9212976506643752e-05,0.0,6.51896616962387e-07,2.9212976506643752e-05,1.13016939163208,0.9005547165870667,0.9688762426376343,0.22961607575416565,0.024712836369872093,0.30588480830192566,0.05182195082306862,0.0,0.0,2.3090990453056293e-06,3.462215090621612e-06,22856,0.5,True,0.1,0.15,0.05,0.25,128,5,True,0.05,10,0.25,8,1.0,1.0,0,,,,,,,,,,,,,,,0.09595604240894318,0.05367187783122063,0.01202146409053593,0.6831206287403562,47371,3893164,69345,3940535,69345,43709,38008,4370900,100.0,100.0,0.5956639647483826,0.6535957455635071,0.42666685581207275,0.8033325672149658,0.8625711798667908,0.6832071542739868,0.3416684567928314,8.652553363064364e-05,0.999873353882363,43709,5701,90.15385847308335,321.9721182578942,2.2732927299803123,0.08135205204598606,3.5,2.0,2.5,iou,0.25,0.25,2.0,True,False,False,True,True,0.1,0.35,1.0,10,True,10,20,0.0,0.15,4.0,0.0,20,0.5,True,True
epoch,1783883884.377499,194,1056.2460399519186,2.875456527265589e-05,2.875456527265589e-05,0.0,6.236333295037249e-07,2.875456527265589e-05,1.125367522239685,0.8986784815788269,0.9672619104385376,0.22669051587581635,0.024564914405345917,0.3051667809486389,0.05179061368107796,0.0,0.0,2.3439599772245856e-06,3.515669732223614e-06,22856,0.5,True,0.1,0.15,0.05,0.25,128,5,True,0.05,10,0.25,8,1.0,1.0,0,,,,,,,,,,,,,,,0.0961616039276123,0.053804367780685425,0.012016903678056879,0.6830917874396135,47369,3894495,69345,3941864,69345,43709,38008,4370900,100.0,100.0,0.5952943563461304,0.6534960269927979,0.4235083758831024,0.8041067719459534,0.8615185022354126,0.6832071542739868,0.3446102738380432,0.00011536683437329831,0.9998311393057705,43709,5701,90.18426411036629,322.77118990395684,2.2833980749128386,0.0814115849789232,3.5,2.0,2.5,iou,0.25,0.25,2.0,True,False,False,True,True,0.1,0.35,1.0,10,True,10,20,0.0,0.15,4.0,0.0,20,0.5,True,True
epoch,1783884990.670731,195,1096.7611647109734,2.829859350126912e-05,2.829859350126912e-05,0.0,5.962427185969071e-07,2.829859350126912e-05,1.1206481456756592,0.8967625498771667,0.9661718010902405,0.22388292849063873,0.024457009509205818,0.30446475744247437,0.05178932100534439,0.0,0.0,1.9178175989509327e-06,2.876389999073581e-06,22856,0.5,True,0.1,0.15,0.05,0.25,128,5,True,0.05,10,0.25,8,1.0,1.0,0,1.2228224277496338,0.04668969660997391,0.42293399572372437,0.054046157747507095,0.0,0.0,8.055023670294759e-08,1.2081670774932718e-07,5701,0.5,True,True,1.0,1.0,0.09550973773002625,0.05355457589030266,0.011996391817652401,0.6796740933016079,47132,3881716,69345,3928848,69345,43709,38008,4370900,100.0,100.0,0.5944104790687561,0.6540289521217346,0.42017990350723267,0.8037225008010864,0.8602206110954285,0.6798326969146729,0.3446102738380432,0.00015860361306496706,0.9997667019933216,43709,5701,89.88647646937702,362.96996318898164,2.3507403479889035,0.08641425904352218,3.5,2.0,2.5,iou,0.25,0.25,2.0,True,False,False,True,True,0.1,0.35,1.0,10,True,10,20,0.0,0.15,4.0,0.0,20,0.5,True,True
epoch,1783886080.3826048,196,1080.5720728830202,2.784511119492656e-05,2.784511119492656e-05,0.0,5.697301240958098e-07,2.784511119492656e-05,1.1163994073867798,0.8950667381286621,0.9662305116653442,0.22133244574069977,0.02435416541993618,0.30357950925827026,0.05190710350871086,0.0,0.0,2.2303593141259626e-06,3.3457208701292984e-06,22856,0.5,True,0.1,0.15,0.05,0.25,128,5,True,0.05,10,0.25,8,1.0,1.0,0,,,,,,,,,,,,,,,0.09608887135982513,0.05387849360704422,0.012012547465742117,0.6820102386617637,47294,3889756,69345,3937050,69345,43709,38008,4370900,100.0,100.0,0.5950821042060852,0.6536090970039368,0.4227610230445862,0.803382158279419,0.860321581363678,0.6820102334022522,0.34691759943962097,-5.2595114929943065e-09,1.0000000077117779,43709,5701,90.0741266100803,347.262693042052,2.6879431480774656,0.08243196399416775,3.5,2.0,2.5,iou,0.25,0.25,2.0,True,False,False,True,True,0.1,0.35,1.0,10,True,10,20,0.0,0.15,4.0,0.0,20,0.5,True,True
epoch,1783887168.342609,197,1079.2650928560179,2.7394168083073355e-05,2.7394168083073355e-05,0.0,5.441007146832585e-07,2.7394168083073355e-05,1.1123805046081543,0.8939180970191956,0.9649216532707214,0.21846185624599457,0.02413928508758545,0.30307841300964355,0.05203230306506157,0.0,0.0,2.178217755499645e-06,3.266619160058326e-06,22856,0.5,True,0.1,0.15,0.05,0.25,128,5,True,0.05,10,0.25,8,1.0,1.0,0,,,,,,,,,,,,,,,0.0937165766954422,0.052389174699783325,0.01201570226016842,0.6814766745980244,47257,3885680,69345,3932937,69345,43709,38008,4370900,100.0,100.0,0.5952614545822144,0.6547276973724365,0.42258507013320923,0.8046544790267944,0.8625567555427551,0.6814910769462585,0.3463984429836273,1.4402348234132667e-05,0.9999788664170063,43709,5701,89.98002699672837,325.43100871902425,2.329150586971082,0.08210637304000556,3.5,2.0,2.5,iou,0.25,0.25,2.0,True,False,False,True,True,0.1,0.35,1.0,10,True,10,20,0.0,0.15,4.0,0.0,20,0.5,True,True
epoch,1783888234.9223223,198,1057.3212115149945,2.6945813616703395e-05,2.6945813616703395e-05,0.0,5.193594868633996e-07,2.6945813616703395e-05,1.1104707717895508,0.8944039344787598,0.965752363204956,0.21606719493865967,0.024128401651978493,0.303134948015213,0.05214439332485199,0.0,0.0,3.076899020015844e-06,4.6156264943419956e-06,22856,0.5,True,0.1,0.15,0.05,0.25,128,5,True,0.05,10,0.25,8,1.0,1.0,0,,,,,,,,,,,,,,,0.09347619116306305,0.052353423088788986,0.012041068275703152,0.6827168505299589,47343,3884451,69345,3931794,69345,43709,38008,4370900,100.0,100.0,0.5951963663101196,0.6535624265670776,0.42286136746406555,0.8045663237571716,0.8625423312187195,0.6827312707901001,0.3450429141521454,1.4420260141201346e-05,0.9999788785708841,43709,5701,89.95387677595004,323.4409573719604,2.2267150660045445,0.08094612997956574,3.5,2.0,2.5,iou,0.25,0.25,2.0,True,False,False,True,True,0.1,0.35,1.0,10,True,10,20,0.0,0.15,4.0,0.0,20,0.5,True,True
epoch,1783889302.550589,199,1057.2027470819885,2.650009696293637e-05,2.650009696293637e-05,0.0,4.955112639876189e-07,2.650009696293637e-05,1.1040539741516113,0.8911700248718262,0.963071346282959,0.21288247406482697,0.02392726019024849,0.30150073766708374,0.05235082656145096,0.0,0.0,1.9688593511091312e-06,2.952570639536134e-06,22856,0.5,True,0.1,0.15,0.05,0.25,128,5,True,0.05,10,0.25,8,1.0,1.0,0,,,,,,,,,,,,,,,0.09257003664970398,0.05209647864103317,0.012039317671811043,0.6816064604513663,47266,3878704,69345,3925970,69345,43709,38008,4370900,100.0,100.0,0.5961048603057861,0.6544709801673889,0.42139580845832825,0.8056460022926331,0.862816333770752,0.6816785931587219,0.34860479831695557,7.213270735562105e-05,0.9998941836987701,43709,5701,89.82063190647236,324.7427928650286,2.2423868180485442,0.08047684992197901,3.5,2.0,2.5,iou,0.25,0.25,2.0,True,False,False,True,True,0.1,0.35,1.0,10,True,10,20,0.0,0.15,4.0,0.0,20,0.5,True,True
epoch,1783890408.7587154,200,1095.4321765929926,2.6057066999626182e-05,2.6057066999626182e-05,0.0,4.725606953142185e-07,2.6057066999626182e-05,1.0985183715820312,0.8886610865592957,0.9611042737960815,0.20985950529575348,0.0238278079777956,0.30062639713287354,0.05224622040987015,0.0,0.0,1.573289750922413e-06,2.360932512601721e-06,22856,0.5,True,0.1,0.15,0.05,0.25,128,5,True,0.05,10,0.25,8,1.0,1.0,0,1.2204660177230835,0.04648381099104881,0.4210875928401947,0.054517339915037155,0.0,0.0,3.4868879339455816e-08,5.240071843104488e-08,5701,0.5,True,True,1.0,1.0,0.09394704550504684,0.05282370373606682,0.01207237974571937,0.6831783113418415,47375,3876872,69345,3924247,69345,43709,38008,4370900,100.0,100.0,0.5966635346412659,0.6554528474807739,0.42362987995147705,0.8066233992576599,0.864157497882843,0.6832071542739868,0.3472636938095093,2.8842932145334288e-05,0.999957783035548,43709,5701,89.7812121073463,362.3976851069601,2.273134517017752,0.08530925598461181,3.5,2.0,2.5,iou,0.25,0.25,2.0,True,False,False,True,True,0.1,0.35,1.0,10,True,10,20,0.0,0.15,4.0,0.0,20,0.5,True,True
epoch,1783891481.7098575,201,1061.931872369023,2.5616772310000803e-05,2.5616772310000803e-05,0.0,4.5051225510203555e-07,2.5616772310000803e-05,1.0962198972702026,0.8891373872756958,0.9602735638618469,0.20708514750003815,0.024014880880713463,0.3010934889316559,0.052008360624313354,0.0,0.0,4.295590770198032e-06,6.4352311710536014e-06,22856,0.5,True,0.1,0.15,0.05,0.25,128,5,True,0.05,10,0.25,8,1.0,1.0,0,,,,,,,,,,,,,,,0.09536541253328323,0.053132038563489914,0.012093428503039926,0.6841444949167207,47442,3875515,69345,3922957,69345,43709,38008,4370900,100.0,100.0,0.5962108969688416,0.6539037823677063,0.42602619528770447,0.8052620887756348,0.8626865744590759,0.6841444969177246,0.34596583247184753,2.0010039181173056e-09,0.9999999970751735,43709,5701,89.75169873481434,327.80739325098693,2.367923343903385,0.08069636498112231,3.5,2.0,2.5,iou,0.25,0.25,2.0,True,False,False,True,True,0.1,0.35,1.0,10,True,10,20,0.0,0.15,4.0,0.0,20,0.5,True,True
epoch,1783892546.7556608,202,1056.8827762620058,2.5179261177334612e-05,2.5179261177334612e-05,0.0,4.293702417381778e-07,2.5179261177334612e-05,1.0916149616241455,0.8872639536857605,0.9596413373947144,0.20435088872909546,0.02389635518193245,0.3005729019641876,0.05190637707710266,0.0,0.0,2.3185439204098657e-06,3.4788224638759857e-06,22856,0.5,True,0.1,0.15,0.05,0.25,128,5,True,0.05,10,0.25,8,1.0,1.0,0,,,,,,,,,,,,,,,0.09526671469211578,0.05344606190919876,0.012102327178574285,0.6850962578412286,47508,3878018,69345,3925526,69345,43709,38008,4370900,100.0,100.0,0.5982645750045776,0.6575323343276978,0.42695048451423645,0.8061853647232056,0.8660609722137451,0.6851683855056763,0.35013338923454285,7.212766444764096e-05,0.9998947300167762,43709,5701,89.81047381546135,322.52922967704944,2.1706559730228037,0.08098434202838689,3.5,2.0,2.5,iou,0.25,0.25,2.0,True,False,False,True,True,0.1,0.35,1.0,10,True,10,20,0.0,0.15,4.0,0.0,20,0.5,True,True
epoch,1783893614.5382571,203,1059.9485050620278,2.4744581579653596e-05,2.4744581579653596e-05,0.0,4.0913877690003866e-07,2.4744581579653596e-05,1.0876033306121826,0.8858935236930847,0.9594689607620239,0.2017105221748352,0.023790817707777023,0.29979488253593445,0.05194275453686714,0.0,0.0,3.105855284957215e-06,4.660607373807579e-06,22856,0.5,True,0.1,0.15,0.05,0.25,128,5,True,0.05,10,0.25,8,1.0,1.0,0,,,,,,,,,,,,,,,0.0943782776594162,0.05305634066462517,0.012082132891982471,0.6830052635373856,47363,3872723,69345,3920086,69345,43709,38008,4370900,100.0,100.0,0.5977129936218262,0.6558321714401245,0.42604607343673706,0.8055644631385803,0.8653832077980042,0.6830629706382751,0.349239319562912,5.770710088959241e-05,0.9999155171581975,43709,5701,89.68601432199318,325.0932042299537,2.1743765419814736,0.08126688003540039,3.5,2.0,2.5,iou,0.25,0.25,2.0,True,False,False,True,True,0.1,0.35,1.0,10,True,10,20,0.0,0.15,4.0,0.0,20,0.5,True,True
epoch,1783894681.447127,204,1058.5222420310602,2.4312781184474062e-05,2.4312781184474062e-05,0.0,3.8982180475177643e-07,2.4312781184474062e-05,1.0833619832992554,0.8844910264015198,0.9583559036254883,0.1988707035779953,0.023775584995746613,0.2994559705257416,0.05180533602833748,0.0,0.0,3.3678188628982753e-06,5.052618689660449e-06,22856,0.5,True,0.1,0.15,0.05,0.25,128,5,True,0.05,10,0.25,8,1.0,1.0,0,,,,,,,,,,,,,,,0.09433549642562866,0.052953071892261505,0.01206652207854506,0.6834090417477828,47391,3880087,69345,3927478,69345,43709,38008,4370900,100.0,100.0,0.5977213978767395,0.655314564704895,0.42652225494384766,0.8064416646957397,0.8652245998382568,0.6834811568260193,0.34797030687332153,7.211507823645658e-05,0.9998944885641451,43709,5701,89.8551328101764,323.4333333109971,2.1922734580002725,0.08893861703108996,3.5,2.0,2.5,iou,0.25,0.25,2.0,True,False,False,True,True,0.1,0.35,1.0,10,True,10,20,0.0,0.15,4.0,0.0,20,0.5,True,True
epoch,1783895786.090232,205,1096.2071139219915,2.3883907343575248e-05,2.3883907343575248e-05,0.0,3.714230911753845e-07,2.3883907343575248e-05,1.0816622972488403,0.8852111101150513,0.9592925310134888,0.19645269215106964,0.02384955622255802,0.299222856760025,0.05201758071780205,0.0,0.0,3.948702669731574e-06,5.9281696849211585e-06,22856,0.5,True,0.1,0.15,0.05,0.25,128,5,True,0.05,10,0.25,8,1.0,1.0,0,1.2227458953857422,0.04659554362297058,0.42085543274879456,0.05542800948023796,0.0,0.0,1.5476965700145229e-06,2.3149750632001087e-06,5701,0.5,True,True,1.0,1.0,0.0956764742732048,0.05378969758749008,0.012060052516130283,0.6823274929699329,47316,3876050,69345,3923366,69345,43709,38008,4370900,100.0,100.0,0.5973921418190002,0.6548929810523987,0.42787107825279236,0.8064316511154175,0.8653111457824707,0.6823707818984985,0.3461821377277374,4.328892856564348e-05,0.9999365609874954,43709,5701,89.76105607540781,362.4626891190419,2.198665066040121,0.0955176530405879,3.5,2.0,2.5,iou,0.25,0.25,2.0,True,False,False,True,True,0.1,0.35,1.0,10,True,10,20,0.0,0.15,4.0,0.0,20,0.5,True,True
epoch,1783896858.7677667,206,1063.22205137508,2.34580070878068e-05,2.34580070878068e-05,0.0,3.539462230365306e-07,2.34580070878068e-05,1.0790764093399048,0.8854508399963379,0.9582473039627075,0.1936253309249878,0.023966336622834206,0.2996421754360199,0.051815059036016464,0.0,0.0,2.8592667149496265e-06,4.289768185117282e-06,22856,0.5,True,0.1,0.15,0.05,0.25,128,5,True,0.05,10,0.25,8,1.0,1.0,0,,,,,,,,,,,,,,,0.0951601043343544,0.05328820273280144,0.012061939981358008,0.6818804528084217,47285,3872897,69345,3920182,69345,43709,38008,4370900,100.0,100.0,0.5952054858207703,0.6526170372962952,0.4224480986595154,0.8046280145645142,0.8629605770111084,0.6818948984146118,0.3434422016143799,1.4445606190127691e-05,0.9999788154945525,43709,5701,89.68821066599556,328.97907885804307,2.1952925981022418,0.0804156200028956,3.5,2.0,2.5,iou,0.25,0.25,2.0,True,False,False,True,True,0.1,0.35,1.0,10,True,10,20,0.0,0.15,4.0,0.0,20,0.5,True,True
epoch,1783897921.8532252,207,1056.5031998669729,2.3035127121931253e-05,2.3035127121931253e-05,0.0,3.3739460748528716e-07,2.3035127121931253e-05,1.0769705772399902,0.8860751986503601,0.9576835036277771,0.1908971220254898,0.02409343421459198,0.2999836802482605,0.051633745431900024,0.0,0.0,3.3904357223946135e-06,5.086766577733215e-06,22856,0.5,True,0.1,0.15,0.05,0.25,128,5,True,0.05,10,0.25,8,1.0,1.0,0,,,,,,,,,,,,,,,0.09651987999677658,0.053965628147125244,0.012044341693069635,0.6814045713461677,47252,3875918,69345,3923170,69345,43709,38008,4370900,100.0,100.0,0.594606339931488,0.6511185765266418,0.42115169763565063,0.8030909895896912,0.8646621704101562,0.6814478039741516,0.34042829275131226,4.323262798389127e-05,0.9999365576824347,43709,5701,89.75657187306962,322.7795937079936,2.2099722920684144,0.0799136629793793,3.5,2.0,2.5,iou,0.25,0.25,2.0,True,False,False,True,True,0.1,0.35,1.0,10,True,10,20,0.0,0.15,4.0,0.0,20,0.5,True,True
epoch,1783898988.723191,208,1058.2890188449528,2.261531381950223e-05,2.261531381950223e-05,0.0,3.2177147129189983e-07,2.261531381950223e-05,1.073102355003357,0.8852024078369141,0.9557471871376038,0.18789993226528168,0.02406276762485504,0.2997618615627289,0.05159800499677658,0.0,0.0,2.3727677671558922e-06,3.5585655950853834e-06,22856,0.5,True,0.1,0.15,0.05,0.25,128,5,True,0.05,10,0.25,8,1.0,1.0,0,,,,,,,,,,,,,,,0.09855152666568756,0.05538862198591232,0.012035496735356165,0.6785781238733867,47056,3862712,69345,3909768,69345,43709,38008,4370900,100.0,100.0,0.5938754677772522,0.6501590609550476,0.42257508635520935,0.8028708696365356,0.8631047606468201,0.6786214113235474,0.3393179178237915,4.328745016068947e-05,0.9999362126666822,43709,5701,89.44995309890412,323.2031321650138,2.1716471639228985,0.0812617460032925,3.5,2.0,2.5,iou,0.25,0.25,2.0,True,False,False,True,True,0.1,0.35,1.0,10,True,10,20,0.0,0.15,4.0,0.0,20,0.5,True,True
epoch,1783900059.7980094,209,1055.3363874510396,2.2198613217779242e-05,2.2198613217779242e-05,0.0,3.0707986021772494e-07,2.2198613217779242e-05,1.0712968111038208,0.8858485817909241,0.9565815329551697,0.18544946610927582,0.024205295369029045,0.3006811738014221,0.05112303048372269,0.0,0.0,2.45287014877249e-06,3.6793435356230475e-06,22856,0.5,True,0.1,0.15,0.05,0.25,128,5,True,0.05,10,0.25,8,1.0,1.0,0,,,,,,,,,,,,,,,0.09820395708084106,0.055047549307346344,0.011977837974589185,0.6766024947725142,46919,3870232,69345,3917151,69345,43709,38008,4370900,100.0,100.0,0.5928969979286194,0.6500385403633118,0.4194808006286621,0.8019831776618958,0.8625567555427551,0.6766457557678223,0.3404427170753479,4.326099530804761e-05,0.9999360655188638,43709,5701,89.6188656798371,322.31110609008465,2.245727706933394,0.08195461495779455,3.5,2.0,2.5,iou,0.25,0.25,2.0,True,False,False,True,True,0.1,0.35,1.0,10,True,10,20,0.0,0.15,4.0,0.0,20,0.5,True,True
epoch,1783901163.2386148,210,1095.8611614929978,2.1785071012679077e-05,2.1785071012679077e-05,0.0,2.9332263842145434e-07,2.1785071012679077e-05,1.0651971101760864,0.8828043937683105,0.9542770385742188,0.1823941320180893,0.023963699117302895,0.2991938889026642,0.051276795566082,0.0,0.0,2.7036096525989706e-06,4.053659267810872e-06,22856,0.5,True,0.1,0.15,0.05,0.25,128,5,True,0.05,10,0.25,8,1.0,1.0,0,1.2286114692687988,0.04717351496219635,0.42429593205451965,0.05454357713460922,0.0,0.0,9.723711613673913e-09,1.45674716733879e-08,5701,0.5,True,True,1.0,1.0,0.09747028350830078,0.05459492281079292,0.01201582659521007,0.6782320282644747,47032,3867139,69345,3914171,69345,43709,38008,4370900,100.0,100.0,0.5944214463233948,0.6511434316635132,0.42058974504470825,0.8038786053657532,0.8635517954826355,0.6782752871513367,0.34192803502082825,4.325888686196322e-05,0.9999362222276391,43709,5701,89.5506875014299,361.44471380498726,2.237425649072975,0.08451177296228707,3.5,2.0,2.5,iou,0.25,0.25,2.0,True,False,False,True,True,0.1,0.35,1.0,10,True,10,20,0.0,0.15,4.0,0.0,20,0.5,True,True
epoch,1783902230.1104445,211,1057.3207340199733,2.137473255376468e-05,2.137473255376468e-05,0.0,2.8050248790073264e-07,2.137473255376468e-05,1.0596612691879272,0.8802096247673035,0.9525012969970703,0.17945098876953125,0.023730697110295296,0.2976726293563843,0.05160161480307579,0.0,0.0,3.3776018426578958e-06,5.0653998187044635e-06,22856,0.5,True,0.1,0.15,0.05,0.25,128,5,True,0.05,10,0.25,8,1.0,1.0,0,,,,,,,,,,,,,,,0.09719981253147125,0.054474614560604095,0.01205779174967913,0.6804960703727738,47189,3866380,69345,3913569,69345,43709,38008,4370900,100.0,100.0,0.5956541895866394,0.6532806754112244,0.42216476798057556,0.8048157095909119,0.8637104630470276,0.6805393099784851,0.3438892364501953,4.3239605711287155e-05,0.999936462736131,43709,5701,89.53691459424833,323.4461724939756,2.1957782059907913,0.08100172807462513,3.5,2.0,2.5,iou,0.25,0.25,2.0,True,False,False,True,True,0.1,0.35,1.0,10,True,10,20,0.0,0.15,4.0,0.0,20,0.5,True,True
epoch,1783903296.791481,212,1057.4970653759083,2.096764283927216e-05,2.096764283927216e-05,0.0,2.6862190796930746e-07,2.096764283927216e-05,1.05593740940094,0.8793265223503113,0.9512137770652771,0.17660969495773315,0.023808004334568977,0.2975796163082123,0.05141536146402359,0.0,0.0,3.839275450445712e-06,5.757336566603044e-06,22856,0.5,True,0.1,0.15,0.05,0.25,128,5,True,0.05,10,0.25,8,1.0,1.0,0,,,,,,,,,,,,,,,0.09895343333482742,0.05554185062646866,0.012069783201294393,0.6811594202898551,47235,3866257,69345,3913492,69345,43709,38008,4370900,100.0,100.0,0.5948826670646667,0.6524286866188049,0.42180970311164856,0.8030397295951843,0.8641719222068787,0.6812027096748352,0.3410916328430176,4.328938498010526e-05,0.99993645153731,43709,5701,89.53515294332975,324.1613808471011,2.2088021360104904,0.08177291403990239,3.5,2.0,2.5,iou,0.25,0.25,2.0,True,False,False,True,True,0.1,0.35,1.0,10,True,10,20,0.0,0.15,4.0,0.0,20,0.5,True,True
epoch,1783904369.9144459,213,1057.1079504669178,2.056384651117626e-05,2.056384651117626e-05,0.0,2.576832147697738e-07,2.056384651117626e-05,1.0550423860549927,0.8812692761421204,0.9499098658561707,0.17377498745918274,0.024000680074095726,0.29867392778396606,0.0511380136013031,0.0,0.0,4.436712060851278e-06,6.6494112616055645e-06,22856,0.5,True,0.1,0.15,0.05,0.25,128,5,True,0.05,10,0.25,8,1.0,1.0,0,,,,,,,,,,,,,,,0.09947159886360168,0.05599243566393852,0.012055206607679036,0.67937125964381,47111,3860827,69345,3907938,69345,43709,38008,4370900,100.0,100.0,0.5948981642723083,0.6528104543685913,0.4229313135147095,0.8033245801925659,0.865642786026001,0.6794577836990356,0.3423174023628235,8.652405522568962e-05,0.999872657202108,43709,5701,89.40808529135876,323.34515963005833,2.175263194949366,0.08063043293077499,3.5,2.0,2.5,iou,0.25,0.25,2.0,True,False,False,True,True,0.1,0.35,1.0,10,True,10,20,0.0,0.15,4.0,0.0,20,0.5,True,True
epoch,1783905446.7884367,214,1054.707591317012,2.0163387850294677e-05,2.0163387850294677e-05,0.0,2.476885408220477e-07,2.0163387850294677e-05,1.0504653453826904,0.8793870806694031,0.9493131637573242,0.1710764616727829,0.023872343823313713,0.2978026270866394,0.051252465695142746,0.0,0.0,3.4207134831376607e-06,5.133828381076455e-06,22856,0.5,True,0.1,0.15,0.05,0.25,128,5,True,0.05,10,0.25,8,1.0,1.0,0,,,,,,,,,,,,,,,0.10024905204772949,0.056410472840070724,0.012067637898234224,0.6804816497224024,47188,3863105,69345,3910293,69345,43709,38008,4370900,100.0,100.0,0.5953510403633118,0.653157114982605,0.42405468225479126,0.8045943379402161,0.8645468354225159,0.680625855922699,0.34149542450904846,0.0001442062002965372,0.999788127061231,43709,5701,89.46196435516713,321.5370244819205,2.199118679971434,0.08003606600686908,3.5,2.0,2.5,iou,0.25,0.25,2.0,True,False,False,True,True,0.1,0.35,1.0,10,True,10,20,0.0,0.15,4.0,0.0,20,0.5,True,True
